order_id,tracking_number,customer_id,hub_id,order_status,created_at,estimated_delivery_date,delivered_event_count,data_quality_status
ORD000002,SX00000002,10860,TX01,Delivered,2026-10-01 00:00:51.845184,2026-10-04,1,Normal
ORD000003,SX00000003,15390,CA01,Delivered,2026-10-01 00:01:43.690369,2026-10-04,1,Normal
ORD000004,SX00000004,15191,IL01,Delivered,2026-10-01 00:02:35.535553,2026-10-03,1,Normal
ORD000007,SX00000007,10466,IL01,Delivered,2026-10-01 00:05:11.071107,2026-10-03,1,Normal
ORD000008,SX00000008,14426,CA01,Delivered,2026-10-01 00:06:02.916291,2026-10-02,1,Normal
ORD000009,SX00000009,15578,NJ01,Delivered,2026-10-01 00:06:54.761476,2026-10-02,1,Normal
ORD000010,SX00000010,18322,TX01,Delivered,2026-10-01 00:07:46.606660,2026-10-02,1,Normal
ORD000011,SX00000011,11685,IL01,Delivered,2026-10-01 00:08:38.451845,2026-10-02,1,Normal
ORD000012,SX00000012,10769,IL01,Delivered,2026-10-01 00:09:30.297029,2026-10-04,1,Normal
ORD000013,SX00000013,16949,TX01,Delivered,2026-10-01 00:10:22.142214,2026-10-03,1,Normal
ORD000014,SX00000014,12433,CA01,Delivered,2026-10-01 00:11:13.987398,2026-10-02,1,Normal
ORD000018,SX00000018,11184,IL01,Delivered,2026-10-01 00:14:41.368136,2026-10-02,1,Normal
ORD000021,SX00000021,16396,IL01,Delivered,2026-10-01 00:17:16.903690,2026-10-03,1,Normal
ORD000022,SX00000022,18666,IL01,Delivered,2026-10-01 00:18:08.748874,2026-10-02,1,Normal
ORD000024,SX00000024,12558,CA01,Delivered,2026-10-01 00:19:52.439243,2026-10-03,1,Normal
ORD000025,SX00000025,17849,NJ01,Delivered,2026-10-01 00:20:44.284428,2026-10-04,1,Normal
ORD000026,SX00000026,12047,IL01,Delivered,2026-10-01 00:21:36.129612,2026-10-03,1,Normal
ORD000027,SX00000027,12747,IL01,Delivered,2026-10-01 00:22:27.974797,2026-10-02,1,Normal
ORD000028,SX00000028,19167,IL01,Delivered,2026-10-01 00:23:19.819981,2026-10-04,1,Normal
ORD000029,SX00000029,19998,IL01,Delivered,2026-10-01 00:24:11.665166,2026-10-04,1,Normal
ORD000030,SX00000030,10189,IL01,Delivered,2026-10-01 00:25:03.510351,2026-10-04,1,Normal
ORD000031,SX00000031,12734,TX01,Delivered,2026-10-01 00:25:55.355535,2026-10-03,1,Normal
ORD000034,SX00000034,11899,IL01,Delivered,2026-10-01 00:28:30.891089,2026-10-02,1,Normal
ORD000035,SX00000035,17734,TX01,Delivered,2026-10-01 00:29:22.736273,2026-10-03,1,Normal
ORD000036,SX00000036,11267,NJ01,Delivered,2026-10-01 00:30:14.581458,2026-10-04,1,Normal
ORD000037,SX00000037,11528,TX01,Delivered,2026-10-01 00:31:06.426642,2026-10-02,1,Normal
ORD000039,SX00000039,13890,TX01,Delivered,2026-10-01 00:32:50.117011,2026-10-02,1,Normal
ORD000040,SX00000040,18838,IL01,Delivered,2026-10-01 00:33:41.962196,2026-10-04,1,Normal
ORD000041,SX00000041,15393,CA01,Delivered,2026-10-01 00:34:33.807380,2026-10-03,1,Normal
ORD000042,SX00000042,18792,IL01,Delivered,2026-10-01 00:35:25.652565,2026-10-04,1,Normal
ORD000043,SX00000043,18433,NJ01,Delivered,2026-10-01 00:36:17.497749,2026-10-03,1,Normal
ORD000044,SX00000044,17513,TX01,Delivered,2026-10-01 00:37:09.342934,2026-10-02,1,Normal
ORD000046,SX00000046,17041,CA01,Delivered,2026-10-01 00:38:53.033303,2026-10-04,1,Normal
ORD000047,SX00000047,19555,NJ01,Delivered,2026-10-01 00:39:44.878487,2026-10-03,1,Normal
ORD000048,SX00000048,16235,CA01,Delivered,2026-10-01 00:40:36.723672,2026-10-02,1,Normal
ORD000049,SX00000049,15486,TX01,Delivered,2026-10-01 00:41:28.568856,2026-10-04,1,Normal
ORD000050,SX00000050,17099,CA01,Delivered,2026-10-01 00:42:20.414041,2026-10-04,1,Normal
ORD000051,SX00000051,19670,CA01,Delivered,2026-10-01 00:43:12.259225,2026-10-03,1,Normal
ORD000053,SX00000053,18226,TX01,Delivered,2026-10-01 00:44:55.949594,2026-10-03,1,Normal
ORD000054,SX00000054,13152,IL01,Delivered,2026-10-01 00:45:47.794779,2026-10-02,1,Normal
ORD000055,SX00000055,11585,IL01,Delivered,2026-10-01 00:46:39.639963,2026-10-04,1,Normal
ORD000056,SX00000056,13943,TX01,Delivered,2026-10-01 00:47:31.485148,2026-10-03,1,Normal
ORD000057,SX00000057,17555,CA01,Delivered,2026-10-01 00:48:23.330333,2026-10-04,1,Normal
ORD000058,SX00000058,13073,TX01,Delivered,2026-10-01 00:49:15.175517,2026-10-02,1,Normal
ORD000059,SX00000059,11021,CA01,Delivered,2026-10-01 00:50:07.020702,2026-10-02,1,Normal
ORD000060,SX00000060,13843,TX01,Delivered,2026-10-01 00:50:58.865886,2026-10-03,1,Normal
ORD000061,SX00000061,17989,IL01,Delivered,2026-10-01 00:51:50.711071,2026-10-02,1,Normal
ORD000062,SX00000062,19692,IL01,Delivered,2026-10-01 00:52:42.556255,2026-10-04,1,Normal
ORD000063,SX00000063,16873,IL01,Delivered,2026-10-01 00:53:34.401440,2026-10-04,1,Normal
ORD000064,SX00000064,15675,IL01,Delivered,2026-10-01 00:54:26.246624,2026-10-02,1,Normal
ORD000065,SX00000065,10161,NJ01,Delivered,2026-10-01 00:55:18.091809,2026-10-02,1,Normal
ORD000066,SX00000066,14297,CA01,Delivered,2026-10-01 00:56:09.936993,2026-10-02,1,Normal
ORD000067,SX00000067,10995,TX01,Delivered,2026-10-01 00:57:01.782178,2026-10-04,1,Normal
ORD000068,SX00000068,17629,NJ01,Delivered,2026-10-01 00:57:53.627362,2026-10-02,1,Normal
ORD000069,SX00000069,19467,IL01,Delivered,2026-10-01 00:58:45.472547,2026-10-03,1,Normal
ORD000072,SX00000072,16439,IL01,Delivered,2026-10-01 01:01:21.008100,2026-10-02,1,Normal
ORD000073,SX00000073,17892,IL01,Delivered,2026-10-01 01:02:12.853285,2026-10-02,1,Normal
ORD000074,SX00000074,16863,NJ01,Delivered,2026-10-01 01:03:04.698469,2026-10-02,1,Normal
ORD000075,SX00000075,17916,IL01,Delivered,2026-10-01 01:03:56.543654,2026-10-03,1,Normal
ORD000076,SX00000076,18529,CA01,Delivered,2026-10-01 01:04:48.388838,2026-10-03,1,Normal
ORD000078,SX00000078,19268,IL01,Delivered,2026-10-01 01:06:32.079207,2026-10-03,1,Normal
ORD000080,SX00000080,14859,IL01,Delivered,2026-10-01 01:08:15.769576,2026-10-04,1,Normal
ORD000081,SX00000081,16331,TX01,Delivered,2026-10-01 01:09:07.614761,2026-10-04,1,Normal
ORD000086,SX00000086,12062,TX01,Delivered,2026-10-01 01:13:26.840684,2026-10-04,1,Normal
ORD000087,SX00000087,10064,IL01,Delivered,2026-10-01 01:14:18.685868,2026-10-04,1,Normal
ORD000088,SX00000088,18006,IL01,Delivered,2026-10-01 01:15:10.531053,2026-10-02,1,Normal
ORD000089,SX00000089,12568,TX01,Delivered,2026-10-01 01:16:02.376237,2026-10-03,1,Normal
ORD000093,SX00000093,19687,IL01,Delivered,2026-10-01 01:19:29.756975,2026-10-02,1,Normal
ORD000094,SX00000094,15258,CA01,Delivered,2026-10-01 01:20:21.602160,2026-10-03,1,Normal
ORD000096,SX00000096,16736,IL01,Delivered,2026-10-01 01:22:05.292529,2026-10-04,1,Normal
ORD000097,SX00000097,10391,IL01,Delivered,2026-10-01 01:22:57.137713,2026-10-04,1,Normal
ORD000099,SX00000099,13561,IL01,Delivered,2026-10-01 01:24:40.828082,2026-10-02,0,Missing Delivered Event
ORD000101,SX00000101,13099,NJ01,Delivered,2026-10-01 01:26:24.518451,2026-10-04,1,Normal
ORD000102,SX00000102,16278,CA01,Delivered,2026-10-01 01:27:16.363636,2026-10-03,1,Normal
ORD000103,SX00000103,18392,IL01,Delivered,2026-10-01 01:28:08.208820,2026-10-03,1,Normal
ORD000104,SX00000104,13104,IL01,Delivered,2026-10-01 01:29:00.054005,2026-10-03,1,Normal
ORD000105,SX00000105,17215,NJ01,Delivered,2026-10-01 01:29:51.899189,2026-10-03,1,Normal
ORD000106,SX00000106,12454,NJ01,Delivered,2026-10-01 01:30:43.744374,2026-10-03,1,Normal
ORD000109,SX00000109,18154,IL01,Delivered,2026-10-01 01:33:19.279927,2026-10-04,1,Normal
ORD000110,SX00000110,19762,TX01,Delivered,2026-10-01 01:34:11.125112,2026-10-04,1,Normal
ORD000111,SX00000111,15056,NJ01,Delivered,2026-10-01 01:35:02.970297,2026-10-03,1,Normal
ORD000113,SX00000113,13840,CA01,Delivered,2026-10-01 01:36:46.660666,2026-10-03,1,Normal
ORD000114,SX00000114,11028,NJ01,Delivered,2026-10-01 01:37:38.505850,2026-10-04,1,Normal
ORD000115,SX00000115,17385,IL01,Delivered,2026-10-01 01:38:30.351035,2026-10-04,1,Normal
ORD000116,SX00000116,10502,IL01,Delivered,2026-10-01 01:39:22.196219,2026-10-03,1,Normal
ORD000117,SX00000117,16910,IL01,Delivered,2026-10-01 01:40:14.041404,2026-10-04,1,Normal
ORD000120,SX00000120,14488,IL01,Delivered,2026-10-01 01:42:49.576957,2026-10-03,1,Normal
ORD000121,SX00000121,10206,IL01,Delivered,2026-10-01 01:43:41.422142,2026-10-02,1,Normal
ORD000122,SX00000122,15134,TX01,Delivered,2026-10-01 01:44:33.267326,2026-10-04,1,Normal
ORD000123,SX00000123,15977,TX01,Delivered,2026-10-01 01:45:25.112511,2026-10-04,1,Normal
ORD000124,SX00000124,17721,TX01,Delivered,2026-10-01 01:46:16.957695,2026-10-04,1,Normal
ORD000125,SX00000125,17035,IL01,Delivered,2026-10-01 01:47:08.802880,2026-10-03,1,Normal
ORD000127,SX00000127,17858,TX01,Delivered,2026-10-01 01:48:52.493249,2026-10-03,1,Normal
ORD000128,SX00000128,10863,CA01,Delivered,2026-10-01 01:49:44.338433,2026-10-03,1,Normal
ORD000129,SX00000129,12790,NJ01,Delivered,2026-10-01 01:50:36.183618,2026-10-03,1,Normal
ORD000130,SX00000130,17408,NJ01,Delivered,2026-10-01 01:51:28.028802,2026-10-02,1,Normal
ORD000131,SX00000131,18755,TX01,Delivered,2026-10-01 01:52:19.873987,2026-10-03,1,Normal
ORD000132,SX00000132,15116,IL01,Delivered,2026-10-01 01:53:11.719171,2026-10-03,1,Normal
ORD000133,SX00000133,16019,NJ01,Delivered,2026-10-01 01:54:03.564356,2026-10-02,1,Normal
ORD000135,SX00000135,17574,TX01,Delivered,2026-10-01 01:55:47.254725,2026-10-03,1,Normal
ORD000136,SX00000136,16374,CA01,Delivered,2026-10-01 01:56:39.099909,2026-10-04,1,Normal
ORD000137,SX00000137,16892,TX01,Delivered,2026-10-01 01:57:30.945094,2026-10-02,1,Normal
ORD000138,SX00000138,11678,IL01,Delivered,2026-10-01 01:58:22.790279,2026-10-04,1,Normal
ORD000139,SX00000139,13242,IL01,Delivered,2026-10-01 01:59:14.635463,2026-10-03,0,Missing Delivered Event
ORD000141,SX00000141,11059,NJ01,Delivered,2026-10-01 02:00:58.325832,2026-10-02,1,Normal
ORD000142,SX00000142,16668,IL01,Delivered,2026-10-01 02:01:50.171017,2026-10-03,2,Duplicate Delivered Event
ORD000143,SX00000143,19914,IL01,Delivered,2026-10-01 02:02:42.016201,2026-10-04,1,Normal
ORD000144,SX00000144,13157,NJ01,Delivered,2026-10-01 02:03:33.861386,2026-10-03,1,Normal
ORD000145,SX00000145,15915,TX01,Delivered,2026-10-01 02:04:25.706570,2026-10-02,1,Normal
ORD000147,SX00000147,12693,TX01,Delivered,2026-10-01 02:06:09.396939,2026-10-03,1,Normal
ORD000149,SX00000149,19555,NJ01,Delivered,2026-10-01 02:07:53.087308,2026-10-03,1,Normal
ORD000150,SX00000150,15450,CA01,Delivered,2026-10-01 02:08:44.932493,2026-10-03,1,Normal
ORD000151,SX00000151,11663,NJ01,Delivered,2026-10-01 02:09:36.777677,2026-10-04,1,Normal
ORD000152,SX00000152,19721,CA01,Delivered,2026-10-01 02:10:28.622862,2026-10-04,1,Normal
ORD000153,SX00000153,15592,CA01,Delivered,2026-10-01 02:11:20.468046,2026-10-04,1,Normal
ORD000155,SX00000155,11306,IL01,Delivered,2026-10-01 02:13:04.158415,2026-10-02,1,Normal
ORD000156,SX00000156,16776,IL01,Delivered,2026-10-01 02:13:56.003600,2026-10-02,1,Normal
ORD000158,SX00000158,19474,IL01,Delivered,2026-10-01 02:15:39.693969,2026-10-03,1,Normal
ORD000160,SX00000160,18901,IL01,Delivered,2026-10-01 02:17:23.384338,2026-10-03,1,Normal
ORD000161,SX00000161,15575,IL01,Delivered,2026-10-01 02:18:15.229522,2026-10-04,1,Normal
ORD000162,SX00000162,15530,NJ01,Delivered,2026-10-01 02:19:07.074707,2026-10-02,1,Normal
ORD000163,SX00000163,14413,TX01,Delivered,2026-10-01 02:19:58.919891,2026-10-02,1,Normal
ORD000166,SX00000166,11998,TX01,Delivered,2026-10-01 02:22:34.455445,2026-10-04,1,Normal
ORD000167,SX00000167,17994,NJ01,Delivered,2026-10-01 02:23:26.300630,2026-10-02,1,Normal
ORD000168,SX00000168,11495,CA01,Delivered,2026-10-01 02:24:18.145814,2026-10-04,1,Normal
ORD000169,SX00000169,13304,IL01,Delivered,2026-10-01 02:25:09.990999,2026-10-02,1,Normal
ORD000170,SX00000170,13763,IL01,Delivered,2026-10-01 02:26:01.836183,2026-10-04,1,Normal
ORD000171,SX00000171,15232,NJ01,Delivered,2026-10-01 02:26:53.681368,2026-10-04,1,Normal
ORD000173,SX00000173,16585,NJ01,Delivered,2026-10-01 02:28:37.371737,2026-10-04,1,Normal
ORD000175,SX00000175,13581,IL01,Delivered,2026-10-01 02:30:21.062106,2026-10-02,1,Normal
ORD000177,SX00000177,17280,IL01,Delivered,2026-10-01 02:32:04.752475,2026-10-04,1,Normal
ORD000178,SX00000178,11636,NJ01,Delivered,2026-10-01 02:32:56.597659,2026-10-03,1,Normal
ORD000182,SX00000182,10854,IL01,Delivered,2026-10-01 02:36:23.978397,2026-10-04,1,Normal
ORD000184,SX00000184,15855,CA01,Delivered,2026-10-01 02:38:07.668766,2026-10-02,1,Normal
ORD000185,SX00000185,17392,IL01,Delivered,2026-10-01 02:38:59.513951,2026-10-03,1,Normal
ORD000186,SX00000186,16528,TX01,Delivered,2026-10-01 02:39:51.359135,2026-10-02,1,Normal
ORD000188,SX00000188,15172,IL01,Delivered,2026-10-01 02:41:35.049504,2026-10-03,1,Normal
ORD000189,SX00000189,11707,NJ01,Delivered,2026-10-01 02:42:26.894689,2026-10-03,1,Normal
ORD000190,SX00000190,15791,CA01,Delivered,2026-10-01 02:43:18.739873,2026-10-03,1,Normal
ORD000191,SX00000191,19925,TX01,Delivered,2026-10-01 02:44:10.585058,2026-10-03,1,Normal
ORD000192,SX00000192,15535,NJ01,Delivered,2026-10-01 02:45:02.430243,2026-10-02,1,Normal
ORD000193,SX00000193,14931,TX01,Delivered,2026-10-01 02:45:54.275427,2026-10-03,1,Normal
ORD000194,SX00000194,13510,TX01,Delivered,2026-10-01 02:46:46.120612,2026-10-03,1,Normal
ORD000195,SX00000195,10202,IL01,Delivered,2026-10-01 02:47:37.965796,2026-10-03,1,Normal
ORD000197,SX00000197,18958,NJ01,Delivered,2026-10-01 02:49:21.656165,2026-10-04,1,Normal
ORD000198,SX00000198,14389,NJ01,Delivered,2026-10-01 02:50:13.501350,2026-10-02,1,Normal
ORD000199,SX00000199,12327,CA01,Delivered,2026-10-01 02:51:05.346534,2026-10-04,1,Normal
ORD000200,SX00000200,18004,TX01,Delivered,2026-10-01 02:51:57.191719,2026-10-04,1,Normal
ORD000201,SX00000201,12931,IL01,Delivered,2026-10-01 02:52:49.036903,2026-10-02,1,Normal
ORD000203,SX00000203,10197,NJ01,Delivered,2026-10-01 02:54:32.727272,2026-10-03,1,Normal
ORD000204,SX00000204,17125,TX01,Delivered,2026-10-01 02:55:24.572457,2026-10-03,1,Normal
ORD000205,SX00000205,11930,TX01,Delivered,2026-10-01 02:56:16.417641,2026-10-02,1,Normal
ORD000208,SX00000208,19339,NJ01,Delivered,2026-10-01 02:58:51.953195,2026-10-03,1,Normal
ORD000209,SX00000209,14282,IL01,Delivered,2026-10-01 02:59:43.798379,2026-10-02,1,Normal
ORD000210,SX00000210,12511,NJ01,Delivered,2026-10-01 03:00:35.643564,2026-10-04,1,Normal
ORD000211,SX00000211,19986,TX01,Delivered,2026-10-01 03:01:27.488748,2026-10-04,1,Normal
ORD000212,SX00000212,10659,NJ01,Delivered,2026-10-01 03:02:19.333933,2026-10-02,1,Normal
ORD000213,SX00000213,12811,NJ01,Delivered,2026-10-01 03:03:11.179117,2026-10-02,1,Normal
ORD000214,SX00000214,17098,NJ01,Delivered,2026-10-01 03:04:03.024302,2026-10-03,1,Normal
ORD000216,SX00000216,19561,IL01,Delivered,2026-10-01 03:05:46.714671,2026-10-02,1,Normal
ORD000218,SX00000218,18338,IL01,Delivered,2026-10-01 03:07:30.405040,2026-10-02,1,Normal
ORD000219,SX00000219,12911,IL01,Delivered,2026-10-01 03:08:22.250225,2026-10-03,1,Normal
ORD000220,SX00000220,11734,IL01,Delivered,2026-10-01 03:09:14.095409,2026-10-03,1,Normal
ORD000221,SX00000221,11843,NJ01,Delivered,2026-10-01 03:10:05.940594,2026-10-02,1,Normal
ORD000222,SX00000222,18680,IL01,Delivered,2026-10-01 03:10:57.785778,2026-10-02,1,Normal
ORD000223,SX00000223,12976,TX01,Delivered,2026-10-01 03:11:49.630963,2026-10-04,1,Normal
ORD000224,SX00000224,11959,NJ01,Delivered,2026-10-01 03:12:41.476147,2026-10-04,1,Normal
ORD000225,SX00000225,15759,TX01,Delivered,2026-10-01 03:13:33.321332,2026-10-02,1,Normal
ORD000227,SX00000227,12385,IL01,Delivered,2026-10-01 03:15:17.011701,2026-10-04,0,Missing Delivered Event
ORD000228,SX00000228,14736,NJ01,Delivered,2026-10-01 03:16:08.856885,2026-10-03,1,Normal
ORD000229,SX00000229,11802,CA01,Delivered,2026-10-01 03:17:00.702070,2026-10-03,1,Normal
ORD000231,SX00000231,18120,CA01,Delivered,2026-10-01 03:18:44.392439,2026-10-04,1,Normal
ORD000232,SX00000232,16616,TX01,Delivered,2026-10-01 03:19:36.237623,2026-10-02,1,Normal
ORD000233,SX00000233,15534,IL01,Delivered,2026-10-01 03:20:28.082808,2026-10-03,1,Normal
ORD000234,SX00000234,14061,IL01,Delivered,2026-10-01 03:21:19.927992,2026-10-04,1,Normal
ORD000235,SX00000235,10262,NJ01,Delivered,2026-10-01 03:22:11.773177,2026-10-02,1,Normal
ORD000236,SX00000236,16287,IL01,Delivered,2026-10-01 03:23:03.618361,2026-10-03,1,Normal
ORD000237,SX00000237,18815,IL01,Delivered,2026-10-01 03:23:55.463546,2026-10-04,1,Normal
ORD000238,SX00000238,19208,TX01,Delivered,2026-10-01 03:24:47.308730,2026-10-03,1,Normal
ORD000239,SX00000239,12049,IL01,Delivered,2026-10-01 03:25:39.153915,2026-10-04,1,Normal
ORD000240,SX00000240,15423,IL01,Delivered,2026-10-01 03:26:30.999099,2026-10-03,0,Missing Delivered Event
ORD000241,SX00000241,14548,TX01,Delivered,2026-10-01 03:27:22.844284,2026-10-04,1,Normal
ORD000242,SX00000242,13108,TX01,Delivered,2026-10-01 03:28:14.689468,2026-10-02,1,Normal
ORD000244,SX00000244,17400,TX01,Delivered,2026-10-01 03:29:58.379837,2026-10-03,1,Normal
ORD000245,SX00000245,13170,CA01,Delivered,2026-10-01 03:30:50.225022,2026-10-04,1,Normal
ORD000246,SX00000246,19874,NJ01,Delivered,2026-10-01 03:31:42.070207,2026-10-02,1,Normal
ORD000247,SX00000247,12255,IL01,Delivered,2026-10-01 03:32:33.915391,2026-10-02,1,Normal
ORD000248,SX00000248,11154,IL01,Delivered,2026-10-01 03:33:25.760576,2026-10-03,1,Normal
ORD000250,SX00000250,16295,IL01,Delivered,2026-10-01 03:35:09.450945,2026-10-03,1,Normal
ORD000251,SX00000251,16197,CA01,Delivered,2026-10-01 03:36:01.296129,2026-10-04,1,Normal
ORD000253,SX00000253,11648,TX01,Delivered,2026-10-01 03:37:44.986498,2026-10-03,1,Normal
ORD000255,SX00000255,19637,CA01,Delivered,2026-10-01 03:39:28.676867,2026-10-02,1,Normal
ORD000256,SX00000256,14199,IL01,Delivered,2026-10-01 03:40:20.522052,2026-10-04,1,Normal
ORD000257,SX00000257,18445,IL01,Delivered,2026-10-01 03:41:12.367236,2026-10-03,1,Normal
ORD000258,SX00000258,12557,TX01,Delivered,2026-10-01 03:42:04.212421,2026-10-04,1,Normal
ORD000261,SX00000261,12200,NJ01,Delivered,2026-10-01 03:44:39.747974,2026-10-04,1,Normal
ORD000263,SX00000263,14973,NJ01,Delivered,2026-10-01 03:46:23.438343,2026-10-02,1,Normal
ORD000266,SX00000266,10956,TX01,Delivered,2026-10-01 03:48:58.973897,2026-10-02,1,Normal
ORD000267,SX00000267,18352,IL01,Delivered,2026-10-01 03:49:50.819081,2026-10-03,1,Normal
ORD000269,SX00000269,16944,IL01,Delivered,2026-10-01 03:51:34.509450,2026-10-03,0,Missing Delivered Event
ORD000271,SX00000271,19492,IL01,Delivered,2026-10-01 03:53:18.199819,2026-10-04,1,Normal
ORD000272,SX00000272,14911,IL01,Delivered,2026-10-01 03:54:10.045004,2026-10-04,1,Normal
ORD000273,SX00000273,13987,NJ01,Delivered,2026-10-01 03:55:01.890189,2026-10-03,1,Normal
ORD000274,SX00000274,19719,NJ01,Delivered,2026-10-01 03:55:53.735373,2026-10-02,1,Normal
ORD000275,SX00000275,16015,IL01,Delivered,2026-10-01 03:56:45.580558,2026-10-02,1,Normal
ORD000276,SX00000276,11218,IL01,Delivered,2026-10-01 03:57:37.425742,2026-10-02,1,Normal
ORD000277,SX00000277,14496,TX01,Delivered,2026-10-01 03:58:29.270927,2026-10-03,1,Normal
ORD000279,SX00000279,14555,IL01,Delivered,2026-10-01 04:00:12.961296,2026-10-02,2,Duplicate Delivered Event
ORD000281,SX00000281,18050,IL01,Delivered,2026-10-01 04:01:56.651665,2026-10-04,1,Normal
ORD000282,SX00000282,13446,NJ01,Delivered,2026-10-01 04:02:48.496849,2026-10-02,1,Normal
ORD000284,SX00000284,16893,NJ01,Delivered,2026-10-01 04:04:32.187218,2026-10-03,1,Normal
ORD000286,SX00000286,13436,CA01,Delivered,2026-10-01 04:06:15.877587,2026-10-04,1,Normal
ORD000287,SX00000287,18754,IL01,Delivered,2026-10-01 04:07:07.722772,2026-10-02,1,Normal
ORD000289,SX00000289,13354,IL01,Delivered,2026-10-01 04:08:51.413141,2026-10-02,1,Normal
ORD000290,SX00000290,10225,CA01,Delivered,2026-10-01 04:09:43.258325,2026-10-04,1,Normal
ORD000291,SX00000291,14893,NJ01,Delivered,2026-10-01 04:10:35.103510,2026-10-02,1,Normal
ORD000294,SX00000294,15600,CA01,Delivered,2026-10-01 04:13:10.639063,2026-10-04,1,Normal
ORD000298,SX00000298,14642,IL01,Delivered,2026-10-01 04:16:38.019801,2026-10-02,1,Normal
ORD000299,SX00000299,17679,TX01,Delivered,2026-10-01 04:17:29.864986,2026-10-04,1,Normal
ORD000301,SX00000301,17339,TX01,Delivered,2026-10-01 04:19:13.555355,2026-10-02,1,Normal
ORD000303,SX00000303,12205,NJ01,Delivered,2026-10-01 04:20:57.245724,2026-10-04,1,Normal
ORD000304,SX00000304,11069,CA01,Delivered,2026-10-01 04:21:49.090909,2026-10-04,1,Normal
ORD000307,SX00000307,12327,NJ01,Delivered,2026-10-01 04:24:24.626462,2026-10-02,1,Normal
ORD000308,SX00000308,13420,CA01,Delivered,2026-10-01 04:25:16.471647,2026-10-03,1,Normal
ORD000311,SX00000311,13170,IL01,Delivered,2026-10-01 04:27:52.007200,2026-10-03,1,Normal
ORD000312,SX00000312,10699,IL01,Delivered,2026-10-01 04:28:43.852385,2026-10-04,1,Normal
ORD000314,SX00000314,19331,TX01,Delivered,2026-10-01 04:30:27.542754,2026-10-03,1,Normal
ORD000316,SX00000316,10980,NJ01,Delivered,2026-10-01 04:32:11.233123,2026-10-03,1,Normal
ORD000317,SX00000317,12975,TX01,Delivered,2026-10-01 04:33:03.078307,2026-10-02,1,Normal
ORD000318,SX00000318,16102,IL01,Delivered,2026-10-01 04:33:54.923492,2026-10-04,1,Normal
ORD000319,SX00000319,11184,IL01,Delivered,2026-10-01 04:34:46.768676,2026-10-04,1,Normal
ORD000322,SX00000322,18319,NJ01,Delivered,2026-10-01 04:37:22.304230,2026-10-04,1,Normal
ORD000324,SX00000324,15854,IL01,Delivered,2026-10-01 04:39:05.994599,2026-10-02,1,Normal
ORD000326,SX00000326,10569,TX01,Delivered,2026-10-01 04:40:49.684968,2026-10-02,1,Normal
ORD000327,SX00000327,15442,IL01,Delivered,2026-10-01 04:41:41.530153,2026-10-03,1,Normal
ORD000328,SX00000328,11895,CA01,Delivered,2026-10-01 04:42:33.375337,2026-10-04,1,Normal
ORD000329,SX00000329,12733,IL01,Delivered,2026-10-01 04:43:25.220522,2026-10-04,1,Normal
ORD000331,SX00000331,17455,CA01,Delivered,2026-10-01 04:45:08.910891,2026-10-04,1,Normal
ORD000332,SX00000332,14014,CA01,Delivered,2026-10-01 04:46:00.756075,2026-10-02,1,Normal
ORD000333,SX00000333,11686,CA01,Delivered,2026-10-01 04:46:52.601260,2026-10-04,1,Normal
ORD000334,SX00000334,13009,IL01,Delivered,2026-10-01 04:47:44.446444,2026-10-03,1,Normal
ORD000335,SX00000335,17806,IL01,Delivered,2026-10-01 04:48:36.291629,2026-10-03,1,Normal
ORD000336,SX00000336,10154,NJ01,Delivered,2026-10-01 04:49:28.136813,2026-10-02,1,Normal
ORD000337,SX00000337,11409,IL01,Delivered,2026-10-01 04:50:19.981998,2026-10-04,1,Normal
ORD000339,SX00000339,18096,CA01,Delivered,2026-10-01 04:52:03.672367,2026-10-02,1,Normal
ORD000340,SX00000340,17560,NJ01,Delivered,2026-10-01 04:52:55.517551,2026-10-03,1,Normal
ORD000344,SX00000344,15801,TX01,Delivered,2026-10-01 04:56:22.898289,2026-10-03,1,Normal
ORD000345,SX00000345,12806,TX01,Delivered,2026-10-01 04:57:14.743474,2026-10-02,1,Normal
ORD000347,SX00000347,15986,IL01,Delivered,2026-10-01 04:58:58.433843,2026-10-03,1,Normal
ORD000348,SX00000348,11841,CA01,Delivered,2026-10-01 04:59:50.279027,2026-10-02,1,Normal
ORD000349,SX00000349,18716,CA01,Delivered,2026-10-01 05:00:42.124212,2026-10-04,1,Normal
ORD000350,SX00000350,16971,CA01,Delivered,2026-10-01 05:01:33.969396,2026-10-04,1,Normal
ORD000352,SX00000352,12950,CA01,Delivered,2026-10-01 05:03:17.659765,2026-10-03,1,Normal
ORD000354,SX00000354,14780,IL01,Delivered,2026-10-01 05:05:01.350135,2026-10-04,1,Normal
ORD000356,SX00000356,16655,NJ01,Delivered,2026-10-01 05:06:45.040504,2026-10-03,1,Normal
ORD000357,SX00000357,18173,IL01,Delivered,2026-10-01 05:07:36.885688,2026-10-04,1,Normal
ORD000358,SX00000358,14495,IL01,Delivered,2026-10-01 05:08:28.730873,2026-10-02,1,Normal
ORD000361,SX00000361,16614,TX01,Delivered,2026-10-01 05:11:04.266426,2026-10-02,1,Normal
ORD000362,SX00000362,19358,TX01,Delivered,2026-10-01 05:11:56.111611,2026-10-03,1,Normal
ORD000365,SX00000365,14146,TX01,Delivered,2026-10-01 05:14:31.647164,2026-10-03,1,Normal
ORD000367,SX00000367,10574,IL01,Delivered,2026-10-01 05:16:15.337533,2026-10-02,1,Normal
ORD000368,SX00000368,11148,NJ01,Delivered,2026-10-01 05:17:07.182718,2026-10-03,1,Normal
ORD000369,SX00000369,16293,CA01,Delivered,2026-10-01 05:17:59.027902,2026-10-04,1,Normal
ORD000371,SX00000371,17509,IL01,Delivered,2026-10-01 05:19:42.718271,2026-10-03,1,Normal
ORD000372,SX00000372,19907,NJ01,Delivered,2026-10-01 05:20:34.563456,2026-10-02,1,Normal
ORD000374,SX00000374,13854,IL01,Delivered,2026-10-01 05:22:18.253825,2026-10-04,1,Normal
ORD000378,SX00000378,13051,TX01,Delivered,2026-10-01 05:25:45.634563,2026-10-04,1,Normal
ORD000379,SX00000379,10004,TX01,Delivered,2026-10-01 05:26:37.479747,2026-10-03,1,Normal
ORD000381,SX00000381,15315,IL01,Delivered,2026-10-01 05:28:21.170117,2026-10-03,1,Normal
ORD000382,SX00000382,14869,CA01,Delivered,2026-10-01 05:29:13.015301,2026-10-02,1,Normal
ORD000384,SX00000384,19183,IL01,Delivered,2026-10-01 05:30:56.705670,2026-10-03,1,Normal
ORD000386,SX00000386,14142,TX01,Delivered,2026-10-01 05:32:40.396039,2026-10-02,1,Normal
ORD000387,SX00000387,16966,TX01,Delivered,2026-10-01 05:33:32.241224,2026-10-02,1,Normal
ORD000388,SX00000388,17079,IL01,Delivered,2026-10-01 05:34:24.086408,2026-10-04,1,Normal
ORD000389,SX00000389,17987,CA01,Delivered,2026-10-01 05:35:15.931593,2026-10-03,1,Normal
ORD000390,SX00000390,16799,CA01,Delivered,2026-10-01 05:36:07.776777,2026-10-03,1,Normal
ORD000392,SX00000392,10635,IL01,Delivered,2026-10-01 05:37:51.467146,2026-10-02,1,Normal
ORD000393,SX00000393,11693,IL01,Delivered,2026-10-01 05:38:43.312331,2026-10-03,1,Normal
ORD000395,SX00000395,14752,NJ01,Delivered,2026-10-01 05:40:27.002700,2026-10-04,1,Normal
ORD000396,SX00000396,18311,IL01,Delivered,2026-10-01 05:41:18.847884,2026-10-02,1,Normal
ORD000398,SX00000398,15177,IL01,Delivered,2026-10-01 05:43:02.538253,2026-10-04,1,Normal
ORD000403,SX00000403,12838,TX01,Delivered,2026-10-01 05:47:21.764176,2026-10-02,1,Normal
ORD000406,SX00000406,11931,NJ01,Delivered,2026-10-01 05:49:57.299729,2026-10-03,1,Normal
ORD000407,SX00000407,19204,IL01,Delivered,2026-10-01 05:50:49.144914,2026-10-03,1,Normal
ORD000409,SX00000409,11081,CA01,Delivered,2026-10-01 05:52:32.835283,2026-10-03,1,Normal
ORD000411,SX00000411,17805,IL01,Delivered,2026-10-01 05:54:16.525652,2026-10-03,1,Normal
ORD000412,SX00000412,15237,IL01,Delivered,2026-10-01 05:55:08.370837,2026-10-04,1,Normal
ORD000413,SX00000413,10559,IL01,Delivered,2026-10-01 05:56:00.216021,2026-10-03,1,Normal
ORD000414,SX00000414,13672,CA01,Delivered,2026-10-01 05:56:52.061206,2026-10-04,1,Normal
ORD000415,SX00000415,17404,IL01,Delivered,2026-10-01 05:57:43.906390,2026-10-03,1,Normal
ORD000416,SX00000416,13343,IL01,Delivered,2026-10-01 05:58:35.751575,2026-10-03,1,Normal
ORD000417,SX00000417,14070,TX01,Delivered,2026-10-01 05:59:27.596759,2026-10-02,1,Normal
ORD000419,SX00000419,10580,IL01,Delivered,2026-10-01 06:01:11.287128,2026-10-02,1,Normal
ORD000421,SX00000421,18130,IL01,Delivered,2026-10-01 06:02:54.977497,2026-10-02,1,Normal
ORD000422,SX00000422,13147,IL01,Delivered,2026-10-01 06:03:46.822682,2026-10-03,1,Normal
ORD000423,SX00000423,14249,IL01,Delivered,2026-10-01 06:04:38.667866,2026-10-02,1,Normal
ORD000424,SX00000424,11679,TX01,Delivered,2026-10-01 06:05:30.513051,2026-10-03,1,Normal
ORD000425,SX00000425,13506,IL01,Delivered,2026-10-01 06:06:22.358235,2026-10-04,1,Normal
ORD000426,SX00000426,17253,TX01,Delivered,2026-10-01 06:07:14.203420,2026-10-03,1,Normal
ORD000427,SX00000427,12744,TX01,Delivered,2026-10-01 06:08:06.048604,2026-10-02,1,Normal
ORD000428,SX00000428,19435,NJ01,Delivered,2026-10-01 06:08:57.893789,2026-10-04,1,Normal
ORD000429,SX00000429,15188,IL01,Delivered,2026-10-01 06:09:49.738973,2026-10-02,1,Normal
ORD000431,SX00000431,16617,TX01,Delivered,2026-10-01 06:11:33.429342,2026-10-03,1,Normal
ORD000433,SX00000433,16484,TX01,Delivered,2026-10-01 06:13:17.119711,2026-10-04,1,Normal
ORD000434,SX00000434,19827,IL01,Delivered,2026-10-01 06:14:08.964896,2026-10-02,1,Normal
ORD000435,SX00000435,17421,CA01,Delivered,2026-10-01 06:15:00.810081,2026-10-03,1,Normal
ORD000436,SX00000436,19949,IL01,Delivered,2026-10-01 06:15:52.655265,2026-10-04,1,Normal
ORD000438,SX00000438,15881,NJ01,Delivered,2026-10-01 06:17:36.345634,2026-10-03,1,Normal
ORD000439,SX00000439,16665,IL01,Delivered,2026-10-01 06:18:28.190819,2026-10-04,1,Normal
ORD000440,SX00000440,12849,NJ01,Delivered,2026-10-01 06:19:20.036003,2026-10-02,1,Normal
ORD000441,SX00000441,17390,TX01,Delivered,2026-10-01 06:20:11.881188,2026-10-04,1,Normal
ORD000443,SX00000443,12489,CA01,Delivered,2026-10-01 06:21:55.571557,2026-10-02,1,Normal
ORD000444,SX00000444,19823,NJ01,Delivered,2026-10-01 06:22:47.416741,2026-10-02,1,Normal
ORD000445,SX00000445,19207,NJ01,Delivered,2026-10-01 06:23:39.261926,2026-10-03,1,Normal
ORD000446,SX00000446,19540,IL01,Delivered,2026-10-01 06:24:31.107110,2026-10-03,1,Normal
ORD000447,SX00000447,14611,NJ01,Delivered,2026-10-01 06:25:22.952295,2026-10-03,1,Normal
ORD000448,SX00000448,12839,IL01,Delivered,2026-10-01 06:26:14.797479,2026-10-02,1,Normal
ORD000449,SX00000449,18527,IL01,Delivered,2026-10-01 06:27:06.642664,2026-10-03,1,Normal
ORD000451,SX00000451,19087,NJ01,Delivered,2026-10-01 06:28:50.333033,2026-10-02,1,Normal
ORD000452,SX00000452,16303,NJ01,Delivered,2026-10-01 06:29:42.178217,2026-10-04,1,Normal
ORD000453,SX00000453,10851,CA01,Delivered,2026-10-01 06:30:34.023402,2026-10-03,1,Normal
ORD000454,SX00000454,11687,IL01,Delivered,2026-10-01 06:31:25.868586,2026-10-03,1,Normal
ORD000456,SX00000456,12427,TX01,Delivered,2026-10-01 06:33:09.558955,2026-10-02,1,Normal
ORD000458,SX00000458,14000,NJ01,Delivered,2026-10-01 06:34:53.249324,2026-10-02,1,Normal
ORD000459,SX00000459,15052,IL01,Delivered,2026-10-01 06:35:45.094509,2026-10-03,1,Normal
ORD000460,SX00000460,12738,TX01,Delivered,2026-10-01 06:36:36.939693,2026-10-02,1,Normal
ORD000461,SX00000461,15732,NJ01,Delivered,2026-10-01 06:37:28.784878,2026-10-04,1,Normal
ORD000462,SX00000462,15387,CA01,Delivered,2026-10-01 06:38:20.630063,2026-10-02,1,Normal
ORD000463,SX00000463,18002,NJ01,Delivered,2026-10-01 06:39:12.475247,2026-10-03,1,Normal
ORD000464,SX00000464,15536,TX01,Delivered,2026-10-01 06:40:04.320432,2026-10-03,1,Normal
ORD000467,SX00000467,17723,IL01,Delivered,2026-10-01 06:42:39.855985,2026-10-03,1,Normal
ORD000468,SX00000468,14380,NJ01,Delivered,2026-10-01 06:43:31.701170,2026-10-02,1,Normal
ORD000469,SX00000469,14107,NJ01,Delivered,2026-10-01 06:44:23.546354,2026-10-04,1,Normal
ORD000471,SX00000471,13373,CA01,Delivered,2026-10-01 06:46:07.236723,2026-10-02,1,Normal
ORD000472,SX00000472,18945,NJ01,Delivered,2026-10-01 06:46:59.081908,2026-10-02,1,Normal
ORD000473,SX00000473,12082,CA01,Delivered,2026-10-01 06:47:50.927092,2026-10-02,1,Normal
ORD000474,SX00000474,18967,TX01,Delivered,2026-10-01 06:48:42.772277,2026-10-04,1,Normal
ORD000477,SX00000477,10417,NJ01,Delivered,2026-10-01 06:51:18.307830,2026-10-02,1,Normal
ORD000478,SX00000478,18306,CA01,Delivered,2026-10-01 06:52:10.153015,2026-10-04,1,Normal
ORD000479,SX00000479,18808,IL01,Delivered,2026-10-01 06:53:01.998199,2026-10-02,1,Normal
ORD000480,SX00000480,13974,IL01,Delivered,2026-10-01 06:53:53.843384,2026-10-02,1,Normal
ORD000481,SX00000481,13267,NJ01,Delivered,2026-10-01 06:54:45.688568,2026-10-03,1,Normal
ORD000482,SX00000482,10825,NJ01,Delivered,2026-10-01 06:55:37.533753,2026-10-03,1,Normal
ORD000485,SX00000485,19708,IL01,Delivered,2026-10-01 06:58:13.069306,2026-10-02,1,Normal
ORD000486,SX00000486,10412,CA01,Delivered,2026-10-01 06:59:04.914491,2026-10-03,1,Normal
ORD000487,SX00000487,17543,NJ01,Delivered,2026-10-01 06:59:56.759675,2026-10-03,1,Normal
ORD000490,SX00000490,17164,TX01,Delivered,2026-10-01 07:02:32.295229,2026-10-02,1,Normal
ORD000493,SX00000493,12504,IL01,Delivered,2026-10-01 07:05:07.830783,2026-10-02,1,Normal
ORD000494,SX00000494,12967,NJ01,Delivered,2026-10-01 07:05:59.675967,2026-10-04,1,Normal
ORD000495,SX00000495,12786,NJ01,Delivered,2026-10-01 07:06:51.521152,2026-10-02,1,Normal
ORD000496,SX00000496,11122,CA01,Delivered,2026-10-01 07:07:43.366336,2026-10-04,1,Normal
ORD000497,SX00000497,14079,IL01,Delivered,2026-10-01 07:08:35.211521,2026-10-03,1,Normal
ORD000498,SX00000498,11571,CA01,Delivered,2026-10-01 07:09:27.056705,2026-10-03,1,Normal
ORD000499,SX00000499,15073,NJ01,Delivered,2026-10-01 07:10:18.901890,2026-10-02,1,Normal
ORD000501,SX00000501,12143,IL01,Delivered,2026-10-01 07:12:02.592259,2026-10-03,1,Normal
ORD000502,SX00000502,19879,CA01,Delivered,2026-10-01 07:12:54.437443,2026-10-04,1,Normal
ORD000503,SX00000503,16806,CA01,Delivered,2026-10-01 07:13:46.282628,2026-10-03,1,Normal
ORD000504,SX00000504,17357,CA01,Delivered,2026-10-01 07:14:38.127812,2026-10-04,1,Normal
ORD000505,SX00000505,13440,IL01,Delivered,2026-10-01 07:15:29.972997,2026-10-04,0,Missing Delivered Event
ORD000506,SX00000506,13766,IL01,Delivered,2026-10-01 07:16:21.818181,2026-10-04,1,Normal
ORD000507,SX00000507,15644,TX01,Delivered,2026-10-01 07:17:13.663366,2026-10-03,1,Normal
ORD000511,SX00000511,18787,NJ01,Delivered,2026-10-01 07:20:41.044104,2026-10-04,1,Normal
ORD000512,SX00000512,10728,NJ01,Delivered,2026-10-01 07:21:32.889288,2026-10-03,1,Normal
ORD000513,SX00000513,11365,IL01,Delivered,2026-10-01 07:22:24.734473,2026-10-02,1,Normal
ORD000515,SX00000515,10698,NJ01,Delivered,2026-10-01 07:24:08.424842,2026-10-03,1,Normal
ORD000517,SX00000517,10395,IL01,Delivered,2026-10-01 07:25:52.115211,2026-10-04,1,Normal
ORD000520,SX00000520,14171,CA01,Delivered,2026-10-01 07:28:27.650765,2026-10-03,1,Normal
ORD000522,SX00000522,12502,CA01,Delivered,2026-10-01 07:30:11.341134,2026-10-04,1,Normal
ORD000526,SX00000526,15486,NJ01,Delivered,2026-10-01 07:33:38.721872,2026-10-03,1,Normal
ORD000527,SX00000527,18335,IL01,Delivered,2026-10-01 07:34:30.567056,2026-10-04,1,Normal
ORD000530,SX00000530,14491,IL01,Delivered,2026-10-01 07:37:06.102610,2026-10-03,1,Normal
ORD000531,SX00000531,17192,TX01,Delivered,2026-10-01 07:37:57.947794,2026-10-02,1,Normal
ORD000532,SX00000532,15588,IL01,Delivered,2026-10-01 07:38:49.792979,2026-10-04,1,Normal
ORD000535,SX00000535,11167,IL01,Delivered,2026-10-01 07:41:25.328532,2026-10-02,1,Normal
ORD000536,SX00000536,11062,IL01,Delivered,2026-10-01 07:42:17.173717,2026-10-04,1,Normal
ORD000537,SX00000537,12156,CA01,Delivered,2026-10-01 07:43:09.018901,2026-10-03,1,Normal
ORD000538,SX00000538,17860,NJ01,Delivered,2026-10-01 07:44:00.864086,2026-10-04,1,Normal
ORD000540,SX00000540,15305,IL01,Delivered,2026-10-01 07:45:44.554455,2026-10-02,1,Normal
ORD000541,SX00000541,16541,NJ01,Delivered,2026-10-01 07:46:36.399639,2026-10-02,1,Normal
ORD000543,SX00000543,19348,NJ01,Delivered,2026-10-01 07:48:20.090009,2026-10-03,1,Normal
ORD000544,SX00000544,17330,TX01,Delivered,2026-10-01 07:49:11.935193,2026-10-04,1,Normal
ORD000546,SX00000546,18924,CA01,Delivered,2026-10-01 07:50:55.625562,2026-10-04,1,Normal
ORD000548,SX00000548,18010,IL01,Delivered,2026-10-01 07:52:39.315931,2026-10-04,1,Normal
ORD000550,SX00000550,14846,NJ01,Delivered,2026-10-01 07:54:23.006300,2026-10-04,1,Normal
ORD000551,SX00000551,16731,TX01,Delivered,2026-10-01 07:55:14.851485,2026-10-03,1,Normal
ORD000552,SX00000552,17241,TX01,Delivered,2026-10-01 07:56:06.696669,2026-10-04,1,Normal
ORD000555,SX00000555,17056,IL01,Delivered,2026-10-01 07:58:42.232223,2026-10-03,1,Normal
ORD000556,SX00000556,11542,IL01,Delivered,2026-10-01 07:59:34.077407,2026-10-04,1,Normal
ORD000557,SX00000557,15293,IL01,Delivered,2026-10-01 08:00:25.922592,2026-10-04,1,Normal
ORD000558,SX00000558,11191,CA01,Delivered,2026-10-01 08:01:17.767776,2026-10-02,1,Normal
ORD000560,SX00000560,16938,TX01,Delivered,2026-10-01 08:03:01.458145,2026-10-02,1,Normal
ORD000563,SX00000563,11540,CA01,Delivered,2026-10-01 08:05:36.993699,2026-10-02,1,Normal
ORD000565,SX00000565,15541,NJ01,Delivered,2026-10-01 08:07:20.684068,2026-10-02,1,Normal
ORD000566,SX00000566,19580,TX01,Delivered,2026-10-01 08:08:12.529252,2026-10-04,1,Normal
ORD000568,SX00000568,18691,TX01,Delivered,2026-10-01 08:09:56.219621,2026-10-03,1,Normal
ORD000569,SX00000569,19872,NJ01,Delivered,2026-10-01 08:10:48.064806,2026-10-03,1,Normal
ORD000571,SX00000571,17494,TX01,Delivered,2026-10-01 08:12:31.755175,2026-10-03,1,Normal
ORD000572,SX00000572,14312,NJ01,Delivered,2026-10-01 08:13:23.600360,2026-10-03,1,Normal
ORD000574,SX00000574,19347,IL01,Delivered,2026-10-01 08:15:07.290729,2026-10-02,1,Normal
ORD000576,SX00000576,17419,NJ01,Delivered,2026-10-01 08:16:50.981098,2026-10-03,1,Normal
ORD000577,SX00000577,13486,IL01,Delivered,2026-10-01 08:17:42.826282,2026-10-02,1,Normal
ORD000579,SX00000579,16588,IL01,Delivered,2026-10-01 08:19:26.516651,2026-10-04,1,Normal
ORD000583,SX00000583,18905,TX01,Delivered,2026-10-01 08:22:53.897389,2026-10-02,1,Normal
ORD000584,SX00000584,15977,IL01,Delivered,2026-10-01 08:23:45.742574,2026-10-03,1,Normal
ORD000586,SX00000586,14748,TX01,Delivered,2026-10-01 08:25:29.432943,2026-10-02,1,Normal
ORD000587,SX00000587,14849,NJ01,Delivered,2026-10-01 08:26:21.278127,2026-10-04,1,Normal
ORD000588,SX00000588,19435,CA01,Delivered,2026-10-01 08:27:13.123312,2026-10-04,1,Normal
ORD000589,SX00000589,13709,TX01,Delivered,2026-10-01 08:28:04.968496,2026-10-03,1,Normal
ORD000590,SX00000590,19273,TX01,Delivered,2026-10-01 08:28:56.813681,2026-10-02,1,Normal
ORD000592,SX00000592,18647,TX01,Delivered,2026-10-01 08:30:40.504050,2026-10-04,1,Normal
ORD000593,SX00000593,19086,TX01,Delivered,2026-10-01 08:31:32.349234,2026-10-03,1,Normal
ORD000595,SX00000595,13072,IL01,Delivered,2026-10-01 08:33:16.039603,2026-10-03,1,Normal
ORD000597,SX00000597,10504,TX01,Delivered,2026-10-01 08:34:59.729972,2026-10-04,1,Normal
ORD000599,SX00000599,11531,TX01,Delivered,2026-10-01 08:36:43.420342,2026-10-04,1,Normal
ORD000601,SX00000601,10823,TX01,Delivered,2026-10-01 08:38:27.110711,2026-10-04,1,Normal
ORD000602,SX00000602,10928,IL01,Delivered,2026-10-01 08:39:18.955895,2026-10-04,1,Normal
ORD000603,SX00000603,15029,IL01,Delivered,2026-10-01 08:40:10.801080,2026-10-03,1,Normal
ORD000605,SX00000605,12105,IL01,Delivered,2026-10-01 08:41:54.491449,2026-10-03,1,Normal
ORD000607,SX00000607,16316,IL01,Delivered,2026-10-01 08:43:38.181818,2026-10-02,1,Normal
ORD000608,SX00000608,11852,NJ01,Delivered,2026-10-01 08:44:30.027002,2026-10-02,1,Normal
ORD000609,SX00000609,14910,CA01,Delivered,2026-10-01 08:45:21.872187,2026-10-02,1,Normal
ORD000614,SX00000614,11256,TX01,Delivered,2026-10-01 08:49:41.098109,2026-10-02,1,Normal
ORD000616,SX00000616,15645,IL01,Delivered,2026-10-01 08:51:24.788478,2026-10-04,1,Normal
ORD000618,SX00000618,13584,TX01,Delivered,2026-10-01 08:53:08.478847,2026-10-03,1,Normal
ORD000620,SX00000620,18053,TX01,Delivered,2026-10-01 08:54:52.169216,2026-10-02,1,Normal
ORD000621,SX00000621,13330,IL01,Delivered,2026-10-01 08:55:44.014401,2026-10-02,1,Normal
ORD000622,SX00000622,12703,IL01,Delivered,2026-10-01 08:56:35.859585,2026-10-02,1,Normal
ORD000623,SX00000623,18662,NJ01,Delivered,2026-10-01 08:57:27.704770,2026-10-02,1,Normal
ORD000624,SX00000624,18120,NJ01,Delivered,2026-10-01 08:58:19.549954,2026-10-04,1,Normal
ORD000627,SX00000627,15063,IL01,Delivered,2026-10-01 09:00:55.085508,2026-10-02,1,Normal
ORD000628,SX00000628,18549,IL01,Delivered,2026-10-01 09:01:46.930693,2026-10-02,1,Normal
ORD000629,SX00000629,17575,IL01,Delivered,2026-10-01 09:02:38.775877,2026-10-03,1,Normal
ORD000631,SX00000631,14468,NJ01,Delivered,2026-10-01 09:04:22.466246,2026-10-04,1,Normal
ORD000632,SX00000632,19337,NJ01,Delivered,2026-10-01 09:05:14.311431,2026-10-04,1,Normal
ORD000633,SX00000633,16819,IL01,Delivered,2026-10-01 09:06:06.156615,2026-10-03,1,Normal
ORD000634,SX00000634,13719,IL01,Delivered,2026-10-01 09:06:58.001800,2026-10-04,1,Normal
ORD000635,SX00000635,12745,IL01,Delivered,2026-10-01 09:07:49.846984,2026-10-02,1,Normal
ORD000636,SX00000636,17483,NJ01,Delivered,2026-10-01 09:08:41.692169,2026-10-03,1,Normal
ORD000637,SX00000637,10539,NJ01,Delivered,2026-10-01 09:09:33.537353,2026-10-03,1,Normal
ORD000638,SX00000638,14964,IL01,Delivered,2026-10-01 09:10:25.382538,2026-10-04,1,Normal
ORD000639,SX00000639,14835,TX01,Delivered,2026-10-01 09:11:17.227722,2026-10-02,1,Normal
ORD000640,SX00000640,13775,NJ01,Delivered,2026-10-01 09:12:09.072907,2026-10-02,1,Normal
ORD000641,SX00000641,16042,IL01,Delivered,2026-10-01 09:13:00.918091,2026-10-02,1,Normal
ORD000642,SX00000642,17102,IL01,Delivered,2026-10-01 09:13:52.763276,2026-10-03,0,Missing Delivered Event
ORD000643,SX00000643,17312,NJ01,Delivered,2026-10-01 09:14:44.608460,2026-10-04,1,Normal
ORD000645,SX00000645,16132,IL01,Delivered,2026-10-01 09:16:28.298829,2026-10-04,1,Normal
ORD000647,SX00000647,12779,NJ01,Delivered,2026-10-01 09:18:11.989198,2026-10-03,1,Normal
ORD000648,SX00000648,10924,IL01,Delivered,2026-10-01 09:19:03.834383,2026-10-03,1,Normal
ORD000649,SX00000649,11581,TX01,Delivered,2026-10-01 09:19:55.679567,2026-10-04,1,Normal
ORD000650,SX00000650,17714,NJ01,Delivered,2026-10-01 09:20:47.524752,2026-10-04,1,Normal
ORD000651,SX00000651,13324,IL01,Delivered,2026-10-01 09:21:39.369936,2026-10-03,0,Missing Delivered Event
ORD000654,SX00000654,10255,IL01,Delivered,2026-10-01 09:24:14.905490,2026-10-03,1,Normal
ORD000655,SX00000655,14804,IL01,Delivered,2026-10-01 09:25:06.750675,2026-10-04,1,Normal
ORD000656,SX00000656,11838,TX01,Delivered,2026-10-01 09:25:58.595859,2026-10-03,1,Normal
ORD000657,SX00000657,10009,IL01,Delivered,2026-10-01 09:26:50.441044,2026-10-03,1,Normal
ORD000659,SX00000659,18989,IL01,Delivered,2026-10-01 09:28:34.131413,2026-10-04,1,Normal
ORD000661,SX00000661,17418,IL01,Delivered,2026-10-01 09:30:17.821782,2026-10-03,1,Normal
ORD000662,SX00000662,15124,CA01,Delivered,2026-10-01 09:31:09.666966,2026-10-04,1,Normal
ORD000663,SX00000663,11015,TX01,Delivered,2026-10-01 09:32:01.512151,2026-10-04,1,Normal
ORD000664,SX00000664,12193,IL01,Delivered,2026-10-01 09:32:53.357335,2026-10-03,1,Normal
ORD000665,SX00000665,18415,NJ01,Delivered,2026-10-01 09:33:45.202520,2026-10-03,1,Normal
ORD000666,SX00000666,17449,IL01,Delivered,2026-10-01 09:34:37.047704,2026-10-04,1,Normal
ORD000667,SX00000667,14158,NJ01,Delivered,2026-10-01 09:35:28.892889,2026-10-04,1,Normal
ORD000668,SX00000668,13925,TX01,Delivered,2026-10-01 09:36:20.738073,2026-10-03,1,Normal
ORD000669,SX00000669,16970,NJ01,Delivered,2026-10-01 09:37:12.583258,2026-10-03,1,Normal
ORD000670,SX00000670,16938,IL01,Delivered,2026-10-01 09:38:04.428442,2026-10-02,1,Normal
ORD000673,SX00000673,11633,TX01,Delivered,2026-10-01 09:40:39.963996,2026-10-02,1,Normal
ORD000674,SX00000674,17266,TX01,Delivered,2026-10-01 09:41:31.809180,2026-10-04,1,Normal
ORD000675,SX00000675,18702,IL01,Delivered,2026-10-01 09:42:23.654365,2026-10-02,1,Normal
ORD000677,SX00000677,10404,TX01,Delivered,2026-10-01 09:44:07.344734,2026-10-02,1,Normal
ORD000678,SX00000678,18175,TX01,Delivered,2026-10-01 09:44:59.189918,2026-10-02,1,Normal
ORD000679,SX00000679,12000,IL01,Delivered,2026-10-01 09:45:51.035103,2026-10-02,1,Normal
ORD000681,SX00000681,15989,NJ01,Delivered,2026-10-01 09:47:34.725472,2026-10-02,1,Normal
ORD000682,SX00000682,11460,IL01,Delivered,2026-10-01 09:48:26.570657,2026-10-02,2,Duplicate Delivered Event
ORD000683,SX00000683,17190,IL01,Delivered,2026-10-01 09:49:18.415841,2026-10-04,1,Normal
ORD000684,SX00000684,17140,IL01,Delivered,2026-10-01 09:50:10.261026,2026-10-02,1,Normal
ORD000686,SX00000686,14809,NJ01,Delivered,2026-10-01 09:51:53.951395,2026-10-02,1,Normal
ORD000688,SX00000688,17245,TX01,Delivered,2026-10-01 09:53:37.641764,2026-10-03,1,Normal
ORD000689,SX00000689,16600,IL01,Delivered,2026-10-01 09:54:29.486948,2026-10-02,1,Normal
ORD000691,SX00000691,12048,NJ01,Delivered,2026-10-01 09:56:13.177317,2026-10-02,1,Normal
ORD000692,SX00000692,14780,IL01,Delivered,2026-10-01 09:57:05.022502,2026-10-04,1,Normal
ORD000693,SX00000693,10716,CA01,Delivered,2026-10-01 09:57:56.867686,2026-10-02,1,Normal
ORD000695,SX00000695,15565,CA01,Delivered,2026-10-01 09:59:40.558055,2026-10-04,1,Normal
ORD000697,SX00000697,14976,NJ01,Delivered,2026-10-01 10:01:24.248424,2026-10-04,1,Normal
ORD000699,SX00000699,17239,NJ01,Delivered,2026-10-01 10:03:07.938793,2026-10-02,1,Normal
ORD000700,SX00000700,19766,IL01,Delivered,2026-10-01 10:03:59.783978,2026-10-02,0,Missing Delivered Event
ORD000701,SX00000701,10249,TX01,Delivered,2026-10-01 10:04:51.629162,2026-10-04,1,Normal
ORD000704,SX00000704,14363,TX01,Delivered,2026-10-01 10:07:27.164716,2026-10-04,1,Normal
ORD000705,SX00000705,11077,TX01,Delivered,2026-10-01 10:08:19.009900,2026-10-04,1,Normal
ORD000706,SX00000706,18427,IL01,Delivered,2026-10-01 10:09:10.855085,2026-10-03,1,Normal
ORD000707,SX00000707,18580,NJ01,Delivered,2026-10-01 10:10:02.700270,2026-10-04,1,Normal
ORD000708,SX00000708,17901,TX01,Delivered,2026-10-01 10:10:54.545454,2026-10-03,1,Normal
ORD000709,SX00000709,14858,NJ01,Delivered,2026-10-01 10:11:46.390639,2026-10-03,1,Normal
ORD000710,SX00000710,16544,TX01,Delivered,2026-10-01 10:12:38.235823,2026-10-02,1,Normal
ORD000711,SX00000711,14719,IL01,Delivered,2026-10-01 10:13:30.081008,2026-10-02,1,Normal
ORD000713,SX00000713,13374,CA01,Delivered,2026-10-01 10:15:13.771377,2026-10-04,1,Normal
ORD000714,SX00000714,11252,NJ01,Delivered,2026-10-01 10:16:05.616561,2026-10-03,1,Normal
ORD000715,SX00000715,16996,IL01,Delivered,2026-10-01 10:16:57.461746,2026-10-03,1,Normal
ORD000716,SX00000716,14673,TX01,Delivered,2026-10-01 10:17:49.306930,2026-10-02,1,Normal
ORD000717,SX00000717,14530,CA01,Delivered,2026-10-01 10:18:41.152115,2026-10-04,1,Normal
ORD000718,SX00000718,16881,IL01,Delivered,2026-10-01 10:19:32.997299,2026-10-04,1,Normal
ORD000719,SX00000719,16949,TX01,Delivered,2026-10-01 10:20:24.842484,2026-10-04,1,Normal
ORD000720,SX00000720,19521,CA01,Delivered,2026-10-01 10:21:16.687668,2026-10-04,1,Normal
ORD000722,SX00000722,18017,CA01,Delivered,2026-10-01 10:23:00.378037,2026-10-02,1,Normal
ORD000723,SX00000723,16941,NJ01,Delivered,2026-10-01 10:23:52.223222,2026-10-03,1,Normal
ORD000725,SX00000725,17002,IL01,Delivered,2026-10-01 10:25:35.913591,2026-10-03,1,Normal
ORD000726,SX00000726,11331,IL01,Delivered,2026-10-01 10:26:27.758775,2026-10-02,1,Normal
ORD000727,SX00000727,14261,NJ01,Delivered,2026-10-01 10:27:19.603960,2026-10-02,1,Normal
ORD000728,SX00000728,17648,IL01,Delivered,2026-10-01 10:28:11.449144,2026-10-04,1,Normal
ORD000729,SX00000729,19550,IL01,Delivered,2026-10-01 10:29:03.294329,2026-10-03,1,Normal
ORD000730,SX00000730,15115,IL01,Delivered,2026-10-01 10:29:55.139513,2026-10-03,1,Normal
ORD000732,SX00000732,14854,TX01,Delivered,2026-10-01 10:31:38.829882,2026-10-02,1,Normal
ORD000733,SX00000733,13177,IL01,Delivered,2026-10-01 10:32:30.675067,2026-10-04,1,Normal
ORD000734,SX00000734,17730,NJ01,Delivered,2026-10-01 10:33:22.520252,2026-10-02,1,Normal
ORD000735,SX00000735,12180,NJ01,Delivered,2026-10-01 10:34:14.365436,2026-10-04,1,Normal
ORD000736,SX00000736,14892,IL01,Delivered,2026-10-01 10:35:06.210621,2026-10-02,1,Normal
ORD000739,SX00000739,16327,IL01,Delivered,2026-10-01 10:37:41.746174,2026-10-03,1,Normal
ORD000740,SX00000740,13472,IL01,Delivered,2026-10-01 10:38:33.591359,2026-10-04,1,Normal
ORD000742,SX00000742,12832,IL01,Delivered,2026-10-01 10:40:17.281728,2026-10-03,1,Normal
ORD000743,SX00000743,13579,IL01,Delivered,2026-10-01 10:41:09.126912,2026-10-03,1,Normal
ORD000744,SX00000744,15971,NJ01,Delivered,2026-10-01 10:42:00.972097,2026-10-03,1,Normal
ORD000746,SX00000746,17941,TX01,Delivered,2026-10-01 10:43:44.662466,2026-10-02,1,Normal
ORD000748,SX00000748,14300,IL01,Delivered,2026-10-01 10:45:28.352835,2026-10-02,1,Normal
ORD000749,SX00000749,16269,NJ01,Delivered,2026-10-01 10:46:20.198019,2026-10-02,1,Normal
ORD000750,SX00000750,13818,IL01,Delivered,2026-10-01 10:47:12.043204,2026-10-03,0,Missing Delivered Event
ORD000751,SX00000751,11906,IL01,Delivered,2026-10-01 10:48:03.888388,2026-10-04,1,Normal
ORD000753,SX00000753,10760,IL01,Delivered,2026-10-01 10:49:47.578757,2026-10-02,1,Normal
ORD000754,SX00000754,17830,TX01,Delivered,2026-10-01 10:50:39.423942,2026-10-02,1,Normal
ORD000755,SX00000755,17350,IL01,Delivered,2026-10-01 10:51:31.269126,2026-10-04,1,Normal
ORD000756,SX00000756,16238,CA01,Delivered,2026-10-01 10:52:23.114311,2026-10-04,1,Normal
ORD000757,SX00000757,16090,NJ01,Delivered,2026-10-01 10:53:14.959495,2026-10-03,1,Normal
ORD000758,SX00000758,16031,TX01,Delivered,2026-10-01 10:54:06.804680,2026-10-04,1,Normal
ORD000759,SX00000759,17687,IL01,Delivered,2026-10-01 10:54:58.649864,2026-10-04,1,Normal
ORD000761,SX00000761,19911,TX01,Delivered,2026-10-01 10:56:42.340234,2026-10-03,1,Normal
ORD000763,SX00000763,11887,NJ01,Delivered,2026-10-01 10:58:26.030603,2026-10-04,1,Normal
ORD000764,SX00000764,13266,TX01,Delivered,2026-10-01 10:59:17.875787,2026-10-04,1,Normal
ORD000765,SX00000765,10666,IL01,Delivered,2026-10-01 11:00:09.720972,2026-10-04,1,Normal
ORD000767,SX00000767,10671,TX01,Delivered,2026-10-01 11:01:53.411341,2026-10-04,1,Normal
ORD000769,SX00000769,17570,IL01,Delivered,2026-10-01 11:03:37.101710,2026-10-03,1,Normal
ORD000770,SX00000770,17956,NJ01,Delivered,2026-10-01 11:04:28.946894,2026-10-02,1,Normal
ORD000771,SX00000771,15124,TX01,Delivered,2026-10-01 11:05:20.792079,2026-10-02,1,Normal
ORD000772,SX00000772,15585,IL01,Delivered,2026-10-01 11:06:12.637263,2026-10-04,1,Normal
ORD000773,SX00000773,14777,IL01,Delivered,2026-10-01 11:07:04.482448,2026-10-03,1,Normal
ORD000780,SX00000780,12593,CA01,Delivered,2026-10-01 11:13:07.398739,2026-10-03,1,Normal
ORD000781,SX00000781,19945,IL01,Delivered,2026-10-01 11:13:59.243924,2026-10-04,1,Normal
ORD000782,SX00000782,17240,IL01,Delivered,2026-10-01 11:14:51.089108,2026-10-02,1,Normal
ORD000783,SX00000783,16937,TX01,Delivered,2026-10-01 11:15:42.934293,2026-10-04,1,Normal
ORD000785,SX00000785,15240,IL01,Delivered,2026-10-01 11:17:26.624662,2026-10-02,2,Duplicate Delivered Event
ORD000786,SX00000786,16493,TX01,Delivered,2026-10-01 11:18:18.469846,2026-10-04,1,Normal
ORD000787,SX00000787,12878,CA01,Delivered,2026-10-01 11:19:10.315031,2026-10-04,1,Normal
ORD000788,SX00000788,14143,NJ01,Delivered,2026-10-01 11:20:02.160216,2026-10-02,1,Normal
ORD000789,SX00000789,13644,IL01,Delivered,2026-10-01 11:20:54.005400,2026-10-03,1,Normal
ORD000790,SX00000790,14432,IL01,Delivered,2026-10-01 11:21:45.850585,2026-10-03,1,Normal
ORD000791,SX00000791,11276,IL01,Delivered,2026-10-01 11:22:37.695769,2026-10-02,1,Normal
ORD000792,SX00000792,15811,TX01,Delivered,2026-10-01 11:23:29.540954,2026-10-02,1,Normal
ORD000793,SX00000793,10302,TX01,Delivered,2026-10-01 11:24:21.386138,2026-10-04,1,Normal
ORD000794,SX00000794,10638,CA01,Delivered,2026-10-01 11:25:13.231323,2026-10-04,1,Normal
ORD000795,SX00000795,10055,IL01,Delivered,2026-10-01 11:26:05.076507,2026-10-02,1,Normal
ORD000796,SX00000796,18717,NJ01,Delivered,2026-10-01 11:26:56.921692,2026-10-02,1,Normal
ORD000797,SX00000797,18150,IL01,Delivered,2026-10-01 11:27:48.766876,2026-10-03,1,Normal
ORD000799,SX00000799,10364,TX01,Delivered,2026-10-01 11:29:32.457245,2026-10-03,1,Normal
ORD000803,SX00000803,15122,CA01,Delivered,2026-10-01 11:32:59.837983,2026-10-03,1,Normal
ORD000804,SX00000804,11646,TX01,Delivered,2026-10-01 11:33:51.683168,2026-10-04,1,Normal
ORD000805,SX00000805,10918,TX01,Delivered,2026-10-01 11:34:43.528352,2026-10-04,1,Normal
ORD000806,SX00000806,12797,NJ01,Delivered,2026-10-01 11:35:35.373537,2026-10-02,1,Normal
ORD000808,SX00000808,15870,NJ01,Delivered,2026-10-01 11:37:19.063906,2026-10-02,1,Normal
ORD000811,SX00000811,13345,NJ01,Delivered,2026-10-01 11:39:54.599459,2026-10-03,1,Normal
ORD000812,SX00000812,17673,IL01,Delivered,2026-10-01 11:40:46.444644,2026-10-04,1,Normal
ORD000813,SX00000813,16949,IL01,Delivered,2026-10-01 11:41:38.289828,2026-10-04,1,Normal
ORD000814,SX00000814,16882,IL01,Delivered,2026-10-01 11:42:30.135013,2026-10-04,1,Normal
ORD000815,SX00000815,11906,TX01,Delivered,2026-10-01 11:43:21.980198,2026-10-04,1,Normal
ORD000817,SX00000817,18152,TX01,Delivered,2026-10-01 11:45:05.670567,2026-10-04,1,Normal
ORD000818,SX00000818,15750,IL01,Delivered,2026-10-01 11:45:57.515751,2026-10-04,1,Normal
ORD000819,SX00000819,18905,IL01,Delivered,2026-10-01 11:46:49.360936,2026-10-03,1,Normal
ORD000820,SX00000820,11062,TX01,Delivered,2026-10-01 11:47:41.206120,2026-10-04,1,Normal
ORD000821,SX00000821,11976,TX01,Delivered,2026-10-01 11:48:33.051305,2026-10-04,1,Normal
ORD000822,SX00000822,11296,NJ01,Delivered,2026-10-01 11:49:24.896489,2026-10-03,1,Normal
ORD000823,SX00000823,16229,NJ01,Delivered,2026-10-01 11:50:16.741674,2026-10-03,1,Normal
ORD000824,SX00000824,17641,IL01,Delivered,2026-10-01 11:51:08.586858,2026-10-03,1,Normal
ORD000825,SX00000825,10125,TX01,Delivered,2026-10-01 11:52:00.432043,2026-10-03,1,Normal
ORD000826,SX00000826,14632,TX01,Delivered,2026-10-01 11:52:52.277227,2026-10-02,1,Normal
ORD000828,SX00000828,13596,NJ01,Delivered,2026-10-01 11:54:35.967596,2026-10-04,1,Normal
ORD000829,SX00000829,16168,NJ01,Delivered,2026-10-01 11:55:27.812781,2026-10-04,1,Normal
ORD000830,SX00000830,19795,NJ01,Delivered,2026-10-01 11:56:19.657965,2026-10-04,1,Normal
ORD000831,SX00000831,17561,TX01,Delivered,2026-10-01 11:57:11.503150,2026-10-04,1,Normal
ORD000834,SX00000834,19361,IL01,Delivered,2026-10-01 11:59:47.038703,2026-10-02,1,Normal
ORD000837,SX00000837,19685,IL01,Delivered,2026-10-01 12:02:22.574257,2026-10-03,2,Duplicate Delivered Event
ORD000839,SX00000839,16891,IL01,Delivered,2026-10-01 12:04:06.264626,2026-10-04,1,Normal
ORD000840,SX00000840,16738,IL01,Delivered,2026-10-01 12:04:58.109810,2026-10-03,1,Normal
ORD000842,SX00000842,12739,TX01,Delivered,2026-10-01 12:06:41.800180,2026-10-04,1,Normal
ORD000844,SX00000844,11761,NJ01,Delivered,2026-10-01 12:08:25.490549,2026-10-04,1,Normal
ORD000846,SX00000846,13812,NJ01,Delivered,2026-10-01 12:10:09.180918,2026-10-03,1,Normal
ORD000847,SX00000847,19504,IL01,Delivered,2026-10-01 12:11:01.026102,2026-10-03,1,Normal
ORD000848,SX00000848,11460,IL01,Delivered,2026-10-01 12:11:52.871287,2026-10-04,0,Missing Delivered Event
ORD000850,SX00000850,11605,CA01,Delivered,2026-10-01 12:13:36.561656,2026-10-04,1,Normal
ORD000851,SX00000851,15622,NJ01,Delivered,2026-10-01 12:14:28.406840,2026-10-02,1,Normal
ORD000852,SX00000852,16767,TX01,Delivered,2026-10-01 12:15:20.252025,2026-10-02,1,Normal
ORD000853,SX00000853,16986,CA01,Delivered,2026-10-01 12:16:12.097209,2026-10-04,1,Normal
ORD000855,SX00000855,13735,TX01,Delivered,2026-10-01 12:17:55.787578,2026-10-04,1,Normal
ORD000856,SX00000856,19352,NJ01,Delivered,2026-10-01 12:18:47.632763,2026-10-02,1,Normal
ORD000857,SX00000857,18434,NJ01,Delivered,2026-10-01 12:19:39.477947,2026-10-03,1,Normal
ORD000858,SX00000858,12590,IL01,Delivered,2026-10-01 12:20:31.323132,2026-10-02,1,Normal
ORD000859,SX00000859,11063,TX01,Delivered,2026-10-01 12:21:23.168316,2026-10-02,1,Normal
ORD000862,SX00000862,15342,NJ01,Delivered,2026-10-01 12:23:58.703870,2026-10-02,1,Normal
ORD000863,SX00000863,10005,IL01,Delivered,2026-10-01 12:24:50.549054,2026-10-02,1,Normal
ORD000865,SX00000865,18659,NJ01,Delivered,2026-10-01 12:26:34.239423,2026-10-03,1,Normal
ORD000866,SX00000866,18195,TX01,Delivered,2026-10-01 12:27:26.084608,2026-10-02,1,Normal
ORD000867,SX00000867,15966,IL01,Delivered,2026-10-01 12:28:17.929792,2026-10-03,2,Duplicate Delivered Event
ORD000868,SX00000868,18837,IL01,Delivered,2026-10-01 12:29:09.774977,2026-10-03,1,Normal
ORD000869,SX00000869,10117,IL01,Delivered,2026-10-01 12:30:01.620162,2026-10-04,1,Normal
ORD000871,SX00000871,15560,IL01,Delivered,2026-10-01 12:31:45.310531,2026-10-04,1,Normal
ORD000873,SX00000873,10846,IL01,Delivered,2026-10-01 12:33:29.000900,2026-10-04,1,Normal
ORD000874,SX00000874,16316,NJ01,Delivered,2026-10-01 12:34:20.846084,2026-10-04,1,Normal
ORD000875,SX00000875,16469,IL01,Delivered,2026-10-01 12:35:12.691269,2026-10-04,1,Normal
ORD000877,SX00000877,18915,TX01,Delivered,2026-10-01 12:36:56.381638,2026-10-02,1,Normal
ORD000878,SX00000878,10224,NJ01,Delivered,2026-10-01 12:37:48.226822,2026-10-04,1,Normal
ORD000882,SX00000882,16233,NJ01,Delivered,2026-10-01 12:41:15.607560,2026-10-03,1,Normal
ORD000884,SX00000884,11828,TX01,Delivered,2026-10-01 12:42:59.297929,2026-10-02,1,Normal
ORD000889,SX00000889,13744,CA01,Delivered,2026-10-01 12:47:18.523852,2026-10-02,1,Normal
ORD000891,SX00000891,10009,IL01,Delivered,2026-10-01 12:49:02.214221,2026-10-03,1,Normal
ORD000894,SX00000894,19865,IL01,Delivered,2026-10-01 12:51:37.749774,2026-10-03,2,Duplicate Delivered Event
ORD000895,SX00000895,12219,IL01,Delivered,2026-10-01 12:52:29.594959,2026-10-02,1,Normal
ORD000897,SX00000897,12060,TX01,Delivered,2026-10-01 12:54:13.285328,2026-10-04,1,Normal
ORD000898,SX00000898,15287,IL01,Delivered,2026-10-01 12:55:05.130513,2026-10-03,1,Normal
ORD000899,SX00000899,11619,NJ01,Delivered,2026-10-01 12:55:56.975697,2026-10-04,1,Normal
ORD000900,SX00000900,18512,CA01,Delivered,2026-10-01 12:56:48.820882,2026-10-02,1,Normal
ORD000901,SX00000901,11342,TX01,Delivered,2026-10-01 12:57:40.666066,2026-10-03,1,Normal
ORD000902,SX00000902,12832,TX01,Delivered,2026-10-01 12:58:32.511251,2026-10-04,1,Normal
ORD000903,SX00000903,12824,TX01,Delivered,2026-10-01 12:59:24.356435,2026-10-03,1,Normal
ORD000905,SX00000905,13490,TX01,Delivered,2026-10-01 13:01:08.046804,2026-10-03,1,Normal
ORD000906,SX00000906,19310,IL01,Delivered,2026-10-01 13:01:59.891989,2026-10-02,2,Duplicate Delivered Event
ORD000907,SX00000907,17984,CA01,Delivered,2026-10-01 13:02:51.737173,2026-10-04,1,Normal
ORD000908,SX00000908,11604,IL01,Delivered,2026-10-01 13:03:43.582358,2026-10-02,1,Normal
ORD000909,SX00000909,10235,CA01,Delivered,2026-10-01 13:04:35.427542,2026-10-02,1,Normal
ORD000911,SX00000911,18567,NJ01,Delivered,2026-10-01 13:06:19.117911,2026-10-03,1,Normal
ORD000912,SX00000912,13530,IL01,Delivered,2026-10-01 13:07:10.963096,2026-10-04,1,Normal
ORD000914,SX00000914,12635,TX01,Delivered,2026-10-01 13:08:54.653465,2026-10-04,1,Normal
ORD000915,SX00000915,18162,TX01,Delivered,2026-10-01 13:09:46.498649,2026-10-02,1,Normal
ORD000917,SX00000917,12560,IL01,Delivered,2026-10-01 13:11:30.189018,2026-10-03,1,Normal
ORD000919,SX00000919,13391,TX01,Delivered,2026-10-01 13:13:13.879387,2026-10-02,1,Normal
ORD000920,SX00000920,15951,TX01,Delivered,2026-10-01 13:14:05.724572,2026-10-04,1,Normal
ORD000922,SX00000922,18007,TX01,Delivered,2026-10-01 13:15:49.414941,2026-10-04,1,Normal
ORD000923,SX00000923,19064,NJ01,Delivered,2026-10-01 13:16:41.260126,2026-10-02,1,Normal
ORD000925,SX00000925,16413,NJ01,Delivered,2026-10-01 13:18:24.950495,2026-10-02,1,Normal
ORD000928,SX00000928,14820,IL01,Delivered,2026-10-01 13:21:00.486048,2026-10-02,1,Normal
ORD000929,SX00000929,12898,IL01,Delivered,2026-10-01 13:21:52.331233,2026-10-04,1,Normal
ORD000930,SX00000930,17546,IL01,Delivered,2026-10-01 13:22:44.176417,2026-10-03,1,Normal
ORD000932,SX00000932,17577,NJ01,Delivered,2026-10-01 13:24:27.866786,2026-10-04,1,Normal
ORD000933,SX00000933,14227,CA01,Delivered,2026-10-01 13:25:19.711971,2026-10-02,1,Normal
ORD000934,SX00000934,10600,IL01,Delivered,2026-10-01 13:26:11.557155,2026-10-04,1,Normal
ORD000935,SX00000935,11065,NJ01,Delivered,2026-10-01 13:27:03.402340,2026-10-02,1,Normal
ORD000936,SX00000936,12136,CA01,Delivered,2026-10-01 13:27:55.247524,2026-10-03,1,Normal
ORD000938,SX00000938,16943,NJ01,Delivered,2026-10-01 13:29:38.937893,2026-10-04,1,Normal
ORD000939,SX00000939,17804,TX01,Delivered,2026-10-01 13:30:30.783078,2026-10-02,1,Normal
ORD000941,SX00000941,15984,IL01,Delivered,2026-10-01 13:32:14.473447,2026-10-02,1,Normal
ORD000943,SX00000943,14670,IL01,Delivered,2026-10-01 13:33:58.163816,2026-10-04,1,Normal
ORD000944,SX00000944,12190,IL01,Delivered,2026-10-01 13:34:50.009000,2026-10-03,1,Normal
ORD000946,SX00000946,12712,TX01,Delivered,2026-10-01 13:36:33.699369,2026-10-02,1,Normal
ORD000947,SX00000947,12192,NJ01,Delivered,2026-10-01 13:37:25.544554,2026-10-02,1,Normal
ORD000948,SX00000948,11248,NJ01,Delivered,2026-10-01 13:38:17.389738,2026-10-04,1,Normal
ORD000951,SX00000951,13687,TX01,Delivered,2026-10-01 13:40:52.925292,2026-10-02,1,Normal
ORD000953,SX00000953,11970,IL01,Delivered,2026-10-01 13:42:36.615661,2026-10-03,1,Normal
ORD000954,SX00000954,18389,NJ01,Delivered,2026-10-01 13:43:28.460846,2026-10-03,1,Normal
ORD000957,SX00000957,18135,NJ01,Delivered,2026-10-01 13:46:03.996399,2026-10-02,1,Normal
ORD000958,SX00000958,15567,NJ01,Delivered,2026-10-01 13:46:55.841584,2026-10-04,1,Normal
ORD000959,SX00000959,17667,IL01,Delivered,2026-10-01 13:47:47.686768,2026-10-03,1,Normal
ORD000962,SX00000962,15408,CA01,Delivered,2026-10-01 13:50:23.222322,2026-10-04,1,Normal
ORD000966,SX00000966,10419,NJ01,Delivered,2026-10-01 13:53:50.603060,2026-10-03,1,Normal
ORD000967,SX00000967,12204,TX01,Delivered,2026-10-01 13:54:42.448244,2026-10-04,1,Normal
ORD000968,SX00000968,11120,CA01,Delivered,2026-10-01 13:55:34.293429,2026-10-02,1,Normal
ORD000969,SX00000969,10950,IL01,Delivered,2026-10-01 13:56:26.138613,2026-10-02,1,Normal
ORD000972,SX00000972,12243,TX01,Delivered,2026-10-01 13:59:01.674167,2026-10-02,1,Normal
ORD000974,SX00000974,14612,NJ01,Delivered,2026-10-01 14:00:45.364536,2026-10-02,1,Normal
ORD000975,SX00000975,11865,TX01,Delivered,2026-10-01 14:01:37.209720,2026-10-04,1,Normal
ORD000976,SX00000976,16028,NJ01,Delivered,2026-10-01 14:02:29.054905,2026-10-04,1,Normal
ORD000977,SX00000977,17326,TX01,Delivered,2026-10-01 14:03:20.900090,2026-10-04,1,Normal
ORD000978,SX00000978,16371,IL01,Delivered,2026-10-01 14:04:12.745274,2026-10-04,1,Normal
ORD000979,SX00000979,16359,CA01,Delivered,2026-10-01 14:05:04.590459,2026-10-03,1,Normal
ORD000981,SX00000981,13228,NJ01,Delivered,2026-10-01 14:06:48.280828,2026-10-03,1,Normal
ORD000982,SX00000982,13719,IL01,Delivered,2026-10-01 14:07:40.126012,2026-10-03,1,Normal
ORD000983,SX00000983,12371,IL01,Delivered,2026-10-01 14:08:31.971197,2026-10-03,1,Normal
ORD000985,SX00000985,13756,NJ01,Delivered,2026-10-01 14:10:15.661566,2026-10-03,1,Normal
ORD000987,SX00000987,10094,IL01,Delivered,2026-10-01 14:11:59.351935,2026-10-02,1,Normal
ORD000988,SX00000988,12674,TX01,Delivered,2026-10-01 14:12:51.197119,2026-10-04,1,Normal
ORD000990,SX00000990,10793,IL01,Delivered,2026-10-01 14:14:34.887488,2026-10-04,1,Normal
ORD000991,SX00000991,12116,NJ01,Delivered,2026-10-01 14:15:26.732673,2026-10-03,1,Normal
ORD000992,SX00000992,15779,TX01,Delivered,2026-10-01 14:16:18.577857,2026-10-02,1,Normal
ORD000993,SX00000993,16166,NJ01,Delivered,2026-10-01 14:17:10.423042,2026-10-03,1,Normal
ORD000995,SX00000995,10345,TX01,Delivered,2026-10-01 14:18:54.113411,2026-10-04,1,Normal
ORD000996,SX00000996,18554,IL01,Delivered,2026-10-01 14:19:45.958595,2026-10-02,1,Normal
ORD000997,SX00000997,12443,IL01,Delivered,2026-10-01 14:20:37.803780,2026-10-02,1,Normal
ORD000998,SX00000998,17783,IL01,Delivered,2026-10-01 14:21:29.648964,2026-10-04,1,Normal
ORD000999,SX00000999,10984,NJ01,Delivered,2026-10-01 14:22:21.494149,2026-10-03,1,Normal
ORD001000,SX00001000,17790,IL01,Delivered,2026-10-01 14:23:13.339333,2026-10-03,1,Normal
ORD001001,SX00001001,19831,CA01,Delivered,2026-10-01 14:24:05.184518,2026-10-02,1,Normal
ORD001002,SX00001002,10827,IL01,Delivered,2026-10-01 14:24:57.029702,2026-10-04,1,Normal
ORD001003,SX00001003,13531,IL01,Delivered,2026-10-01 14:25:48.874887,2026-10-03,1,Normal
ORD001004,SX00001004,17147,NJ01,Delivered,2026-10-01 14:26:40.720072,2026-10-02,1,Normal
ORD001005,SX00001005,14451,IL01,Delivered,2026-10-01 14:27:32.565256,2026-10-02,1,Normal
ORD001007,SX00001007,15959,IL01,Delivered,2026-10-01 14:29:16.255625,2026-10-03,1,Normal
ORD001009,SX00001009,13177,IL01,Delivered,2026-10-01 14:30:59.945994,2026-10-03,1,Normal
ORD001011,SX00001011,16024,IL01,Delivered,2026-10-01 14:32:43.636363,2026-10-03,1,Normal
ORD001012,SX00001012,15109,TX01,Delivered,2026-10-01 14:33:35.481548,2026-10-04,1,Normal
ORD001015,SX00001015,13368,NJ01,Delivered,2026-10-01 14:36:11.017101,2026-10-02,1,Normal
ORD001016,SX00001016,13797,NJ01,Delivered,2026-10-01 14:37:02.862286,2026-10-03,1,Normal
ORD001017,SX00001017,11792,CA01,Delivered,2026-10-01 14:37:54.707470,2026-10-02,1,Normal
ORD001018,SX00001018,15732,IL01,Delivered,2026-10-01 14:38:46.552655,2026-10-04,1,Normal
ORD001019,SX00001019,13476,IL01,Delivered,2026-10-01 14:39:38.397839,2026-10-02,0,Missing Delivered Event
ORD001021,SX00001021,11645,IL01,Delivered,2026-10-01 14:41:22.088208,2026-10-02,1,Normal
ORD001022,SX00001022,19397,IL01,Delivered,2026-10-01 14:42:13.933393,2026-10-04,1,Normal
ORD001023,SX00001023,13030,TX01,Delivered,2026-10-01 14:43:05.778577,2026-10-04,1,Normal
ORD001026,SX00001026,11854,IL01,Delivered,2026-10-01 14:45:41.314131,2026-10-03,1,Normal
ORD001027,SX00001027,14021,IL01,Delivered,2026-10-01 14:46:33.159315,2026-10-03,1,Normal
ORD001028,SX00001028,14662,CA01,Delivered,2026-10-01 14:47:25.004500,2026-10-02,1,Normal
ORD001029,SX00001029,16514,TX01,Delivered,2026-10-01 14:48:16.849684,2026-10-04,1,Normal
ORD001030,SX00001030,15031,NJ01,Delivered,2026-10-01 14:49:08.694869,2026-10-04,1,Normal
ORD001033,SX00001033,19524,NJ01,Delivered,2026-10-01 14:51:44.230423,2026-10-04,1,Normal
ORD001034,SX00001034,18393,IL01,Delivered,2026-10-01 14:52:36.075607,2026-10-02,1,Normal
ORD001035,SX00001035,13507,TX01,Delivered,2026-10-01 14:53:27.920792,2026-10-02,1,Normal
ORD001036,SX00001036,16456,NJ01,Delivered,2026-10-01 14:54:19.765976,2026-10-03,1,Normal
ORD001038,SX00001038,17970,NJ01,Delivered,2026-10-01 14:56:03.456345,2026-10-04,1,Normal
ORD001039,SX00001039,18766,NJ01,Delivered,2026-10-01 14:56:55.301530,2026-10-04,1,Normal
ORD001041,SX00001041,11625,IL01,Delivered,2026-10-01 14:58:38.991899,2026-10-04,1,Normal
ORD001045,SX00001045,18666,IL01,Delivered,2026-10-01 15:02:06.372637,2026-10-02,1,Normal
ORD001046,SX00001046,18609,TX01,Delivered,2026-10-01 15:02:58.217821,2026-10-04,1,Normal
ORD001047,SX00001047,16490,CA01,Delivered,2026-10-01 15:03:50.063006,2026-10-03,1,Normal
ORD001048,SX00001048,13600,IL01,Delivered,2026-10-01 15:04:41.908190,2026-10-02,1,Normal
ORD001050,SX00001050,19146,NJ01,Delivered,2026-10-01 15:06:25.598559,2026-10-04,1,Normal
ORD001051,SX00001051,14971,TX01,Delivered,2026-10-01 15:07:17.443744,2026-10-04,1,Normal
ORD001052,SX00001052,11205,IL01,Delivered,2026-10-01 15:08:09.288928,2026-10-02,1,Normal
ORD001054,SX00001054,15299,NJ01,Delivered,2026-10-01 15:09:52.979297,2026-10-04,1,Normal
ORD001055,SX00001055,13572,IL01,Delivered,2026-10-01 15:10:44.824482,2026-10-04,1,Normal
ORD001056,SX00001056,15975,NJ01,Delivered,2026-10-01 15:11:36.669666,2026-10-04,1,Normal
ORD001058,SX00001058,14380,TX01,Delivered,2026-10-01 15:13:20.360036,2026-10-04,1,Normal
ORD001059,SX00001059,14757,NJ01,Delivered,2026-10-01 15:14:12.205220,2026-10-04,1,Normal
ORD001060,SX00001060,12713,NJ01,Delivered,2026-10-01 15:15:04.050405,2026-10-03,1,Normal
ORD001061,SX00001061,15588,IL01,Delivered,2026-10-01 15:15:55.895589,2026-10-04,1,Normal
ORD001064,SX00001064,13432,NJ01,Delivered,2026-10-01 15:18:31.431143,2026-10-02,1,Normal
ORD001065,SX00001065,10688,NJ01,Delivered,2026-10-01 15:19:23.276327,2026-10-02,1,Normal
ORD001066,SX00001066,14243,NJ01,Delivered,2026-10-01 15:20:15.121512,2026-10-03,1,Normal
ORD001068,SX00001068,18533,IL01,Delivered,2026-10-01 15:21:58.811881,2026-10-03,1,Normal
ORD001073,SX00001073,19984,IL01,Delivered,2026-10-01 15:26:18.037803,2026-10-04,1,Normal
ORD001076,SX00001076,12482,NJ01,Delivered,2026-10-01 15:28:53.573357,2026-10-03,1,Normal
ORD001080,SX00001080,12079,IL01,Delivered,2026-10-01 15:32:20.954095,2026-10-02,0,Missing Delivered Event
ORD001081,SX00001081,12717,TX01,Delivered,2026-10-01 15:33:12.799279,2026-10-02,1,Normal
ORD001082,SX00001082,14524,NJ01,Delivered,2026-10-01 15:34:04.644464,2026-10-02,1,Normal
ORD001085,SX00001085,17311,NJ01,Delivered,2026-10-01 15:36:40.180018,2026-10-02,1,Normal
ORD001086,SX00001086,17186,IL01,Delivered,2026-10-01 15:37:32.025202,2026-10-04,1,Normal
ORD001088,SX00001088,10768,NJ01,Delivered,2026-10-01 15:39:15.715571,2026-10-04,1,Normal
ORD001089,SX00001089,15490,TX01,Delivered,2026-10-01 15:40:07.560756,2026-10-04,1,Normal
ORD001091,SX00001091,15083,TX01,Delivered,2026-10-01 15:41:51.251125,2026-10-04,1,Normal
ORD001092,SX00001092,15232,CA01,Delivered,2026-10-01 15:42:43.096309,2026-10-04,1,Normal
ORD001094,SX00001094,19138,TX01,Delivered,2026-10-01 15:44:26.786678,2026-10-02,1,Normal
ORD001096,SX00001096,16016,IL01,Delivered,2026-10-01 15:46:10.477047,2026-10-02,1,Normal
ORD001097,SX00001097,13335,CA01,Delivered,2026-10-01 15:47:02.322232,2026-10-04,1,Normal
ORD001098,SX00001098,18038,IL01,Delivered,2026-10-01 15:47:54.167416,2026-10-02,1,Normal
ORD001099,SX00001099,14873,IL01,Delivered,2026-10-01 15:48:46.012601,2026-10-02,1,Normal
ORD001100,SX00001100,11481,TX01,Delivered,2026-10-01 15:49:37.857785,2026-10-04,1,Normal
ORD001101,SX00001101,16305,NJ01,Delivered,2026-10-01 15:50:29.702970,2026-10-03,1,Normal
ORD001102,SX00001102,13451,IL01,Delivered,2026-10-01 15:51:21.548154,2026-10-04,1,Normal
ORD001103,SX00001103,10054,IL01,Delivered,2026-10-01 15:52:13.393339,2026-10-03,1,Normal
ORD001104,SX00001104,17643,TX01,Delivered,2026-10-01 15:53:05.238523,2026-10-02,1,Normal
ORD001105,SX00001105,13462,TX01,Delivered,2026-10-01 15:53:57.083708,2026-10-03,1,Normal
ORD001106,SX00001106,10832,NJ01,Delivered,2026-10-01 15:54:48.928892,2026-10-03,1,Normal
ORD001107,SX00001107,15954,CA01,Delivered,2026-10-01 15:55:40.774077,2026-10-02,1,Normal
ORD001108,SX00001108,18519,IL01,Delivered,2026-10-01 15:56:32.619261,2026-10-03,1,Normal
ORD001109,SX00001109,17221,IL01,Delivered,2026-10-01 15:57:24.464446,2026-10-04,1,Normal
ORD001111,SX00001111,13300,TX01,Delivered,2026-10-01 15:59:08.154815,2026-10-02,1,Normal
ORD001112,SX00001112,16722,IL01,Delivered,2026-10-01 16:00:00.000000,2026-10-03,1,Normal
ORD001114,SX00001114,17776,TX01,Delivered,2026-10-01 16:01:43.690369,2026-10-02,1,Normal
ORD001115,SX00001115,13675,CA01,Delivered,2026-10-01 16:02:35.535553,2026-10-04,1,Normal
ORD001116,SX00001116,13054,NJ01,Delivered,2026-10-01 16:03:27.380738,2026-10-02,1,Normal
ORD001117,SX00001117,17970,IL01,Delivered,2026-10-01 16:04:19.225922,2026-10-03,1,Normal
ORD001118,SX00001118,12143,CA01,Delivered,2026-10-01 16:05:11.071107,2026-10-04,1,Normal
ORD001119,SX00001119,15207,CA01,Delivered,2026-10-01 16:06:02.916291,2026-10-04,1,Normal
ORD001121,SX00001121,12538,TX01,Delivered,2026-10-01 16:07:46.606660,2026-10-03,1,Normal
ORD001122,SX00001122,14547,TX01,Delivered,2026-10-01 16:08:38.451845,2026-10-04,1,Normal
ORD001123,SX00001123,15619,CA01,Delivered,2026-10-01 16:09:30.297029,2026-10-02,1,Normal
ORD001124,SX00001124,18356,TX01,Delivered,2026-10-01 16:10:22.142214,2026-10-04,1,Normal
ORD001125,SX00001125,16612,NJ01,Delivered,2026-10-01 16:11:13.987398,2026-10-04,1,Normal
ORD001129,SX00001129,16150,TX01,Delivered,2026-10-01 16:14:41.368136,2026-10-03,1,Normal
ORD001131,SX00001131,18966,NJ01,Delivered,2026-10-01 16:16:25.058505,2026-10-02,1,Normal
ORD001132,SX00001132,12198,NJ01,Delivered,2026-10-01 16:17:16.903690,2026-10-02,1,Normal
ORD001133,SX00001133,14242,NJ01,Delivered,2026-10-01 16:18:08.748874,2026-10-03,1,Normal
ORD001135,SX00001135,13452,NJ01,Delivered,2026-10-01 16:19:52.439243,2026-10-03,1,Normal
ORD001136,SX00001136,19106,IL01,Delivered,2026-10-01 16:20:44.284428,2026-10-03,1,Normal
ORD001138,SX00001138,14177,IL01,Delivered,2026-10-01 16:22:27.974797,2026-10-03,1,Normal
ORD001139,SX00001139,18705,IL01,Delivered,2026-10-01 16:23:19.819981,2026-10-04,1,Normal
ORD001140,SX00001140,16852,TX01,Delivered,2026-10-01 16:24:11.665166,2026-10-03,1,Normal
ORD001141,SX00001141,16035,IL01,Delivered,2026-10-01 16:25:03.510351,2026-10-02,1,Normal
ORD001142,SX00001142,13594,IL01,Delivered,2026-10-01 16:25:55.355535,2026-10-04,1,Normal
ORD001143,SX00001143,14841,IL01,Delivered,2026-10-01 16:26:47.200720,2026-10-04,1,Normal
ORD001144,SX00001144,11409,IL01,Delivered,2026-10-01 16:27:39.045904,2026-10-04,1,Normal
ORD001148,SX00001148,10804,IL01,Delivered,2026-10-01 16:31:06.426642,2026-10-02,1,Normal
ORD001149,SX00001149,11279,IL01,Delivered,2026-10-01 16:31:58.271827,2026-10-04,2,Duplicate Delivered Event
ORD001150,SX00001150,17083,IL01,Delivered,2026-10-01 16:32:50.117011,2026-10-04,1,Normal
ORD001154,SX00001154,12679,NJ01,Delivered,2026-10-01 16:36:17.497749,2026-10-04,1,Normal
ORD001155,SX00001155,12106,NJ01,Delivered,2026-10-01 16:37:09.342934,2026-10-03,1,Normal
ORD001157,SX00001157,14223,CA01,Delivered,2026-10-01 16:38:53.033303,2026-10-03,1,Normal
ORD001158,SX00001158,14831,IL01,Delivered,2026-10-01 16:39:44.878487,2026-10-04,1,Normal
ORD001160,SX00001160,13186,NJ01,Delivered,2026-10-01 16:41:28.568856,2026-10-03,1,Normal
ORD001161,SX00001161,12573,NJ01,Delivered,2026-10-01 16:42:20.414041,2026-10-02,1,Normal
ORD001162,SX00001162,12599,CA01,Delivered,2026-10-01 16:43:12.259225,2026-10-02,1,Normal
ORD001163,SX00001163,14033,NJ01,Delivered,2026-10-01 16:44:04.104410,2026-10-03,1,Normal
ORD001164,SX00001164,18428,IL01,Delivered,2026-10-01 16:44:55.949594,2026-10-04,0,Missing Delivered Event
ORD001165,SX00001165,11304,CA01,Delivered,2026-10-01 16:45:47.794779,2026-10-02,1,Normal
ORD001167,SX00001167,15877,IL01,Delivered,2026-10-01 16:47:31.485148,2026-10-02,1,Normal
ORD001168,SX00001168,11301,CA01,Delivered,2026-10-01 16:48:23.330333,2026-10-04,1,Normal
ORD001169,SX00001169,12541,IL01,Delivered,2026-10-01 16:49:15.175517,2026-10-02,1,Normal
ORD001170,SX00001170,12051,IL01,Delivered,2026-10-01 16:50:07.020702,2026-10-02,1,Normal
ORD001171,SX00001171,16809,CA01,Delivered,2026-10-01 16:50:58.865886,2026-10-03,1,Normal
ORD001173,SX00001173,18996,IL01,Delivered,2026-10-01 16:52:42.556255,2026-10-03,1,Normal
ORD001174,SX00001174,10074,IL01,Delivered,2026-10-01 16:53:34.401440,2026-10-02,1,Normal
ORD001176,SX00001176,15475,IL01,Delivered,2026-10-01 16:55:18.091809,2026-10-04,1,Normal
ORD001177,SX00001177,18232,NJ01,Delivered,2026-10-01 16:56:09.936993,2026-10-03,1,Normal
ORD001178,SX00001178,17184,TX01,Delivered,2026-10-01 16:57:01.782178,2026-10-03,1,Normal
ORD001179,SX00001179,15796,IL01,Delivered,2026-10-01 16:57:53.627362,2026-10-04,1,Normal
ORD001180,SX00001180,17141,TX01,Delivered,2026-10-01 16:58:45.472547,2026-10-04,1,Normal
ORD001181,SX00001181,11622,CA01,Delivered,2026-10-01 16:59:37.317731,2026-10-03,1,Normal
ORD001182,SX00001182,18041,NJ01,Delivered,2026-10-01 17:00:29.162916,2026-10-02,1,Normal
ORD001184,SX00001184,12074,IL01,Delivered,2026-10-01 17:02:12.853285,2026-10-02,1,Normal
ORD001185,SX00001185,17992,NJ01,Delivered,2026-10-01 17:03:04.698469,2026-10-03,1,Normal
ORD001186,SX00001186,10645,CA01,Delivered,2026-10-01 17:03:56.543654,2026-10-04,1,Normal
ORD001187,SX00001187,14263,IL01,Delivered,2026-10-01 17:04:48.388838,2026-10-03,1,Normal
ORD001188,SX00001188,18801,IL01,Delivered,2026-10-01 17:05:40.234023,2026-10-04,1,Normal
ORD001189,SX00001189,16136,NJ01,Delivered,2026-10-01 17:06:32.079207,2026-10-04,1,Normal
ORD001192,SX00001192,12969,TX01,Delivered,2026-10-01 17:09:07.614761,2026-10-02,1,Normal
ORD001194,SX00001194,17643,TX01,Delivered,2026-10-01 17:10:51.305130,2026-10-03,1,Normal
ORD001195,SX00001195,12681,NJ01,Delivered,2026-10-01 17:11:43.150315,2026-10-02,1,Normal
ORD001198,SX00001198,13067,TX01,Delivered,2026-10-01 17:14:18.685868,2026-10-02,1,Normal
ORD001199,SX00001199,15941,IL01,Delivered,2026-10-01 17:15:10.531053,2026-10-03,1,Normal
ORD001200,SX00001200,11386,IL01,Delivered,2026-10-01 17:16:02.376237,2026-10-02,1,Normal
ORD001201,SX00001201,12866,NJ01,Delivered,2026-10-01 17:16:54.221422,2026-10-02,1,Normal
ORD001203,SX00001203,15490,IL01,Delivered,2026-10-01 17:18:37.911791,2026-10-03,1,Normal
ORD001204,SX00001204,14124,IL01,Delivered,2026-10-01 17:19:29.756975,2026-10-03,1,Normal
ORD001205,SX00001205,18340,TX01,Delivered,2026-10-01 17:20:21.602160,2026-10-02,1,Normal
ORD001206,SX00001206,13850,TX01,Delivered,2026-10-01 17:21:13.447344,2026-10-03,1,Normal
ORD001209,SX00001209,16819,NJ01,Delivered,2026-10-01 17:23:48.982898,2026-10-04,1,Normal
ORD001210,SX00001210,19328,NJ01,Delivered,2026-10-01 17:24:40.828082,2026-10-03,1,Normal
ORD001211,SX00001211,18378,CA01,Delivered,2026-10-01 17:25:32.673267,2026-10-04,1,Normal
ORD001212,SX00001212,19442,IL01,Delivered,2026-10-01 17:26:24.518451,2026-10-03,1,Normal
ORD001213,SX00001213,11333,TX01,Delivered,2026-10-01 17:27:16.363636,2026-10-03,1,Normal
ORD001214,SX00001214,14150,NJ01,Delivered,2026-10-01 17:28:08.208820,2026-10-02,1,Normal
ORD001215,SX00001215,16766,NJ01,Delivered,2026-10-01 17:29:00.054005,2026-10-04,1,Normal
ORD001216,SX00001216,12711,TX01,Delivered,2026-10-01 17:29:51.899189,2026-10-02,1,Normal
ORD001218,SX00001218,16212,IL01,Delivered,2026-10-01 17:31:35.589558,2026-10-03,1,Normal
ORD001220,SX00001220,15408,IL01,Delivered,2026-10-01 17:33:19.279927,2026-10-02,2,Duplicate Delivered Event
ORD001222,SX00001222,17715,TX01,Delivered,2026-10-01 17:35:02.970297,2026-10-04,1,Normal
ORD001224,SX00001224,11762,IL01,Delivered,2026-10-01 17:36:46.660666,2026-10-02,2,Duplicate Delivered Event
ORD001227,SX00001227,16122,TX01,Delivered,2026-10-01 17:39:22.196219,2026-10-02,1,Normal
ORD001228,SX00001228,10481,IL01,Delivered,2026-10-01 17:40:14.041404,2026-10-04,1,Normal
ORD001234,SX00001234,15136,IL01,Delivered,2026-10-01 17:45:25.112511,2026-10-04,1,Normal
ORD001235,SX00001235,15760,TX01,Delivered,2026-10-01 17:46:16.957695,2026-10-03,1,Normal
ORD001236,SX00001236,11240,NJ01,Delivered,2026-10-01 17:47:08.802880,2026-10-04,1,Normal
ORD001237,SX00001237,10060,IL01,Delivered,2026-10-01 17:48:00.648064,2026-10-02,1,Normal
ORD001238,SX00001238,19130,NJ01,Delivered,2026-10-01 17:48:52.493249,2026-10-03,1,Normal
ORD001239,SX00001239,11639,IL01,Delivered,2026-10-01 17:49:44.338433,2026-10-02,1,Normal
ORD001240,SX00001240,16185,IL01,Delivered,2026-10-01 17:50:36.183618,2026-10-04,1,Normal
ORD001241,SX00001241,17970,TX01,Delivered,2026-10-01 17:51:28.028802,2026-10-04,1,Normal
ORD001242,SX00001242,11252,IL01,Delivered,2026-10-01 17:52:19.873987,2026-10-03,1,Normal
ORD001243,SX00001243,14203,IL01,Delivered,2026-10-01 17:53:11.719171,2026-10-02,1,Normal
ORD001244,SX00001244,18363,IL01,Delivered,2026-10-01 17:54:03.564356,2026-10-04,1,Normal
ORD001245,SX00001245,19650,IL01,Delivered,2026-10-01 17:54:55.409540,2026-10-04,1,Normal
ORD001247,SX00001247,14197,IL01,Delivered,2026-10-01 17:56:39.099909,2026-10-04,1,Normal
ORD001249,SX00001249,16667,IL01,Delivered,2026-10-01 17:58:22.790279,2026-10-04,1,Normal
ORD001250,SX00001250,12322,TX01,Delivered,2026-10-01 17:59:14.635463,2026-10-02,1,Normal
ORD001251,SX00001251,19828,IL01,Delivered,2026-10-01 18:00:06.480648,2026-10-02,1,Normal
ORD001252,SX00001252,14090,IL01,Delivered,2026-10-01 18:00:58.325832,2026-10-02,1,Normal
ORD001253,SX00001253,16960,IL01,Delivered,2026-10-01 18:01:50.171017,2026-10-04,1,Normal
ORD001254,SX00001254,13004,CA01,Delivered,2026-10-01 18:02:42.016201,2026-10-03,1,Normal
ORD001259,SX00001259,14107,IL01,Delivered,2026-10-01 18:07:01.242124,2026-10-02,1,Normal
ORD001260,SX00001260,11341,IL01,Delivered,2026-10-01 18:07:53.087308,2026-10-02,1,Normal
ORD001261,SX00001261,18407,NJ01,Delivered,2026-10-01 18:08:44.932493,2026-10-04,1,Normal
ORD001262,SX00001262,10338,IL01,Delivered,2026-10-01 18:09:36.777677,2026-10-03,1,Normal
ORD001267,SX00001267,12421,NJ01,Delivered,2026-10-01 18:13:56.003600,2026-10-02,1,Normal
ORD001268,SX00001268,17119,IL01,Delivered,2026-10-01 18:14:47.848784,2026-10-02,1,Normal
ORD001269,SX00001269,18901,IL01,Delivered,2026-10-01 18:15:39.693969,2026-10-02,1,Normal
ORD001272,SX00001272,15387,TX01,Delivered,2026-10-01 18:18:15.229522,2026-10-03,1,Normal
ORD001273,SX00001273,13993,CA01,Delivered,2026-10-01 18:19:07.074707,2026-10-04,1,Normal
ORD001274,SX00001274,18680,IL01,Delivered,2026-10-01 18:19:58.919891,2026-10-03,1,Normal
ORD001275,SX00001275,18044,NJ01,Delivered,2026-10-01 18:20:50.765076,2026-10-04,1,Normal
ORD001277,SX00001277,14873,IL01,Delivered,2026-10-01 18:22:34.455445,2026-10-04,1,Normal
ORD001278,SX00001278,14806,IL01,Delivered,2026-10-01 18:23:26.300630,2026-10-02,1,Normal
ORD001279,SX00001279,18592,NJ01,Delivered,2026-10-01 18:24:18.145814,2026-10-02,1,Normal
ORD001281,SX00001281,17124,TX01,Delivered,2026-10-01 18:26:01.836183,2026-10-03,1,Normal
ORD001282,SX00001282,13157,IL01,Delivered,2026-10-01 18:26:53.681368,2026-10-04,1,Normal
ORD001283,SX00001283,10390,CA01,Delivered,2026-10-01 18:27:45.526552,2026-10-02,1,Normal
ORD001284,SX00001284,14430,IL01,Delivered,2026-10-01 18:28:37.371737,2026-10-02,1,Normal
ORD001285,SX00001285,18820,NJ01,Delivered,2026-10-01 18:29:29.216921,2026-10-03,1,Normal
ORD001288,SX00001288,18007,IL01,Delivered,2026-10-01 18:32:04.752475,2026-10-02,1,Normal
ORD001289,SX00001289,11521,TX01,Delivered,2026-10-01 18:32:56.597659,2026-10-04,1,Normal
ORD001291,SX00001291,11500,IL01,Delivered,2026-10-01 18:34:40.288028,2026-10-02,1,Normal
ORD001292,SX00001292,16737,NJ01,Delivered,2026-10-01 18:35:32.133213,2026-10-04,1,Normal
ORD001293,SX00001293,13294,IL01,Delivered,2026-10-01 18:36:23.978397,2026-10-03,1,Normal
ORD001294,SX00001294,15085,IL01,Delivered,2026-10-01 18:37:15.823582,2026-10-04,1,Normal
ORD001295,SX00001295,12419,TX01,Delivered,2026-10-01 18:38:07.668766,2026-10-04,1,Normal
ORD001298,SX00001298,14497,CA01,Delivered,2026-10-01 18:40:43.204320,2026-10-02,1,Normal
ORD001300,SX00001300,13561,TX01,Delivered,2026-10-01 18:42:26.894689,2026-10-03,1,Normal
ORD001301,SX00001301,10614,NJ01,Delivered,2026-10-01 18:43:18.739873,2026-10-03,1,Normal
ORD001302,SX00001302,15392,NJ01,Delivered,2026-10-01 18:44:10.585058,2026-10-03,1,Normal
ORD001303,SX00001303,17693,NJ01,Delivered,2026-10-01 18:45:02.430243,2026-10-02,1,Normal
ORD001307,SX00001307,12667,IL01,Delivered,2026-10-01 18:48:29.810981,2026-10-03,1,Normal
ORD001308,SX00001308,17980,TX01,Delivered,2026-10-01 18:49:21.656165,2026-10-03,1,Normal
ORD001309,SX00001309,10130,IL01,Delivered,2026-10-01 18:50:13.501350,2026-10-03,1,Normal
ORD001311,SX00001311,14278,IL01,Delivered,2026-10-01 18:51:57.191719,2026-10-04,1,Normal
ORD001312,SX00001312,17126,IL01,Delivered,2026-10-01 18:52:49.036903,2026-10-02,0,Missing Delivered Event
ORD001313,SX00001313,18230,IL01,Delivered,2026-10-01 18:53:40.882088,2026-10-02,1,Normal
ORD001314,SX00001314,17694,NJ01,Delivered,2026-10-01 18:54:32.727272,2026-10-04,1,Normal
ORD001319,SX00001319,18684,TX01,Delivered,2026-10-01 18:58:51.953195,2026-10-02,1,Normal
ORD001320,SX00001320,19323,TX01,Delivered,2026-10-01 18:59:43.798379,2026-10-03,1,Normal
ORD001321,SX00001321,18502,IL01,Delivered,2026-10-01 19:00:35.643564,2026-10-03,1,Normal
ORD001323,SX00001323,13241,TX01,Delivered,2026-10-01 19:02:19.333933,2026-10-02,1,Normal
ORD001324,SX00001324,10545,IL01,Delivered,2026-10-01 19:03:11.179117,2026-10-03,1,Normal
ORD001325,SX00001325,14346,IL01,Delivered,2026-10-01 19:04:03.024302,2026-10-02,1,Normal
ORD001326,SX00001326,19996,IL01,Delivered,2026-10-01 19:04:54.869486,2026-10-02,1,Normal
ORD001327,SX00001327,13810,NJ01,Delivered,2026-10-01 19:05:46.714671,2026-10-04,1,Normal
ORD001328,SX00001328,17206,NJ01,Delivered,2026-10-01 19:06:38.559855,2026-10-04,1,Normal
ORD001330,SX00001330,12032,IL01,Delivered,2026-10-01 19:08:22.250225,2026-10-04,1,Normal
ORD001331,SX00001331,18436,TX01,Delivered,2026-10-01 19:09:14.095409,2026-10-04,1,Normal
ORD001333,SX00001333,13511,TX01,Delivered,2026-10-01 19:10:57.785778,2026-10-04,1,Normal
ORD001334,SX00001334,11771,NJ01,Delivered,2026-10-01 19:11:49.630963,2026-10-03,1,Normal
ORD001335,SX00001335,19454,NJ01,Delivered,2026-10-01 19:12:41.476147,2026-10-04,1,Normal
ORD001336,SX00001336,14361,IL01,Delivered,2026-10-01 19:13:33.321332,2026-10-03,1,Normal
ORD001337,SX00001337,17069,IL01,Delivered,2026-10-01 19:14:25.166516,2026-10-02,1,Normal
ORD001338,SX00001338,10920,NJ01,Delivered,2026-10-01 19:15:17.011701,2026-10-04,1,Normal
ORD001340,SX00001340,13430,IL01,Delivered,2026-10-01 19:17:00.702070,2026-10-04,1,Normal
ORD001341,SX00001341,14435,CA01,Delivered,2026-10-01 19:17:52.547254,2026-10-03,1,Normal
ORD001342,SX00001342,13760,CA01,Delivered,2026-10-01 19:18:44.392439,2026-10-03,1,Normal
ORD001345,SX00001345,18567,IL01,Delivered,2026-10-01 19:21:19.927992,2026-10-02,1,Normal
ORD001346,SX00001346,12033,IL01,Delivered,2026-10-01 19:22:11.773177,2026-10-04,1,Normal
ORD001348,SX00001348,10145,NJ01,Delivered,2026-10-01 19:23:55.463546,2026-10-03,1,Normal
ORD001349,SX00001349,14388,IL01,Delivered,2026-10-01 19:24:47.308730,2026-10-03,1,Normal
ORD001350,SX00001350,17832,CA01,Delivered,2026-10-01 19:25:39.153915,2026-10-04,1,Normal
ORD001351,SX00001351,18623,IL01,Delivered,2026-10-01 19:26:30.999099,2026-10-02,1,Normal
ORD001352,SX00001352,18896,IL01,Delivered,2026-10-01 19:27:22.844284,2026-10-02,1,Normal
ORD001353,SX00001353,18173,TX01,Delivered,2026-10-01 19:28:14.689468,2026-10-04,1,Normal
ORD001354,SX00001354,12632,IL01,Delivered,2026-10-01 19:29:06.534653,2026-10-02,2,Duplicate Delivered Event
ORD001355,SX00001355,14494,IL01,Delivered,2026-10-01 19:29:58.379837,2026-10-04,1,Normal
ORD001356,SX00001356,18056,NJ01,Delivered,2026-10-01 19:30:50.225022,2026-10-04,1,Normal
ORD001357,SX00001357,17511,IL01,Delivered,2026-10-01 19:31:42.070207,2026-10-03,1,Normal
ORD001359,SX00001359,11828,IL01,Delivered,2026-10-01 19:33:25.760576,2026-10-02,1,Normal
ORD001360,SX00001360,19130,NJ01,Delivered,2026-10-01 19:34:17.605760,2026-10-04,1,Normal
ORD001361,SX00001361,14805,CA01,Delivered,2026-10-01 19:35:09.450945,2026-10-04,1,Normal
ORD001362,SX00001362,10806,TX01,Delivered,2026-10-01 19:36:01.296129,2026-10-04,1,Normal
ORD001363,SX00001363,19655,IL01,Delivered,2026-10-01 19:36:53.141314,2026-10-04,1,Normal
ORD001364,SX00001364,17486,IL01,Delivered,2026-10-01 19:37:44.986498,2026-10-03,1,Normal
ORD001365,SX00001365,18202,NJ01,Delivered,2026-10-01 19:38:36.831683,2026-10-02,1,Normal
ORD001366,SX00001366,11868,CA01,Delivered,2026-10-01 19:39:28.676867,2026-10-03,1,Normal
ORD001370,SX00001370,15429,CA01,Delivered,2026-10-01 19:42:56.057605,2026-10-04,1,Normal
ORD001371,SX00001371,19076,IL01,Delivered,2026-10-01 19:43:47.902790,2026-10-04,1,Normal
ORD001373,SX00001373,11389,IL01,Delivered,2026-10-01 19:45:31.593159,2026-10-03,1,Normal
ORD001375,SX00001375,10824,NJ01,Delivered,2026-10-01 19:47:15.283528,2026-10-04,1,Normal
ORD001376,SX00001376,12265,TX01,Delivered,2026-10-01 19:48:07.128712,2026-10-03,1,Normal
ORD001377,SX00001377,10936,NJ01,Delivered,2026-10-01 19:48:58.973897,2026-10-02,1,Normal
ORD001378,SX00001378,16402,IL01,Delivered,2026-10-01 19:49:50.819081,2026-10-02,1,Normal
ORD001379,SX00001379,13845,IL01,Delivered,2026-10-01 19:50:42.664266,2026-10-02,1,Normal
ORD001380,SX00001380,11796,IL01,Delivered,2026-10-01 19:51:34.509450,2026-10-03,0,Missing Delivered Event
ORD001381,SX00001381,18245,IL01,Delivered,2026-10-01 19:52:26.354635,2026-10-04,1,Normal
ORD001382,SX00001382,17214,TX01,Delivered,2026-10-01 19:53:18.199819,2026-10-02,1,Normal
ORD001383,SX00001383,10726,IL01,Delivered,2026-10-01 19:54:10.045004,2026-10-04,2,Duplicate Delivered Event
ORD001384,SX00001384,12736,IL01,Delivered,2026-10-01 19:55:01.890189,2026-10-03,1,Normal
ORD001385,SX00001385,11913,IL01,Delivered,2026-10-01 19:55:53.735373,2026-10-03,1,Normal
ORD001386,SX00001386,19788,NJ01,Delivered,2026-10-01 19:56:45.580558,2026-10-04,1,Normal
ORD001387,SX00001387,17657,NJ01,Delivered,2026-10-01 19:57:37.425742,2026-10-04,1,Normal
ORD001388,SX00001388,12466,TX01,Delivered,2026-10-01 19:58:29.270927,2026-10-04,1,Normal
ORD001390,SX00001390,17312,TX01,Delivered,2026-10-01 20:00:12.961296,2026-10-02,1,Normal
ORD001393,SX00001393,14876,CA01,Delivered,2026-10-01 20:02:48.496849,2026-10-03,1,Normal
ORD001394,SX00001394,17287,IL01,Delivered,2026-10-01 20:03:40.342034,2026-10-02,1,Normal
ORD001395,SX00001395,10892,NJ01,Delivered,2026-10-01 20:04:32.187218,2026-10-04,1,Normal
ORD001396,SX00001396,14675,IL01,Delivered,2026-10-01 20:05:24.032403,2026-10-02,1,Normal
ORD001399,SX00001399,11290,CA01,Delivered,2026-10-01 20:07:59.567956,2026-10-03,1,Normal
ORD001400,SX00001400,11640,TX01,Delivered,2026-10-01 20:08:51.413141,2026-10-03,1,Normal
ORD001403,SX00001403,11218,TX01,Delivered,2026-10-01 20:11:26.948694,2026-10-03,1,Normal
ORD001404,SX00001404,15016,TX01,Delivered,2026-10-01 20:12:18.793879,2026-10-04,1,Normal
ORD001405,SX00001405,16881,IL01,Delivered,2026-10-01 20:13:10.639063,2026-10-03,1,Normal
ORD001406,SX00001406,19547,NJ01,Delivered,2026-10-01 20:14:02.484248,2026-10-02,1,Normal
ORD001410,SX00001410,19175,CA01,Delivered,2026-10-01 20:17:29.864986,2026-10-03,1,Normal
ORD001412,SX00001412,10974,IL01,Delivered,2026-10-01 20:19:13.555355,2026-10-04,1,Normal
ORD001413,SX00001413,14133,TX01,Delivered,2026-10-01 20:20:05.400540,2026-10-03,1,Normal
ORD001414,SX00001414,15370,IL01,Delivered,2026-10-01 20:20:57.245724,2026-10-02,0,Missing Delivered Event
ORD001415,SX00001415,13972,TX01,Delivered,2026-10-01 20:21:49.090909,2026-10-03,1,Normal
ORD001416,SX00001416,15295,IL01,Delivered,2026-10-01 20:22:40.936093,2026-10-03,1,Normal
ORD001417,SX00001417,19105,IL01,Delivered,2026-10-01 20:23:32.781278,2026-10-03,1,Normal
ORD001418,SX00001418,18228,IL01,Delivered,2026-10-01 20:24:24.626462,2026-10-02,1,Normal
ORD001420,SX00001420,13020,NJ01,Delivered,2026-10-01 20:26:08.316831,2026-10-03,1,Normal
ORD001421,SX00001421,18987,IL01,Delivered,2026-10-01 20:27:00.162016,2026-10-04,1,Normal
ORD001422,SX00001422,14036,IL01,Delivered,2026-10-01 20:27:52.007200,2026-10-02,1,Normal
ORD001424,SX00001424,15233,NJ01,Delivered,2026-10-01 20:29:35.697569,2026-10-04,1,Normal
ORD001425,SX00001425,19516,IL01,Delivered,2026-10-01 20:30:27.542754,2026-10-04,1,Normal
ORD001427,SX00001427,12396,NJ01,Delivered,2026-10-01 20:32:11.233123,2026-10-03,1,Normal
ORD001428,SX00001428,12162,TX01,Delivered,2026-10-01 20:33:03.078307,2026-10-04,1,Normal
ORD001430,SX00001430,11591,NJ01,Delivered,2026-10-01 20:34:46.768676,2026-10-03,1,Normal
ORD001432,SX00001432,13930,TX01,Delivered,2026-10-01 20:36:30.459045,2026-10-04,1,Normal
ORD001433,SX00001433,11312,TX01,Delivered,2026-10-01 20:37:22.304230,2026-10-02,1,Normal
ORD001434,SX00001434,19477,IL01,Delivered,2026-10-01 20:38:14.149414,2026-10-02,1,Normal
ORD001436,SX00001436,17314,IL01,Delivered,2026-10-01 20:39:57.839783,2026-10-04,0,Missing Delivered Event
ORD001437,SX00001437,12383,IL01,Delivered,2026-10-01 20:40:49.684968,2026-10-04,1,Normal
ORD001438,SX00001438,13239,IL01,Delivered,2026-10-01 20:41:41.530153,2026-10-04,1,Normal
ORD001439,SX00001439,12139,CA01,Delivered,2026-10-01 20:42:33.375337,2026-10-04,1,Normal
ORD001442,SX00001442,10362,IL01,Delivered,2026-10-01 20:45:08.910891,2026-10-03,1,Normal
ORD001443,SX00001443,12604,NJ01,Delivered,2026-10-01 20:46:00.756075,2026-10-03,1,Normal
ORD001444,SX00001444,19908,IL01,Delivered,2026-10-01 20:46:52.601260,2026-10-02,1,Normal
ORD001445,SX00001445,14286,TX01,Delivered,2026-10-01 20:47:44.446444,2026-10-03,1,Normal
ORD001447,SX00001447,12469,IL01,Delivered,2026-10-01 20:49:28.136813,2026-10-03,1,Normal
ORD001448,SX00001448,14795,IL01,Delivered,2026-10-01 20:50:19.981998,2026-10-04,1,Normal
ORD001449,SX00001449,16150,CA01,Delivered,2026-10-01 20:51:11.827182,2026-10-04,1,Normal
ORD001450,SX00001450,10556,NJ01,Delivered,2026-10-01 20:52:03.672367,2026-10-03,1,Normal
ORD001451,SX00001451,19017,NJ01,Delivered,2026-10-01 20:52:55.517551,2026-10-03,1,Normal
ORD001453,SX00001453,15150,CA01,Delivered,2026-10-01 20:54:39.207920,2026-10-02,1,Normal
ORD001454,SX00001454,17561,CA01,Delivered,2026-10-01 20:55:31.053105,2026-10-03,1,Normal
ORD001455,SX00001455,12719,TX01,Delivered,2026-10-01 20:56:22.898289,2026-10-03,1,Normal
ORD001457,SX00001457,13741,IL01,Delivered,2026-10-01 20:58:06.588658,2026-10-03,1,Normal
ORD001458,SX00001458,19766,CA01,Delivered,2026-10-01 20:58:58.433843,2026-10-04,1,Normal
ORD001459,SX00001459,13998,NJ01,Delivered,2026-10-01 20:59:50.279027,2026-10-02,1,Normal
ORD001460,SX00001460,12403,IL01,Delivered,2026-10-01 21:00:42.124212,2026-10-02,1,Normal
ORD001462,SX00001462,19739,CA01,Delivered,2026-10-01 21:02:25.814581,2026-10-04,1,Normal
ORD001463,SX00001463,10294,IL01,Delivered,2026-10-01 21:03:17.659765,2026-10-04,1,Normal
ORD001464,SX00001464,15343,NJ01,Delivered,2026-10-01 21:04:09.504950,2026-10-02,1,Normal
ORD001465,SX00001465,19882,TX01,Delivered,2026-10-01 21:05:01.350135,2026-10-04,1,Normal
ORD001466,SX00001466,11136,NJ01,Delivered,2026-10-01 21:05:53.195319,2026-10-03,1,Normal
ORD001468,SX00001468,17009,CA01,Delivered,2026-10-01 21:07:36.885688,2026-10-04,1,Normal
ORD001470,SX00001470,11007,TX01,Delivered,2026-10-01 21:09:20.576057,2026-10-03,1,Normal
ORD001472,SX00001472,15352,IL01,Delivered,2026-10-01 21:11:04.266426,2026-10-04,1,Normal
ORD001473,SX00001473,19439,CA01,Delivered,2026-10-01 21:11:56.111611,2026-10-03,1,Normal
ORD001474,SX00001474,11435,IL01,Delivered,2026-10-01 21:12:47.956795,2026-10-04,1,Normal
ORD001475,SX00001475,10571,TX01,Delivered,2026-10-01 21:13:39.801980,2026-10-04,1,Normal
ORD001476,SX00001476,12382,CA01,Delivered,2026-10-01 21:14:31.647164,2026-10-03,1,Normal
ORD001479,SX00001479,10277,TX01,Delivered,2026-10-01 21:17:07.182718,2026-10-02,1,Normal
ORD001480,SX00001480,17059,IL01,Delivered,2026-10-01 21:17:59.027902,2026-10-02,1,Normal
ORD001481,SX00001481,11887,TX01,Delivered,2026-10-01 21:18:50.873087,2026-10-03,1,Normal
ORD001483,SX00001483,17491,NJ01,Delivered,2026-10-01 21:20:34.563456,2026-10-04,1,Normal
ORD001484,SX00001484,11040,IL01,Delivered,2026-10-01 21:21:26.408640,2026-10-02,1,Normal
ORD001486,SX00001486,18073,TX01,Delivered,2026-10-01 21:23:10.099009,2026-10-02,1,Normal
ORD001488,SX00001488,12752,IL01,Delivered,2026-10-01 21:24:53.789378,2026-10-04,1,Normal
ORD001490,SX00001490,14569,NJ01,Delivered,2026-10-01 21:26:37.479747,2026-10-02,1,Normal
ORD001491,SX00001491,16353,CA01,Delivered,2026-10-01 21:27:29.324932,2026-10-04,1,Normal
ORD001493,SX00001493,17437,TX01,Delivered,2026-10-01 21:29:13.015301,2026-10-04,1,Normal
ORD001494,SX00001494,14799,CA01,Delivered,2026-10-01 21:30:04.860486,2026-10-03,1,Normal
ORD001495,SX00001495,10686,IL01,Delivered,2026-10-01 21:30:56.705670,2026-10-03,1,Normal
ORD001496,SX00001496,18476,CA01,Delivered,2026-10-01 21:31:48.550855,2026-10-03,1,Normal
ORD001498,SX00001498,18954,CA01,Delivered,2026-10-01 21:33:32.241224,2026-10-04,1,Normal
ORD001500,SX00001500,15043,NJ01,Delivered,2026-10-01 21:35:15.931593,2026-10-03,1,Normal
ORD001501,SX00001501,12428,CA01,Delivered,2026-10-01 21:36:07.776777,2026-10-04,1,Normal
ORD001503,SX00001503,18220,NJ01,Delivered,2026-10-01 21:37:51.467146,2026-10-02,1,Normal
ORD001505,SX00001505,17813,IL01,Delivered,2026-10-01 21:39:35.157515,2026-10-02,1,Normal
ORD001506,SX00001506,19645,NJ01,Delivered,2026-10-01 21:40:27.002700,2026-10-03,1,Normal
ORD001507,SX00001507,13356,NJ01,Delivered,2026-10-01 21:41:18.847884,2026-10-03,1,Normal
ORD001508,SX00001508,18707,IL01,Delivered,2026-10-01 21:42:10.693069,2026-10-04,1,Normal
ORD001509,SX00001509,17266,NJ01,Delivered,2026-10-01 21:43:02.538253,2026-10-02,1,Normal
ORD001510,SX00001510,16540,NJ01,Delivered,2026-10-01 21:43:54.383438,2026-10-04,1,Normal
ORD001511,SX00001511,10038,TX01,Delivered,2026-10-01 21:44:46.228622,2026-10-02,1,Normal
ORD001512,SX00001512,13342,NJ01,Delivered,2026-10-01 21:45:38.073807,2026-10-02,1,Normal
ORD001513,SX00001513,19078,NJ01,Delivered,2026-10-01 21:46:29.918991,2026-10-02,1,Normal
ORD001514,SX00001514,12844,NJ01,Delivered,2026-10-01 21:47:21.764176,2026-10-02,1,Normal
ORD001515,SX00001515,11098,IL01,Delivered,2026-10-01 21:48:13.609360,2026-10-04,1,Normal
ORD001516,SX00001516,17027,NJ01,Delivered,2026-10-01 21:49:05.454545,2026-10-04,1,Normal
ORD001517,SX00001517,11823,NJ01,Delivered,2026-10-01 21:49:57.299729,2026-10-03,1,Normal
ORD001518,SX00001518,13155,NJ01,Delivered,2026-10-01 21:50:49.144914,2026-10-02,1,Normal
ORD001519,SX00001519,13093,IL01,Delivered,2026-10-01 21:51:40.990099,2026-10-04,1,Normal
ORD001520,SX00001520,15658,TX01,Delivered,2026-10-01 21:52:32.835283,2026-10-02,1,Normal
ORD001522,SX00001522,12896,CA01,Delivered,2026-10-01 21:54:16.525652,2026-10-03,1,Normal
ORD001523,SX00001523,10988,IL01,Delivered,2026-10-01 21:55:08.370837,2026-10-03,1,Normal
ORD001525,SX00001525,16446,NJ01,Delivered,2026-10-01 21:56:52.061206,2026-10-04,1,Normal
ORD001526,SX00001526,14179,NJ01,Delivered,2026-10-01 21:57:43.906390,2026-10-03,1,Normal
ORD001528,SX00001528,15626,IL01,Delivered,2026-10-01 21:59:27.596759,2026-10-04,1,Normal
ORD001531,SX00001531,13598,TX01,Delivered,2026-10-01 22:02:03.132313,2026-10-02,1,Normal
ORD001534,SX00001534,18984,IL01,Delivered,2026-10-01 22:04:38.667866,2026-10-02,1,Normal
ORD001536,SX00001536,15390,NJ01,Delivered,2026-10-01 22:06:22.358235,2026-10-04,1,Normal
ORD001537,SX00001537,16635,IL01,Delivered,2026-10-01 22:07:14.203420,2026-10-03,1,Normal
ORD001538,SX00001538,12255,NJ01,Delivered,2026-10-01 22:08:06.048604,2026-10-03,1,Normal
ORD001539,SX00001539,13610,IL01,Delivered,2026-10-01 22:08:57.893789,2026-10-02,1,Normal
ORD001540,SX00001540,11607,IL01,Delivered,2026-10-01 22:09:49.738973,2026-10-03,1,Normal
ORD001541,SX00001541,15179,NJ01,Delivered,2026-10-01 22:10:41.584158,2026-10-02,1,Normal
ORD001542,SX00001542,16573,TX01,Delivered,2026-10-01 22:11:33.429342,2026-10-03,1,Normal
ORD001543,SX00001543,10984,CA01,Delivered,2026-10-01 22:12:25.274527,2026-10-04,1,Normal
ORD001544,SX00001544,15776,NJ01,Delivered,2026-10-01 22:13:17.119711,2026-10-02,1,Normal
ORD001545,SX00001545,13676,CA01,Delivered,2026-10-01 22:14:08.964896,2026-10-03,1,Normal
ORD001546,SX00001546,13380,CA01,Delivered,2026-10-01 22:15:00.810081,2026-10-02,1,Normal
ORD001548,SX00001548,18782,NJ01,Delivered,2026-10-01 22:16:44.500450,2026-10-03,1,Normal
ORD001549,SX00001549,11050,IL01,Delivered,2026-10-01 22:17:36.345634,2026-10-03,0,Missing Delivered Event
ORD001550,SX00001550,13633,IL01,Delivered,2026-10-01 22:18:28.190819,2026-10-02,1,Normal
ORD001551,SX00001551,16342,NJ01,Delivered,2026-10-01 22:19:20.036003,2026-10-02,1,Normal
ORD001552,SX00001552,10959,NJ01,Delivered,2026-10-01 22:20:11.881188,2026-10-04,1,Normal
ORD001555,SX00001555,15655,IL01,Delivered,2026-10-01 22:22:47.416741,2026-10-04,1,Normal
ORD001556,SX00001556,14473,TX01,Delivered,2026-10-01 22:23:39.261926,2026-10-03,1,Normal
ORD001557,SX00001557,12946,IL01,Delivered,2026-10-01 22:24:31.107110,2026-10-02,1,Normal
ORD001558,SX00001558,17725,NJ01,Delivered,2026-10-01 22:25:22.952295,2026-10-03,1,Normal
ORD001559,SX00001559,10526,TX01,Delivered,2026-10-01 22:26:14.797479,2026-10-02,1,Normal
ORD001560,SX00001560,13224,IL01,Delivered,2026-10-01 22:27:06.642664,2026-10-02,1,Normal
ORD001561,SX00001561,11875,NJ01,Delivered,2026-10-01 22:27:58.487848,2026-10-03,1,Normal
ORD001562,SX00001562,11763,TX01,Delivered,2026-10-01 22:28:50.333033,2026-10-03,1,Normal
ORD001564,SX00001564,15797,IL01,Delivered,2026-10-01 22:30:34.023402,2026-10-04,1,Normal
ORD001566,SX00001566,17099,NJ01,Delivered,2026-10-01 22:32:17.713771,2026-10-02,1,Normal
ORD001567,SX00001567,15109,NJ01,Delivered,2026-10-01 22:33:09.558955,2026-10-03,1,Normal
ORD001568,SX00001568,16644,IL01,Delivered,2026-10-01 22:34:01.404140,2026-10-03,1,Normal
ORD001571,SX00001571,15463,TX01,Delivered,2026-10-01 22:36:36.939693,2026-10-02,1,Normal
ORD001572,SX00001572,10583,IL01,Delivered,2026-10-01 22:37:28.784878,2026-10-02,1,Normal
ORD001573,SX00001573,18586,TX01,Delivered,2026-10-01 22:38:20.630063,2026-10-02,1,Normal
ORD001574,SX00001574,13788,NJ01,Delivered,2026-10-01 22:39:12.475247,2026-10-03,1,Normal
ORD001575,SX00001575,14167,TX01,Delivered,2026-10-01 22:40:04.320432,2026-10-04,1,Normal
ORD001576,SX00001576,18465,NJ01,Delivered,2026-10-01 22:40:56.165616,2026-10-02,1,Normal
ORD001577,SX00001577,11389,NJ01,Delivered,2026-10-01 22:41:48.010801,2026-10-03,1,Normal
ORD001578,SX00001578,18357,IL01,Delivered,2026-10-01 22:42:39.855985,2026-10-04,1,Normal
ORD001579,SX00001579,19759,TX01,Delivered,2026-10-01 22:43:31.701170,2026-10-02,1,Normal
ORD001580,SX00001580,16154,NJ01,Delivered,2026-10-01 22:44:23.546354,2026-10-04,1,Normal
ORD001581,SX00001581,15420,NJ01,Delivered,2026-10-01 22:45:15.391539,2026-10-03,1,Normal
ORD001582,SX00001582,18920,NJ01,Delivered,2026-10-01 22:46:07.236723,2026-10-04,1,Normal
ORD001584,SX00001584,14197,TX01,Delivered,2026-10-01 22:47:50.927092,2026-10-03,1,Normal
ORD001585,SX00001585,13496,IL01,Delivered,2026-10-01 22:48:42.772277,2026-10-02,1,Normal
ORD001586,SX00001586,10778,TX01,Delivered,2026-10-01 22:49:34.617461,2026-10-03,1,Normal
ORD001588,SX00001588,13762,CA01,Delivered,2026-10-01 22:51:18.307830,2026-10-02,1,Normal
ORD001590,SX00001590,16731,NJ01,Delivered,2026-10-01 22:53:01.998199,2026-10-03,1,Normal
ORD001591,SX00001591,13117,IL01,Delivered,2026-10-01 22:53:53.843384,2026-10-02,1,Normal
ORD001592,SX00001592,15791,TX01,Delivered,2026-10-01 22:54:45.688568,2026-10-02,1,Normal
ORD001593,SX00001593,18783,NJ01,Delivered,2026-10-01 22:55:37.533753,2026-10-03,1,Normal
ORD001594,SX00001594,12720,CA01,Delivered,2026-10-01 22:56:29.378937,2026-10-03,1,Normal
ORD001595,SX00001595,18905,IL01,Delivered,2026-10-01 22:57:21.224122,2026-10-03,1,Normal
ORD001596,SX00001596,19127,IL01,Delivered,2026-10-01 22:58:13.069306,2026-10-03,1,Normal
ORD001597,SX00001597,16047,IL01,Delivered,2026-10-01 22:59:04.914491,2026-10-04,2,Duplicate Delivered Event
ORD001598,SX00001598,18032,NJ01,Delivered,2026-10-01 22:59:56.759675,2026-10-04,1,Normal
ORD001599,SX00001599,10001,CA01,Delivered,2026-10-01 23:00:48.604860,2026-10-02,1,Normal
ORD001600,SX00001600,16368,IL01,Delivered,2026-10-01 23:01:40.450045,2026-10-04,0,Missing Delivered Event
ORD001601,SX00001601,11949,TX01,Delivered,2026-10-01 23:02:32.295229,2026-10-04,1,Normal
ORD001602,SX00001602,16732,TX01,Delivered,2026-10-01 23:03:24.140414,2026-10-04,1,Normal
ORD001603,SX00001603,17833,TX01,Delivered,2026-10-01 23:04:15.985598,2026-10-02,1,Normal
ORD001604,SX00001604,10917,IL01,Delivered,2026-10-01 23:05:07.830783,2026-10-04,1,Normal
ORD001605,SX00001605,13174,TX01,Delivered,2026-10-01 23:05:59.675967,2026-10-03,1,Normal
ORD001606,SX00001606,17014,IL01,Delivered,2026-10-01 23:06:51.521152,2026-10-03,1,Normal
ORD001607,SX00001607,10089,TX01,Delivered,2026-10-01 23:07:43.366336,2026-10-02,1,Normal
ORD001608,SX00001608,11709,IL01,Delivered,2026-10-01 23:08:35.211521,2026-10-02,1,Normal
ORD001610,SX00001610,10105,TX01,Delivered,2026-10-01 23:10:18.901890,2026-10-04,1,Normal
ORD001611,SX00001611,19078,IL01,Delivered,2026-10-01 23:11:10.747074,2026-10-02,1,Normal
ORD001613,SX00001613,11895,TX01,Delivered,2026-10-01 23:12:54.437443,2026-10-02,1,Normal
ORD001615,SX00001615,18508,NJ01,Delivered,2026-10-01 23:14:38.127812,2026-10-02,1,Normal
ORD001616,SX00001616,16082,IL01,Delivered,2026-10-01 23:15:29.972997,2026-10-03,1,Normal
ORD001617,SX00001617,10634,IL01,Delivered,2026-10-01 23:16:21.818181,2026-10-03,1,Normal
ORD001619,SX00001619,12056,IL01,Delivered,2026-10-01 23:18:05.508550,2026-10-02,1,Normal
ORD001620,SX00001620,16917,CA01,Delivered,2026-10-01 23:18:57.353735,2026-10-04,1,Normal
ORD001621,SX00001621,13144,IL01,Delivered,2026-10-01 23:19:49.198919,2026-10-02,1,Normal
ORD001622,SX00001622,19631,NJ01,Delivered,2026-10-01 23:20:41.044104,2026-10-02,1,Normal
ORD001623,SX00001623,10552,IL01,Delivered,2026-10-01 23:21:32.889288,2026-10-02,1,Normal
ORD001624,SX00001624,18907,IL01,Delivered,2026-10-01 23:22:24.734473,2026-10-02,1,Normal
ORD001625,SX00001625,15383,TX01,Delivered,2026-10-01 23:23:16.579657,2026-10-02,1,Normal
ORD001626,SX00001626,13911,NJ01,Delivered,2026-10-01 23:24:08.424842,2026-10-02,1,Normal
ORD001628,SX00001628,13389,IL01,Delivered,2026-10-01 23:25:52.115211,2026-10-04,1,Normal
ORD001630,SX00001630,18442,TX01,Delivered,2026-10-01 23:27:35.805580,2026-10-04,1,Normal
ORD001631,SX00001631,12430,NJ01,Delivered,2026-10-01 23:28:27.650765,2026-10-03,1,Normal
ORD001632,SX00001632,10458,IL01,Delivered,2026-10-01 23:29:19.495949,2026-10-04,1,Normal
ORD001633,SX00001633,10207,NJ01,Delivered,2026-10-01 23:30:11.341134,2026-10-03,1,Normal
ORD001634,SX00001634,10899,TX01,Delivered,2026-10-01 23:31:03.186318,2026-10-02,1,Normal
ORD001636,SX00001636,18601,CA01,Delivered,2026-10-01 23:32:46.876687,2026-10-02,1,Normal
ORD001637,SX00001637,10894,IL01,Delivered,2026-10-01 23:33:38.721872,2026-10-04,1,Normal
ORD001638,SX00001638,10514,IL01,Delivered,2026-10-01 23:34:30.567056,2026-10-03,0,Missing Delivered Event
ORD001639,SX00001639,17294,IL01,Delivered,2026-10-01 23:35:22.412241,2026-10-03,1,Normal
ORD001640,SX00001640,14904,TX01,Delivered,2026-10-01 23:36:14.257425,2026-10-03,1,Normal
ORD001642,SX00001642,14109,NJ01,Delivered,2026-10-01 23:37:57.947794,2026-10-02,1,Normal
ORD001643,SX00001643,17179,IL01,Delivered,2026-10-01 23:38:49.792979,2026-10-04,1,Normal
ORD001644,SX00001644,11560,NJ01,Delivered,2026-10-01 23:39:41.638163,2026-10-04,1,Normal
ORD001645,SX00001645,11266,IL01,Delivered,2026-10-01 23:40:33.483348,2026-10-02,1,Normal
ORD001647,SX00001647,18941,NJ01,Delivered,2026-10-01 23:42:17.173717,2026-10-03,1,Normal
ORD001648,SX00001648,13427,IL01,Delivered,2026-10-01 23:43:09.018901,2026-10-03,1,Normal
ORD001650,SX00001650,11927,TX01,Delivered,2026-10-01 23:44:52.709270,2026-10-04,1,Normal
ORD001651,SX00001651,12356,IL01,Delivered,2026-10-01 23:45:44.554455,2026-10-03,1,Normal
ORD001652,SX00001652,14790,IL01,Delivered,2026-10-01 23:46:36.399639,2026-10-03,1,Normal
ORD001653,SX00001653,10306,IL01,Delivered,2026-10-01 23:47:28.244824,2026-10-02,1,Normal
ORD001654,SX00001654,17979,CA01,Delivered,2026-10-01 23:48:20.090009,2026-10-02,1,Normal
ORD001655,SX00001655,13665,TX01,Delivered,2026-10-01 23:49:11.935193,2026-10-04,1,Normal
ORD001657,SX00001657,10661,NJ01,Delivered,2026-10-01 23:50:55.625562,2026-10-04,1,Normal
ORD001658,SX00001658,14644,IL01,Delivered,2026-10-01 23:51:47.470747,2026-10-04,1,Normal
ORD001659,SX00001659,18503,NJ01,Delivered,2026-10-01 23:52:39.315931,2026-10-02,1,Normal
ORD001660,SX00001660,12920,TX01,Delivered,2026-10-01 23:53:31.161116,2026-10-02,1,Normal
ORD001661,SX00001661,19274,CA01,Delivered,2026-10-01 23:54:23.006300,2026-10-04,1,Normal
ORD001663,SX00001663,16236,CA01,Delivered,2026-10-01 23:56:06.696669,2026-10-04,1,Normal
ORD001664,SX00001664,16078,CA01,Delivered,2026-10-01 23:56:58.541854,2026-10-03,1,Normal
ORD001665,SX00001665,10352,CA01,Delivered,2026-10-01 23:57:50.387038,2026-10-03,1,Normal
ORD001667,SX00001667,17005,IL01,Delivered,2026-10-01 23:59:34.077407,2026-10-03,1,Normal
ORD001668,SX00001668,10158,IL01,Delivered,2026-10-02 00:00:25.922592,2026-10-04,1,Normal
ORD001669,SX00001669,10956,IL01,Delivered,2026-10-02 00:01:17.767776,2026-10-05,1,Normal
ORD001674,SX00001674,16675,IL01,Delivered,2026-10-02 00:05:36.993699,2026-10-04,1,Normal
ORD001675,SX00001675,10955,IL01,Delivered,2026-10-02 00:06:28.838883,2026-10-03,1,Normal
ORD001676,SX00001676,16295,TX01,Delivered,2026-10-02 00:07:20.684068,2026-10-03,1,Normal
ORD001677,SX00001677,11712,IL01,Delivered,2026-10-02 00:08:12.529252,2026-10-05,0,Missing Delivered Event
ORD001678,SX00001678,14703,IL01,Delivered,2026-10-02 00:09:04.374437,2026-10-04,0,Missing Delivered Event
ORD001680,SX00001680,19465,TX01,Delivered,2026-10-02 00:10:48.064806,2026-10-05,1,Normal
ORD001681,SX00001681,15631,NJ01,Delivered,2026-10-02 00:11:39.909990,2026-10-03,1,Normal
ORD001683,SX00001683,19989,TX01,Delivered,2026-10-02 00:13:23.600360,2026-10-04,1,Normal
ORD001684,SX00001684,11394,TX01,Delivered,2026-10-02 00:14:15.445544,2026-10-05,1,Normal
ORD001685,SX00001685,19461,TX01,Delivered,2026-10-02 00:15:07.290729,2026-10-03,1,Normal
ORD001686,SX00001686,14732,IL01,Delivered,2026-10-02 00:15:59.135913,2026-10-03,1,Normal
ORD001688,SX00001688,10529,IL01,Delivered,2026-10-02 00:17:42.826282,2026-10-04,1,Normal
ORD001690,SX00001690,17904,CA01,Delivered,2026-10-02 00:19:26.516651,2026-10-04,1,Normal
ORD001691,SX00001691,13591,NJ01,Delivered,2026-10-02 00:20:18.361836,2026-10-03,1,Normal
ORD001692,SX00001692,16895,TX01,Delivered,2026-10-02 00:21:10.207020,2026-10-04,1,Normal
ORD001693,SX00001693,19131,TX01,Delivered,2026-10-02 00:22:02.052205,2026-10-03,1,Normal
ORD001694,SX00001694,10525,CA01,Delivered,2026-10-02 00:22:53.897389,2026-10-04,1,Normal
ORD001695,SX00001695,16477,CA01,Delivered,2026-10-02 00:23:45.742574,2026-10-04,1,Normal
ORD001696,SX00001696,10001,NJ01,Delivered,2026-10-02 00:24:37.587758,2026-10-05,1,Normal
ORD001697,SX00001697,10374,IL01,Delivered,2026-10-02 00:25:29.432943,2026-10-05,1,Normal
ORD001698,SX00001698,14648,IL01,Delivered,2026-10-02 00:26:21.278127,2026-10-03,1,Normal
ORD001699,SX00001699,12365,NJ01,Delivered,2026-10-02 00:27:13.123312,2026-10-05,1,Normal
ORD001700,SX00001700,11525,IL01,Delivered,2026-10-02 00:28:04.968496,2026-10-05,1,Normal
ORD001701,SX00001701,11646,NJ01,Delivered,2026-10-02 00:28:56.813681,2026-10-04,1,Normal
ORD001706,SX00001706,18321,IL01,Delivered,2026-10-02 00:33:16.039603,2026-10-05,1,Normal
ORD001707,SX00001707,13814,IL01,Delivered,2026-10-02 00:34:07.884788,2026-10-03,0,Missing Delivered Event
ORD001709,SX00001709,18219,TX01,Delivered,2026-10-02 00:35:51.575157,2026-10-04,1,Normal
ORD001710,SX00001710,12113,IL01,Delivered,2026-10-02 00:36:43.420342,2026-10-05,1,Normal
ORD001712,SX00001712,14356,NJ01,Delivered,2026-10-02 00:38:27.110711,2026-10-03,1,Normal
ORD001713,SX00001713,15543,IL01,Delivered,2026-10-02 00:39:18.955895,2026-10-04,1,Normal
ORD001714,SX00001714,14555,IL01,Delivered,2026-10-02 00:40:10.801080,2026-10-04,1,Normal
ORD001715,SX00001715,17062,NJ01,Delivered,2026-10-02 00:41:02.646264,2026-10-05,1,Normal
ORD001717,SX00001717,16430,TX01,Delivered,2026-10-02 00:42:46.336633,2026-10-04,1,Normal
ORD001720,SX00001720,10629,TX01,Delivered,2026-10-02 00:45:21.872187,2026-10-05,1,Normal
ORD001721,SX00001721,10269,NJ01,Delivered,2026-10-02 00:46:13.717371,2026-10-04,1,Normal
ORD001722,SX00001722,15724,CA01,Delivered,2026-10-02 00:47:05.562556,2026-10-04,1,Normal
ORD001724,SX00001724,13432,TX01,Delivered,2026-10-02 00:48:49.252925,2026-10-05,1,Normal
ORD001726,SX00001726,16276,IL01,Delivered,2026-10-02 00:50:32.943294,2026-10-03,1,Normal
ORD001727,SX00001727,15895,IL01,Delivered,2026-10-02 00:51:24.788478,2026-10-05,1,Normal
ORD001729,SX00001729,16656,IL01,Delivered,2026-10-02 00:53:08.478847,2026-10-03,1,Normal
ORD001730,SX00001730,10575,IL01,Delivered,2026-10-02 00:54:00.324032,2026-10-04,2,Duplicate Delivered Event
ORD001731,SX00001731,17029,CA01,Delivered,2026-10-02 00:54:52.169216,2026-10-04,1,Normal
ORD001735,SX00001735,13178,CA01,Delivered,2026-10-02 00:58:19.549954,2026-10-03,1,Normal
ORD001736,SX00001736,16052,NJ01,Delivered,2026-10-02 00:59:11.395139,2026-10-04,1,Normal
ORD001737,SX00001737,12734,IL01,Delivered,2026-10-02 01:00:03.240324,2026-10-04,1,Normal
ORD001738,SX00001738,16116,CA01,Delivered,2026-10-02 01:00:55.085508,2026-10-05,1,Normal
ORD001739,SX00001739,13568,TX01,Delivered,2026-10-02 01:01:46.930693,2026-10-04,1,Normal
ORD001740,SX00001740,19847,NJ01,Delivered,2026-10-02 01:02:38.775877,2026-10-05,1,Normal
ORD001741,SX00001741,19771,NJ01,Delivered,2026-10-02 01:03:30.621062,2026-10-04,1,Normal
ORD001745,SX00001745,11925,CA01,Delivered,2026-10-02 01:06:58.001800,2026-10-03,1,Normal
ORD001746,SX00001746,10619,CA01,Delivered,2026-10-02 01:07:49.846984,2026-10-04,1,Normal
ORD001747,SX00001747,11274,NJ01,Delivered,2026-10-02 01:08:41.692169,2026-10-03,1,Normal
ORD001748,SX00001748,10956,NJ01,Delivered,2026-10-02 01:09:33.537353,2026-10-04,1,Normal
ORD001749,SX00001749,11939,IL01,Delivered,2026-10-02 01:10:25.382538,2026-10-04,1,Normal
ORD001751,SX00001751,10968,IL01,Delivered,2026-10-02 01:12:09.072907,2026-10-04,1,Normal
ORD001752,SX00001752,19508,TX01,Delivered,2026-10-02 01:13:00.918091,2026-10-05,1,Normal
ORD001753,SX00001753,19235,NJ01,Delivered,2026-10-02 01:13:52.763276,2026-10-05,1,Normal
ORD001754,SX00001754,10281,IL01,Delivered,2026-10-02 01:14:44.608460,2026-10-04,1,Normal
ORD001755,SX00001755,16262,IL01,Delivered,2026-10-02 01:15:36.453645,2026-10-05,2,Duplicate Delivered Event
ORD001756,SX00001756,11058,CA01,Delivered,2026-10-02 01:16:28.298829,2026-10-05,1,Normal
ORD001757,SX00001757,14293,IL01,Delivered,2026-10-02 01:17:20.144014,2026-10-05,1,Normal
ORD001758,SX00001758,15178,CA01,Delivered,2026-10-02 01:18:11.989198,2026-10-05,1,Normal
ORD001759,SX00001759,16980,IL01,Delivered,2026-10-02 01:19:03.834383,2026-10-03,1,Normal
ORD001760,SX00001760,19200,NJ01,Delivered,2026-10-02 01:19:55.679567,2026-10-03,1,Normal
ORD001761,SX00001761,11229,IL01,Delivered,2026-10-02 01:20:47.524752,2026-10-03,1,Normal
ORD001762,SX00001762,19227,NJ01,Delivered,2026-10-02 01:21:39.369936,2026-10-05,1,Normal
ORD001764,SX00001764,18467,IL01,Delivered,2026-10-02 01:23:23.060306,2026-10-03,1,Normal
ORD001765,SX00001765,12740,NJ01,Delivered,2026-10-02 01:24:14.905490,2026-10-05,1,Normal
ORD001767,SX00001767,11239,TX01,Delivered,2026-10-02 01:25:58.595859,2026-10-03,1,Normal
ORD001770,SX00001770,17473,NJ01,Delivered,2026-10-02 01:28:34.131413,2026-10-03,1,Normal
ORD001772,SX00001772,15342,CA01,Delivered,2026-10-02 01:30:17.821782,2026-10-03,1,Normal
ORD001773,SX00001773,17351,CA01,Delivered,2026-10-02 01:31:09.666966,2026-10-03,1,Normal
ORD001776,SX00001776,13249,NJ01,Delivered,2026-10-02 01:33:45.202520,2026-10-03,1,Normal
ORD001777,SX00001777,19110,IL01,Delivered,2026-10-02 01:34:37.047704,2026-10-04,1,Normal
ORD001778,SX00001778,17595,TX01,Delivered,2026-10-02 01:35:28.892889,2026-10-05,1,Normal
ORD001779,SX00001779,16294,TX01,Delivered,2026-10-02 01:36:20.738073,2026-10-04,1,Normal
ORD001780,SX00001780,16527,IL01,Delivered,2026-10-02 01:37:12.583258,2026-10-03,1,Normal
ORD001782,SX00001782,11969,TX01,Delivered,2026-10-02 01:38:56.273627,2026-10-05,1,Normal
ORD001783,SX00001783,10891,IL01,Delivered,2026-10-02 01:39:48.118811,2026-10-03,1,Normal
ORD001784,SX00001784,14470,IL01,Delivered,2026-10-02 01:40:39.963996,2026-10-04,0,Missing Delivered Event
ORD001785,SX00001785,17175,NJ01,Delivered,2026-10-02 01:41:31.809180,2026-10-05,1,Normal
ORD001786,SX00001786,19556,IL01,Delivered,2026-10-02 01:42:23.654365,2026-10-05,1,Normal
ORD001787,SX00001787,18320,CA01,Delivered,2026-10-02 01:43:15.499549,2026-10-03,1,Normal
ORD001789,SX00001789,19991,NJ01,Delivered,2026-10-02 01:44:59.189918,2026-10-03,1,Normal
ORD001790,SX00001790,16812,CA01,Delivered,2026-10-02 01:45:51.035103,2026-10-03,1,Normal
ORD001792,SX00001792,14612,IL01,Delivered,2026-10-02 01:47:34.725472,2026-10-05,1,Normal
ORD001793,SX00001793,19710,TX01,Delivered,2026-10-02 01:48:26.570657,2026-10-03,1,Normal
ORD001795,SX00001795,15238,IL01,Delivered,2026-10-02 01:50:10.261026,2026-10-03,1,Normal
ORD001796,SX00001796,16089,TX01,Delivered,2026-10-02 01:51:02.106210,2026-10-04,1,Normal
ORD001799,SX00001799,13719,CA01,Delivered,2026-10-02 01:53:37.641764,2026-10-03,1,Normal
ORD001800,SX00001800,10302,TX01,Delivered,2026-10-02 01:54:29.486948,2026-10-05,1,Normal
ORD001801,SX00001801,10986,TX01,Delivered,2026-10-02 01:55:21.332133,2026-10-04,1,Normal
ORD001802,SX00001802,14440,CA01,Delivered,2026-10-02 01:56:13.177317,2026-10-05,1,Normal
ORD001803,SX00001803,14909,IL01,Delivered,2026-10-02 01:57:05.022502,2026-10-03,1,Normal
ORD001805,SX00001805,13124,TX01,Delivered,2026-10-02 01:58:48.712871,2026-10-04,1,Normal
ORD001806,SX00001806,19519,NJ01,Delivered,2026-10-02 01:59:40.558055,2026-10-04,1,Normal
ORD001807,SX00001807,18125,IL01,Delivered,2026-10-02 02:00:32.403240,2026-10-05,1,Normal
ORD001809,SX00001809,14033,IL01,Delivered,2026-10-02 02:02:16.093609,2026-10-03,1,Normal
ORD001810,SX00001810,15105,NJ01,Delivered,2026-10-02 02:03:07.938793,2026-10-03,1,Normal
ORD001812,SX00001812,18133,CA01,Delivered,2026-10-02 02:04:51.629162,2026-10-05,1,Normal
ORD001813,SX00001813,10574,TX01,Delivered,2026-10-02 02:05:43.474347,2026-10-04,1,Normal
ORD001814,SX00001814,15704,TX01,Delivered,2026-10-02 02:06:35.319531,2026-10-04,1,Normal
ORD001817,SX00001817,16924,IL01,Delivered,2026-10-02 02:09:10.855085,2026-10-04,1,Normal
ORD001818,SX00001818,13828,NJ01,Delivered,2026-10-02 02:10:02.700270,2026-10-05,1,Normal
ORD001819,SX00001819,13230,IL01,Delivered,2026-10-02 02:10:54.545454,2026-10-04,1,Normal
ORD001820,SX00001820,10488,NJ01,Delivered,2026-10-02 02:11:46.390639,2026-10-05,1,Normal
ORD001822,SX00001822,19539,NJ01,Delivered,2026-10-02 02:13:30.081008,2026-10-04,1,Normal
ORD001824,SX00001824,11667,NJ01,Delivered,2026-10-02 02:15:13.771377,2026-10-04,1,Normal
ORD001827,SX00001827,13553,TX01,Delivered,2026-10-02 02:17:49.306930,2026-10-05,1,Normal
ORD001828,SX00001828,17761,IL01,Delivered,2026-10-02 02:18:41.152115,2026-10-03,1,Normal
ORD001829,SX00001829,11000,IL01,Delivered,2026-10-02 02:19:32.997299,2026-10-04,1,Normal
ORD001831,SX00001831,11388,CA01,Delivered,2026-10-02 02:21:16.687668,2026-10-04,1,Normal
ORD001833,SX00001833,13712,CA01,Delivered,2026-10-02 02:23:00.378037,2026-10-03,1,Normal
ORD001834,SX00001834,11367,TX01,Delivered,2026-10-02 02:23:52.223222,2026-10-05,1,Normal
ORD001835,SX00001835,18189,IL01,Delivered,2026-10-02 02:24:44.068406,2026-10-04,1,Normal
ORD001837,SX00001837,10454,NJ01,Delivered,2026-10-02 02:26:27.758775,2026-10-04,1,Normal
ORD001838,SX00001838,19816,IL01,Delivered,2026-10-02 02:27:19.603960,2026-10-03,0,Missing Delivered Event
ORD001842,SX00001842,14806,CA01,Delivered,2026-10-02 02:30:46.984698,2026-10-05,1,Normal
ORD001843,SX00001843,12190,TX01,Delivered,2026-10-02 02:31:38.829882,2026-10-05,1,Normal
ORD001844,SX00001844,19108,CA01,Delivered,2026-10-02 02:32:30.675067,2026-10-03,1,Normal
ORD001846,SX00001846,15592,CA01,Delivered,2026-10-02 02:34:14.365436,2026-10-04,1,Normal
ORD001847,SX00001847,11440,IL01,Delivered,2026-10-02 02:35:06.210621,2026-10-03,1,Normal
ORD001849,SX00001849,16059,TX01,Delivered,2026-10-02 02:36:49.900990,2026-10-05,1,Normal
ORD001850,SX00001850,17010,TX01,Delivered,2026-10-02 02:37:41.746174,2026-10-03,1,Normal
ORD001851,SX00001851,17117,NJ01,Delivered,2026-10-02 02:38:33.591359,2026-10-03,1,Normal
ORD001852,SX00001852,19153,NJ01,Delivered,2026-10-02 02:39:25.436543,2026-10-05,1,Normal
ORD001853,SX00001853,12989,IL01,Delivered,2026-10-02 02:40:17.281728,2026-10-05,1,Normal
ORD001856,SX00001856,16471,NJ01,Delivered,2026-10-02 02:42:52.817281,2026-10-04,1,Normal
ORD001857,SX00001857,12863,NJ01,Delivered,2026-10-02 02:43:44.662466,2026-10-03,1,Normal
ORD001858,SX00001858,11177,CA01,Delivered,2026-10-02 02:44:36.507650,2026-10-05,1,Normal
ORD001860,SX00001860,10011,TX01,Delivered,2026-10-02 02:46:20.198019,2026-10-05,1,Normal
ORD001863,SX00001863,18234,IL01,Delivered,2026-10-02 02:48:55.733573,2026-10-05,1,Normal
ORD001864,SX00001864,19135,IL01,Delivered,2026-10-02 02:49:47.578757,2026-10-05,1,Normal
ORD001865,SX00001865,15445,TX01,Delivered,2026-10-02 02:50:39.423942,2026-10-04,1,Normal
ORD001866,SX00001866,16570,IL01,Delivered,2026-10-02 02:51:31.269126,2026-10-03,1,Normal
ORD001867,SX00001867,19196,NJ01,Delivered,2026-10-02 02:52:23.114311,2026-10-05,1,Normal
ORD001868,SX00001868,18212,IL01,Delivered,2026-10-02 02:53:14.959495,2026-10-04,1,Normal
ORD001869,SX00001869,10406,IL01,Delivered,2026-10-02 02:54:06.804680,2026-10-04,1,Normal
ORD001870,SX00001870,19206,NJ01,Delivered,2026-10-02 02:54:58.649864,2026-10-05,1,Normal
ORD001871,SX00001871,14431,CA01,Delivered,2026-10-02 02:55:50.495049,2026-10-05,1,Normal
ORD001872,SX00001872,15243,NJ01,Delivered,2026-10-02 02:56:42.340234,2026-10-04,1,Normal
ORD001873,SX00001873,16542,CA01,Delivered,2026-10-02 02:57:34.185418,2026-10-05,1,Normal
ORD001876,SX00001876,14146,IL01,Delivered,2026-10-02 03:00:09.720972,2026-10-04,1,Normal
ORD001877,SX00001877,10140,TX01,Delivered,2026-10-02 03:01:01.566156,2026-10-05,1,Normal
ORD001878,SX00001878,14882,CA01,Delivered,2026-10-02 03:01:53.411341,2026-10-04,1,Normal
ORD001879,SX00001879,16012,NJ01,Delivered,2026-10-02 03:02:45.256525,2026-10-03,1,Normal
ORD001880,SX00001880,10963,CA01,Delivered,2026-10-02 03:03:37.101710,2026-10-05,1,Normal
ORD001882,SX00001882,18564,IL01,Delivered,2026-10-02 03:05:20.792079,2026-10-04,1,Normal
ORD001883,SX00001883,13610,NJ01,Delivered,2026-10-02 03:06:12.637263,2026-10-05,1,Normal
ORD001885,SX00001885,16894,IL01,Delivered,2026-10-02 03:07:56.327632,2026-10-03,1,Normal
ORD001886,SX00001886,17311,IL01,Delivered,2026-10-02 03:08:48.172817,2026-10-04,1,Normal
ORD001888,SX00001888,15539,NJ01,Delivered,2026-10-02 03:10:31.863186,2026-10-05,1,Normal
ORD001889,SX00001889,19873,CA01,Delivered,2026-10-02 03:11:23.708370,2026-10-04,1,Normal
ORD001894,SX00001894,11286,IL01,Delivered,2026-10-02 03:15:42.934293,2026-10-04,1,Normal
ORD001899,SX00001899,18105,NJ01,Delivered,2026-10-02 03:20:02.160216,2026-10-05,1,Normal
ORD001901,SX00001901,16441,IL01,Delivered,2026-10-02 03:21:45.850585,2026-10-03,1,Normal
ORD001902,SX00001902,15047,NJ01,Delivered,2026-10-02 03:22:37.695769,2026-10-03,1,Normal
ORD001903,SX00001903,18227,TX01,Delivered,2026-10-02 03:23:29.540954,2026-10-05,1,Normal
ORD001905,SX00001905,19667,IL01,Delivered,2026-10-02 03:25:13.231323,2026-10-04,1,Normal
ORD001907,SX00001907,19600,TX01,Delivered,2026-10-02 03:26:56.921692,2026-10-04,1,Normal
ORD001908,SX00001908,15291,CA01,Delivered,2026-10-02 03:27:48.766876,2026-10-03,1,Normal
ORD001909,SX00001909,15495,TX01,Delivered,2026-10-02 03:28:40.612061,2026-10-04,1,Normal
ORD001910,SX00001910,19900,CA01,Delivered,2026-10-02 03:29:32.457245,2026-10-04,1,Normal
ORD001912,SX00001912,17285,IL01,Delivered,2026-10-02 03:31:16.147614,2026-10-04,1,Normal
ORD001913,SX00001913,11300,IL01,Delivered,2026-10-02 03:32:07.992799,2026-10-04,1,Normal
ORD001914,SX00001914,16869,IL01,Delivered,2026-10-02 03:32:59.837983,2026-10-04,1,Normal
ORD001915,SX00001915,19435,NJ01,Delivered,2026-10-02 03:33:51.683168,2026-10-04,1,Normal
ORD001916,SX00001916,13097,NJ01,Delivered,2026-10-02 03:34:43.528352,2026-10-03,1,Normal
ORD001917,SX00001917,14616,NJ01,Delivered,2026-10-02 03:35:35.373537,2026-10-05,1,Normal
ORD001918,SX00001918,10009,IL01,Delivered,2026-10-02 03:36:27.218721,2026-10-03,1,Normal
ORD001919,SX00001919,15752,CA01,Delivered,2026-10-02 03:37:19.063906,2026-10-05,1,Normal
ORD001920,SX00001920,19852,IL01,Delivered,2026-10-02 03:38:10.909090,2026-10-05,1,Normal
ORD001923,SX00001923,11072,TX01,Delivered,2026-10-02 03:40:46.444644,2026-10-03,1,Normal
ORD001924,SX00001924,13225,NJ01,Delivered,2026-10-02 03:41:38.289828,2026-10-05,1,Normal
ORD001925,SX00001925,11316,IL01,Delivered,2026-10-02 03:42:30.135013,2026-10-04,1,Normal
ORD001926,SX00001926,15699,NJ01,Delivered,2026-10-02 03:43:21.980198,2026-10-04,1,Normal
ORD001927,SX00001927,16807,IL01,Delivered,2026-10-02 03:44:13.825382,2026-10-05,1,Normal
ORD001928,SX00001928,16674,IL01,Delivered,2026-10-02 03:45:05.670567,2026-10-04,1,Normal
ORD001929,SX00001929,13683,TX01,Delivered,2026-10-02 03:45:57.515751,2026-10-04,1,Normal
ORD001932,SX00001932,17000,NJ01,Delivered,2026-10-02 03:48:33.051305,2026-10-05,1,Normal
ORD001933,SX00001933,10145,CA01,Delivered,2026-10-02 03:49:24.896489,2026-10-03,1,Normal
ORD001934,SX00001934,15010,CA01,Delivered,2026-10-02 03:50:16.741674,2026-10-05,1,Normal
ORD001935,SX00001935,13040,NJ01,Delivered,2026-10-02 03:51:08.586858,2026-10-05,1,Normal
ORD001936,SX00001936,19654,IL01,Delivered,2026-10-02 03:52:00.432043,2026-10-03,1,Normal
ORD001939,SX00001939,13179,NJ01,Delivered,2026-10-02 03:54:35.967596,2026-10-04,1,Normal
ORD001941,SX00001941,10630,NJ01,Delivered,2026-10-02 03:56:19.657965,2026-10-05,1,Normal
ORD001942,SX00001942,18853,NJ01,Delivered,2026-10-02 03:57:11.503150,2026-10-03,1,Normal
ORD001943,SX00001943,12852,IL01,Delivered,2026-10-02 03:58:03.348334,2026-10-05,1,Normal
ORD001944,SX00001944,10987,NJ01,Delivered,2026-10-02 03:58:55.193519,2026-10-04,1,Normal
ORD001947,SX00001947,19738,TX01,Delivered,2026-10-02 04:01:30.729072,2026-10-03,1,Normal
ORD001950,SX00001950,11100,NJ01,Delivered,2026-10-02 04:04:06.264626,2026-10-04,1,Normal
ORD001951,SX00001951,16652,IL01,Delivered,2026-10-02 04:04:58.109810,2026-10-05,0,Missing Delivered Event
ORD001954,SX00001954,15016,IL01,Delivered,2026-10-02 04:07:33.645364,2026-10-04,1,Normal
ORD001955,SX00001955,10769,TX01,Delivered,2026-10-02 04:08:25.490549,2026-10-05,1,Normal
ORD001956,SX00001956,11343,TX01,Delivered,2026-10-02 04:09:17.335733,2026-10-04,1,Normal
ORD001959,SX00001959,16780,IL01,Delivered,2026-10-02 04:11:52.871287,2026-10-04,1,Normal
ORD001960,SX00001960,16602,CA01,Delivered,2026-10-02 04:12:44.716471,2026-10-04,1,Normal
ORD001962,SX00001962,15699,NJ01,Delivered,2026-10-02 04:14:28.406840,2026-10-04,1,Normal
ORD001964,SX00001964,11125,CA01,Delivered,2026-10-02 04:16:12.097209,2026-10-05,1,Normal
ORD001965,SX00001965,19382,IL01,Delivered,2026-10-02 04:17:03.942394,2026-10-05,1,Normal
ORD001966,SX00001966,16764,TX01,Delivered,2026-10-02 04:17:55.787578,2026-10-04,1,Normal
ORD001967,SX00001967,15101,IL01,Delivered,2026-10-02 04:18:47.632763,2026-10-03,1,Normal
ORD001971,SX00001971,15189,IL01,Delivered,2026-10-02 04:22:15.013501,2026-10-05,1,Normal
ORD001972,SX00001972,12472,NJ01,Delivered,2026-10-02 04:23:06.858685,2026-10-03,1,Normal
ORD001973,SX00001973,10707,IL01,Delivered,2026-10-02 04:23:58.703870,2026-10-03,1,Normal
ORD001975,SX00001975,16704,NJ01,Delivered,2026-10-02 04:25:42.394239,2026-10-04,1,Normal
ORD001978,SX00001978,12475,IL01,Delivered,2026-10-02 04:28:17.929792,2026-10-04,1,Normal
ORD001982,SX00001982,11735,CA01,Delivered,2026-10-02 04:31:45.310531,2026-10-03,1,Normal
ORD001984,SX00001984,18258,IL01,Delivered,2026-10-02 04:33:29.000900,2026-10-03,1,Normal
ORD001985,SX00001985,17979,CA01,Delivered,2026-10-02 04:34:20.846084,2026-10-03,1,Normal
ORD001986,SX00001986,12428,CA01,Delivered,2026-10-02 04:35:12.691269,2026-10-05,1,Normal
ORD001987,SX00001987,17426,CA01,Delivered,2026-10-02 04:36:04.536453,2026-10-05,1,Normal
ORD001989,SX00001989,15249,NJ01,Delivered,2026-10-02 04:37:48.226822,2026-10-05,1,Normal
ORD001990,SX00001990,15291,IL01,Delivered,2026-10-02 04:38:40.072007,2026-10-04,1,Normal
ORD001991,SX00001991,12817,NJ01,Delivered,2026-10-02 04:39:31.917191,2026-10-03,1,Normal
ORD001994,SX00001994,19686,NJ01,Delivered,2026-10-02 04:42:07.452745,2026-10-05,1,Normal
ORD001996,SX00001996,10661,IL01,Delivered,2026-10-02 04:43:51.143114,2026-10-03,1,Normal
ORD001997,SX00001997,13374,NJ01,Delivered,2026-10-02 04:44:42.988298,2026-10-03,1,Normal
ORD002001,SX00002001,12493,TX01,Delivered,2026-10-02 04:48:10.369036,2026-10-04,1,Normal
ORD002002,SX00002002,16813,NJ01,Delivered,2026-10-02 04:49:02.214221,2026-10-05,1,Normal
ORD002003,SX00002003,10632,NJ01,Delivered,2026-10-02 04:49:54.059405,2026-10-03,1,Normal
ORD002004,SX00002004,13083,IL01,Delivered,2026-10-02 04:50:45.904590,2026-10-03,0,Missing Delivered Event
ORD002005,SX00002005,13719,TX01,Delivered,2026-10-02 04:51:37.749774,2026-10-04,1,Normal
ORD002006,SX00002006,17123,NJ01,Delivered,2026-10-02 04:52:29.594959,2026-10-03,1,Normal
ORD002007,SX00002007,11679,NJ01,Delivered,2026-10-02 04:53:21.440144,2026-10-05,1,Normal
ORD002008,SX00002008,10236,CA01,Delivered,2026-10-02 04:54:13.285328,2026-10-05,1,Normal
ORD002009,SX00002009,17446,NJ01,Delivered,2026-10-02 04:55:05.130513,2026-10-05,1,Normal
ORD002011,SX00002011,16770,IL01,Delivered,2026-10-02 04:56:48.820882,2026-10-03,1,Normal
ORD002013,SX00002013,16099,NJ01,Delivered,2026-10-02 04:58:32.511251,2026-10-04,1,Normal
ORD002014,SX00002014,18555,CA01,Delivered,2026-10-02 04:59:24.356435,2026-10-05,1,Normal
ORD002015,SX00002015,12368,NJ01,Delivered,2026-10-02 05:00:16.201620,2026-10-03,1,Normal
ORD002016,SX00002016,10285,TX01,Delivered,2026-10-02 05:01:08.046804,2026-10-03,1,Normal
ORD002017,SX00002017,10148,NJ01,Delivered,2026-10-02 05:01:59.891989,2026-10-05,1,Normal
ORD002019,SX00002019,16549,NJ01,Delivered,2026-10-02 05:03:43.582358,2026-10-04,1,Normal
ORD002020,SX00002020,17121,NJ01,Delivered,2026-10-02 05:04:35.427542,2026-10-04,1,Normal
ORD002021,SX00002021,19958,NJ01,Delivered,2026-10-02 05:05:27.272727,2026-10-05,1,Normal
ORD002023,SX00002023,15280,CA01,Delivered,2026-10-02 05:07:10.963096,2026-10-04,1,Normal
ORD002025,SX00002025,19715,IL01,Delivered,2026-10-02 05:08:54.653465,2026-10-03,1,Normal
ORD002026,SX00002026,12785,IL01,Delivered,2026-10-02 05:09:46.498649,2026-10-05,0,Missing Delivered Event
ORD002027,SX00002027,13725,IL01,Delivered,2026-10-02 05:10:38.343834,2026-10-03,1,Normal
ORD002030,SX00002030,16257,IL01,Delivered,2026-10-02 05:13:13.879387,2026-10-03,1,Normal
ORD002031,SX00002031,19793,NJ01,Delivered,2026-10-02 05:14:05.724572,2026-10-05,1,Normal
ORD002032,SX00002032,12408,TX01,Delivered,2026-10-02 05:14:57.569756,2026-10-03,1,Normal
ORD002033,SX00002033,10340,IL01,Delivered,2026-10-02 05:15:49.414941,2026-10-04,1,Normal
ORD002034,SX00002034,12817,NJ01,Delivered,2026-10-02 05:16:41.260126,2026-10-05,1,Normal
ORD002037,SX00002037,15299,TX01,Delivered,2026-10-02 05:19:16.795679,2026-10-05,1,Normal
ORD002040,SX00002040,11689,NJ01,Delivered,2026-10-02 05:21:52.331233,2026-10-05,1,Normal
ORD002041,SX00002041,13267,IL01,Delivered,2026-10-02 05:22:44.176417,2026-10-04,1,Normal
ORD002043,SX00002043,18453,NJ01,Delivered,2026-10-02 05:24:27.866786,2026-10-05,1,Normal
ORD002044,SX00002044,11442,CA01,Delivered,2026-10-02 05:25:19.711971,2026-10-03,1,Normal
ORD002046,SX00002046,14437,NJ01,Delivered,2026-10-02 05:27:03.402340,2026-10-05,1,Normal
ORD002048,SX00002048,18435,NJ01,Delivered,2026-10-02 05:28:47.092709,2026-10-03,1,Normal
ORD002049,SX00002049,14107,NJ01,Delivered,2026-10-02 05:29:38.937893,2026-10-04,1,Normal
ORD002050,SX00002050,10560,CA01,Delivered,2026-10-02 05:30:30.783078,2026-10-03,1,Normal
ORD002051,SX00002051,18785,TX01,Delivered,2026-10-02 05:31:22.628262,2026-10-03,1,Normal
ORD002052,SX00002052,15548,CA01,Delivered,2026-10-02 05:32:14.473447,2026-10-03,1,Normal
ORD002053,SX00002053,11826,CA01,Delivered,2026-10-02 05:33:06.318631,2026-10-03,1,Normal
ORD002055,SX00002055,18325,TX01,Delivered,2026-10-02 05:34:50.009000,2026-10-04,1,Normal
ORD002056,SX00002056,13138,NJ01,Delivered,2026-10-02 05:35:41.854185,2026-10-03,1,Normal
ORD002057,SX00002057,17693,IL01,Delivered,2026-10-02 05:36:33.699369,2026-10-04,1,Normal
ORD002058,SX00002058,18264,TX01,Delivered,2026-10-02 05:37:25.544554,2026-10-05,1,Normal
ORD002059,SX00002059,17842,IL01,Delivered,2026-10-02 05:38:17.389738,2026-10-05,1,Normal
ORD002060,SX00002060,16721,IL01,Delivered,2026-10-02 05:39:09.234923,2026-10-04,1,Normal
ORD002062,SX00002062,14225,CA01,Delivered,2026-10-02 05:40:52.925292,2026-10-04,1,Normal
ORD002064,SX00002064,17373,NJ01,Delivered,2026-10-02 05:42:36.615661,2026-10-05,1,Normal
ORD002065,SX00002065,15907,NJ01,Delivered,2026-10-02 05:43:28.460846,2026-10-05,1,Normal
ORD002066,SX00002066,16097,TX01,Delivered,2026-10-02 05:44:20.306030,2026-10-04,1,Normal
ORD002068,SX00002068,18984,NJ01,Delivered,2026-10-02 05:46:03.996399,2026-10-03,1,Normal
ORD002069,SX00002069,14259,IL01,Delivered,2026-10-02 05:46:55.841584,2026-10-05,0,Missing Delivered Event
ORD002070,SX00002070,18286,IL01,Delivered,2026-10-02 05:47:47.686768,2026-10-05,1,Normal
ORD002073,SX00002073,14917,NJ01,Delivered,2026-10-02 05:50:23.222322,2026-10-03,1,Normal
ORD002074,SX00002074,18429,CA01,Delivered,2026-10-02 05:51:15.067506,2026-10-03,1,Normal
ORD002077,SX00002077,17045,NJ01,Delivered,2026-10-02 05:53:50.603060,2026-10-04,1,Normal
ORD002079,SX00002079,15772,IL01,Delivered,2026-10-02 05:55:34.293429,2026-10-05,1,Normal
ORD002080,SX00002080,12529,IL01,Delivered,2026-10-02 05:56:26.138613,2026-10-03,1,Normal
ORD002081,SX00002081,12964,NJ01,Delivered,2026-10-02 05:57:17.983798,2026-10-05,1,Normal
ORD002082,SX00002082,17137,IL01,Delivered,2026-10-02 05:58:09.828982,2026-10-05,1,Normal
ORD002083,SX00002083,10963,TX01,Delivered,2026-10-02 05:59:01.674167,2026-10-04,1,Normal
ORD002084,SX00002084,10536,NJ01,Delivered,2026-10-02 05:59:53.519351,2026-10-03,1,Normal
ORD002085,SX00002085,17340,IL01,Delivered,2026-10-02 06:00:45.364536,2026-10-03,1,Normal
ORD002086,SX00002086,17179,TX01,Delivered,2026-10-02 06:01:37.209720,2026-10-05,1,Normal
ORD002087,SX00002087,17967,IL01,Delivered,2026-10-02 06:02:29.054905,2026-10-05,1,Normal
ORD002088,SX00002088,18734,TX01,Delivered,2026-10-02 06:03:20.900090,2026-10-04,1,Normal
ORD002090,SX00002090,15777,IL01,Delivered,2026-10-02 06:05:04.590459,2026-10-03,0,Missing Delivered Event
ORD002091,SX00002091,13036,CA01,Delivered,2026-10-02 06:05:56.435643,2026-10-04,1,Normal
ORD002092,SX00002092,15947,TX01,Delivered,2026-10-02 06:06:48.280828,2026-10-03,1,Normal
ORD002094,SX00002094,12719,TX01,Delivered,2026-10-02 06:08:31.971197,2026-10-03,1,Normal
ORD002095,SX00002095,11884,IL01,Delivered,2026-10-02 06:09:23.816381,2026-10-05,1,Normal
ORD002097,SX00002097,15179,IL01,Delivered,2026-10-02 06:11:07.506750,2026-10-03,1,Normal
ORD002098,SX00002098,16610,IL01,Delivered,2026-10-02 06:11:59.351935,2026-10-04,1,Normal
ORD002099,SX00002099,16430,IL01,Delivered,2026-10-02 06:12:51.197119,2026-10-03,1,Normal
ORD002101,SX00002101,16488,NJ01,Delivered,2026-10-02 06:14:34.887488,2026-10-04,1,Normal
ORD002103,SX00002103,16525,CA01,Delivered,2026-10-02 06:16:18.577857,2026-10-03,1,Normal
ORD002105,SX00002105,10689,CA01,Delivered,2026-10-02 06:18:02.268226,2026-10-05,1,Normal
ORD002106,SX00002106,15175,CA01,Delivered,2026-10-02 06:18:54.113411,2026-10-03,1,Normal
ORD002107,SX00002107,18648,IL01,Delivered,2026-10-02 06:19:45.958595,2026-10-05,1,Normal
ORD002108,SX00002108,15078,IL01,Delivered,2026-10-02 06:20:37.803780,2026-10-03,1,Normal
ORD002109,SX00002109,15448,TX01,Delivered,2026-10-02 06:21:29.648964,2026-10-03,1,Normal
ORD002111,SX00002111,19074,TX01,Delivered,2026-10-02 06:23:13.339333,2026-10-04,1,Normal
ORD002112,SX00002112,16406,TX01,Delivered,2026-10-02 06:24:05.184518,2026-10-04,1,Normal
ORD002113,SX00002113,18591,NJ01,Delivered,2026-10-02 06:24:57.029702,2026-10-03,1,Normal
ORD002114,SX00002114,16907,IL01,Delivered,2026-10-02 06:25:48.874887,2026-10-04,1,Normal
ORD002116,SX00002116,11638,IL01,Delivered,2026-10-02 06:27:32.565256,2026-10-04,1,Normal
ORD002117,SX00002117,15671,NJ01,Delivered,2026-10-02 06:28:24.410441,2026-10-05,1,Normal
ORD002118,SX00002118,16928,TX01,Delivered,2026-10-02 06:29:16.255625,2026-10-04,1,Normal
ORD002119,SX00002119,11382,NJ01,Delivered,2026-10-02 06:30:08.100810,2026-10-03,1,Normal
ORD002120,SX00002120,11403,CA01,Delivered,2026-10-02 06:30:59.945994,2026-10-04,1,Normal
ORD002121,SX00002121,19011,NJ01,Delivered,2026-10-02 06:31:51.791179,2026-10-05,1,Normal
ORD002126,SX00002126,13302,IL01,Delivered,2026-10-02 06:36:11.017101,2026-10-04,1,Normal
ORD002127,SX00002127,17857,CA01,Delivered,2026-10-02 06:37:02.862286,2026-10-05,1,Normal
ORD002130,SX00002130,15693,TX01,Delivered,2026-10-02 06:39:38.397839,2026-10-04,1,Normal
ORD002131,SX00002131,10767,CA01,Delivered,2026-10-02 06:40:30.243024,2026-10-04,1,Normal
ORD002132,SX00002132,12044,NJ01,Delivered,2026-10-02 06:41:22.088208,2026-10-04,1,Normal
ORD002133,SX00002133,11549,IL01,Delivered,2026-10-02 06:42:13.933393,2026-10-03,1,Normal
ORD002134,SX00002134,19956,TX01,Delivered,2026-10-02 06:43:05.778577,2026-10-04,1,Normal
ORD002136,SX00002136,13716,NJ01,Delivered,2026-10-02 06:44:49.468946,2026-10-04,1,Normal
ORD002137,SX00002137,14481,IL01,Delivered,2026-10-02 06:45:41.314131,2026-10-05,1,Normal
ORD002138,SX00002138,17898,IL01,Delivered,2026-10-02 06:46:33.159315,2026-10-04,1,Normal
ORD002139,SX00002139,16548,TX01,Delivered,2026-10-02 06:47:25.004500,2026-10-04,1,Normal
ORD002140,SX00002140,12293,TX01,Delivered,2026-10-02 06:48:16.849684,2026-10-05,1,Normal
ORD002144,SX00002144,17638,TX01,Delivered,2026-10-02 06:51:44.230423,2026-10-03,1,Normal
ORD002145,SX00002145,17993,IL01,Delivered,2026-10-02 06:52:36.075607,2026-10-05,1,Normal
ORD002147,SX00002147,15542,IL01,Delivered,2026-10-02 06:54:19.765976,2026-10-03,1,Normal
ORD002150,SX00002150,18433,IL01,Delivered,2026-10-02 06:56:55.301530,2026-10-03,1,Normal
ORD002151,SX00002151,17380,CA01,Delivered,2026-10-02 06:57:47.146714,2026-10-04,1,Normal
ORD002152,SX00002152,12385,IL01,Delivered,2026-10-02 06:58:38.991899,2026-10-04,1,Normal
ORD002153,SX00002153,14268,IL01,Delivered,2026-10-02 06:59:30.837083,2026-10-03,1,Normal
ORD002154,SX00002154,10671,CA01,Delivered,2026-10-02 07:00:22.682268,2026-10-05,1,Normal
ORD002157,SX00002157,14592,IL01,Delivered,2026-10-02 07:02:58.217821,2026-10-05,1,Normal
ORD002158,SX00002158,14795,TX01,Delivered,2026-10-02 07:03:50.063006,2026-10-04,1,Normal
ORD002159,SX00002159,14798,NJ01,Delivered,2026-10-02 07:04:41.908190,2026-10-03,1,Normal
ORD002160,SX00002160,16036,TX01,Delivered,2026-10-02 07:05:33.753375,2026-10-03,1,Normal
ORD002161,SX00002161,12355,IL01,Delivered,2026-10-02 07:06:25.598559,2026-10-05,1,Normal
ORD002162,SX00002162,15887,NJ01,Delivered,2026-10-02 07:07:17.443744,2026-10-05,1,Normal
ORD002163,SX00002163,17961,TX01,Delivered,2026-10-02 07:08:09.288928,2026-10-05,1,Normal
ORD002164,SX00002164,15827,CA01,Delivered,2026-10-02 07:09:01.134113,2026-10-03,1,Normal
ORD002165,SX00002165,18737,IL01,Delivered,2026-10-02 07:09:52.979297,2026-10-03,1,Normal
ORD002166,SX00002166,14719,TX01,Delivered,2026-10-02 07:10:44.824482,2026-10-05,1,Normal
ORD002167,SX00002167,10593,IL01,Delivered,2026-10-02 07:11:36.669666,2026-10-05,1,Normal
ORD002168,SX00002168,14839,NJ01,Delivered,2026-10-02 07:12:28.514851,2026-10-05,1,Normal
ORD002169,SX00002169,17394,IL01,Delivered,2026-10-02 07:13:20.360036,2026-10-05,1,Normal
ORD002172,SX00002172,16164,IL01,Delivered,2026-10-02 07:15:55.895589,2026-10-05,1,Normal
ORD002173,SX00002173,12672,IL01,Delivered,2026-10-02 07:16:47.740774,2026-10-04,1,Normal
ORD002174,SX00002174,14200,IL01,Delivered,2026-10-02 07:17:39.585958,2026-10-04,1,Normal
ORD002175,SX00002175,10016,CA01,Delivered,2026-10-02 07:18:31.431143,2026-10-04,1,Normal
ORD002177,SX00002177,10392,TX01,Delivered,2026-10-02 07:20:15.121512,2026-10-05,1,Normal
ORD002178,SX00002178,18616,IL01,Delivered,2026-10-02 07:21:06.966696,2026-10-03,1,Normal
ORD002179,SX00002179,16272,NJ01,Delivered,2026-10-02 07:21:58.811881,2026-10-03,1,Normal
ORD002182,SX00002182,16172,NJ01,Delivered,2026-10-02 07:24:34.347434,2026-10-03,1,Normal
ORD002184,SX00002184,17177,CA01,Delivered,2026-10-02 07:26:18.037803,2026-10-04,1,Normal
ORD002185,SX00002185,18433,CA01,Delivered,2026-10-02 07:27:09.882988,2026-10-04,1,Normal
ORD002186,SX00002186,13897,IL01,Delivered,2026-10-02 07:28:01.728172,2026-10-03,1,Normal
ORD002187,SX00002187,18123,IL01,Delivered,2026-10-02 07:28:53.573357,2026-10-05,1,Normal
ORD002188,SX00002188,12279,NJ01,Delivered,2026-10-02 07:29:45.418541,2026-10-05,1,Normal
ORD002191,SX00002191,18906,IL01,Delivered,2026-10-02 07:32:20.954095,2026-10-04,1,Normal
ORD002192,SX00002192,10775,TX01,Delivered,2026-10-02 07:33:12.799279,2026-10-04,1,Normal
ORD002193,SX00002193,16869,NJ01,Delivered,2026-10-02 07:34:04.644464,2026-10-05,1,Normal
ORD002194,SX00002194,12247,IL01,Delivered,2026-10-02 07:34:56.489648,2026-10-03,1,Normal
ORD002196,SX00002196,10078,TX01,Delivered,2026-10-02 07:36:40.180018,2026-10-05,1,Normal
ORD002197,SX00002197,18080,TX01,Delivered,2026-10-02 07:37:32.025202,2026-10-05,1,Normal
ORD002198,SX00002198,17099,IL01,Delivered,2026-10-02 07:38:23.870387,2026-10-04,1,Normal
ORD002199,SX00002199,13926,TX01,Delivered,2026-10-02 07:39:15.715571,2026-10-04,1,Normal
ORD002200,SX00002200,19047,NJ01,Delivered,2026-10-02 07:40:07.560756,2026-10-03,1,Normal
ORD002203,SX00002203,16230,IL01,Delivered,2026-10-02 07:42:43.096309,2026-10-04,1,Normal
ORD002206,SX00002206,13271,IL01,Delivered,2026-10-02 07:45:18.631863,2026-10-04,1,Normal
ORD002207,SX00002207,13456,IL01,Delivered,2026-10-02 07:46:10.477047,2026-10-04,1,Normal
ORD002208,SX00002208,17788,TX01,Delivered,2026-10-02 07:47:02.322232,2026-10-03,1,Normal
ORD002209,SX00002209,18599,IL01,Delivered,2026-10-02 07:47:54.167416,2026-10-04,1,Normal
ORD002210,SX00002210,17650,CA01,Delivered,2026-10-02 07:48:46.012601,2026-10-03,1,Normal
ORD002211,SX00002211,12711,NJ01,Delivered,2026-10-02 07:49:37.857785,2026-10-04,1,Normal
ORD002212,SX00002212,11668,IL01,Delivered,2026-10-02 07:50:29.702970,2026-10-04,1,Normal
ORD002213,SX00002213,10147,IL01,Delivered,2026-10-02 07:51:21.548154,2026-10-05,1,Normal
ORD002214,SX00002214,16420,NJ01,Delivered,2026-10-02 07:52:13.393339,2026-10-04,1,Normal
ORD002215,SX00002215,10365,NJ01,Delivered,2026-10-02 07:53:05.238523,2026-10-05,1,Normal
ORD002216,SX00002216,19866,IL01,Delivered,2026-10-02 07:53:57.083708,2026-10-05,1,Normal
ORD002217,SX00002217,14531,IL01,Delivered,2026-10-02 07:54:48.928892,2026-10-03,1,Normal
ORD002218,SX00002218,15330,TX01,Delivered,2026-10-02 07:55:40.774077,2026-10-05,1,Normal
ORD002219,SX00002219,15510,IL01,Delivered,2026-10-02 07:56:32.619261,2026-10-05,1,Normal
ORD002221,SX00002221,18964,TX01,Delivered,2026-10-02 07:58:16.309630,2026-10-04,1,Normal
ORD002222,SX00002222,16493,NJ01,Delivered,2026-10-02 07:59:08.154815,2026-10-03,1,Normal
ORD002223,SX00002223,15439,IL01,Delivered,2026-10-02 08:00:00.000000,2026-10-05,1,Normal
ORD002224,SX00002224,19765,IL01,Delivered,2026-10-02 08:00:51.845184,2026-10-05,1,Normal
ORD002225,SX00002225,16511,TX01,Delivered,2026-10-02 08:01:43.690369,2026-10-03,1,Normal
ORD002226,SX00002226,17504,IL01,Delivered,2026-10-02 08:02:35.535553,2026-10-04,1,Normal
ORD002228,SX00002228,13839,NJ01,Delivered,2026-10-02 08:04:19.225922,2026-10-03,1,Normal
ORD002229,SX00002229,18551,IL01,Delivered,2026-10-02 08:05:11.071107,2026-10-04,1,Normal
ORD002231,SX00002231,13009,TX01,Delivered,2026-10-02 08:06:54.761476,2026-10-03,1,Normal
ORD002232,SX00002232,19154,NJ01,Delivered,2026-10-02 08:07:46.606660,2026-10-05,1,Normal
ORD002233,SX00002233,11827,CA01,Delivered,2026-10-02 08:08:38.451845,2026-10-04,1,Normal
ORD002236,SX00002236,19832,IL01,Delivered,2026-10-02 08:11:13.987398,2026-10-04,1,Normal
ORD002237,SX00002237,18569,NJ01,Delivered,2026-10-02 08:12:05.832583,2026-10-04,1,Normal
ORD002239,SX00002239,16910,IL01,Delivered,2026-10-02 08:13:49.522952,2026-10-05,1,Normal
ORD002241,SX00002241,12196,NJ01,Delivered,2026-10-02 08:15:33.213321,2026-10-04,1,Normal
ORD002244,SX00002244,15978,IL01,Delivered,2026-10-02 08:18:08.748874,2026-10-04,1,Normal
ORD002245,SX00002245,15607,TX01,Delivered,2026-10-02 08:19:00.594059,2026-10-05,1,Normal
ORD002246,SX00002246,10769,NJ01,Delivered,2026-10-02 08:19:52.439243,2026-10-03,1,Normal
ORD002247,SX00002247,10780,IL01,Delivered,2026-10-02 08:20:44.284428,2026-10-05,1,Normal
ORD002248,SX00002248,19908,IL01,Delivered,2026-10-02 08:21:36.129612,2026-10-03,1,Normal
ORD002249,SX00002249,16303,CA01,Delivered,2026-10-02 08:22:27.974797,2026-10-04,1,Normal
ORD002250,SX00002250,13983,NJ01,Delivered,2026-10-02 08:23:19.819981,2026-10-03,1,Normal
ORD002251,SX00002251,19503,CA01,Delivered,2026-10-02 08:24:11.665166,2026-10-05,1,Normal
ORD002253,SX00002253,10521,IL01,Delivered,2026-10-02 08:25:55.355535,2026-10-04,1,Normal
ORD002255,SX00002255,17569,NJ01,Delivered,2026-10-02 08:27:39.045904,2026-10-05,1,Normal
ORD002256,SX00002256,15784,IL01,Delivered,2026-10-02 08:28:30.891089,2026-10-03,1,Normal
ORD002257,SX00002257,14583,IL01,Delivered,2026-10-02 08:29:22.736273,2026-10-05,1,Normal
ORD002258,SX00002258,15946,NJ01,Delivered,2026-10-02 08:30:14.581458,2026-10-05,1,Normal
ORD002259,SX00002259,14941,NJ01,Delivered,2026-10-02 08:31:06.426642,2026-10-05,1,Normal
ORD002260,SX00002260,16267,IL01,Delivered,2026-10-02 08:31:58.271827,2026-10-04,1,Normal
ORD002262,SX00002262,12461,TX01,Delivered,2026-10-02 08:33:41.962196,2026-10-04,1,Normal
ORD002264,SX00002264,12160,IL01,Delivered,2026-10-02 08:35:25.652565,2026-10-04,1,Normal
ORD002265,SX00002265,17031,IL01,Delivered,2026-10-02 08:36:17.497749,2026-10-03,1,Normal
ORD002266,SX00002266,19759,TX01,Delivered,2026-10-02 08:37:09.342934,2026-10-04,1,Normal
ORD002268,SX00002268,10038,IL01,Delivered,2026-10-02 08:38:53.033303,2026-10-04,1,Normal
ORD002270,SX00002270,11256,CA01,Delivered,2026-10-02 08:40:36.723672,2026-10-03,1,Normal
ORD002271,SX00002271,17697,CA01,Delivered,2026-10-02 08:41:28.568856,2026-10-05,1,Normal
ORD002272,SX00002272,12196,TX01,Delivered,2026-10-02 08:42:20.414041,2026-10-04,1,Normal
ORD002273,SX00002273,17165,CA01,Delivered,2026-10-02 08:43:12.259225,2026-10-04,1,Normal
ORD002274,SX00002274,10301,TX01,Delivered,2026-10-02 08:44:04.104410,2026-10-03,1,Normal
ORD002275,SX00002275,17527,TX01,Delivered,2026-10-02 08:44:55.949594,2026-10-03,1,Normal
ORD002276,SX00002276,16381,IL01,Delivered,2026-10-02 08:45:47.794779,2026-10-04,1,Normal
ORD002277,SX00002277,10646,NJ01,Delivered,2026-10-02 08:46:39.639963,2026-10-05,1,Normal
ORD002278,SX00002278,19951,IL01,Delivered,2026-10-02 08:47:31.485148,2026-10-05,1,Normal
ORD002279,SX00002279,18789,TX01,Delivered,2026-10-02 08:48:23.330333,2026-10-04,1,Normal
ORD002280,SX00002280,18853,CA01,Delivered,2026-10-02 08:49:15.175517,2026-10-05,1,Normal
ORD002281,SX00002281,14330,NJ01,Delivered,2026-10-02 08:50:07.020702,2026-10-05,1,Normal
ORD002284,SX00002284,13537,IL01,Delivered,2026-10-02 08:52:42.556255,2026-10-03,1,Normal
ORD002285,SX00002285,14558,IL01,Delivered,2026-10-02 08:53:34.401440,2026-10-04,1,Normal
ORD002286,SX00002286,16579,NJ01,Delivered,2026-10-02 08:54:26.246624,2026-10-03,1,Normal
ORD002289,SX00002289,14082,IL01,Delivered,2026-10-02 08:57:01.782178,2026-10-05,1,Normal
ORD002291,SX00002291,18652,IL01,Delivered,2026-10-02 08:58:45.472547,2026-10-03,1,Normal
ORD002292,SX00002292,13754,CA01,Delivered,2026-10-02 08:59:37.317731,2026-10-03,1,Normal
ORD002296,SX00002296,18894,IL01,Delivered,2026-10-02 09:03:04.698469,2026-10-03,1,Normal
ORD002297,SX00002297,11653,NJ01,Delivered,2026-10-02 09:03:56.543654,2026-10-03,1,Normal
ORD002299,SX00002299,10022,NJ01,Delivered,2026-10-02 09:05:40.234023,2026-10-04,1,Normal
ORD002300,SX00002300,12460,NJ01,Delivered,2026-10-02 09:06:32.079207,2026-10-05,1,Normal
ORD002301,SX00002301,15926,IL01,Delivered,2026-10-02 09:07:23.924392,2026-10-03,1,Normal
ORD002304,SX00002304,17295,TX01,Delivered,2026-10-02 09:09:59.459945,2026-10-03,1,Normal
ORD002306,SX00002306,16279,IL01,Delivered,2026-10-02 09:11:43.150315,2026-10-04,1,Normal
ORD002307,SX00002307,18553,IL01,Delivered,2026-10-02 09:12:34.995499,2026-10-03,1,Normal
ORD002308,SX00002308,17353,IL01,Delivered,2026-10-02 09:13:26.840684,2026-10-03,1,Normal
ORD002309,SX00002309,13727,NJ01,Delivered,2026-10-02 09:14:18.685868,2026-10-04,1,Normal
ORD002312,SX00002312,19476,TX01,Delivered,2026-10-02 09:16:54.221422,2026-10-04,1,Normal
ORD002314,SX00002314,10448,NJ01,Delivered,2026-10-02 09:18:37.911791,2026-10-04,1,Normal
ORD002315,SX00002315,16019,CA01,Delivered,2026-10-02 09:19:29.756975,2026-10-05,1,Normal
ORD002317,SX00002317,18033,NJ01,Delivered,2026-10-02 09:21:13.447344,2026-10-05,1,Normal
ORD002319,SX00002319,13081,TX01,Delivered,2026-10-02 09:22:57.137713,2026-10-05,1,Normal
ORD002321,SX00002321,13967,IL01,Delivered,2026-10-02 09:24:40.828082,2026-10-03,1,Normal
ORD002322,SX00002322,16445,NJ01,Delivered,2026-10-02 09:25:32.673267,2026-10-04,1,Normal
ORD002323,SX00002323,19114,IL01,Delivered,2026-10-02 09:26:24.518451,2026-10-04,1,Normal
ORD002324,SX00002324,12159,NJ01,Delivered,2026-10-02 09:27:16.363636,2026-10-04,1,Normal
ORD002325,SX00002325,15132,IL01,Delivered,2026-10-02 09:28:08.208820,2026-10-04,1,Normal
ORD002326,SX00002326,12547,TX01,Delivered,2026-10-02 09:29:00.054005,2026-10-05,1,Normal
ORD002332,SX00002332,13489,NJ01,Delivered,2026-10-02 09:34:11.125112,2026-10-04,1,Normal
ORD002335,SX00002335,12634,NJ01,Delivered,2026-10-02 09:36:46.660666,2026-10-05,1,Normal
ORD002336,SX00002336,13983,TX01,Delivered,2026-10-02 09:37:38.505850,2026-10-03,1,Normal
ORD002337,SX00002337,11778,NJ01,Delivered,2026-10-02 09:38:30.351035,2026-10-04,1,Normal
ORD002339,SX00002339,15110,TX01,Delivered,2026-10-02 09:40:14.041404,2026-10-04,1,Normal
ORD002341,SX00002341,17378,IL01,Delivered,2026-10-02 09:41:57.731773,2026-10-05,1,Normal
ORD002342,SX00002342,11124,NJ01,Delivered,2026-10-02 09:42:49.576957,2026-10-03,1,Normal
ORD002344,SX00002344,12179,TX01,Delivered,2026-10-02 09:44:33.267326,2026-10-05,1,Normal
ORD002345,SX00002345,19596,TX01,Delivered,2026-10-02 09:45:25.112511,2026-10-03,1,Normal
ORD002346,SX00002346,15251,CA01,Delivered,2026-10-02 09:46:16.957695,2026-10-05,1,Normal
ORD002348,SX00002348,11929,IL01,Delivered,2026-10-02 09:48:00.648064,2026-10-03,1,Normal
ORD002349,SX00002349,11013,IL01,Delivered,2026-10-02 09:48:52.493249,2026-10-05,1,Normal
ORD002350,SX00002350,10226,TX01,Delivered,2026-10-02 09:49:44.338433,2026-10-05,1,Normal
ORD002351,SX00002351,17321,IL01,Delivered,2026-10-02 09:50:36.183618,2026-10-03,1,Normal
ORD002352,SX00002352,11828,TX01,Delivered,2026-10-02 09:51:28.028802,2026-10-03,1,Normal
ORD002356,SX00002356,14966,NJ01,Delivered,2026-10-02 09:54:55.409540,2026-10-05,1,Normal
ORD002357,SX00002357,15891,CA01,Delivered,2026-10-02 09:55:47.254725,2026-10-04,1,Normal
ORD002359,SX00002359,15036,CA01,Delivered,2026-10-02 09:57:30.945094,2026-10-04,1,Normal
ORD002360,SX00002360,12563,NJ01,Delivered,2026-10-02 09:58:22.790279,2026-10-03,1,Normal
ORD002362,SX00002362,13586,IL01,Delivered,2026-10-02 10:00:06.480648,2026-10-04,1,Normal
ORD002364,SX00002364,16841,TX01,Delivered,2026-10-02 10:01:50.171017,2026-10-05,1,Normal
ORD002365,SX00002365,16643,CA01,Delivered,2026-10-02 10:02:42.016201,2026-10-04,1,Normal
ORD002367,SX00002367,10161,TX01,Delivered,2026-10-02 10:04:25.706570,2026-10-04,1,Normal
ORD002368,SX00002368,10593,CA01,Delivered,2026-10-02 10:05:17.551755,2026-10-05,1,Normal
ORD002369,SX00002369,13390,IL01,Delivered,2026-10-02 10:06:09.396939,2026-10-05,1,Normal
ORD002370,SX00002370,15997,NJ01,Delivered,2026-10-02 10:07:01.242124,2026-10-04,1,Normal
ORD002371,SX00002371,16354,CA01,Delivered,2026-10-02 10:07:53.087308,2026-10-05,1,Normal
ORD002373,SX00002373,19324,IL01,Delivered,2026-10-02 10:09:36.777677,2026-10-03,0,Missing Delivered Event
ORD002374,SX00002374,10541,TX01,Delivered,2026-10-02 10:10:28.622862,2026-10-04,1,Normal
ORD002375,SX00002375,15433,IL01,Delivered,2026-10-02 10:11:20.468046,2026-10-05,1,Normal
ORD002376,SX00002376,15093,IL01,Delivered,2026-10-02 10:12:12.313231,2026-10-04,1,Normal
ORD002377,SX00002377,10867,CA01,Delivered,2026-10-02 10:13:04.158415,2026-10-05,1,Normal
ORD002380,SX00002380,16256,TX01,Delivered,2026-10-02 10:15:39.693969,2026-10-03,1,Normal
ORD002381,SX00002381,19398,IL01,Delivered,2026-10-02 10:16:31.539153,2026-10-03,1,Normal
ORD002382,SX00002382,11169,IL01,Delivered,2026-10-02 10:17:23.384338,2026-10-04,1,Normal
ORD002383,SX00002383,10830,IL01,Delivered,2026-10-02 10:18:15.229522,2026-10-05,1,Normal
ORD002384,SX00002384,11651,IL01,Delivered,2026-10-02 10:19:07.074707,2026-10-04,1,Normal
ORD002386,SX00002386,12810,NJ01,Delivered,2026-10-02 10:20:50.765076,2026-10-04,1,Normal
ORD002387,SX00002387,18667,NJ01,Delivered,2026-10-02 10:21:42.610261,2026-10-03,1,Normal
ORD002389,SX00002389,11019,IL01,Delivered,2026-10-02 10:23:26.300630,2026-10-05,1,Normal
ORD002390,SX00002390,15237,NJ01,Delivered,2026-10-02 10:24:18.145814,2026-10-04,1,Normal
ORD002391,SX00002391,11283,NJ01,Delivered,2026-10-02 10:25:09.990999,2026-10-05,1,Normal
ORD002393,SX00002393,12010,NJ01,Delivered,2026-10-02 10:26:53.681368,2026-10-04,1,Normal
ORD002394,SX00002394,18590,IL01,Delivered,2026-10-02 10:27:45.526552,2026-10-03,1,Normal
ORD002395,SX00002395,11733,IL01,Delivered,2026-10-02 10:28:37.371737,2026-10-03,1,Normal
ORD002397,SX00002397,12171,IL01,Delivered,2026-10-02 10:30:21.062106,2026-10-05,1,Normal
ORD002400,SX00002400,19028,IL01,Delivered,2026-10-02 10:32:56.597659,2026-10-03,1,Normal
ORD002401,SX00002401,15624,IL01,Delivered,2026-10-02 10:33:48.442844,2026-10-03,1,Normal
ORD002402,SX00002402,18691,CA01,Delivered,2026-10-02 10:34:40.288028,2026-10-03,1,Normal
ORD002403,SX00002403,18329,NJ01,Delivered,2026-10-02 10:35:32.133213,2026-10-05,1,Normal
ORD002405,SX00002405,15068,NJ01,Delivered,2026-10-02 10:37:15.823582,2026-10-04,1,Normal
ORD002406,SX00002406,16397,NJ01,Delivered,2026-10-02 10:38:07.668766,2026-10-05,1,Normal
ORD002407,SX00002407,12757,IL01,Delivered,2026-10-02 10:38:59.513951,2026-10-05,1,Normal
ORD002408,SX00002408,13920,IL01,Delivered,2026-10-02 10:39:51.359135,2026-10-03,1,Normal
ORD002409,SX00002409,18186,IL01,Delivered,2026-10-02 10:40:43.204320,2026-10-04,1,Normal
ORD002410,SX00002410,11900,IL01,Delivered,2026-10-02 10:41:35.049504,2026-10-04,1,Normal
ORD002411,SX00002411,12610,NJ01,Delivered,2026-10-02 10:42:26.894689,2026-10-04,1,Normal
ORD002412,SX00002412,16900,IL01,Delivered,2026-10-02 10:43:18.739873,2026-10-05,1,Normal
ORD002413,SX00002413,11449,IL01,Delivered,2026-10-02 10:44:10.585058,2026-10-03,1,Normal
ORD002414,SX00002414,18738,IL01,Delivered,2026-10-02 10:45:02.430243,2026-10-03,1,Normal
ORD002415,SX00002415,15017,NJ01,Delivered,2026-10-02 10:45:54.275427,2026-10-04,1,Normal
ORD002416,SX00002416,17999,TX01,Delivered,2026-10-02 10:46:46.120612,2026-10-03,1,Normal
ORD002417,SX00002417,16052,CA01,Delivered,2026-10-02 10:47:37.965796,2026-10-05,1,Normal
ORD002418,SX00002418,12096,IL01,Delivered,2026-10-02 10:48:29.810981,2026-10-05,1,Normal
ORD002420,SX00002420,16404,IL01,Delivered,2026-10-02 10:50:13.501350,2026-10-03,1,Normal
ORD002421,SX00002421,19817,CA01,Delivered,2026-10-02 10:51:05.346534,2026-10-05,1,Normal
ORD002422,SX00002422,13331,IL01,Delivered,2026-10-02 10:51:57.191719,2026-10-05,1,Normal
ORD002423,SX00002423,17462,TX01,Delivered,2026-10-02 10:52:49.036903,2026-10-05,1,Normal
ORD002425,SX00002425,12978,IL01,Delivered,2026-10-02 10:54:32.727272,2026-10-03,1,Normal
ORD002427,SX00002427,13384,IL01,Delivered,2026-10-02 10:56:16.417641,2026-10-05,2,Duplicate Delivered Event
ORD002428,SX00002428,10685,CA01,Delivered,2026-10-02 10:57:08.262826,2026-10-03,1,Normal
ORD002430,SX00002430,14283,NJ01,Delivered,2026-10-02 10:58:51.953195,2026-10-04,1,Normal
ORD002432,SX00002432,17710,NJ01,Delivered,2026-10-02 11:00:35.643564,2026-10-04,1,Normal
ORD002434,SX00002434,16868,IL01,Delivered,2026-10-02 11:02:19.333933,2026-10-05,1,Normal
ORD002435,SX00002435,11431,IL01,Delivered,2026-10-02 11:03:11.179117,2026-10-03,1,Normal
ORD002437,SX00002437,14713,TX01,Delivered,2026-10-02 11:04:54.869486,2026-10-04,1,Normal
ORD002438,SX00002438,19557,IL01,Delivered,2026-10-02 11:05:46.714671,2026-10-05,1,Normal
ORD002440,SX00002440,14998,IL01,Delivered,2026-10-02 11:07:30.405040,2026-10-05,1,Normal
ORD002441,SX00002441,10162,CA01,Delivered,2026-10-02 11:08:22.250225,2026-10-05,1,Normal
ORD002443,SX00002443,13291,IL01,Delivered,2026-10-02 11:10:05.940594,2026-10-04,1,Normal
ORD002444,SX00002444,18461,CA01,Delivered,2026-10-02 11:10:57.785778,2026-10-04,1,Normal
ORD002445,SX00002445,10631,NJ01,Delivered,2026-10-02 11:11:49.630963,2026-10-05,1,Normal
ORD002446,SX00002446,10905,CA01,Delivered,2026-10-02 11:12:41.476147,2026-10-05,1,Normal
ORD002447,SX00002447,12014,IL01,Delivered,2026-10-02 11:13:33.321332,2026-10-05,1,Normal
ORD002448,SX00002448,19833,IL01,Delivered,2026-10-02 11:14:25.166516,2026-10-05,1,Normal
ORD002450,SX00002450,10204,CA01,Delivered,2026-10-02 11:16:08.856885,2026-10-04,1,Normal
ORD002454,SX00002454,15347,TX01,Delivered,2026-10-02 11:19:36.237623,2026-10-05,1,Normal
ORD002455,SX00002455,19911,IL01,Delivered,2026-10-02 11:20:28.082808,2026-10-03,1,Normal
ORD002456,SX00002456,12643,IL01,Delivered,2026-10-02 11:21:19.927992,2026-10-03,1,Normal
ORD002457,SX00002457,18017,CA01,Delivered,2026-10-02 11:22:11.773177,2026-10-05,1,Normal
ORD002458,SX00002458,12297,CA01,Delivered,2026-10-02 11:23:03.618361,2026-10-05,1,Normal
ORD002460,SX00002460,15560,IL01,Delivered,2026-10-02 11:24:47.308730,2026-10-04,2,Duplicate Delivered Event
ORD002461,SX00002461,10689,IL01,Delivered,2026-10-02 11:25:39.153915,2026-10-03,1,Normal
ORD002462,SX00002462,14000,NJ01,Delivered,2026-10-02 11:26:30.999099,2026-10-03,1,Normal
ORD002465,SX00002465,17927,IL01,Delivered,2026-10-02 11:29:06.534653,2026-10-04,1,Normal
ORD002466,SX00002466,11171,TX01,Delivered,2026-10-02 11:29:58.379837,2026-10-03,1,Normal
ORD002468,SX00002468,19135,NJ01,Delivered,2026-10-02 11:31:42.070207,2026-10-04,1,Normal
ORD002470,SX00002470,11449,NJ01,Delivered,2026-10-02 11:33:25.760576,2026-10-05,1,Normal
ORD002471,SX00002471,12539,NJ01,Delivered,2026-10-02 11:34:17.605760,2026-10-03,1,Normal
ORD002472,SX00002472,13959,IL01,Delivered,2026-10-02 11:35:09.450945,2026-10-03,1,Normal
ORD002474,SX00002474,15432,TX01,Delivered,2026-10-02 11:36:53.141314,2026-10-03,1,Normal
ORD002475,SX00002475,14260,TX01,Delivered,2026-10-02 11:37:44.986498,2026-10-03,1,Normal
ORD002476,SX00002476,12361,CA01,Delivered,2026-10-02 11:38:36.831683,2026-10-04,1,Normal
ORD002477,SX00002477,16164,TX01,Delivered,2026-10-02 11:39:28.676867,2026-10-04,1,Normal
ORD002480,SX00002480,18100,NJ01,Delivered,2026-10-02 11:42:04.212421,2026-10-04,1,Normal
ORD002482,SX00002482,18562,IL01,Delivered,2026-10-02 11:43:47.902790,2026-10-05,1,Normal
ORD002483,SX00002483,15976,NJ01,Delivered,2026-10-02 11:44:39.747974,2026-10-03,1,Normal
ORD002485,SX00002485,18616,TX01,Delivered,2026-10-02 11:46:23.438343,2026-10-05,1,Normal
ORD002486,SX00002486,16304,NJ01,Delivered,2026-10-02 11:47:15.283528,2026-10-05,1,Normal
ORD002487,SX00002487,17345,NJ01,Delivered,2026-10-02 11:48:07.128712,2026-10-04,1,Normal
ORD002489,SX00002489,19086,IL01,Delivered,2026-10-02 11:49:50.819081,2026-10-03,1,Normal
ORD002490,SX00002490,16633,IL01,Delivered,2026-10-02 11:50:42.664266,2026-10-05,1,Normal
ORD002494,SX00002494,19879,NJ01,Delivered,2026-10-02 11:54:10.045004,2026-10-03,1,Normal
ORD002495,SX00002495,10572,IL01,Delivered,2026-10-02 11:55:01.890189,2026-10-03,1,Normal
ORD002496,SX00002496,17521,NJ01,Delivered,2026-10-02 11:55:53.735373,2026-10-05,1,Normal
ORD002500,SX00002500,16566,TX01,Delivered,2026-10-02 11:59:21.116111,2026-10-05,1,Normal
ORD002501,SX00002501,14624,TX01,Delivered,2026-10-02 12:00:12.961296,2026-10-04,1,Normal
ORD002502,SX00002502,11633,NJ01,Delivered,2026-10-02 12:01:04.806480,2026-10-05,1,Normal
ORD002503,SX00002503,11517,TX01,Delivered,2026-10-02 12:01:56.651665,2026-10-04,1,Normal
ORD002504,SX00002504,13648,NJ01,Delivered,2026-10-02 12:02:48.496849,2026-10-03,1,Normal
ORD002506,SX00002506,13137,IL01,Delivered,2026-10-02 12:04:32.187218,2026-10-03,1,Normal
ORD002507,SX00002507,16985,IL01,Delivered,2026-10-02 12:05:24.032403,2026-10-03,1,Normal
ORD002508,SX00002508,10097,NJ01,Delivered,2026-10-02 12:06:15.877587,2026-10-05,1,Normal
ORD002509,SX00002509,13750,NJ01,Delivered,2026-10-02 12:07:07.722772,2026-10-04,1,Normal
ORD002511,SX00002511,18174,TX01,Delivered,2026-10-02 12:08:51.413141,2026-10-03,1,Normal
ORD002512,SX00002512,18103,IL01,Delivered,2026-10-02 12:09:43.258325,2026-10-04,1,Normal
ORD002513,SX00002513,15413,IL01,Delivered,2026-10-02 12:10:35.103510,2026-10-04,1,Normal
ORD002514,SX00002514,14666,TX01,Delivered,2026-10-02 12:11:26.948694,2026-10-03,1,Normal
ORD002515,SX00002515,10610,NJ01,Delivered,2026-10-02 12:12:18.793879,2026-10-03,1,Normal
ORD002516,SX00002516,11727,TX01,Delivered,2026-10-02 12:13:10.639063,2026-10-04,1,Normal
ORD002517,SX00002517,11854,NJ01,Delivered,2026-10-02 12:14:02.484248,2026-10-04,1,Normal
ORD002518,SX00002518,15055,CA01,Delivered,2026-10-02 12:14:54.329432,2026-10-03,1,Normal
ORD002519,SX00002519,12324,NJ01,Delivered,2026-10-02 12:15:46.174617,2026-10-05,1,Normal
ORD002520,SX00002520,19369,IL01,Delivered,2026-10-02 12:16:38.019801,2026-10-04,1,Normal
ORD002521,SX00002521,19283,IL01,Delivered,2026-10-02 12:17:29.864986,2026-10-03,1,Normal
ORD002522,SX00002522,15774,IL01,Delivered,2026-10-02 12:18:21.710171,2026-10-03,1,Normal
ORD002524,SX00002524,11749,IL01,Delivered,2026-10-02 12:20:05.400540,2026-10-04,2,Duplicate Delivered Event
ORD002525,SX00002525,10781,IL01,Delivered,2026-10-02 12:20:57.245724,2026-10-03,1,Normal
ORD002527,SX00002527,16823,TX01,Delivered,2026-10-02 12:22:40.936093,2026-10-04,1,Normal
ORD002528,SX00002528,12105,IL01,Delivered,2026-10-02 12:23:32.781278,2026-10-05,1,Normal
ORD002529,SX00002529,13867,CA01,Delivered,2026-10-02 12:24:24.626462,2026-10-03,1,Normal
ORD002533,SX00002533,15879,TX01,Delivered,2026-10-02 12:27:52.007200,2026-10-05,1,Normal
ORD002535,SX00002535,19259,IL01,Delivered,2026-10-02 12:29:35.697569,2026-10-03,1,Normal
ORD002536,SX00002536,17264,IL01,Delivered,2026-10-02 12:30:27.542754,2026-10-05,1,Normal
ORD002538,SX00002538,19203,IL01,Delivered,2026-10-02 12:32:11.233123,2026-10-04,1,Normal
ORD002539,SX00002539,12274,IL01,Delivered,2026-10-02 12:33:03.078307,2026-10-05,2,Duplicate Delivered Event
ORD002540,SX00002540,14869,IL01,Delivered,2026-10-02 12:33:54.923492,2026-10-05,1,Normal
ORD002542,SX00002542,12426,IL01,Delivered,2026-10-02 12:35:38.613861,2026-10-03,2,Duplicate Delivered Event
ORD002543,SX00002543,15546,IL01,Delivered,2026-10-02 12:36:30.459045,2026-10-03,1,Normal
ORD002544,SX00002544,16852,IL01,Delivered,2026-10-02 12:37:22.304230,2026-10-04,1,Normal
ORD002545,SX00002545,12551,TX01,Delivered,2026-10-02 12:38:14.149414,2026-10-03,1,Normal
ORD002547,SX00002547,10007,TX01,Delivered,2026-10-02 12:39:57.839783,2026-10-05,1,Normal
ORD002548,SX00002548,18087,IL01,Delivered,2026-10-02 12:40:49.684968,2026-10-04,1,Normal
ORD002549,SX00002549,12555,TX01,Delivered,2026-10-02 12:41:41.530153,2026-10-04,1,Normal
ORD002550,SX00002550,10475,IL01,Delivered,2026-10-02 12:42:33.375337,2026-10-04,1,Normal
ORD002551,SX00002551,15416,TX01,Delivered,2026-10-02 12:43:25.220522,2026-10-04,1,Normal
ORD002552,SX00002552,18676,IL01,Delivered,2026-10-02 12:44:17.065706,2026-10-03,1,Normal
ORD002554,SX00002554,16710,IL01,Delivered,2026-10-02 12:46:00.756075,2026-10-03,1,Normal
ORD002555,SX00002555,15000,IL01,Delivered,2026-10-02 12:46:52.601260,2026-10-05,1,Normal
ORD002556,SX00002556,14654,CA01,Delivered,2026-10-02 12:47:44.446444,2026-10-05,1,Normal
ORD002557,SX00002557,18078,NJ01,Delivered,2026-10-02 12:48:36.291629,2026-10-04,1,Normal
ORD002558,SX00002558,16063,IL01,Delivered,2026-10-02 12:49:28.136813,2026-10-04,1,Normal
ORD002559,SX00002559,12285,CA01,Delivered,2026-10-02 12:50:19.981998,2026-10-03,1,Normal
ORD002561,SX00002561,16971,IL01,Delivered,2026-10-02 12:52:03.672367,2026-10-03,1,Normal
ORD002562,SX00002562,13525,CA01,Delivered,2026-10-02 12:52:55.517551,2026-10-04,1,Normal
ORD002563,SX00002563,12822,IL01,Delivered,2026-10-02 12:53:47.362736,2026-10-03,1,Normal
ORD002564,SX00002564,14943,CA01,Delivered,2026-10-02 12:54:39.207920,2026-10-04,1,Normal
ORD002565,SX00002565,16530,IL01,Delivered,2026-10-02 12:55:31.053105,2026-10-04,1,Normal
ORD002566,SX00002566,10258,TX01,Delivered,2026-10-02 12:56:22.898289,2026-10-05,1,Normal
ORD002567,SX00002567,10282,NJ01,Delivered,2026-10-02 12:57:14.743474,2026-10-05,1,Normal
ORD002568,SX00002568,11898,CA01,Delivered,2026-10-02 12:58:06.588658,2026-10-04,1,Normal
ORD002570,SX00002570,16629,IL01,Delivered,2026-10-02 12:59:50.279027,2026-10-04,1,Normal
ORD002571,SX00002571,13200,NJ01,Delivered,2026-10-02 13:00:42.124212,2026-10-04,1,Normal
ORD002573,SX00002573,17167,TX01,Delivered,2026-10-02 13:02:25.814581,2026-10-04,1,Normal
ORD002575,SX00002575,10687,NJ01,Delivered,2026-10-02 13:04:09.504950,2026-10-05,1,Normal
ORD002576,SX00002576,13690,TX01,Delivered,2026-10-02 13:05:01.350135,2026-10-04,1,Normal
ORD002577,SX00002577,18804,IL01,Delivered,2026-10-02 13:05:53.195319,2026-10-05,0,Missing Delivered Event
ORD002578,SX00002578,12307,NJ01,Delivered,2026-10-02 13:06:45.040504,2026-10-05,1,Normal
ORD002579,SX00002579,17133,IL01,Delivered,2026-10-02 13:07:36.885688,2026-10-03,1,Normal
ORD002582,SX00002582,15906,TX01,Delivered,2026-10-02 13:10:12.421242,2026-10-04,1,Normal
ORD002585,SX00002585,15248,IL01,Delivered,2026-10-02 13:12:47.956795,2026-10-05,1,Normal
ORD002586,SX00002586,18766,TX01,Delivered,2026-10-02 13:13:39.801980,2026-10-04,1,Normal
ORD002587,SX00002587,15108,IL01,Delivered,2026-10-02 13:14:31.647164,2026-10-04,1,Normal
ORD002590,SX00002590,14364,TX01,Delivered,2026-10-02 13:17:07.182718,2026-10-04,1,Normal
ORD002591,SX00002591,17329,IL01,Delivered,2026-10-02 13:17:59.027902,2026-10-03,1,Normal
ORD002593,SX00002593,10923,IL01,Delivered,2026-10-02 13:19:42.718271,2026-10-03,1,Normal
ORD002594,SX00002594,11125,TX01,Delivered,2026-10-02 13:20:34.563456,2026-10-05,1,Normal
ORD002595,SX00002595,11529,IL01,Delivered,2026-10-02 13:21:26.408640,2026-10-05,1,Normal
ORD002596,SX00002596,19786,IL01,Delivered,2026-10-02 13:22:18.253825,2026-10-03,1,Normal
ORD002597,SX00002597,18438,NJ01,Delivered,2026-10-02 13:23:10.099009,2026-10-03,1,Normal
ORD002598,SX00002598,13711,IL01,Delivered,2026-10-02 13:24:01.944194,2026-10-05,1,Normal
ORD002599,SX00002599,18004,IL01,Delivered,2026-10-02 13:24:53.789378,2026-10-03,1,Normal
ORD002601,SX00002601,16274,CA01,Delivered,2026-10-02 13:26:37.479747,2026-10-04,1,Normal
ORD002602,SX00002602,13864,TX01,Delivered,2026-10-02 13:27:29.324932,2026-10-05,1,Normal
ORD002603,SX00002603,17833,IL01,Delivered,2026-10-02 13:28:21.170117,2026-10-04,1,Normal
ORD002604,SX00002604,16788,IL01,Delivered,2026-10-02 13:29:13.015301,2026-10-05,1,Normal
ORD002607,SX00002607,19587,CA01,Delivered,2026-10-02 13:31:48.550855,2026-10-04,1,Normal
ORD002608,SX00002608,10645,IL01,Delivered,2026-10-02 13:32:40.396039,2026-10-05,1,Normal
ORD002609,SX00002609,17544,CA01,Delivered,2026-10-02 13:33:32.241224,2026-10-04,1,Normal
ORD002610,SX00002610,15569,NJ01,Delivered,2026-10-02 13:34:24.086408,2026-10-03,1,Normal
ORD002611,SX00002611,12990,TX01,Delivered,2026-10-02 13:35:15.931593,2026-10-05,1,Normal
ORD002612,SX00002612,12504,IL01,Delivered,2026-10-02 13:36:07.776777,2026-10-03,1,Normal
ORD002614,SX00002614,10587,IL01,Delivered,2026-10-02 13:37:51.467146,2026-10-05,1,Normal
ORD002615,SX00002615,19177,TX01,Delivered,2026-10-02 13:38:43.312331,2026-10-04,1,Normal
ORD002616,SX00002616,14079,TX01,Delivered,2026-10-02 13:39:35.157515,2026-10-04,1,Normal
ORD002617,SX00002617,13348,IL01,Delivered,2026-10-02 13:40:27.002700,2026-10-03,1,Normal
ORD002618,SX00002618,16299,NJ01,Delivered,2026-10-02 13:41:18.847884,2026-10-05,1,Normal
ORD002619,SX00002619,13831,NJ01,Delivered,2026-10-02 13:42:10.693069,2026-10-04,1,Normal
ORD002621,SX00002621,18381,NJ01,Delivered,2026-10-02 13:43:54.383438,2026-10-03,1,Normal
ORD002622,SX00002622,19172,IL01,Delivered,2026-10-02 13:44:46.228622,2026-10-03,1,Normal
ORD002623,SX00002623,19890,IL01,Delivered,2026-10-02 13:45:38.073807,2026-10-03,1,Normal
ORD002625,SX00002625,16450,NJ01,Delivered,2026-10-02 13:47:21.764176,2026-10-04,1,Normal
ORD002626,SX00002626,15433,IL01,Delivered,2026-10-02 13:48:13.609360,2026-10-04,1,Normal
ORD002628,SX00002628,17096,CA01,Delivered,2026-10-02 13:49:57.299729,2026-10-05,1,Normal
ORD002630,SX00002630,19087,NJ01,Delivered,2026-10-02 13:51:40.990099,2026-10-04,1,Normal
ORD002631,SX00002631,16416,IL01,Delivered,2026-10-02 13:52:32.835283,2026-10-03,1,Normal
ORD002632,SX00002632,16980,TX01,Delivered,2026-10-02 13:53:24.680468,2026-10-04,1,Normal
ORD002633,SX00002633,16763,TX01,Delivered,2026-10-02 13:54:16.525652,2026-10-05,1,Normal
ORD002634,SX00002634,11674,IL01,Delivered,2026-10-02 13:55:08.370837,2026-10-03,1,Normal
ORD002635,SX00002635,17950,TX01,Delivered,2026-10-02 13:56:00.216021,2026-10-04,1,Normal
ORD002636,SX00002636,19122,IL01,Delivered,2026-10-02 13:56:52.061206,2026-10-04,1,Normal
ORD002638,SX00002638,16049,TX01,Delivered,2026-10-02 13:58:35.751575,2026-10-03,1,Normal
ORD002639,SX00002639,11089,NJ01,Delivered,2026-10-02 13:59:27.596759,2026-10-05,1,Normal
ORD002640,SX00002640,14578,NJ01,Delivered,2026-10-02 14:00:19.441944,2026-10-04,1,Normal
ORD002641,SX00002641,19127,NJ01,Delivered,2026-10-02 14:01:11.287128,2026-10-03,1,Normal
ORD002644,SX00002644,11958,TX01,Delivered,2026-10-02 14:03:46.822682,2026-10-05,1,Normal
ORD002645,SX00002645,16344,IL01,Delivered,2026-10-02 14:04:38.667866,2026-10-04,1,Normal
ORD002646,SX00002646,15779,IL01,Delivered,2026-10-02 14:05:30.513051,2026-10-03,1,Normal
ORD002647,SX00002647,16144,IL01,Delivered,2026-10-02 14:06:22.358235,2026-10-04,1,Normal
ORD002649,SX00002649,13830,TX01,Delivered,2026-10-02 14:08:06.048604,2026-10-05,1,Normal
ORD002650,SX00002650,19046,IL01,Delivered,2026-10-02 14:08:57.893789,2026-10-05,1,Normal
ORD002651,SX00002651,18831,IL01,Delivered,2026-10-02 14:09:49.738973,2026-10-03,1,Normal
ORD002652,SX00002652,19794,IL01,Delivered,2026-10-02 14:10:41.584158,2026-10-05,1,Normal
ORD002653,SX00002653,16659,IL01,Delivered,2026-10-02 14:11:33.429342,2026-10-04,1,Normal
ORD002656,SX00002656,15925,IL01,Delivered,2026-10-02 14:14:08.964896,2026-10-05,0,Missing Delivered Event
ORD002658,SX00002658,14628,TX01,Delivered,2026-10-02 14:15:52.655265,2026-10-04,1,Normal
ORD002659,SX00002659,16370,TX01,Delivered,2026-10-02 14:16:44.500450,2026-10-05,1,Normal
ORD002660,SX00002660,19528,IL01,Delivered,2026-10-02 14:17:36.345634,2026-10-04,2,Duplicate Delivered Event
ORD002661,SX00002661,10948,NJ01,Delivered,2026-10-02 14:18:28.190819,2026-10-04,1,Normal
ORD002662,SX00002662,18179,IL01,Delivered,2026-10-02 14:19:20.036003,2026-10-05,1,Normal
ORD002664,SX00002664,10459,TX01,Delivered,2026-10-02 14:21:03.726372,2026-10-04,1,Normal
ORD002667,SX00002667,10392,IL01,Delivered,2026-10-02 14:23:39.261926,2026-10-05,1,Normal
ORD002669,SX00002669,17374,CA01,Delivered,2026-10-02 14:25:22.952295,2026-10-03,1,Normal
ORD002670,SX00002670,11138,IL01,Delivered,2026-10-02 14:26:14.797479,2026-10-05,1,Normal
ORD002671,SX00002671,14741,IL01,Delivered,2026-10-02 14:27:06.642664,2026-10-05,1,Normal
ORD002672,SX00002672,17418,CA01,Delivered,2026-10-02 14:27:58.487848,2026-10-05,1,Normal
ORD002673,SX00002673,16362,NJ01,Delivered,2026-10-02 14:28:50.333033,2026-10-03,1,Normal
ORD002674,SX00002674,12454,TX01,Delivered,2026-10-02 14:29:42.178217,2026-10-05,1,Normal
ORD002676,SX00002676,13674,NJ01,Delivered,2026-10-02 14:31:25.868586,2026-10-03,1,Normal
ORD002677,SX00002677,11377,IL01,Delivered,2026-10-02 14:32:17.713771,2026-10-04,1,Normal
ORD002678,SX00002678,16701,TX01,Delivered,2026-10-02 14:33:09.558955,2026-10-03,1,Normal
ORD002679,SX00002679,12597,IL01,Delivered,2026-10-02 14:34:01.404140,2026-10-04,1,Normal
ORD002680,SX00002680,10141,NJ01,Delivered,2026-10-02 14:34:53.249324,2026-10-03,1,Normal
ORD002682,SX00002682,14596,NJ01,Delivered,2026-10-02 14:36:36.939693,2026-10-04,1,Normal
ORD002683,SX00002683,19031,NJ01,Delivered,2026-10-02 14:37:28.784878,2026-10-04,1,Normal
ORD002686,SX00002686,15626,TX01,Delivered,2026-10-02 14:40:04.320432,2026-10-04,1,Normal
ORD002687,SX00002687,18787,TX01,Delivered,2026-10-02 14:40:56.165616,2026-10-04,1,Normal
ORD002690,SX00002690,16999,NJ01,Delivered,2026-10-02 14:43:31.701170,2026-10-03,1,Normal
ORD002691,SX00002691,14249,CA01,Delivered,2026-10-02 14:44:23.546354,2026-10-04,1,Normal
ORD002692,SX00002692,11750,IL01,Delivered,2026-10-02 14:45:15.391539,2026-10-05,1,Normal
ORD002693,SX00002693,14757,NJ01,Delivered,2026-10-02 14:46:07.236723,2026-10-04,1,Normal
ORD002695,SX00002695,14088,IL01,Delivered,2026-10-02 14:47:50.927092,2026-10-03,1,Normal
ORD002697,SX00002697,17789,NJ01,Delivered,2026-10-02 14:49:34.617461,2026-10-05,1,Normal
ORD002699,SX00002699,19641,NJ01,Delivered,2026-10-02 14:51:18.307830,2026-10-04,1,Normal
ORD002702,SX00002702,15075,TX01,Delivered,2026-10-02 14:53:53.843384,2026-10-03,1,Normal
ORD002703,SX00002703,17230,NJ01,Delivered,2026-10-02 14:54:45.688568,2026-10-05,1,Normal
ORD002704,SX00002704,11531,TX01,Delivered,2026-10-02 14:55:37.533753,2026-10-05,1,Normal
ORD002705,SX00002705,12990,IL01,Delivered,2026-10-02 14:56:29.378937,2026-10-05,1,Normal
ORD002707,SX00002707,14493,NJ01,Delivered,2026-10-02 14:58:13.069306,2026-10-05,1,Normal
ORD002709,SX00002709,10933,NJ01,Delivered,2026-10-02 14:59:56.759675,2026-10-04,1,Normal
ORD002710,SX00002710,11460,TX01,Delivered,2026-10-02 15:00:48.604860,2026-10-04,1,Normal
ORD002711,SX00002711,12723,CA01,Delivered,2026-10-02 15:01:40.450045,2026-10-05,1,Normal
ORD002712,SX00002712,10285,CA01,Delivered,2026-10-02 15:02:32.295229,2026-10-03,1,Normal
ORD002713,SX00002713,10264,TX01,Delivered,2026-10-02 15:03:24.140414,2026-10-05,1,Normal
ORD002716,SX00002716,10040,TX01,Delivered,2026-10-02 15:05:59.675967,2026-10-04,1,Normal
ORD002717,SX00002717,15827,NJ01,Delivered,2026-10-02 15:06:51.521152,2026-10-05,1,Normal
ORD002718,SX00002718,18259,CA01,Delivered,2026-10-02 15:07:43.366336,2026-10-03,1,Normal
ORD002719,SX00002719,10987,IL01,Delivered,2026-10-02 15:08:35.211521,2026-10-03,1,Normal
ORD002720,SX00002720,17804,NJ01,Delivered,2026-10-02 15:09:27.056705,2026-10-03,1,Normal
ORD002721,SX00002721,17789,NJ01,Delivered,2026-10-02 15:10:18.901890,2026-10-05,1,Normal
ORD002723,SX00002723,13198,IL01,Delivered,2026-10-02 15:12:02.592259,2026-10-04,1,Normal
ORD002724,SX00002724,15374,NJ01,Delivered,2026-10-02 15:12:54.437443,2026-10-03,1,Normal
ORD002726,SX00002726,17183,NJ01,Delivered,2026-10-02 15:14:38.127812,2026-10-05,1,Normal
ORD002728,SX00002728,19277,TX01,Delivered,2026-10-02 15:16:21.818181,2026-10-05,1,Normal
ORD002729,SX00002729,12479,IL01,Delivered,2026-10-02 15:17:13.663366,2026-10-05,1,Normal
ORD002730,SX00002730,19885,IL01,Delivered,2026-10-02 15:18:05.508550,2026-10-05,1,Normal
ORD002731,SX00002731,15154,TX01,Delivered,2026-10-02 15:18:57.353735,2026-10-03,1,Normal
ORD002732,SX00002732,10778,TX01,Delivered,2026-10-02 15:19:49.198919,2026-10-03,1,Normal
ORD002733,SX00002733,19777,NJ01,Delivered,2026-10-02 15:20:41.044104,2026-10-05,1,Normal
ORD002734,SX00002734,11492,NJ01,Delivered,2026-10-02 15:21:32.889288,2026-10-05,1,Normal
ORD002735,SX00002735,10660,IL01,Delivered,2026-10-02 15:22:24.734473,2026-10-03,1,Normal
ORD002736,SX00002736,11348,NJ01,Delivered,2026-10-02 15:23:16.579657,2026-10-05,1,Normal
ORD002739,SX00002739,17156,TX01,Delivered,2026-10-02 15:25:52.115211,2026-10-04,1,Normal
ORD002741,SX00002741,17368,NJ01,Delivered,2026-10-02 15:27:35.805580,2026-10-03,1,Normal
ORD002742,SX00002742,13516,TX01,Delivered,2026-10-02 15:28:27.650765,2026-10-03,1,Normal
ORD002743,SX00002743,19250,NJ01,Delivered,2026-10-02 15:29:19.495949,2026-10-03,1,Normal
ORD002746,SX00002746,10727,NJ01,Delivered,2026-10-02 15:31:55.031503,2026-10-03,1,Normal
ORD002747,SX00002747,17468,CA01,Delivered,2026-10-02 15:32:46.876687,2026-10-05,1,Normal
ORD002748,SX00002748,10342,IL01,Delivered,2026-10-02 15:33:38.721872,2026-10-05,1,Normal
ORD002749,SX00002749,11447,IL01,Delivered,2026-10-02 15:34:30.567056,2026-10-05,1,Normal
ORD002750,SX00002750,16581,NJ01,Delivered,2026-10-02 15:35:22.412241,2026-10-04,1,Normal
ORD002751,SX00002751,16317,TX01,Delivered,2026-10-02 15:36:14.257425,2026-10-03,1,Normal
ORD002752,SX00002752,10526,IL01,Delivered,2026-10-02 15:37:06.102610,2026-10-05,1,Normal
ORD002753,SX00002753,16748,IL01,Delivered,2026-10-02 15:37:57.947794,2026-10-05,1,Normal
ORD002755,SX00002755,17986,NJ01,Delivered,2026-10-02 15:39:41.638163,2026-10-03,1,Normal
ORD002756,SX00002756,19765,IL01,Delivered,2026-10-02 15:40:33.483348,2026-10-03,1,Normal
ORD002757,SX00002757,13740,IL01,Delivered,2026-10-02 15:41:25.328532,2026-10-04,1,Normal
ORD002759,SX00002759,11478,NJ01,Delivered,2026-10-02 15:43:09.018901,2026-10-03,1,Normal
ORD002760,SX00002760,10771,CA01,Delivered,2026-10-02 15:44:00.864086,2026-10-04,1,Normal
ORD002761,SX00002761,15525,TX01,Delivered,2026-10-02 15:44:52.709270,2026-10-05,1,Normal
ORD002762,SX00002762,18770,IL01,Delivered,2026-10-02 15:45:44.554455,2026-10-04,1,Normal
ORD002763,SX00002763,10193,NJ01,Delivered,2026-10-02 15:46:36.399639,2026-10-05,1,Normal
ORD002764,SX00002764,12007,NJ01,Delivered,2026-10-02 15:47:28.244824,2026-10-04,1,Normal
ORD002765,SX00002765,11185,IL01,Delivered,2026-10-02 15:48:20.090009,2026-10-05,1,Normal
ORD002766,SX00002766,12394,CA01,Delivered,2026-10-02 15:49:11.935193,2026-10-04,1,Normal
ORD002767,SX00002767,19984,TX01,Delivered,2026-10-02 15:50:03.780378,2026-10-04,1,Normal
ORD002768,SX00002768,19302,IL01,Delivered,2026-10-02 15:50:55.625562,2026-10-03,1,Normal
ORD002771,SX00002771,12261,IL01,Delivered,2026-10-02 15:53:31.161116,2026-10-03,1,Normal
ORD002772,SX00002772,13736,NJ01,Delivered,2026-10-02 15:54:23.006300,2026-10-05,1,Normal
ORD002776,SX00002776,14378,NJ01,Delivered,2026-10-02 15:57:50.387038,2026-10-04,1,Normal
ORD002777,SX00002777,17815,CA01,Delivered,2026-10-02 15:58:42.232223,2026-10-05,1,Normal
ORD002780,SX00002780,19836,IL01,Delivered,2026-10-02 16:01:17.767776,2026-10-03,1,Normal
ORD002783,SX00002783,15410,CA01,Delivered,2026-10-02 16:03:53.303330,2026-10-05,1,Normal
ORD002784,SX00002784,11455,CA01,Delivered,2026-10-02 16:04:45.148514,2026-10-04,1,Normal
ORD002785,SX00002785,16892,TX01,Delivered,2026-10-02 16:05:36.993699,2026-10-04,1,Normal
ORD002786,SX00002786,15808,IL01,Delivered,2026-10-02 16:06:28.838883,2026-10-05,1,Normal
ORD002788,SX00002788,14796,CA01,Delivered,2026-10-02 16:08:12.529252,2026-10-04,1,Normal
ORD002791,SX00002791,14976,NJ01,Delivered,2026-10-02 16:10:48.064806,2026-10-04,1,Normal
ORD002792,SX00002792,19405,IL01,Delivered,2026-10-02 16:11:39.909990,2026-10-04,1,Normal
ORD002793,SX00002793,11159,IL01,Delivered,2026-10-02 16:12:31.755175,2026-10-04,1,Normal
ORD002794,SX00002794,14650,CA01,Delivered,2026-10-02 16:13:23.600360,2026-10-03,1,Normal
ORD002795,SX00002795,14987,CA01,Delivered,2026-10-02 16:14:15.445544,2026-10-04,1,Normal
ORD002796,SX00002796,14697,IL01,Delivered,2026-10-02 16:15:07.290729,2026-10-04,1,Normal
ORD002797,SX00002797,10340,NJ01,Delivered,2026-10-02 16:15:59.135913,2026-10-04,1,Normal
ORD002798,SX00002798,13828,TX01,Delivered,2026-10-02 16:16:50.981098,2026-10-05,1,Normal
ORD002799,SX00002799,11968,TX01,Delivered,2026-10-02 16:17:42.826282,2026-10-05,1,Normal
ORD002800,SX00002800,10703,IL01,Delivered,2026-10-02 16:18:34.671467,2026-10-05,1,Normal
ORD002802,SX00002802,16376,CA01,Delivered,2026-10-02 16:20:18.361836,2026-10-04,1,Normal
ORD002806,SX00002806,14648,CA01,Delivered,2026-10-02 16:23:45.742574,2026-10-04,1,Normal
ORD002808,SX00002808,12866,TX01,Delivered,2026-10-02 16:25:29.432943,2026-10-05,1,Normal
ORD002809,SX00002809,10182,IL01,Delivered,2026-10-02 16:26:21.278127,2026-10-04,1,Normal
ORD002811,SX00002811,15670,NJ01,Delivered,2026-10-02 16:28:04.968496,2026-10-05,1,Normal
ORD002813,SX00002813,15823,CA01,Delivered,2026-10-02 16:29:48.658865,2026-10-04,1,Normal
ORD002814,SX00002814,11517,IL01,Delivered,2026-10-02 16:30:40.504050,2026-10-03,0,Missing Delivered Event
ORD002815,SX00002815,15002,CA01,Delivered,2026-10-02 16:31:32.349234,2026-10-03,1,Normal
ORD002817,SX00002817,13629,IL01,Delivered,2026-10-02 16:33:16.039603,2026-10-05,1,Normal
ORD002819,SX00002819,18210,IL01,Delivered,2026-10-02 16:34:59.729972,2026-10-05,1,Normal
ORD002820,SX00002820,16132,TX01,Delivered,2026-10-02 16:35:51.575157,2026-10-03,1,Normal
ORD002821,SX00002821,19324,NJ01,Delivered,2026-10-02 16:36:43.420342,2026-10-05,1,Normal
ORD002822,SX00002822,16588,IL01,Delivered,2026-10-02 16:37:35.265526,2026-10-04,1,Normal
ORD002823,SX00002823,13311,NJ01,Delivered,2026-10-02 16:38:27.110711,2026-10-05,1,Normal
ORD002824,SX00002824,16048,TX01,Delivered,2026-10-02 16:39:18.955895,2026-10-03,1,Normal
ORD002825,SX00002825,16246,CA01,Delivered,2026-10-02 16:40:10.801080,2026-10-05,1,Normal
ORD002827,SX00002827,13321,NJ01,Delivered,2026-10-02 16:41:54.491449,2026-10-04,1,Normal
ORD002828,SX00002828,14615,IL01,Delivered,2026-10-02 16:42:46.336633,2026-10-05,1,Normal
ORD002829,SX00002829,18365,TX01,Delivered,2026-10-02 16:43:38.181818,2026-10-04,1,Normal
ORD002830,SX00002830,13741,IL01,Delivered,2026-10-02 16:44:30.027002,2026-10-05,1,Normal
ORD002831,SX00002831,13052,TX01,Delivered,2026-10-02 16:45:21.872187,2026-10-05,1,Normal
ORD002832,SX00002832,16574,IL01,Delivered,2026-10-02 16:46:13.717371,2026-10-04,1,Normal
ORD002833,SX00002833,10726,NJ01,Delivered,2026-10-02 16:47:05.562556,2026-10-04,1,Normal
ORD002834,SX00002834,13760,TX01,Delivered,2026-10-02 16:47:57.407740,2026-10-05,1,Normal
ORD002835,SX00002835,15806,TX01,Delivered,2026-10-02 16:48:49.252925,2026-10-05,1,Normal
ORD002836,SX00002836,11875,TX01,Delivered,2026-10-02 16:49:41.098109,2026-10-05,1,Normal
ORD002837,SX00002837,16993,NJ01,Delivered,2026-10-02 16:50:32.943294,2026-10-04,1,Normal
ORD002839,SX00002839,15443,NJ01,Delivered,2026-10-02 16:52:16.633663,2026-10-04,1,Normal
ORD002842,SX00002842,18611,NJ01,Delivered,2026-10-02 16:54:52.169216,2026-10-04,1,Normal
ORD002844,SX00002844,11774,NJ01,Delivered,2026-10-02 16:56:35.859585,2026-10-05,1,Normal
ORD002846,SX00002846,13808,CA01,Delivered,2026-10-02 16:58:19.549954,2026-10-05,1,Normal
ORD002847,SX00002847,10331,TX01,Delivered,2026-10-02 16:59:11.395139,2026-10-05,1,Normal
ORD002848,SX00002848,17922,CA01,Delivered,2026-10-02 17:00:03.240324,2026-10-03,1,Normal
ORD002850,SX00002850,15889,IL01,Delivered,2026-10-02 17:01:46.930693,2026-10-04,1,Normal
ORD002853,SX00002853,14200,NJ01,Delivered,2026-10-02 17:04:22.466246,2026-10-03,1,Normal
ORD002854,SX00002854,10201,CA01,Delivered,2026-10-02 17:05:14.311431,2026-10-04,1,Normal
ORD002855,SX00002855,12497,NJ01,Delivered,2026-10-02 17:06:06.156615,2026-10-04,1,Normal
ORD002856,SX00002856,11842,IL01,Delivered,2026-10-02 17:06:58.001800,2026-10-04,1,Normal
ORD002861,SX00002861,10770,TX01,Delivered,2026-10-02 17:11:17.227722,2026-10-03,1,Normal
ORD002862,SX00002862,13155,IL01,Delivered,2026-10-02 17:12:09.072907,2026-10-04,1,Normal
ORD002865,SX00002865,16031,TX01,Delivered,2026-10-02 17:14:44.608460,2026-10-04,1,Normal
ORD002866,SX00002866,16439,NJ01,Delivered,2026-10-02 17:15:36.453645,2026-10-03,1,Normal
ORD002868,SX00002868,14008,TX01,Delivered,2026-10-02 17:17:20.144014,2026-10-03,1,Normal
ORD002869,SX00002869,12466,NJ01,Delivered,2026-10-02 17:18:11.989198,2026-10-04,1,Normal
ORD002870,SX00002870,12282,IL01,Delivered,2026-10-02 17:19:03.834383,2026-10-05,1,Normal
ORD002874,SX00002874,15476,IL01,Delivered,2026-10-02 17:22:31.215121,2026-10-04,2,Duplicate Delivered Event
ORD002875,SX00002875,19428,IL01,Delivered,2026-10-02 17:23:23.060306,2026-10-05,1,Normal
ORD002876,SX00002876,14669,NJ01,Delivered,2026-10-02 17:24:14.905490,2026-10-04,1,Normal
ORD002878,SX00002878,14318,IL01,Delivered,2026-10-02 17:25:58.595859,2026-10-04,1,Normal
ORD002879,SX00002879,17064,CA01,Delivered,2026-10-02 17:26:50.441044,2026-10-04,1,Normal
ORD002881,SX00002881,11431,IL01,Delivered,2026-10-02 17:28:34.131413,2026-10-03,1,Normal
ORD002883,SX00002883,17461,CA01,Delivered,2026-10-02 17:30:17.821782,2026-10-03,1,Normal
ORD002884,SX00002884,11819,NJ01,Delivered,2026-10-02 17:31:09.666966,2026-10-03,1,Normal
ORD002885,SX00002885,11130,IL01,Delivered,2026-10-02 17:32:01.512151,2026-10-04,1,Normal
ORD002888,SX00002888,13500,IL01,Delivered,2026-10-02 17:34:37.047704,2026-10-04,1,Normal
ORD002889,SX00002889,18566,TX01,Delivered,2026-10-02 17:35:28.892889,2026-10-05,1,Normal
ORD002891,SX00002891,14020,NJ01,Delivered,2026-10-02 17:37:12.583258,2026-10-03,1,Normal
ORD002892,SX00002892,13259,CA01,Delivered,2026-10-02 17:38:04.428442,2026-10-04,1,Normal
ORD002893,SX00002893,11823,IL01,Delivered,2026-10-02 17:38:56.273627,2026-10-03,1,Normal
ORD002895,SX00002895,12242,NJ01,Delivered,2026-10-02 17:40:39.963996,2026-10-03,1,Normal
ORD002896,SX00002896,13243,NJ01,Delivered,2026-10-02 17:41:31.809180,2026-10-04,1,Normal
ORD002898,SX00002898,15160,IL01,Delivered,2026-10-02 17:43:15.499549,2026-10-04,1,Normal
ORD002899,SX00002899,13134,IL01,Delivered,2026-10-02 17:44:07.344734,2026-10-04,1,Normal
ORD002900,SX00002900,12070,IL01,Delivered,2026-10-02 17:44:59.189918,2026-10-05,1,Normal
ORD002903,SX00002903,11635,IL01,Delivered,2026-10-02 17:47:34.725472,2026-10-04,0,Missing Delivered Event
ORD002905,SX00002905,13361,IL01,Delivered,2026-10-02 17:49:18.415841,2026-10-04,0,Missing Delivered Event
ORD002907,SX00002907,17835,IL01,Delivered,2026-10-02 17:51:02.106210,2026-10-03,1,Normal
ORD002909,SX00002909,13267,NJ01,Delivered,2026-10-02 17:52:45.796579,2026-10-03,1,Normal
ORD002910,SX00002910,16564,IL01,Delivered,2026-10-02 17:53:37.641764,2026-10-03,1,Normal
ORD002912,SX00002912,14928,CA01,Delivered,2026-10-02 17:55:21.332133,2026-10-04,1,Normal
ORD002913,SX00002913,12606,NJ01,Delivered,2026-10-02 17:56:13.177317,2026-10-05,1,Normal
ORD002915,SX00002915,13273,IL01,Delivered,2026-10-02 17:57:56.867686,2026-10-03,1,Normal
ORD002916,SX00002916,17611,NJ01,Delivered,2026-10-02 17:58:48.712871,2026-10-05,1,Normal
ORD002918,SX00002918,12011,IL01,Delivered,2026-10-02 18:00:32.403240,2026-10-03,1,Normal
ORD002919,SX00002919,11442,IL01,Delivered,2026-10-02 18:01:24.248424,2026-10-03,1,Normal
ORD002922,SX00002922,18767,NJ01,Delivered,2026-10-02 18:03:59.783978,2026-10-03,1,Normal
ORD002923,SX00002923,16468,IL01,Delivered,2026-10-02 18:04:51.629162,2026-10-03,1,Normal
ORD002925,SX00002925,13699,NJ01,Delivered,2026-10-02 18:06:35.319531,2026-10-05,1,Normal
ORD002926,SX00002926,19655,TX01,Delivered,2026-10-02 18:07:27.164716,2026-10-04,1,Normal
ORD002928,SX00002928,15744,TX01,Delivered,2026-10-02 18:09:10.855085,2026-10-03,1,Normal
ORD002929,SX00002929,11900,TX01,Delivered,2026-10-02 18:10:02.700270,2026-10-03,1,Normal
ORD002930,SX00002930,19649,TX01,Delivered,2026-10-02 18:10:54.545454,2026-10-03,1,Normal
ORD002931,SX00002931,16980,TX01,Delivered,2026-10-02 18:11:46.390639,2026-10-03,1,Normal
ORD002932,SX00002932,17069,NJ01,Delivered,2026-10-02 18:12:38.235823,2026-10-04,1,Normal
ORD002933,SX00002933,19591,IL01,Delivered,2026-10-02 18:13:30.081008,2026-10-03,1,Normal
ORD002936,SX00002936,16218,NJ01,Delivered,2026-10-02 18:16:05.616561,2026-10-03,1,Normal
ORD002937,SX00002937,14652,IL01,Delivered,2026-10-02 18:16:57.461746,2026-10-04,1,Normal
ORD002939,SX00002939,17833,CA01,Delivered,2026-10-02 18:18:41.152115,2026-10-05,1,Normal
ORD002940,SX00002940,19370,IL01,Delivered,2026-10-02 18:19:32.997299,2026-10-04,1,Normal
ORD002942,SX00002942,14458,IL01,Delivered,2026-10-02 18:21:16.687668,2026-10-04,1,Normal
ORD002943,SX00002943,16591,CA01,Delivered,2026-10-02 18:22:08.532853,2026-10-05,1,Normal
ORD002945,SX00002945,12309,NJ01,Delivered,2026-10-02 18:23:52.223222,2026-10-05,1,Normal
ORD002946,SX00002946,16268,NJ01,Delivered,2026-10-02 18:24:44.068406,2026-10-03,1,Normal
ORD002947,SX00002947,10910,IL01,Delivered,2026-10-02 18:25:35.913591,2026-10-04,1,Normal
ORD002948,SX00002948,14340,CA01,Delivered,2026-10-02 18:26:27.758775,2026-10-03,1,Normal
ORD002951,SX00002951,12169,CA01,Delivered,2026-10-02 18:29:03.294329,2026-10-03,1,Normal
ORD002952,SX00002952,12172,CA01,Delivered,2026-10-02 18:29:55.139513,2026-10-04,1,Normal
ORD002954,SX00002954,16313,IL01,Delivered,2026-10-02 18:31:38.829882,2026-10-03,1,Normal
ORD002955,SX00002955,18315,TX01,Delivered,2026-10-02 18:32:30.675067,2026-10-04,1,Normal
ORD002956,SX00002956,18036,NJ01,Delivered,2026-10-02 18:33:22.520252,2026-10-05,1,Normal
ORD002957,SX00002957,16789,CA01,Delivered,2026-10-02 18:34:14.365436,2026-10-04,1,Normal
ORD002958,SX00002958,10785,CA01,Delivered,2026-10-02 18:35:06.210621,2026-10-03,1,Normal
ORD002959,SX00002959,16139,IL01,Delivered,2026-10-02 18:35:58.055805,2026-10-04,1,Normal
ORD002962,SX00002962,18988,NJ01,Delivered,2026-10-02 18:38:33.591359,2026-10-05,1,Normal
ORD002963,SX00002963,14154,IL01,Delivered,2026-10-02 18:39:25.436543,2026-10-04,0,Missing Delivered Event
ORD002964,SX00002964,15619,CA01,Delivered,2026-10-02 18:40:17.281728,2026-10-05,1,Normal
ORD002965,SX00002965,11936,NJ01,Delivered,2026-10-02 18:41:09.126912,2026-10-04,1,Normal
ORD002966,SX00002966,13807,NJ01,Delivered,2026-10-02 18:42:00.972097,2026-10-03,1,Normal
ORD002967,SX00002967,17151,CA01,Delivered,2026-10-02 18:42:52.817281,2026-10-03,1,Normal
ORD002968,SX00002968,19493,NJ01,Delivered,2026-10-02 18:43:44.662466,2026-10-04,1,Normal
ORD002969,SX00002969,13236,NJ01,Delivered,2026-10-02 18:44:36.507650,2026-10-04,1,Normal
ORD002971,SX00002971,11932,TX01,Delivered,2026-10-02 18:46:20.198019,2026-10-03,1,Normal
ORD002972,SX00002972,18556,CA01,Delivered,2026-10-02 18:47:12.043204,2026-10-04,1,Normal
ORD002973,SX00002973,14916,CA01,Delivered,2026-10-02 18:48:03.888388,2026-10-03,1,Normal
ORD002974,SX00002974,15498,IL01,Delivered,2026-10-02 18:48:55.733573,2026-10-04,1,Normal
ORD002976,SX00002976,19569,IL01,Delivered,2026-10-02 18:50:39.423942,2026-10-04,0,Missing Delivered Event
ORD002978,SX00002978,17730,IL01,Delivered,2026-10-02 18:52:23.114311,2026-10-05,1,Normal
ORD002980,SX00002980,10340,IL01,Delivered,2026-10-02 18:54:06.804680,2026-10-04,1,Normal
ORD002981,SX00002981,10382,IL01,Delivered,2026-10-02 18:54:58.649864,2026-10-05,1,Normal
ORD002982,SX00002982,19748,IL01,Delivered,2026-10-02 18:55:50.495049,2026-10-04,1,Normal
ORD002983,SX00002983,18491,IL01,Delivered,2026-10-02 18:56:42.340234,2026-10-04,1,Normal
ORD002984,SX00002984,10138,NJ01,Delivered,2026-10-02 18:57:34.185418,2026-10-04,1,Normal
ORD002985,SX00002985,10358,IL01,Delivered,2026-10-02 18:58:26.030603,2026-10-05,1,Normal
ORD002987,SX00002987,19714,IL01,Delivered,2026-10-02 19:00:09.720972,2026-10-05,1,Normal
ORD002988,SX00002988,13456,TX01,Delivered,2026-10-02 19:01:01.566156,2026-10-03,1,Normal
ORD002989,SX00002989,11627,TX01,Delivered,2026-10-02 19:01:53.411341,2026-10-05,1,Normal
ORD002990,SX00002990,19495,IL01,Delivered,2026-10-02 19:02:45.256525,2026-10-04,1,Normal
ORD002991,SX00002991,16626,TX01,Delivered,2026-10-02 19:03:37.101710,2026-10-04,1,Normal
ORD002992,SX00002992,15004,NJ01,Delivered,2026-10-02 19:04:28.946894,2026-10-04,1,Normal
ORD002993,SX00002993,19326,IL01,Delivered,2026-10-02 19:05:20.792079,2026-10-05,1,Normal
ORD002995,SX00002995,16416,IL01,Delivered,2026-10-02 19:07:04.482448,2026-10-03,1,Normal
ORD002996,SX00002996,13170,TX01,Delivered,2026-10-02 19:07:56.327632,2026-10-05,1,Normal
ORD002997,SX00002997,13835,IL01,Delivered,2026-10-02 19:08:48.172817,2026-10-03,1,Normal
ORD002998,SX00002998,18017,CA01,Delivered,2026-10-02 19:09:40.018001,2026-10-05,1,Normal
ORD002999,SX00002999,12151,IL01,Delivered,2026-10-02 19:10:31.863186,2026-10-04,1,Normal
ORD003000,SX00003000,19429,NJ01,Delivered,2026-10-02 19:11:23.708370,2026-10-05,1,Normal
ORD003001,SX00003001,16905,CA01,Delivered,2026-10-02 19:12:15.553555,2026-10-04,1,Normal
ORD003002,SX00003002,12834,IL01,Delivered,2026-10-02 19:13:07.398739,2026-10-05,1,Normal
ORD003003,SX00003003,19190,NJ01,Delivered,2026-10-02 19:13:59.243924,2026-10-03,1,Normal
ORD003004,SX00003004,12567,IL01,Delivered,2026-10-02 19:14:51.089108,2026-10-05,1,Normal
ORD003005,SX00003005,11307,NJ01,Delivered,2026-10-02 19:15:42.934293,2026-10-04,1,Normal
ORD003006,SX00003006,18848,IL01,Delivered,2026-10-02 19:16:34.779477,2026-10-05,1,Normal
ORD003007,SX00003007,12660,IL01,Delivered,2026-10-02 19:17:26.624662,2026-10-03,1,Normal
ORD003010,SX00003010,13162,NJ01,Delivered,2026-10-02 19:20:02.160216,2026-10-03,1,Normal
ORD003011,SX00003011,11140,IL01,Delivered,2026-10-02 19:20:54.005400,2026-10-05,1,Normal
ORD003012,SX00003012,18458,IL01,Delivered,2026-10-02 19:21:45.850585,2026-10-03,1,Normal
ORD003013,SX00003013,11708,NJ01,Delivered,2026-10-02 19:22:37.695769,2026-10-05,1,Normal
ORD003015,SX00003015,13211,IL01,Delivered,2026-10-02 19:24:21.386138,2026-10-05,1,Normal
ORD003017,SX00003017,19702,IL01,Delivered,2026-10-02 19:26:05.076507,2026-10-03,0,Missing Delivered Event
ORD003021,SX00003021,11207,NJ01,Delivered,2026-10-02 19:29:32.457245,2026-10-04,1,Normal
ORD003023,SX00003023,10557,IL01,Delivered,2026-10-02 19:31:16.147614,2026-10-03,1,Normal
ORD003025,SX00003025,14761,IL01,Delivered,2026-10-02 19:32:59.837983,2026-10-05,1,Normal
ORD003026,SX00003026,15867,NJ01,Delivered,2026-10-02 19:33:51.683168,2026-10-05,1,Normal
ORD003030,SX00003030,15347,TX01,Delivered,2026-10-02 19:37:19.063906,2026-10-05,1,Normal
ORD003033,SX00003033,18125,NJ01,Delivered,2026-10-02 19:39:54.599459,2026-10-04,1,Normal
ORD003035,SX00003035,14494,NJ01,Delivered,2026-10-02 19:41:38.289828,2026-10-04,1,Normal
ORD003036,SX00003036,11946,TX01,Delivered,2026-10-02 19:42:30.135013,2026-10-05,1,Normal
ORD003037,SX00003037,12808,TX01,Delivered,2026-10-02 19:43:21.980198,2026-10-04,1,Normal
ORD003038,SX00003038,16642,IL01,Delivered,2026-10-02 19:44:13.825382,2026-10-03,1,Normal
ORD003039,SX00003039,13825,NJ01,Delivered,2026-10-02 19:45:05.670567,2026-10-04,1,Normal
ORD003040,SX00003040,13536,NJ01,Delivered,2026-10-02 19:45:57.515751,2026-10-04,1,Normal
ORD003041,SX00003041,16068,TX01,Delivered,2026-10-02 19:46:49.360936,2026-10-05,1,Normal
ORD003042,SX00003042,13802,TX01,Delivered,2026-10-02 19:47:41.206120,2026-10-04,1,Normal
ORD003043,SX00003043,14699,CA01,Delivered,2026-10-02 19:48:33.051305,2026-10-03,1,Normal
ORD003044,SX00003044,11970,IL01,Delivered,2026-10-02 19:49:24.896489,2026-10-03,1,Normal
ORD003045,SX00003045,15806,NJ01,Delivered,2026-10-02 19:50:16.741674,2026-10-05,1,Normal
ORD003046,SX00003046,16142,IL01,Delivered,2026-10-02 19:51:08.586858,2026-10-05,1,Normal
ORD003049,SX00003049,10364,CA01,Delivered,2026-10-02 19:53:44.122412,2026-10-04,1,Normal
ORD003050,SX00003050,14258,IL01,Delivered,2026-10-02 19:54:35.967596,2026-10-03,1,Normal
ORD003051,SX00003051,13119,IL01,Delivered,2026-10-02 19:55:27.812781,2026-10-03,2,Duplicate Delivered Event
ORD003052,SX00003052,11863,IL01,Delivered,2026-10-02 19:56:19.657965,2026-10-05,0,Missing Delivered Event
ORD003054,SX00003054,17084,IL01,Delivered,2026-10-02 19:58:03.348334,2026-10-04,1,Normal
ORD003055,SX00003055,18016,IL01,Delivered,2026-10-02 19:58:55.193519,2026-10-04,1,Normal
ORD003056,SX00003056,12384,IL01,Delivered,2026-10-02 19:59:47.038703,2026-10-04,1,Normal
ORD003058,SX00003058,17742,CA01,Delivered,2026-10-02 20:01:30.729072,2026-10-03,1,Normal
ORD003059,SX00003059,15442,IL01,Delivered,2026-10-02 20:02:22.574257,2026-10-04,1,Normal
ORD003060,SX00003060,12490,NJ01,Delivered,2026-10-02 20:03:14.419441,2026-10-03,1,Normal
ORD003061,SX00003061,16980,IL01,Delivered,2026-10-02 20:04:06.264626,2026-10-03,1,Normal
ORD003063,SX00003063,17661,TX01,Delivered,2026-10-02 20:05:49.954995,2026-10-04,1,Normal
ORD003064,SX00003064,11724,IL01,Delivered,2026-10-02 20:06:41.800180,2026-10-03,1,Normal
ORD003065,SX00003065,18182,IL01,Delivered,2026-10-02 20:07:33.645364,2026-10-05,1,Normal
ORD003066,SX00003066,12767,TX01,Delivered,2026-10-02 20:08:25.490549,2026-10-04,1,Normal
ORD003067,SX00003067,11137,IL01,Delivered,2026-10-02 20:09:17.335733,2026-10-05,1,Normal
ORD003068,SX00003068,14117,NJ01,Delivered,2026-10-02 20:10:09.180918,2026-10-03,1,Normal
ORD003069,SX00003069,13420,IL01,Delivered,2026-10-02 20:11:01.026102,2026-10-05,1,Normal
ORD003070,SX00003070,15845,IL01,Delivered,2026-10-02 20:11:52.871287,2026-10-03,1,Normal
ORD003071,SX00003071,14778,TX01,Delivered,2026-10-02 20:12:44.716471,2026-10-05,1,Normal
ORD003075,SX00003075,15929,NJ01,Delivered,2026-10-02 20:16:12.097209,2026-10-03,1,Normal
ORD003076,SX00003076,10276,NJ01,Delivered,2026-10-02 20:17:03.942394,2026-10-03,1,Normal
ORD003077,SX00003077,11999,NJ01,Delivered,2026-10-02 20:17:55.787578,2026-10-04,1,Normal
ORD003078,SX00003078,11227,TX01,Delivered,2026-10-02 20:18:47.632763,2026-10-03,1,Normal
ORD003082,SX00003082,19501,IL01,Delivered,2026-10-02 20:22:15.013501,2026-10-05,1,Normal
ORD003085,SX00003085,17470,IL01,Delivered,2026-10-02 20:24:50.549054,2026-10-04,1,Normal
ORD003086,SX00003086,17537,CA01,Delivered,2026-10-02 20:25:42.394239,2026-10-05,1,Normal
ORD003087,SX00003087,12841,IL01,Delivered,2026-10-02 20:26:34.239423,2026-10-05,1,Normal
ORD003088,SX00003088,14208,IL01,Delivered,2026-10-02 20:27:26.084608,2026-10-04,1,Normal
ORD003090,SX00003090,11088,CA01,Delivered,2026-10-02 20:29:09.774977,2026-10-05,1,Normal
ORD003091,SX00003091,13363,CA01,Delivered,2026-10-02 20:30:01.620162,2026-10-03,1,Normal
ORD003092,SX00003092,10024,NJ01,Delivered,2026-10-02 20:30:53.465346,2026-10-03,1,Normal
ORD003093,SX00003093,19764,IL01,Delivered,2026-10-02 20:31:45.310531,2026-10-04,1,Normal
ORD003094,SX00003094,16144,CA01,Delivered,2026-10-02 20:32:37.155715,2026-10-04,1,Normal
ORD003096,SX00003096,14236,IL01,Delivered,2026-10-02 20:34:20.846084,2026-10-04,1,Normal
ORD003099,SX00003099,12235,IL01,Delivered,2026-10-02 20:36:56.381638,2026-10-05,1,Normal
ORD003101,SX00003101,18392,NJ01,Delivered,2026-10-02 20:38:40.072007,2026-10-03,1,Normal
ORD003102,SX00003102,18448,IL01,Delivered,2026-10-02 20:39:31.917191,2026-10-04,1,Normal
ORD003103,SX00003103,13747,IL01,Delivered,2026-10-02 20:40:23.762376,2026-10-04,1,Normal
ORD003104,SX00003104,13175,NJ01,Delivered,2026-10-02 20:41:15.607560,2026-10-05,1,Normal
ORD003105,SX00003105,14897,IL01,Delivered,2026-10-02 20:42:07.452745,2026-10-05,1,Normal
ORD003107,SX00003107,17427,NJ01,Delivered,2026-10-02 20:43:51.143114,2026-10-03,1,Normal
ORD003108,SX00003108,18605,CA01,Delivered,2026-10-02 20:44:42.988298,2026-10-05,1,Normal
ORD003111,SX00003111,11098,TX01,Delivered,2026-10-02 20:47:18.523852,2026-10-05,1,Normal
ORD003112,SX00003112,13426,TX01,Delivered,2026-10-02 20:48:10.369036,2026-10-05,1,Normal
ORD003113,SX00003113,13655,IL01,Delivered,2026-10-02 20:49:02.214221,2026-10-05,1,Normal
ORD003114,SX00003114,17938,CA01,Delivered,2026-10-02 20:49:54.059405,2026-10-03,1,Normal
ORD003115,SX00003115,19101,NJ01,Delivered,2026-10-02 20:50:45.904590,2026-10-03,1,Normal
ORD003117,SX00003117,15409,IL01,Delivered,2026-10-02 20:52:29.594959,2026-10-04,1,Normal
ORD003118,SX00003118,12092,TX01,Delivered,2026-10-02 20:53:21.440144,2026-10-04,1,Normal
ORD003120,SX00003120,15242,IL01,Delivered,2026-10-02 20:55:05.130513,2026-10-05,1,Normal
ORD003121,SX00003121,18549,TX01,Delivered,2026-10-02 20:55:56.975697,2026-10-03,1,Normal
ORD003122,SX00003122,15647,CA01,Delivered,2026-10-02 20:56:48.820882,2026-10-05,1,Normal
ORD003126,SX00003126,17547,NJ01,Delivered,2026-10-02 21:00:16.201620,2026-10-05,1,Normal
ORD003128,SX00003128,17355,NJ01,Delivered,2026-10-02 21:01:59.891989,2026-10-03,1,Normal
ORD003129,SX00003129,16465,IL01,Delivered,2026-10-02 21:02:51.737173,2026-10-04,1,Normal
ORD003130,SX00003130,11497,CA01,Delivered,2026-10-02 21:03:43.582358,2026-10-03,1,Normal
ORD003131,SX00003131,12555,NJ01,Delivered,2026-10-02 21:04:35.427542,2026-10-04,1,Normal
ORD003132,SX00003132,15409,IL01,Delivered,2026-10-02 21:05:27.272727,2026-10-04,1,Normal
ORD003133,SX00003133,12951,CA01,Delivered,2026-10-02 21:06:19.117911,2026-10-04,1,Normal
ORD003134,SX00003134,11238,IL01,Delivered,2026-10-02 21:07:10.963096,2026-10-04,1,Normal
ORD003135,SX00003135,19165,IL01,Delivered,2026-10-02 21:08:02.808280,2026-10-04,1,Normal
ORD003138,SX00003138,15686,NJ01,Delivered,2026-10-02 21:10:38.343834,2026-10-04,1,Normal
ORD003139,SX00003139,19242,IL01,Delivered,2026-10-02 21:11:30.189018,2026-10-04,2,Duplicate Delivered Event
ORD003140,SX00003140,13701,IL01,Delivered,2026-10-02 21:12:22.034203,2026-10-05,1,Normal
ORD003141,SX00003141,12780,IL01,Delivered,2026-10-02 21:13:13.879387,2026-10-05,1,Normal
ORD003143,SX00003143,11588,NJ01,Delivered,2026-10-02 21:14:57.569756,2026-10-05,1,Normal
ORD003144,SX00003144,12368,IL01,Delivered,2026-10-02 21:15:49.414941,2026-10-04,1,Normal
ORD003145,SX00003145,15789,IL01,Delivered,2026-10-02 21:16:41.260126,2026-10-03,1,Normal
ORD003147,SX00003147,12828,CA01,Delivered,2026-10-02 21:18:24.950495,2026-10-05,1,Normal
ORD003148,SX00003148,11556,NJ01,Delivered,2026-10-02 21:19:16.795679,2026-10-03,1,Normal
ORD003149,SX00003149,17570,TX01,Delivered,2026-10-02 21:20:08.640864,2026-10-05,1,Normal
ORD003152,SX00003152,10182,IL01,Delivered,2026-10-02 21:22:44.176417,2026-10-05,1,Normal
ORD003157,SX00003157,17651,IL01,Delivered,2026-10-02 21:27:03.402340,2026-10-03,1,Normal
ORD003158,SX00003158,15575,NJ01,Delivered,2026-10-02 21:27:55.247524,2026-10-05,1,Normal
ORD003160,SX00003160,19779,CA01,Delivered,2026-10-02 21:29:38.937893,2026-10-03,1,Normal
ORD003162,SX00003162,10159,TX01,Delivered,2026-10-02 21:31:22.628262,2026-10-03,1,Normal
ORD003163,SX00003163,16555,IL01,Delivered,2026-10-02 21:32:14.473447,2026-10-05,2,Duplicate Delivered Event
ORD003164,SX00003164,19203,TX01,Delivered,2026-10-02 21:33:06.318631,2026-10-03,1,Normal
ORD003166,SX00003166,16846,IL01,Delivered,2026-10-02 21:34:50.009000,2026-10-03,1,Normal
ORD003167,SX00003167,12307,TX01,Delivered,2026-10-02 21:35:41.854185,2026-10-04,1,Normal
ORD003170,SX00003170,15590,IL01,Delivered,2026-10-02 21:38:17.389738,2026-10-04,1,Normal
ORD003171,SX00003171,16919,TX01,Delivered,2026-10-02 21:39:09.234923,2026-10-05,1,Normal
ORD003172,SX00003172,15585,CA01,Delivered,2026-10-02 21:40:01.080108,2026-10-03,1,Normal
ORD003174,SX00003174,16046,NJ01,Delivered,2026-10-02 21:41:44.770477,2026-10-05,1,Normal
ORD003175,SX00003175,14945,NJ01,Delivered,2026-10-02 21:42:36.615661,2026-10-04,1,Normal
ORD003176,SX00003176,17927,IL01,Delivered,2026-10-02 21:43:28.460846,2026-10-05,1,Normal
ORD003177,SX00003177,17016,NJ01,Delivered,2026-10-02 21:44:20.306030,2026-10-05,1,Normal
ORD003178,SX00003178,17758,TX01,Delivered,2026-10-02 21:45:12.151215,2026-10-03,1,Normal
ORD003179,SX00003179,15086,CA01,Delivered,2026-10-02 21:46:03.996399,2026-10-03,1,Normal
ORD003181,SX00003181,17161,NJ01,Delivered,2026-10-02 21:47:47.686768,2026-10-04,1,Normal
ORD003182,SX00003182,11884,TX01,Delivered,2026-10-02 21:48:39.531953,2026-10-04,1,Normal
ORD003183,SX00003183,11809,TX01,Delivered,2026-10-02 21:49:31.377137,2026-10-03,1,Normal
ORD003185,SX00003185,16352,IL01,Delivered,2026-10-02 21:51:15.067506,2026-10-03,1,Normal
ORD003186,SX00003186,19009,NJ01,Delivered,2026-10-02 21:52:06.912691,2026-10-04,1,Normal
ORD003187,SX00003187,16056,TX01,Delivered,2026-10-02 21:52:58.757875,2026-10-03,1,Normal
ORD003188,SX00003188,12437,NJ01,Delivered,2026-10-02 21:53:50.603060,2026-10-05,1,Normal
ORD003190,SX00003190,19080,IL01,Delivered,2026-10-02 21:55:34.293429,2026-10-05,1,Normal
ORD003191,SX00003191,15951,CA01,Delivered,2026-10-02 21:56:26.138613,2026-10-03,1,Normal
ORD003193,SX00003193,18859,TX01,Delivered,2026-10-02 21:58:09.828982,2026-10-03,1,Normal
ORD003194,SX00003194,17818,IL01,Delivered,2026-10-02 21:59:01.674167,2026-10-04,1,Normal
ORD003195,SX00003195,14728,IL01,Delivered,2026-10-02 21:59:53.519351,2026-10-03,1,Normal
ORD003196,SX00003196,12624,TX01,Delivered,2026-10-02 22:00:45.364536,2026-10-04,1,Normal
ORD003197,SX00003197,15738,CA01,Delivered,2026-10-02 22:01:37.209720,2026-10-04,1,Normal
ORD003198,SX00003198,14232,IL01,Delivered,2026-10-02 22:02:29.054905,2026-10-04,1,Normal
ORD003200,SX00003200,14523,IL01,Delivered,2026-10-02 22:04:12.745274,2026-10-03,0,Missing Delivered Event
ORD003201,SX00003201,15571,IL01,Delivered,2026-10-02 22:05:04.590459,2026-10-03,1,Normal
ORD003202,SX00003202,19010,IL01,Delivered,2026-10-02 22:05:56.435643,2026-10-04,1,Normal
ORD003203,SX00003203,19298,TX01,Delivered,2026-10-02 22:06:48.280828,2026-10-05,1,Normal
ORD003205,SX00003205,18389,IL01,Delivered,2026-10-02 22:08:31.971197,2026-10-03,1,Normal
ORD003207,SX00003207,18662,IL01,Delivered,2026-10-02 22:10:15.661566,2026-10-04,1,Normal
ORD003208,SX00003208,16361,IL01,Delivered,2026-10-02 22:11:07.506750,2026-10-04,1,Normal
ORD003209,SX00003209,11948,IL01,Delivered,2026-10-02 22:11:59.351935,2026-10-04,1,Normal
ORD003210,SX00003210,17094,NJ01,Delivered,2026-10-02 22:12:51.197119,2026-10-03,1,Normal
ORD003211,SX00003211,16318,IL01,Delivered,2026-10-02 22:13:43.042304,2026-10-04,1,Normal
ORD003213,SX00003213,10234,IL01,Delivered,2026-10-02 22:15:26.732673,2026-10-03,1,Normal
ORD003215,SX00003215,13607,IL01,Delivered,2026-10-02 22:17:10.423042,2026-10-05,1,Normal
ORD003216,SX00003216,18043,CA01,Delivered,2026-10-02 22:18:02.268226,2026-10-03,1,Normal
ORD003217,SX00003217,10522,TX01,Delivered,2026-10-02 22:18:54.113411,2026-10-04,1,Normal
ORD003218,SX00003218,15904,CA01,Delivered,2026-10-02 22:19:45.958595,2026-10-04,1,Normal
ORD003220,SX00003220,19821,IL01,Delivered,2026-10-02 22:21:29.648964,2026-10-03,1,Normal
ORD003222,SX00003222,17122,IL01,Delivered,2026-10-02 22:23:13.339333,2026-10-04,1,Normal
ORD003225,SX00003225,11124,IL01,Delivered,2026-10-02 22:25:48.874887,2026-10-03,1,Normal
ORD003226,SX00003226,15621,NJ01,Delivered,2026-10-02 22:26:40.720072,2026-10-03,1,Normal
ORD003227,SX00003227,15423,NJ01,Delivered,2026-10-02 22:27:32.565256,2026-10-03,1,Normal
ORD003228,SX00003228,12587,CA01,Delivered,2026-10-02 22:28:24.410441,2026-10-04,1,Normal
ORD003229,SX00003229,19215,IL01,Delivered,2026-10-02 22:29:16.255625,2026-10-04,1,Normal
ORD003230,SX00003230,15672,NJ01,Delivered,2026-10-02 22:30:08.100810,2026-10-03,1,Normal
ORD003231,SX00003231,11378,IL01,Delivered,2026-10-02 22:30:59.945994,2026-10-05,2,Duplicate Delivered Event
ORD003233,SX00003233,11519,NJ01,Delivered,2026-10-02 22:32:43.636363,2026-10-05,1,Normal
ORD003235,SX00003235,17935,IL01,Delivered,2026-10-02 22:34:27.326732,2026-10-04,2,Duplicate Delivered Event
ORD003236,SX00003236,16093,TX01,Delivered,2026-10-02 22:35:19.171917,2026-10-05,1,Normal
ORD003237,SX00003237,18418,IL01,Delivered,2026-10-02 22:36:11.017101,2026-10-04,0,Missing Delivered Event
ORD003238,SX00003238,15355,NJ01,Delivered,2026-10-02 22:37:02.862286,2026-10-05,1,Normal
ORD003241,SX00003241,15574,NJ01,Delivered,2026-10-02 22:39:38.397839,2026-10-05,1,Normal
ORD003243,SX00003243,12257,IL01,Delivered,2026-10-02 22:41:22.088208,2026-10-03,1,Normal
ORD003245,SX00003245,14424,NJ01,Delivered,2026-10-02 22:43:05.778577,2026-10-04,1,Normal
ORD003248,SX00003248,12005,TX01,Delivered,2026-10-02 22:45:41.314131,2026-10-04,1,Normal
ORD003249,SX00003249,12016,IL01,Delivered,2026-10-02 22:46:33.159315,2026-10-04,1,Normal
ORD003250,SX00003250,19388,TX01,Delivered,2026-10-02 22:47:25.004500,2026-10-04,1,Normal
ORD003251,SX00003251,11772,IL01,Delivered,2026-10-02 22:48:16.849684,2026-10-03,1,Normal
ORD003255,SX00003255,18967,TX01,Delivered,2026-10-02 22:51:44.230423,2026-10-04,1,Normal
ORD003256,SX00003256,17430,NJ01,Delivered,2026-10-02 22:52:36.075607,2026-10-04,1,Normal
ORD003257,SX00003257,17170,NJ01,Delivered,2026-10-02 22:53:27.920792,2026-10-03,1,Normal
ORD003259,SX00003259,19131,IL01,Delivered,2026-10-02 22:55:11.611161,2026-10-04,1,Normal
ORD003260,SX00003260,13220,TX01,Delivered,2026-10-02 22:56:03.456345,2026-10-05,1,Normal
ORD003261,SX00003261,10539,IL01,Delivered,2026-10-02 22:56:55.301530,2026-10-03,0,Missing Delivered Event
ORD003262,SX00003262,11461,NJ01,Delivered,2026-10-02 22:57:47.146714,2026-10-05,1,Normal
ORD003263,SX00003263,15184,TX01,Delivered,2026-10-02 22:58:38.991899,2026-10-04,1,Normal
ORD003264,SX00003264,18547,IL01,Delivered,2026-10-02 22:59:30.837083,2026-10-04,1,Normal
ORD003266,SX00003266,11548,NJ01,Delivered,2026-10-02 23:01:14.527452,2026-10-04,1,Normal
ORD003268,SX00003268,14213,IL01,Delivered,2026-10-02 23:02:58.217821,2026-10-04,1,Normal
ORD003270,SX00003270,16708,IL01,Delivered,2026-10-02 23:04:41.908190,2026-10-03,1,Normal
ORD003273,SX00003273,13748,CA01,Delivered,2026-10-02 23:07:17.443744,2026-10-05,1,Normal
ORD003275,SX00003275,11815,CA01,Delivered,2026-10-02 23:09:01.134113,2026-10-04,1,Normal
ORD003277,SX00003277,18016,IL01,Delivered,2026-10-02 23:10:44.824482,2026-10-03,1,Normal
ORD003280,SX00003280,10674,IL01,Delivered,2026-10-02 23:13:20.360036,2026-10-03,1,Normal
ORD003281,SX00003281,18088,IL01,Delivered,2026-10-02 23:14:12.205220,2026-10-03,1,Normal
ORD003285,SX00003285,12064,TX01,Delivered,2026-10-02 23:17:39.585958,2026-10-04,1,Normal
ORD003286,SX00003286,13253,NJ01,Delivered,2026-10-02 23:18:31.431143,2026-10-03,1,Normal
ORD003287,SX00003287,14979,TX01,Delivered,2026-10-02 23:19:23.276327,2026-10-05,1,Normal
ORD003288,SX00003288,17703,IL01,Delivered,2026-10-02 23:20:15.121512,2026-10-03,1,Normal
ORD003289,SX00003289,18931,TX01,Delivered,2026-10-02 23:21:06.966696,2026-10-04,1,Normal
ORD003290,SX00003290,11401,IL01,Delivered,2026-10-02 23:21:58.811881,2026-10-03,1,Normal
ORD003291,SX00003291,13259,IL01,Delivered,2026-10-02 23:22:50.657065,2026-10-04,1,Normal
ORD003292,SX00003292,13923,NJ01,Delivered,2026-10-02 23:23:42.502250,2026-10-03,1,Normal
ORD003293,SX00003293,14214,NJ01,Delivered,2026-10-02 23:24:34.347434,2026-10-03,1,Normal
ORD003295,SX00003295,12745,IL01,Delivered,2026-10-02 23:26:18.037803,2026-10-03,1,Normal
ORD003296,SX00003296,16091,IL01,Delivered,2026-10-02 23:27:09.882988,2026-10-04,1,Normal
ORD003297,SX00003297,13866,NJ01,Delivered,2026-10-02 23:28:01.728172,2026-10-03,1,Normal
ORD003298,SX00003298,15818,NJ01,Delivered,2026-10-02 23:28:53.573357,2026-10-03,1,Normal
ORD003300,SX00003300,12792,NJ01,Delivered,2026-10-02 23:30:37.263726,2026-10-04,1,Normal
ORD003302,SX00003302,14063,IL01,Delivered,2026-10-02 23:32:20.954095,2026-10-03,1,Normal
ORD003304,SX00003304,18224,CA01,Delivered,2026-10-02 23:34:04.644464,2026-10-05,1,Normal
ORD003305,SX00003305,16198,TX01,Delivered,2026-10-02 23:34:56.489648,2026-10-04,1,Normal
ORD003307,SX00003307,12566,NJ01,Delivered,2026-10-02 23:36:40.180018,2026-10-04,1,Normal
ORD003309,SX00003309,13709,NJ01,Delivered,2026-10-02 23:38:23.870387,2026-10-03,1,Normal
ORD003313,SX00003313,14579,NJ01,Delivered,2026-10-02 23:41:51.251125,2026-10-05,1,Normal
ORD003314,SX00003314,10972,IL01,Delivered,2026-10-02 23:42:43.096309,2026-10-04,1,Normal
ORD003317,SX00003317,14402,TX01,Delivered,2026-10-02 23:45:18.631863,2026-10-04,1,Normal
ORD003318,SX00003318,14552,NJ01,Delivered,2026-10-02 23:46:10.477047,2026-10-03,1,Normal
ORD003319,SX00003319,12207,IL01,Delivered,2026-10-02 23:47:02.322232,2026-10-04,0,Missing Delivered Event
ORD003321,SX00003321,16919,IL01,Delivered,2026-10-02 23:48:46.012601,2026-10-03,0,Missing Delivered Event
ORD003322,SX00003322,18835,IL01,Delivered,2026-10-02 23:49:37.857785,2026-10-05,1,Normal
ORD003323,SX00003323,18386,NJ01,Delivered,2026-10-02 23:50:29.702970,2026-10-04,1,Normal
ORD003326,SX00003326,15345,IL01,Delivered,2026-10-02 23:53:05.238523,2026-10-04,1,Normal
ORD003327,SX00003327,13276,NJ01,Delivered,2026-10-02 23:53:57.083708,2026-10-05,1,Normal
ORD003330,SX00003330,16614,TX01,Delivered,2026-10-02 23:56:32.619261,2026-10-04,1,Normal
ORD003332,SX00003332,18707,TX01,Delivered,2026-10-02 23:58:16.309630,2026-10-03,1,Normal
ORD003334,SX00003334,18584,IL01,Delivered,2026-10-03 00:00:00.000000,2026-10-05,1,Normal
ORD003335,SX00003335,10630,CA01,Delivered,2026-10-03 00:00:51.845184,2026-10-06,1,Normal
ORD003337,SX00003337,16683,IL01,Delivered,2026-10-03 00:02:35.535553,2026-10-04,1,Normal
ORD003338,SX00003338,10277,NJ01,Delivered,2026-10-03 00:03:27.380738,2026-10-06,1,Normal
ORD003339,SX00003339,10232,TX01,Delivered,2026-10-03 00:04:19.225922,2026-10-06,1,Normal
ORD003340,SX00003340,19744,CA01,Delivered,2026-10-03 00:05:11.071107,2026-10-06,1,Normal
ORD003342,SX00003342,17659,NJ01,Delivered,2026-10-03 00:06:54.761476,2026-10-04,1,Normal
ORD003343,SX00003343,10025,CA01,Delivered,2026-10-03 00:07:46.606660,2026-10-05,1,Normal
ORD003344,SX00003344,17468,IL01,Delivered,2026-10-03 00:08:38.451845,2026-10-06,1,Normal
ORD003345,SX00003345,16410,IL01,Delivered,2026-10-03 00:09:30.297029,2026-10-04,1,Normal
ORD003346,SX00003346,18652,CA01,Delivered,2026-10-03 00:10:22.142214,2026-10-05,1,Normal
ORD003348,SX00003348,16599,NJ01,Delivered,2026-10-03 00:12:05.832583,2026-10-04,1,Normal
ORD003350,SX00003350,17006,IL01,Delivered,2026-10-03 00:13:49.522952,2026-10-05,1,Normal
ORD003351,SX00003351,13483,CA01,Delivered,2026-10-03 00:14:41.368136,2026-10-04,1,Normal
ORD003352,SX00003352,11994,IL01,Delivered,2026-10-03 00:15:33.213321,2026-10-04,1,Normal
ORD003353,SX00003353,18682,IL01,Delivered,2026-10-03 00:16:25.058505,2026-10-04,1,Normal
ORD003355,SX00003355,16707,IL01,Delivered,2026-10-03 00:18:08.748874,2026-10-04,1,Normal
ORD003356,SX00003356,10215,TX01,Delivered,2026-10-03 00:19:00.594059,2026-10-06,1,Normal
ORD003358,SX00003358,19915,CA01,Delivered,2026-10-03 00:20:44.284428,2026-10-06,1,Normal
ORD003359,SX00003359,19784,NJ01,Delivered,2026-10-03 00:21:36.129612,2026-10-04,1,Normal
ORD003361,SX00003361,18350,NJ01,Delivered,2026-10-03 00:23:19.819981,2026-10-06,1,Normal
ORD003363,SX00003363,13313,TX01,Delivered,2026-10-03 00:25:03.510351,2026-10-04,1,Normal
ORD003364,SX00003364,19968,IL01,Delivered,2026-10-03 00:25:55.355535,2026-10-05,1,Normal
ORD003365,SX00003365,17763,IL01,Delivered,2026-10-03 00:26:47.200720,2026-10-06,1,Normal
ORD003366,SX00003366,15939,IL01,Delivered,2026-10-03 00:27:39.045904,2026-10-06,1,Normal
ORD003367,SX00003367,12295,NJ01,Delivered,2026-10-03 00:28:30.891089,2026-10-06,1,Normal
ORD003368,SX00003368,15685,CA01,Delivered,2026-10-03 00:29:22.736273,2026-10-06,1,Normal
ORD003371,SX00003371,12783,IL01,Delivered,2026-10-03 00:31:58.271827,2026-10-04,0,Missing Delivered Event
ORD003372,SX00003372,13644,TX01,Delivered,2026-10-03 00:32:50.117011,2026-10-05,1,Normal
ORD003373,SX00003373,15241,IL01,Delivered,2026-10-03 00:33:41.962196,2026-10-04,1,Normal
ORD003375,SX00003375,17557,IL01,Delivered,2026-10-03 00:35:25.652565,2026-10-04,1,Normal
ORD003376,SX00003376,12645,NJ01,Delivered,2026-10-03 00:36:17.497749,2026-10-06,1,Normal
ORD003377,SX00003377,16589,NJ01,Delivered,2026-10-03 00:37:09.342934,2026-10-04,1,Normal
ORD003379,SX00003379,11932,IL01,Delivered,2026-10-03 00:38:53.033303,2026-10-06,1,Normal
ORD003380,SX00003380,11757,NJ01,Delivered,2026-10-03 00:39:44.878487,2026-10-06,1,Normal
ORD003381,SX00003381,15085,IL01,Delivered,2026-10-03 00:40:36.723672,2026-10-04,1,Normal
ORD003386,SX00003386,17888,IL01,Delivered,2026-10-03 00:44:55.949594,2026-10-04,1,Normal
ORD003387,SX00003387,16474,IL01,Delivered,2026-10-03 00:45:47.794779,2026-10-04,1,Normal
ORD003389,SX00003389,14958,NJ01,Delivered,2026-10-03 00:47:31.485148,2026-10-06,1,Normal
ORD003390,SX00003390,19797,TX01,Delivered,2026-10-03 00:48:23.330333,2026-10-06,1,Normal
ORD003395,SX00003395,15451,IL01,Delivered,2026-10-03 00:52:42.556255,2026-10-04,1,Normal
ORD003397,SX00003397,18548,NJ01,Delivered,2026-10-03 00:54:26.246624,2026-10-06,1,Normal
ORD003399,SX00003399,16102,IL01,Delivered,2026-10-03 00:56:09.936993,2026-10-06,1,Normal
ORD003400,SX00003400,19061,IL01,Delivered,2026-10-03 00:57:01.782178,2026-10-06,1,Normal
ORD003402,SX00003402,19475,IL01,Delivered,2026-10-03 00:58:45.472547,2026-10-06,1,Normal
ORD003403,SX00003403,10619,IL01,Delivered,2026-10-03 00:59:37.317731,2026-10-04,0,Missing Delivered Event
ORD003404,SX00003404,10882,IL01,Delivered,2026-10-03 01:00:29.162916,2026-10-05,1,Normal
ORD003405,SX00003405,18988,IL01,Delivered,2026-10-03 01:01:21.008100,2026-10-06,1,Normal
ORD003406,SX00003406,13642,NJ01,Delivered,2026-10-03 01:02:12.853285,2026-10-04,1,Normal
ORD003407,SX00003407,11296,IL01,Delivered,2026-10-03 01:03:04.698469,2026-10-06,1,Normal
ORD003408,SX00003408,18436,CA01,Delivered,2026-10-03 01:03:56.543654,2026-10-06,1,Normal
ORD003409,SX00003409,12895,TX01,Delivered,2026-10-03 01:04:48.388838,2026-10-05,1,Normal
ORD003411,SX00003411,10929,TX01,Delivered,2026-10-03 01:06:32.079207,2026-10-05,1,Normal
ORD003412,SX00003412,15366,IL01,Delivered,2026-10-03 01:07:23.924392,2026-10-05,1,Normal
ORD003414,SX00003414,13212,CA01,Delivered,2026-10-03 01:09:07.614761,2026-10-06,1,Normal
ORD003415,SX00003415,12409,IL01,Delivered,2026-10-03 01:09:59.459945,2026-10-05,1,Normal
ORD003420,SX00003420,15158,NJ01,Delivered,2026-10-03 01:14:18.685868,2026-10-06,1,Normal
ORD003424,SX00003424,18277,NJ01,Delivered,2026-10-03 01:17:46.066606,2026-10-05,1,Normal
ORD003426,SX00003426,16217,IL01,Delivered,2026-10-03 01:19:29.756975,2026-10-05,1,Normal
ORD003428,SX00003428,11636,NJ01,Delivered,2026-10-03 01:21:13.447344,2026-10-04,1,Normal
ORD003430,SX00003430,13583,CA01,Delivered,2026-10-03 01:22:57.137713,2026-10-06,1,Normal
ORD003431,SX00003431,14009,IL01,Delivered,2026-10-03 01:23:48.982898,2026-10-05,1,Normal
ORD003433,SX00003433,18148,TX01,Delivered,2026-10-03 01:25:32.673267,2026-10-04,1,Normal
ORD003434,SX00003434,12217,TX01,Delivered,2026-10-03 01:26:24.518451,2026-10-06,1,Normal
ORD003435,SX00003435,14967,IL01,Delivered,2026-10-03 01:27:16.363636,2026-10-04,1,Normal
ORD003437,SX00003437,13638,TX01,Delivered,2026-10-03 01:29:00.054005,2026-10-04,1,Normal
ORD003438,SX00003438,19135,IL01,Delivered,2026-10-03 01:29:51.899189,2026-10-06,1,Normal
ORD003439,SX00003439,15722,CA01,Delivered,2026-10-03 01:30:43.744374,2026-10-06,1,Normal
ORD003441,SX00003441,17618,IL01,Delivered,2026-10-03 01:32:27.434743,2026-10-06,1,Normal
ORD003442,SX00003442,13947,IL01,Delivered,2026-10-03 01:33:19.279927,2026-10-04,1,Normal
ORD003443,SX00003443,11676,TX01,Delivered,2026-10-03 01:34:11.125112,2026-10-06,1,Normal
ORD003444,SX00003444,11196,CA01,Delivered,2026-10-03 01:35:02.970297,2026-10-05,1,Normal
ORD003447,SX00003447,19653,IL01,Delivered,2026-10-03 01:37:38.505850,2026-10-06,1,Normal
ORD003448,SX00003448,17927,IL01,Delivered,2026-10-03 01:38:30.351035,2026-10-05,1,Normal
ORD003449,SX00003449,13318,TX01,Delivered,2026-10-03 01:39:22.196219,2026-10-05,1,Normal
ORD003451,SX00003451,16689,TX01,Delivered,2026-10-03 01:41:05.886588,2026-10-05,1,Normal
ORD003453,SX00003453,13743,IL01,Delivered,2026-10-03 01:42:49.576957,2026-10-04,1,Normal
ORD003454,SX00003454,18792,IL01,Delivered,2026-10-03 01:43:41.422142,2026-10-05,1,Normal
ORD003455,SX00003455,14422,CA01,Delivered,2026-10-03 01:44:33.267326,2026-10-04,1,Normal
ORD003458,SX00003458,12451,TX01,Delivered,2026-10-03 01:47:08.802880,2026-10-05,1,Normal
ORD003459,SX00003459,10628,IL01,Delivered,2026-10-03 01:48:00.648064,2026-10-05,1,Normal
ORD003460,SX00003460,19821,TX01,Delivered,2026-10-03 01:48:52.493249,2026-10-06,1,Normal
ORD003462,SX00003462,13696,TX01,Delivered,2026-10-03 01:50:36.183618,2026-10-04,1,Normal
ORD003463,SX00003463,13674,NJ01,Delivered,2026-10-03 01:51:28.028802,2026-10-04,1,Normal
ORD003464,SX00003464,13929,NJ01,Delivered,2026-10-03 01:52:19.873987,2026-10-05,1,Normal
ORD003466,SX00003466,14369,IL01,Delivered,2026-10-03 01:54:03.564356,2026-10-05,0,Missing Delivered Event
ORD003467,SX00003467,18307,NJ01,Delivered,2026-10-03 01:54:55.409540,2026-10-05,1,Normal
ORD003468,SX00003468,14956,NJ01,Delivered,2026-10-03 01:55:47.254725,2026-10-05,1,Normal
ORD003470,SX00003470,13162,IL01,Delivered,2026-10-03 01:57:30.945094,2026-10-05,2,Duplicate Delivered Event
ORD003471,SX00003471,11105,IL01,Delivered,2026-10-03 01:58:22.790279,2026-10-05,1,Normal
ORD003472,SX00003472,13008,IL01,Delivered,2026-10-03 01:59:14.635463,2026-10-04,1,Normal
ORD003473,SX00003473,12161,TX01,Delivered,2026-10-03 02:00:06.480648,2026-10-06,1,Normal
ORD003474,SX00003474,18345,IL01,Delivered,2026-10-03 02:00:58.325832,2026-10-06,1,Normal
ORD003476,SX00003476,13786,TX01,Delivered,2026-10-03 02:02:42.016201,2026-10-06,1,Normal
ORD003477,SX00003477,19256,TX01,Delivered,2026-10-03 02:03:33.861386,2026-10-05,1,Normal
ORD003478,SX00003478,14200,TX01,Delivered,2026-10-03 02:04:25.706570,2026-10-04,1,Normal
ORD003479,SX00003479,11913,IL01,Delivered,2026-10-03 02:05:17.551755,2026-10-05,1,Normal
ORD003480,SX00003480,19408,TX01,Delivered,2026-10-03 02:06:09.396939,2026-10-04,1,Normal
ORD003482,SX00003482,11772,CA01,Delivered,2026-10-03 02:07:53.087308,2026-10-04,1,Normal
ORD003484,SX00003484,17423,IL01,Delivered,2026-10-03 02:09:36.777677,2026-10-04,1,Normal
ORD003485,SX00003485,12871,IL01,Delivered,2026-10-03 02:10:28.622862,2026-10-05,1,Normal
ORD003486,SX00003486,10660,NJ01,Delivered,2026-10-03 02:11:20.468046,2026-10-04,1,Normal
ORD003487,SX00003487,16242,TX01,Delivered,2026-10-03 02:12:12.313231,2026-10-04,1,Normal
ORD003488,SX00003488,11132,IL01,Delivered,2026-10-03 02:13:04.158415,2026-10-06,1,Normal
ORD003489,SX00003489,10699,IL01,Delivered,2026-10-03 02:13:56.003600,2026-10-05,1,Normal
ORD003490,SX00003490,17470,IL01,Delivered,2026-10-03 02:14:47.848784,2026-10-06,1,Normal
ORD003491,SX00003491,16297,NJ01,Delivered,2026-10-03 02:15:39.693969,2026-10-04,1,Normal
ORD003492,SX00003492,17812,CA01,Delivered,2026-10-03 02:16:31.539153,2026-10-06,1,Normal
ORD003493,SX00003493,14557,TX01,Delivered,2026-10-03 02:17:23.384338,2026-10-04,1,Normal
ORD003495,SX00003495,19065,IL01,Delivered,2026-10-03 02:19:07.074707,2026-10-06,1,Normal
ORD003496,SX00003496,18275,IL01,Delivered,2026-10-03 02:19:58.919891,2026-10-05,1,Normal
ORD003497,SX00003497,11422,NJ01,Delivered,2026-10-03 02:20:50.765076,2026-10-05,1,Normal
ORD003499,SX00003499,14316,IL01,Delivered,2026-10-03 02:22:34.455445,2026-10-06,1,Normal
ORD003501,SX00003501,19583,CA01,Delivered,2026-10-03 02:24:18.145814,2026-10-04,1,Normal
ORD003502,SX00003502,10614,CA01,Delivered,2026-10-03 02:25:09.990999,2026-10-04,1,Normal
ORD003503,SX00003503,14570,IL01,Delivered,2026-10-03 02:26:01.836183,2026-10-04,1,Normal
ORD003507,SX00003507,13607,CA01,Delivered,2026-10-03 02:29:29.216921,2026-10-06,1,Normal
ORD003509,SX00003509,10289,IL01,Delivered,2026-10-03 02:31:12.907290,2026-10-04,1,Normal
ORD003511,SX00003511,16614,TX01,Delivered,2026-10-03 02:32:56.597659,2026-10-04,1,Normal
ORD003514,SX00003514,16771,NJ01,Delivered,2026-10-03 02:35:32.133213,2026-10-04,1,Normal
ORD003515,SX00003515,10278,IL01,Delivered,2026-10-03 02:36:23.978397,2026-10-05,1,Normal
ORD003516,SX00003516,10580,IL01,Delivered,2026-10-03 02:37:15.823582,2026-10-06,1,Normal
ORD003517,SX00003517,14958,NJ01,Delivered,2026-10-03 02:38:07.668766,2026-10-06,1,Normal
ORD003518,SX00003518,18445,IL01,Delivered,2026-10-03 02:38:59.513951,2026-10-06,1,Normal
ORD003520,SX00003520,17997,CA01,Delivered,2026-10-03 02:40:43.204320,2026-10-04,1,Normal
ORD003521,SX00003521,14776,IL01,Delivered,2026-10-03 02:41:35.049504,2026-10-06,1,Normal
ORD003522,SX00003522,10824,TX01,Delivered,2026-10-03 02:42:26.894689,2026-10-06,1,Normal
ORD003523,SX00003523,13832,IL01,Delivered,2026-10-03 02:43:18.739873,2026-10-05,1,Normal
ORD003524,SX00003524,18891,TX01,Delivered,2026-10-03 02:44:10.585058,2026-10-05,1,Normal
ORD003525,SX00003525,15445,IL01,Delivered,2026-10-03 02:45:02.430243,2026-10-06,0,Missing Delivered Event
ORD003526,SX00003526,11380,TX01,Delivered,2026-10-03 02:45:54.275427,2026-10-05,1,Normal
ORD003527,SX00003527,19865,IL01,Delivered,2026-10-03 02:46:46.120612,2026-10-06,1,Normal
ORD003529,SX00003529,13156,TX01,Delivered,2026-10-03 02:48:29.810981,2026-10-06,1,Normal
ORD003532,SX00003532,18575,CA01,Delivered,2026-10-03 02:51:05.346534,2026-10-04,1,Normal
ORD003533,SX00003533,15810,CA01,Delivered,2026-10-03 02:51:57.191719,2026-10-06,1,Normal
ORD003534,SX00003534,18533,IL01,Delivered,2026-10-03 02:52:49.036903,2026-10-04,1,Normal
ORD003536,SX00003536,13109,IL01,Delivered,2026-10-03 02:54:32.727272,2026-10-04,1,Normal
ORD003538,SX00003538,13240,CA01,Delivered,2026-10-03 02:56:16.417641,2026-10-06,1,Normal
ORD003539,SX00003539,16028,NJ01,Delivered,2026-10-03 02:57:08.262826,2026-10-05,1,Normal
ORD003540,SX00003540,11849,NJ01,Delivered,2026-10-03 02:58:00.108010,2026-10-05,1,Normal
ORD003541,SX00003541,18497,CA01,Delivered,2026-10-03 02:58:51.953195,2026-10-05,1,Normal
ORD003542,SX00003542,12749,NJ01,Delivered,2026-10-03 02:59:43.798379,2026-10-06,1,Normal
ORD003543,SX00003543,16680,TX01,Delivered,2026-10-03 03:00:35.643564,2026-10-04,1,Normal
ORD003546,SX00003546,17352,NJ01,Delivered,2026-10-03 03:03:11.179117,2026-10-05,1,Normal
ORD003547,SX00003547,14591,IL01,Delivered,2026-10-03 03:04:03.024302,2026-10-04,1,Normal
ORD003548,SX00003548,13450,IL01,Delivered,2026-10-03 03:04:54.869486,2026-10-05,1,Normal
ORD003550,SX00003550,13811,IL01,Delivered,2026-10-03 03:06:38.559855,2026-10-05,1,Normal
ORD003551,SX00003551,15141,NJ01,Delivered,2026-10-03 03:07:30.405040,2026-10-04,1,Normal
ORD003552,SX00003552,18501,NJ01,Delivered,2026-10-03 03:08:22.250225,2026-10-04,1,Normal
ORD003553,SX00003553,12708,IL01,Delivered,2026-10-03 03:09:14.095409,2026-10-06,1,Normal
ORD003556,SX00003556,13273,IL01,Delivered,2026-10-03 03:11:49.630963,2026-10-05,0,Missing Delivered Event
ORD003559,SX00003559,19168,IL01,Delivered,2026-10-03 03:14:25.166516,2026-10-04,1,Normal
ORD003561,SX00003561,13551,TX01,Delivered,2026-10-03 03:16:08.856885,2026-10-05,1,Normal
ORD003562,SX00003562,12832,IL01,Delivered,2026-10-03 03:17:00.702070,2026-10-05,0,Missing Delivered Event
ORD003563,SX00003563,15679,IL01,Delivered,2026-10-03 03:17:52.547254,2026-10-05,1,Normal
ORD003565,SX00003565,10152,IL01,Delivered,2026-10-03 03:19:36.237623,2026-10-06,1,Normal
ORD003567,SX00003567,12800,NJ01,Delivered,2026-10-03 03:21:19.927992,2026-10-05,1,Normal
ORD003568,SX00003568,15310,IL01,Delivered,2026-10-03 03:22:11.773177,2026-10-05,1,Normal
ORD003571,SX00003571,11104,NJ01,Delivered,2026-10-03 03:24:47.308730,2026-10-06,1,Normal
ORD003572,SX00003572,17361,TX01,Delivered,2026-10-03 03:25:39.153915,2026-10-06,1,Normal
ORD003573,SX00003573,14199,CA01,Delivered,2026-10-03 03:26:30.999099,2026-10-05,1,Normal
ORD003574,SX00003574,13854,TX01,Delivered,2026-10-03 03:27:22.844284,2026-10-05,1,Normal
ORD003576,SX00003576,11914,CA01,Delivered,2026-10-03 03:29:06.534653,2026-10-05,1,Normal
ORD003577,SX00003577,17365,TX01,Delivered,2026-10-03 03:29:58.379837,2026-10-05,1,Normal
ORD003578,SX00003578,13072,CA01,Delivered,2026-10-03 03:30:50.225022,2026-10-04,1,Normal
ORD003579,SX00003579,19198,NJ01,Delivered,2026-10-03 03:31:42.070207,2026-10-05,1,Normal
ORD003580,SX00003580,10406,TX01,Delivered,2026-10-03 03:32:33.915391,2026-10-05,1,Normal
ORD003581,SX00003581,10166,NJ01,Delivered,2026-10-03 03:33:25.760576,2026-10-05,1,Normal
ORD003584,SX00003584,13664,IL01,Delivered,2026-10-03 03:36:01.296129,2026-10-06,1,Normal
ORD003585,SX00003585,13489,IL01,Delivered,2026-10-03 03:36:53.141314,2026-10-05,1,Normal
ORD003586,SX00003586,10680,CA01,Delivered,2026-10-03 03:37:44.986498,2026-10-05,1,Normal
ORD003588,SX00003588,12120,CA01,Delivered,2026-10-03 03:39:28.676867,2026-10-06,1,Normal
ORD003589,SX00003589,15260,TX01,Delivered,2026-10-03 03:40:20.522052,2026-10-05,1,Normal
ORD003591,SX00003591,11363,NJ01,Delivered,2026-10-03 03:42:04.212421,2026-10-05,1,Normal
ORD003592,SX00003592,19523,TX01,Delivered,2026-10-03 03:42:56.057605,2026-10-06,1,Normal
ORD003593,SX00003593,12292,NJ01,Delivered,2026-10-03 03:43:47.902790,2026-10-05,1,Normal
ORD003594,SX00003594,11538,CA01,Delivered,2026-10-03 03:44:39.747974,2026-10-05,1,Normal
ORD003595,SX00003595,13408,CA01,Delivered,2026-10-03 03:45:31.593159,2026-10-06,1,Normal
ORD003597,SX00003597,18752,IL01,Delivered,2026-10-03 03:47:15.283528,2026-10-04,1,Normal
ORD003598,SX00003598,19291,CA01,Delivered,2026-10-03 03:48:07.128712,2026-10-06,1,Normal
ORD003599,SX00003599,11903,NJ01,Delivered,2026-10-03 03:48:58.973897,2026-10-06,1,Normal
ORD003602,SX00003602,14287,CA01,Delivered,2026-10-03 03:51:34.509450,2026-10-06,1,Normal
ORD003603,SX00003603,14160,NJ01,Delivered,2026-10-03 03:52:26.354635,2026-10-05,1,Normal
ORD003604,SX00003604,17106,NJ01,Delivered,2026-10-03 03:53:18.199819,2026-10-05,1,Normal
ORD003605,SX00003605,19689,TX01,Delivered,2026-10-03 03:54:10.045004,2026-10-05,1,Normal
ORD003606,SX00003606,13171,TX01,Delivered,2026-10-03 03:55:01.890189,2026-10-04,1,Normal
ORD003607,SX00003607,11567,CA01,Delivered,2026-10-03 03:55:53.735373,2026-10-04,1,Normal
ORD003609,SX00003609,17619,NJ01,Delivered,2026-10-03 03:57:37.425742,2026-10-05,1,Normal
ORD003610,SX00003610,16033,TX01,Delivered,2026-10-03 03:58:29.270927,2026-10-06,1,Normal
ORD003611,SX00003611,18560,CA01,Delivered,2026-10-03 03:59:21.116111,2026-10-06,1,Normal
ORD003612,SX00003612,14946,IL01,Delivered,2026-10-03 04:00:12.961296,2026-10-04,1,Normal
ORD003613,SX00003613,18234,IL01,Delivered,2026-10-03 04:01:04.806480,2026-10-04,1,Normal
ORD003614,SX00003614,11907,CA01,Delivered,2026-10-03 04:01:56.651665,2026-10-06,1,Normal
ORD003615,SX00003615,13490,IL01,Delivered,2026-10-03 04:02:48.496849,2026-10-05,1,Normal
ORD003618,SX00003618,11293,IL01,Delivered,2026-10-03 04:05:24.032403,2026-10-04,1,Normal
ORD003619,SX00003619,14769,IL01,Delivered,2026-10-03 04:06:15.877587,2026-10-06,1,Normal
ORD003620,SX00003620,14796,IL01,Delivered,2026-10-03 04:07:07.722772,2026-10-04,1,Normal
ORD003621,SX00003621,16871,CA01,Delivered,2026-10-03 04:07:59.567956,2026-10-05,1,Normal
ORD003622,SX00003622,12972,TX01,Delivered,2026-10-03 04:08:51.413141,2026-10-04,1,Normal
ORD003624,SX00003624,14997,IL01,Delivered,2026-10-03 04:10:35.103510,2026-10-06,1,Normal
ORD003626,SX00003626,10992,TX01,Delivered,2026-10-03 04:12:18.793879,2026-10-06,1,Normal
ORD003628,SX00003628,15287,IL01,Delivered,2026-10-03 04:14:02.484248,2026-10-06,1,Normal
ORD003630,SX00003630,11476,TX01,Delivered,2026-10-03 04:15:46.174617,2026-10-05,1,Normal
ORD003632,SX00003632,10389,TX01,Delivered,2026-10-03 04:17:29.864986,2026-10-06,1,Normal
ORD003633,SX00003633,10999,NJ01,Delivered,2026-10-03 04:18:21.710171,2026-10-05,1,Normal
ORD003634,SX00003634,11855,NJ01,Delivered,2026-10-03 04:19:13.555355,2026-10-04,1,Normal
ORD003635,SX00003635,18125,TX01,Delivered,2026-10-03 04:20:05.400540,2026-10-05,1,Normal
ORD003636,SX00003636,18850,IL01,Delivered,2026-10-03 04:20:57.245724,2026-10-04,1,Normal
ORD003637,SX00003637,12763,TX01,Delivered,2026-10-03 04:21:49.090909,2026-10-04,1,Normal
ORD003638,SX00003638,13663,CA01,Delivered,2026-10-03 04:22:40.936093,2026-10-06,1,Normal
ORD003639,SX00003639,14986,TX01,Delivered,2026-10-03 04:23:32.781278,2026-10-05,1,Normal
ORD003640,SX00003640,11481,IL01,Delivered,2026-10-03 04:24:24.626462,2026-10-05,1,Normal
ORD003643,SX00003643,17262,CA01,Delivered,2026-10-03 04:27:00.162016,2026-10-04,1,Normal
ORD003644,SX00003644,10451,NJ01,Delivered,2026-10-03 04:27:52.007200,2026-10-06,1,Normal
ORD003647,SX00003647,10882,TX01,Delivered,2026-10-03 04:30:27.542754,2026-10-06,1,Normal
ORD003649,SX00003649,14068,CA01,Delivered,2026-10-03 04:32:11.233123,2026-10-06,1,Normal
ORD003651,SX00003651,18566,TX01,Delivered,2026-10-03 04:33:54.923492,2026-10-04,1,Normal
ORD003652,SX00003652,17951,NJ01,Delivered,2026-10-03 04:34:46.768676,2026-10-06,1,Normal
ORD003653,SX00003653,14690,NJ01,Delivered,2026-10-03 04:35:38.613861,2026-10-06,1,Normal
ORD003654,SX00003654,14595,TX01,Delivered,2026-10-03 04:36:30.459045,2026-10-05,1,Normal
ORD003655,SX00003655,14559,IL01,Delivered,2026-10-03 04:37:22.304230,2026-10-06,1,Normal
ORD003657,SX00003657,18160,TX01,Delivered,2026-10-03 04:39:05.994599,2026-10-05,1,Normal
ORD003658,SX00003658,10112,NJ01,Delivered,2026-10-03 04:39:57.839783,2026-10-05,1,Normal
ORD003659,SX00003659,15131,IL01,Delivered,2026-10-03 04:40:49.684968,2026-10-05,1,Normal
ORD003660,SX00003660,13197,NJ01,Delivered,2026-10-03 04:41:41.530153,2026-10-04,1,Normal
ORD003663,SX00003663,12949,IL01,Delivered,2026-10-03 04:44:17.065706,2026-10-04,1,Normal
ORD003664,SX00003664,13168,TX01,Delivered,2026-10-03 04:45:08.910891,2026-10-04,1,Normal
ORD003665,SX00003665,18708,IL01,Delivered,2026-10-03 04:46:00.756075,2026-10-06,1,Normal
ORD003667,SX00003667,16989,IL01,Delivered,2026-10-03 04:47:44.446444,2026-10-05,1,Normal
ORD003668,SX00003668,17236,CA01,Delivered,2026-10-03 04:48:36.291629,2026-10-05,1,Normal
ORD003669,SX00003669,16261,IL01,Delivered,2026-10-03 04:49:28.136813,2026-10-05,1,Normal
ORD003671,SX00003671,13104,NJ01,Delivered,2026-10-03 04:51:11.827182,2026-10-06,1,Normal
ORD003672,SX00003672,10049,CA01,Delivered,2026-10-03 04:52:03.672367,2026-10-04,1,Normal
ORD003673,SX00003673,13951,TX01,Delivered,2026-10-03 04:52:55.517551,2026-10-05,1,Normal
ORD003674,SX00003674,13560,TX01,Delivered,2026-10-03 04:53:47.362736,2026-10-06,1,Normal
ORD003675,SX00003675,10018,CA01,Delivered,2026-10-03 04:54:39.207920,2026-10-05,1,Normal
ORD003676,SX00003676,14821,NJ01,Delivered,2026-10-03 04:55:31.053105,2026-10-04,1,Normal
ORD003677,SX00003677,16340,TX01,Delivered,2026-10-03 04:56:22.898289,2026-10-06,1,Normal
ORD003679,SX00003679,19665,IL01,Delivered,2026-10-03 04:58:06.588658,2026-10-06,1,Normal
ORD003680,SX00003680,12606,NJ01,Delivered,2026-10-03 04:58:58.433843,2026-10-05,1,Normal
ORD003685,SX00003685,12438,NJ01,Delivered,2026-10-03 05:03:17.659765,2026-10-04,1,Normal
ORD003686,SX00003686,19741,IL01,Delivered,2026-10-03 05:04:09.504950,2026-10-04,1,Normal
ORD003687,SX00003687,16358,CA01,Delivered,2026-10-03 05:05:01.350135,2026-10-05,1,Normal
ORD003689,SX00003689,15941,CA01,Delivered,2026-10-03 05:06:45.040504,2026-10-05,1,Normal
ORD003690,SX00003690,17644,IL01,Delivered,2026-10-03 05:07:36.885688,2026-10-05,1,Normal
ORD003691,SX00003691,14855,NJ01,Delivered,2026-10-03 05:08:28.730873,2026-10-05,1,Normal
ORD003695,SX00003695,16481,NJ01,Delivered,2026-10-03 05:11:56.111611,2026-10-05,1,Normal
ORD003696,SX00003696,12761,NJ01,Delivered,2026-10-03 05:12:47.956795,2026-10-05,1,Normal
ORD003697,SX00003697,14456,TX01,Delivered,2026-10-03 05:13:39.801980,2026-10-05,1,Normal
ORD003698,SX00003698,19607,IL01,Delivered,2026-10-03 05:14:31.647164,2026-10-05,1,Normal
ORD003699,SX00003699,16361,NJ01,Delivered,2026-10-03 05:15:23.492349,2026-10-05,1,Normal
ORD003700,SX00003700,15693,TX01,Delivered,2026-10-03 05:16:15.337533,2026-10-04,1,Normal
ORD003701,SX00003701,15788,TX01,Delivered,2026-10-03 05:17:07.182718,2026-10-04,1,Normal
ORD003703,SX00003703,16160,NJ01,Delivered,2026-10-03 05:18:50.873087,2026-10-05,1,Normal
ORD003705,SX00003705,17737,NJ01,Delivered,2026-10-03 05:20:34.563456,2026-10-06,1,Normal
ORD003706,SX00003706,19533,TX01,Delivered,2026-10-03 05:21:26.408640,2026-10-05,1,Normal
ORD003707,SX00003707,11988,TX01,Delivered,2026-10-03 05:22:18.253825,2026-10-06,1,Normal
ORD003708,SX00003708,13802,TX01,Delivered,2026-10-03 05:23:10.099009,2026-10-06,1,Normal
ORD003709,SX00003709,15808,TX01,Delivered,2026-10-03 05:24:01.944194,2026-10-05,1,Normal
ORD003710,SX00003710,17162,NJ01,Delivered,2026-10-03 05:24:53.789378,2026-10-04,1,Normal
ORD003713,SX00003713,15633,IL01,Delivered,2026-10-03 05:27:29.324932,2026-10-04,1,Normal
ORD003715,SX00003715,16309,IL01,Delivered,2026-10-03 05:29:13.015301,2026-10-05,1,Normal
ORD003717,SX00003717,18345,IL01,Delivered,2026-10-03 05:30:56.705670,2026-10-06,1,Normal
ORD003721,SX00003721,12195,IL01,Delivered,2026-10-03 05:34:24.086408,2026-10-06,1,Normal
ORD003722,SX00003722,13554,NJ01,Delivered,2026-10-03 05:35:15.931593,2026-10-06,1,Normal
ORD003723,SX00003723,12849,IL01,Delivered,2026-10-03 05:36:07.776777,2026-10-04,1,Normal
ORD003724,SX00003724,11742,TX01,Delivered,2026-10-03 05:36:59.621962,2026-10-04,1,Normal
ORD003725,SX00003725,11306,CA01,Delivered,2026-10-03 05:37:51.467146,2026-10-04,1,Normal
ORD003727,SX00003727,17519,NJ01,Delivered,2026-10-03 05:39:35.157515,2026-10-06,1,Normal
ORD003728,SX00003728,14195,NJ01,Delivered,2026-10-03 05:40:27.002700,2026-10-05,1,Normal
ORD003729,SX00003729,15178,NJ01,Delivered,2026-10-03 05:41:18.847884,2026-10-04,1,Normal
ORD003730,SX00003730,12555,IL01,Delivered,2026-10-03 05:42:10.693069,2026-10-04,1,Normal
ORD003731,SX00003731,12305,NJ01,Delivered,2026-10-03 05:43:02.538253,2026-10-05,1,Normal
ORD003732,SX00003732,17619,IL01,Delivered,2026-10-03 05:43:54.383438,2026-10-06,1,Normal
ORD003733,SX00003733,19280,TX01,Delivered,2026-10-03 05:44:46.228622,2026-10-04,1,Normal
ORD003735,SX00003735,19369,NJ01,Delivered,2026-10-03 05:46:29.918991,2026-10-06,1,Normal
ORD003738,SX00003738,12994,TX01,Delivered,2026-10-03 05:49:05.454545,2026-10-06,1,Normal
ORD003740,SX00003740,11271,TX01,Delivered,2026-10-03 05:50:49.144914,2026-10-06,1,Normal
ORD003741,SX00003741,11813,NJ01,Delivered,2026-10-03 05:51:40.990099,2026-10-06,1,Normal
ORD003742,SX00003742,18801,IL01,Delivered,2026-10-03 05:52:32.835283,2026-10-04,2,Duplicate Delivered Event
ORD003743,SX00003743,12461,NJ01,Delivered,2026-10-03 05:53:24.680468,2026-10-05,1,Normal
ORD003745,SX00003745,16124,CA01,Delivered,2026-10-03 05:55:08.370837,2026-10-05,1,Normal
ORD003746,SX00003746,18475,TX01,Delivered,2026-10-03 05:56:00.216021,2026-10-06,1,Normal
ORD003747,SX00003747,14396,IL01,Delivered,2026-10-03 05:56:52.061206,2026-10-05,1,Normal
ORD003748,SX00003748,19283,IL01,Delivered,2026-10-03 05:57:43.906390,2026-10-05,0,Missing Delivered Event
ORD003750,SX00003750,17304,CA01,Delivered,2026-10-03 05:59:27.596759,2026-10-06,1,Normal
ORD003751,SX00003751,17331,TX01,Delivered,2026-10-03 06:00:19.441944,2026-10-06,1,Normal
ORD003752,SX00003752,10082,CA01,Delivered,2026-10-03 06:01:11.287128,2026-10-06,1,Normal
ORD003753,SX00003753,11920,NJ01,Delivered,2026-10-03 06:02:03.132313,2026-10-06,1,Normal
ORD003754,SX00003754,17817,IL01,Delivered,2026-10-03 06:02:54.977497,2026-10-04,1,Normal
ORD003755,SX00003755,12093,IL01,Delivered,2026-10-03 06:03:46.822682,2026-10-04,1,Normal
ORD003756,SX00003756,17071,IL01,Delivered,2026-10-03 06:04:38.667866,2026-10-06,1,Normal
ORD003758,SX00003758,18367,IL01,Delivered,2026-10-03 06:06:22.358235,2026-10-04,1,Normal
ORD003762,SX00003762,11818,IL01,Delivered,2026-10-03 06:09:49.738973,2026-10-06,1,Normal
ORD003766,SX00003766,17674,IL01,Delivered,2026-10-03 06:13:17.119711,2026-10-06,1,Normal
ORD003767,SX00003767,11364,CA01,Delivered,2026-10-03 06:14:08.964896,2026-10-05,1,Normal
ORD003769,SX00003769,13676,NJ01,Delivered,2026-10-03 06:15:52.655265,2026-10-06,1,Normal
ORD003770,SX00003770,12426,TX01,Delivered,2026-10-03 06:16:44.500450,2026-10-04,1,Normal
ORD003771,SX00003771,18264,TX01,Delivered,2026-10-03 06:17:36.345634,2026-10-04,1,Normal
ORD003773,SX00003773,12962,NJ01,Delivered,2026-10-03 06:19:20.036003,2026-10-05,1,Normal
ORD003775,SX00003775,14138,TX01,Delivered,2026-10-03 06:21:03.726372,2026-10-06,1,Normal
ORD003776,SX00003776,12424,NJ01,Delivered,2026-10-03 06:21:55.571557,2026-10-05,1,Normal
ORD003777,SX00003777,19256,TX01,Delivered,2026-10-03 06:22:47.416741,2026-10-04,1,Normal
ORD003778,SX00003778,14017,CA01,Delivered,2026-10-03 06:23:39.261926,2026-10-05,1,Normal
ORD003779,SX00003779,18560,CA01,Delivered,2026-10-03 06:24:31.107110,2026-10-05,1,Normal
ORD003780,SX00003780,18342,IL01,Delivered,2026-10-03 06:25:22.952295,2026-10-06,1,Normal
ORD003781,SX00003781,11134,IL01,Delivered,2026-10-03 06:26:14.797479,2026-10-04,1,Normal
ORD003782,SX00003782,15166,IL01,Delivered,2026-10-03 06:27:06.642664,2026-10-05,1,Normal
ORD003783,SX00003783,15119,TX01,Delivered,2026-10-03 06:27:58.487848,2026-10-04,1,Normal
ORD003784,SX00003784,15694,IL01,Delivered,2026-10-03 06:28:50.333033,2026-10-05,1,Normal
ORD003785,SX00003785,16136,IL01,Delivered,2026-10-03 06:29:42.178217,2026-10-04,1,Normal
ORD003786,SX00003786,15485,IL01,Delivered,2026-10-03 06:30:34.023402,2026-10-05,0,Missing Delivered Event
ORD003787,SX00003787,14164,IL01,Delivered,2026-10-03 06:31:25.868586,2026-10-05,1,Normal
ORD003789,SX00003789,15039,IL01,Delivered,2026-10-03 06:33:09.558955,2026-10-06,1,Normal
ORD003790,SX00003790,14897,TX01,Delivered,2026-10-03 06:34:01.404140,2026-10-04,1,Normal
ORD003791,SX00003791,18252,IL01,Delivered,2026-10-03 06:34:53.249324,2026-10-04,1,Normal
ORD003792,SX00003792,15041,IL01,Delivered,2026-10-03 06:35:45.094509,2026-10-04,1,Normal
ORD003793,SX00003793,13901,TX01,Delivered,2026-10-03 06:36:36.939693,2026-10-04,1,Normal
ORD003794,SX00003794,11337,TX01,Delivered,2026-10-03 06:37:28.784878,2026-10-06,1,Normal
ORD003795,SX00003795,11184,IL01,Delivered,2026-10-03 06:38:20.630063,2026-10-04,1,Normal
ORD003796,SX00003796,14426,IL01,Delivered,2026-10-03 06:39:12.475247,2026-10-05,1,Normal
ORD003797,SX00003797,11551,TX01,Delivered,2026-10-03 06:40:04.320432,2026-10-05,1,Normal
ORD003798,SX00003798,11629,IL01,Delivered,2026-10-03 06:40:56.165616,2026-10-05,1,Normal
ORD003799,SX00003799,19519,IL01,Delivered,2026-10-03 06:41:48.010801,2026-10-06,1,Normal
ORD003800,SX00003800,11526,IL01,Delivered,2026-10-03 06:42:39.855985,2026-10-04,1,Normal
ORD003802,SX00003802,11361,NJ01,Delivered,2026-10-03 06:44:23.546354,2026-10-05,1,Normal
ORD003804,SX00003804,14370,TX01,Delivered,2026-10-03 06:46:07.236723,2026-10-06,1,Normal
ORD003806,SX00003806,17610,NJ01,Delivered,2026-10-03 06:47:50.927092,2026-10-05,1,Normal
ORD003807,SX00003807,11993,NJ01,Delivered,2026-10-03 06:48:42.772277,2026-10-06,1,Normal
ORD003808,SX00003808,10869,NJ01,Delivered,2026-10-03 06:49:34.617461,2026-10-05,1,Normal
ORD003809,SX00003809,11014,IL01,Delivered,2026-10-03 06:50:26.462646,2026-10-04,1,Normal
ORD003811,SX00003811,10690,CA01,Delivered,2026-10-03 06:52:10.153015,2026-10-04,1,Normal
ORD003812,SX00003812,18685,IL01,Delivered,2026-10-03 06:53:01.998199,2026-10-05,1,Normal
ORD003813,SX00003813,10489,TX01,Delivered,2026-10-03 06:53:53.843384,2026-10-04,1,Normal
ORD003814,SX00003814,16864,NJ01,Delivered,2026-10-03 06:54:45.688568,2026-10-05,1,Normal
ORD003815,SX00003815,17240,NJ01,Delivered,2026-10-03 06:55:37.533753,2026-10-05,1,Normal
ORD003816,SX00003816,17786,IL01,Delivered,2026-10-03 06:56:29.378937,2026-10-05,1,Normal
ORD003817,SX00003817,18024,TX01,Delivered,2026-10-03 06:57:21.224122,2026-10-05,1,Normal
ORD003818,SX00003818,10294,TX01,Delivered,2026-10-03 06:58:13.069306,2026-10-06,1,Normal
ORD003821,SX00003821,12912,IL01,Delivered,2026-10-03 07:00:48.604860,2026-10-06,1,Normal
ORD003822,SX00003822,19909,NJ01,Delivered,2026-10-03 07:01:40.450045,2026-10-06,1,Normal
ORD003823,SX00003823,14744,NJ01,Delivered,2026-10-03 07:02:32.295229,2026-10-06,1,Normal
ORD003824,SX00003824,11873,NJ01,Delivered,2026-10-03 07:03:24.140414,2026-10-06,1,Normal
ORD003826,SX00003826,12817,TX01,Delivered,2026-10-03 07:05:07.830783,2026-10-06,1,Normal
ORD003827,SX00003827,18636,NJ01,Delivered,2026-10-03 07:05:59.675967,2026-10-06,1,Normal
ORD003828,SX00003828,13641,IL01,Delivered,2026-10-03 07:06:51.521152,2026-10-06,1,Normal
ORD003832,SX00003832,12041,TX01,Delivered,2026-10-03 07:10:18.901890,2026-10-04,1,Normal
ORD003833,SX00003833,10679,NJ01,Delivered,2026-10-03 07:11:10.747074,2026-10-05,1,Normal
ORD003835,SX00003835,15668,CA01,Delivered,2026-10-03 07:12:54.437443,2026-10-06,1,Normal
ORD003836,SX00003836,19550,CA01,Delivered,2026-10-03 07:13:46.282628,2026-10-06,1,Normal
ORD003837,SX00003837,17697,NJ01,Delivered,2026-10-03 07:14:38.127812,2026-10-04,1,Normal
ORD003838,SX00003838,18033,IL01,Delivered,2026-10-03 07:15:29.972997,2026-10-06,1,Normal
ORD003839,SX00003839,10062,NJ01,Delivered,2026-10-03 07:16:21.818181,2026-10-04,1,Normal
ORD003841,SX00003841,17352,TX01,Delivered,2026-10-03 07:18:05.508550,2026-10-05,1,Normal
ORD003845,SX00003845,14970,IL01,Delivered,2026-10-03 07:21:32.889288,2026-10-05,1,Normal
ORD003846,SX00003846,18003,CA01,Delivered,2026-10-03 07:22:24.734473,2026-10-05,1,Normal
ORD003848,SX00003848,17296,TX01,Delivered,2026-10-03 07:24:08.424842,2026-10-04,1,Normal
ORD003849,SX00003849,19014,IL01,Delivered,2026-10-03 07:25:00.270027,2026-10-05,1,Normal
ORD003850,SX00003850,13074,CA01,Delivered,2026-10-03 07:25:52.115211,2026-10-04,1,Normal
ORD003851,SX00003851,18312,TX01,Delivered,2026-10-03 07:26:43.960396,2026-10-05,1,Normal
ORD003852,SX00003852,17552,IL01,Delivered,2026-10-03 07:27:35.805580,2026-10-04,1,Normal
ORD003853,SX00003853,11637,CA01,Delivered,2026-10-03 07:28:27.650765,2026-10-06,1,Normal
ORD003854,SX00003854,15103,IL01,Delivered,2026-10-03 07:29:19.495949,2026-10-05,1,Normal
ORD003855,SX00003855,19116,IL01,Delivered,2026-10-03 07:30:11.341134,2026-10-04,1,Normal
ORD003857,SX00003857,12032,CA01,Delivered,2026-10-03 07:31:55.031503,2026-10-04,1,Normal
ORD003858,SX00003858,12761,CA01,Delivered,2026-10-03 07:32:46.876687,2026-10-06,1,Normal
ORD003860,SX00003860,10241,TX01,Delivered,2026-10-03 07:34:30.567056,2026-10-06,1,Normal
ORD003862,SX00003862,10802,TX01,Delivered,2026-10-03 07:36:14.257425,2026-10-06,1,Normal
ORD003864,SX00003864,10195,NJ01,Delivered,2026-10-03 07:37:57.947794,2026-10-06,1,Normal
ORD003865,SX00003865,12187,TX01,Delivered,2026-10-03 07:38:49.792979,2026-10-05,1,Normal
ORD003866,SX00003866,12330,IL01,Delivered,2026-10-03 07:39:41.638163,2026-10-06,1,Normal
ORD003867,SX00003867,14841,IL01,Delivered,2026-10-03 07:40:33.483348,2026-10-04,1,Normal
ORD003868,SX00003868,13606,TX01,Delivered,2026-10-03 07:41:25.328532,2026-10-04,1,Normal
ORD003870,SX00003870,10060,CA01,Delivered,2026-10-03 07:43:09.018901,2026-10-06,1,Normal
ORD003872,SX00003872,16296,CA01,Delivered,2026-10-03 07:44:52.709270,2026-10-04,1,Normal
ORD003873,SX00003873,12591,IL01,Delivered,2026-10-03 07:45:44.554455,2026-10-06,1,Normal
ORD003876,SX00003876,16121,TX01,Delivered,2026-10-03 07:48:20.090009,2026-10-04,1,Normal
ORD003878,SX00003878,12854,IL01,Delivered,2026-10-03 07:50:03.780378,2026-10-06,1,Normal
ORD003879,SX00003879,17024,IL01,Delivered,2026-10-03 07:50:55.625562,2026-10-05,1,Normal
ORD003880,SX00003880,19428,NJ01,Delivered,2026-10-03 07:51:47.470747,2026-10-05,1,Normal
ORD003883,SX00003883,11029,IL01,Delivered,2026-10-03 07:54:23.006300,2026-10-06,1,Normal
ORD003886,SX00003886,10661,CA01,Delivered,2026-10-03 07:56:58.541854,2026-10-05,1,Normal
ORD003887,SX00003887,12472,TX01,Delivered,2026-10-03 07:57:50.387038,2026-10-06,1,Normal
ORD003888,SX00003888,10086,IL01,Delivered,2026-10-03 07:58:42.232223,2026-10-04,1,Normal
ORD003889,SX00003889,16219,IL01,Delivered,2026-10-03 07:59:34.077407,2026-10-04,1,Normal
ORD003891,SX00003891,16968,NJ01,Delivered,2026-10-03 08:01:17.767776,2026-10-05,1,Normal
ORD003892,SX00003892,12773,CA01,Delivered,2026-10-03 08:02:09.612961,2026-10-04,1,Normal
ORD003893,SX00003893,11700,TX01,Delivered,2026-10-03 08:03:01.458145,2026-10-06,1,Normal
ORD003895,SX00003895,16815,NJ01,Delivered,2026-10-03 08:04:45.148514,2026-10-04,1,Normal
ORD003896,SX00003896,11647,NJ01,Delivered,2026-10-03 08:05:36.993699,2026-10-04,1,Normal
ORD003897,SX00003897,16038,IL01,Delivered,2026-10-03 08:06:28.838883,2026-10-04,1,Normal
ORD003898,SX00003898,15164,IL01,Delivered,2026-10-03 08:07:20.684068,2026-10-06,0,Missing Delivered Event
ORD003900,SX00003900,13687,IL01,Delivered,2026-10-03 08:09:04.374437,2026-10-06,1,Normal
ORD003901,SX00003901,10596,IL01,Delivered,2026-10-03 08:09:56.219621,2026-10-04,1,Normal
ORD003902,SX00003902,14545,IL01,Delivered,2026-10-03 08:10:48.064806,2026-10-04,1,Normal
ORD003903,SX00003903,18676,IL01,Delivered,2026-10-03 08:11:39.909990,2026-10-04,1,Normal
ORD003905,SX00003905,14757,TX01,Delivered,2026-10-03 08:13:23.600360,2026-10-04,1,Normal
ORD003907,SX00003907,18912,NJ01,Delivered,2026-10-03 08:15:07.290729,2026-10-05,1,Normal
ORD003908,SX00003908,14733,NJ01,Delivered,2026-10-03 08:15:59.135913,2026-10-04,1,Normal
ORD003910,SX00003910,18690,IL01,Delivered,2026-10-03 08:17:42.826282,2026-10-06,1,Normal
ORD003911,SX00003911,17117,NJ01,Delivered,2026-10-03 08:18:34.671467,2026-10-04,1,Normal
ORD003914,SX00003914,18306,CA01,Delivered,2026-10-03 08:21:10.207020,2026-10-05,1,Normal
ORD003915,SX00003915,19928,TX01,Delivered,2026-10-03 08:22:02.052205,2026-10-04,1,Normal
ORD003916,SX00003916,17178,TX01,Delivered,2026-10-03 08:22:53.897389,2026-10-06,1,Normal
ORD003918,SX00003918,13630,TX01,Delivered,2026-10-03 08:24:37.587758,2026-10-04,1,Normal
ORD003920,SX00003920,13453,NJ01,Delivered,2026-10-03 08:26:21.278127,2026-10-06,1,Normal
ORD003921,SX00003921,14507,NJ01,Delivered,2026-10-03 08:27:13.123312,2026-10-05,1,Normal
ORD003922,SX00003922,15783,IL01,Delivered,2026-10-03 08:28:04.968496,2026-10-04,1,Normal
ORD003923,SX00003923,17751,IL01,Delivered,2026-10-03 08:28:56.813681,2026-10-05,1,Normal
ORD003924,SX00003924,15628,TX01,Delivered,2026-10-03 08:29:48.658865,2026-10-06,1,Normal
ORD003925,SX00003925,18328,IL01,Delivered,2026-10-03 08:30:40.504050,2026-10-04,1,Normal
ORD003927,SX00003927,13005,NJ01,Delivered,2026-10-03 08:32:24.194419,2026-10-04,1,Normal
ORD003928,SX00003928,13552,IL01,Delivered,2026-10-03 08:33:16.039603,2026-10-04,1,Normal
ORD003931,SX00003931,16318,TX01,Delivered,2026-10-03 08:35:51.575157,2026-10-06,1,Normal
ORD003933,SX00003933,18640,TX01,Delivered,2026-10-03 08:37:35.265526,2026-10-05,1,Normal
ORD003934,SX00003934,11948,CA01,Delivered,2026-10-03 08:38:27.110711,2026-10-05,1,Normal
ORD003939,SX00003939,11920,IL01,Delivered,2026-10-03 08:42:46.336633,2026-10-04,1,Normal
ORD003940,SX00003940,14188,IL01,Delivered,2026-10-03 08:43:38.181818,2026-10-04,1,Normal
ORD003941,SX00003941,10238,IL01,Delivered,2026-10-03 08:44:30.027002,2026-10-06,1,Normal
ORD003942,SX00003942,10204,IL01,Delivered,2026-10-03 08:45:21.872187,2026-10-05,1,Normal
ORD003943,SX00003943,15552,NJ01,Delivered,2026-10-03 08:46:13.717371,2026-10-04,1,Normal
ORD003944,SX00003944,14927,TX01,Delivered,2026-10-03 08:47:05.562556,2026-10-04,1,Normal
ORD003947,SX00003947,14951,NJ01,Delivered,2026-10-03 08:49:41.098109,2026-10-04,1,Normal
ORD003948,SX00003948,16160,CA01,Delivered,2026-10-03 08:50:32.943294,2026-10-04,1,Normal
ORD003950,SX00003950,19540,TX01,Delivered,2026-10-03 08:52:16.633663,2026-10-06,1,Normal
ORD003952,SX00003952,10816,TX01,Delivered,2026-10-03 08:54:00.324032,2026-10-06,1,Normal
ORD003953,SX00003953,19012,CA01,Delivered,2026-10-03 08:54:52.169216,2026-10-04,1,Normal
ORD003956,SX00003956,13645,TX01,Delivered,2026-10-03 08:57:27.704770,2026-10-04,1,Normal
ORD003957,SX00003957,16314,NJ01,Delivered,2026-10-03 08:58:19.549954,2026-10-05,1,Normal
ORD003959,SX00003959,11788,CA01,Delivered,2026-10-03 09:00:03.240324,2026-10-04,1,Normal
ORD003961,SX00003961,13700,TX01,Delivered,2026-10-03 09:01:46.930693,2026-10-05,1,Normal
ORD003962,SX00003962,19359,IL01,Delivered,2026-10-03 09:02:38.775877,2026-10-06,1,Normal
ORD003963,SX00003963,13893,IL01,Delivered,2026-10-03 09:03:30.621062,2026-10-04,1,Normal
ORD003964,SX00003964,16811,NJ01,Delivered,2026-10-03 09:04:22.466246,2026-10-05,1,Normal
ORD003965,SX00003965,19288,IL01,Delivered,2026-10-03 09:05:14.311431,2026-10-05,1,Normal
ORD003966,SX00003966,12679,NJ01,Delivered,2026-10-03 09:06:06.156615,2026-10-04,1,Normal
ORD003967,SX00003967,13904,NJ01,Delivered,2026-10-03 09:06:58.001800,2026-10-06,1,Normal
ORD003968,SX00003968,17260,IL01,Delivered,2026-10-03 09:07:49.846984,2026-10-04,1,Normal
ORD003969,SX00003969,10504,TX01,Delivered,2026-10-03 09:08:41.692169,2026-10-05,1,Normal
ORD003970,SX00003970,19813,NJ01,Delivered,2026-10-03 09:09:33.537353,2026-10-05,1,Normal
ORD003972,SX00003972,16773,IL01,Delivered,2026-10-03 09:11:17.227722,2026-10-04,1,Normal
ORD003973,SX00003973,13816,CA01,Delivered,2026-10-03 09:12:09.072907,2026-10-05,1,Normal
ORD003974,SX00003974,10717,TX01,Delivered,2026-10-03 09:13:00.918091,2026-10-05,1,Normal
ORD003976,SX00003976,10658,IL01,Delivered,2026-10-03 09:14:44.608460,2026-10-06,1,Normal
ORD003977,SX00003977,15057,TX01,Delivered,2026-10-03 09:15:36.453645,2026-10-05,1,Normal
ORD003978,SX00003978,14008,NJ01,Delivered,2026-10-03 09:16:28.298829,2026-10-06,1,Normal
ORD003981,SX00003981,13764,NJ01,Delivered,2026-10-03 09:19:03.834383,2026-10-06,1,Normal
ORD003982,SX00003982,14637,TX01,Delivered,2026-10-03 09:19:55.679567,2026-10-06,1,Normal
ORD003983,SX00003983,12104,IL01,Delivered,2026-10-03 09:20:47.524752,2026-10-06,1,Normal
ORD003984,SX00003984,19447,NJ01,Delivered,2026-10-03 09:21:39.369936,2026-10-04,1,Normal
ORD003986,SX00003986,18575,CA01,Delivered,2026-10-03 09:23:23.060306,2026-10-05,1,Normal
ORD003987,SX00003987,12607,TX01,Delivered,2026-10-03 09:24:14.905490,2026-10-06,1,Normal
ORD003988,SX00003988,18385,TX01,Delivered,2026-10-03 09:25:06.750675,2026-10-06,1,Normal
ORD003989,SX00003989,13719,TX01,Delivered,2026-10-03 09:25:58.595859,2026-10-05,1,Normal
ORD003990,SX00003990,12581,NJ01,Delivered,2026-10-03 09:26:50.441044,2026-10-04,1,Normal
ORD003992,SX00003992,12763,IL01,Delivered,2026-10-03 09:28:34.131413,2026-10-05,1,Normal
ORD003993,SX00003993,16328,TX01,Delivered,2026-10-03 09:29:25.976597,2026-10-05,1,Normal
ORD003994,SX00003994,15991,IL01,Delivered,2026-10-03 09:30:17.821782,2026-10-05,1,Normal
ORD003995,SX00003995,13406,IL01,Delivered,2026-10-03 09:31:09.666966,2026-10-06,1,Normal
ORD003996,SX00003996,18923,NJ01,Delivered,2026-10-03 09:32:01.512151,2026-10-06,1,Normal
ORD003997,SX00003997,14780,TX01,Delivered,2026-10-03 09:32:53.357335,2026-10-06,1,Normal
ORD003998,SX00003998,14177,TX01,Delivered,2026-10-03 09:33:45.202520,2026-10-06,1,Normal
ORD004000,SX00004000,12604,NJ01,Delivered,2026-10-03 09:35:28.892889,2026-10-06,1,Normal
ORD004001,SX00004001,18181,CA01,Delivered,2026-10-03 09:36:20.738073,2026-10-06,1,Normal
ORD004002,SX00004002,12382,IL01,Delivered,2026-10-03 09:37:12.583258,2026-10-04,1,Normal
ORD004003,SX00004003,10531,TX01,Delivered,2026-10-03 09:38:04.428442,2026-10-05,1,Normal
ORD004004,SX00004004,16079,NJ01,Delivered,2026-10-03 09:38:56.273627,2026-10-06,1,Normal
ORD004005,SX00004005,10634,IL01,Delivered,2026-10-03 09:39:48.118811,2026-10-06,2,Duplicate Delivered Event
ORD004006,SX00004006,19961,IL01,Delivered,2026-10-03 09:40:39.963996,2026-10-05,1,Normal
ORD004008,SX00004008,18397,IL01,Delivered,2026-10-03 09:42:23.654365,2026-10-05,1,Normal
ORD004009,SX00004009,15951,IL01,Delivered,2026-10-03 09:43:15.499549,2026-10-05,1,Normal
ORD004011,SX00004011,17739,IL01,Delivered,2026-10-03 09:44:59.189918,2026-10-06,1,Normal
ORD004012,SX00004012,16003,NJ01,Delivered,2026-10-03 09:45:51.035103,2026-10-05,1,Normal
ORD004013,SX00004013,12890,TX01,Delivered,2026-10-03 09:46:42.880288,2026-10-06,1,Normal
ORD004015,SX00004015,18026,NJ01,Delivered,2026-10-03 09:48:26.570657,2026-10-05,1,Normal
ORD004016,SX00004016,13306,IL01,Delivered,2026-10-03 09:49:18.415841,2026-10-06,1,Normal
ORD004018,SX00004018,19277,TX01,Delivered,2026-10-03 09:51:02.106210,2026-10-06,1,Normal
ORD004021,SX00004021,17291,NJ01,Delivered,2026-10-03 09:53:37.641764,2026-10-05,1,Normal
ORD004025,SX00004025,15255,CA01,Delivered,2026-10-03 09:57:05.022502,2026-10-06,1,Normal
ORD004027,SX00004027,16457,TX01,Delivered,2026-10-03 09:58:48.712871,2026-10-05,1,Normal
ORD004029,SX00004029,13439,CA01,Delivered,2026-10-03 10:00:32.403240,2026-10-05,1,Normal
ORD004030,SX00004030,12854,IL01,Delivered,2026-10-03 10:01:24.248424,2026-10-06,1,Normal
ORD004031,SX00004031,19695,IL01,Delivered,2026-10-03 10:02:16.093609,2026-10-06,1,Normal
ORD004032,SX00004032,13792,IL01,Delivered,2026-10-03 10:03:07.938793,2026-10-04,1,Normal
ORD004033,SX00004033,15330,CA01,Delivered,2026-10-03 10:03:59.783978,2026-10-04,1,Normal
ORD004034,SX00004034,17871,CA01,Delivered,2026-10-03 10:04:51.629162,2026-10-04,1,Normal
ORD004035,SX00004035,18235,CA01,Delivered,2026-10-03 10:05:43.474347,2026-10-06,1,Normal
ORD004036,SX00004036,13612,TX01,Delivered,2026-10-03 10:06:35.319531,2026-10-05,1,Normal
ORD004037,SX00004037,12618,NJ01,Delivered,2026-10-03 10:07:27.164716,2026-10-04,1,Normal
ORD004038,SX00004038,14678,CA01,Delivered,2026-10-03 10:08:19.009900,2026-10-05,1,Normal
ORD004040,SX00004040,19480,NJ01,Delivered,2026-10-03 10:10:02.700270,2026-10-04,1,Normal
ORD004041,SX00004041,12942,IL01,Delivered,2026-10-03 10:10:54.545454,2026-10-04,1,Normal
ORD004042,SX00004042,18411,TX01,Delivered,2026-10-03 10:11:46.390639,2026-10-04,1,Normal
ORD004044,SX00004044,12972,CA01,Delivered,2026-10-03 10:13:30.081008,2026-10-06,1,Normal
ORD004045,SX00004045,10990,CA01,Delivered,2026-10-03 10:14:21.926192,2026-10-04,1,Normal
ORD004046,SX00004046,11812,CA01,Delivered,2026-10-03 10:15:13.771377,2026-10-06,1,Normal
ORD004048,SX00004048,10489,TX01,Delivered,2026-10-03 10:16:57.461746,2026-10-06,1,Normal
ORD004050,SX00004050,19685,IL01,Delivered,2026-10-03 10:18:41.152115,2026-10-05,1,Normal
ORD004052,SX00004052,17081,NJ01,Delivered,2026-10-03 10:20:24.842484,2026-10-06,1,Normal
ORD004053,SX00004053,12891,CA01,Delivered,2026-10-03 10:21:16.687668,2026-10-05,1,Normal
ORD004054,SX00004054,19897,NJ01,Delivered,2026-10-03 10:22:08.532853,2026-10-04,1,Normal
ORD004056,SX00004056,13340,IL01,Delivered,2026-10-03 10:23:52.223222,2026-10-04,0,Missing Delivered Event
ORD004057,SX00004057,16410,TX01,Delivered,2026-10-03 10:24:44.068406,2026-10-05,1,Normal
ORD004059,SX00004059,12575,IL01,Delivered,2026-10-03 10:26:27.758775,2026-10-04,1,Normal
ORD004060,SX00004060,10615,IL01,Delivered,2026-10-03 10:27:19.603960,2026-10-04,1,Normal
ORD004061,SX00004061,15944,NJ01,Delivered,2026-10-03 10:28:11.449144,2026-10-06,1,Normal
ORD004062,SX00004062,17404,IL01,Delivered,2026-10-03 10:29:03.294329,2026-10-05,1,Normal
ORD004063,SX00004063,10954,IL01,Delivered,2026-10-03 10:29:55.139513,2026-10-04,1,Normal
ORD004065,SX00004065,16859,NJ01,Delivered,2026-10-03 10:31:38.829882,2026-10-04,1,Normal
ORD004067,SX00004067,13278,IL01,Delivered,2026-10-03 10:33:22.520252,2026-10-06,1,Normal
ORD004068,SX00004068,15455,CA01,Delivered,2026-10-03 10:34:14.365436,2026-10-04,1,Normal
ORD004069,SX00004069,13801,IL01,Delivered,2026-10-03 10:35:06.210621,2026-10-04,1,Normal
ORD004070,SX00004070,12561,IL01,Delivered,2026-10-03 10:35:58.055805,2026-10-05,1,Normal
ORD004071,SX00004071,16539,IL01,Delivered,2026-10-03 10:36:49.900990,2026-10-05,1,Normal
ORD004074,SX00004074,14886,IL01,Delivered,2026-10-03 10:39:25.436543,2026-10-05,1,Normal
ORD004075,SX00004075,17485,NJ01,Delivered,2026-10-03 10:40:17.281728,2026-10-06,1,Normal
ORD004076,SX00004076,10383,NJ01,Delivered,2026-10-03 10:41:09.126912,2026-10-05,1,Normal
ORD004078,SX00004078,14290,TX01,Delivered,2026-10-03 10:42:52.817281,2026-10-05,1,Normal
ORD004080,SX00004080,16204,CA01,Delivered,2026-10-03 10:44:36.507650,2026-10-06,1,Normal
ORD004082,SX00004082,14251,TX01,Delivered,2026-10-03 10:46:20.198019,2026-10-05,1,Normal
ORD004083,SX00004083,10922,IL01,Delivered,2026-10-03 10:47:12.043204,2026-10-05,1,Normal
ORD004086,SX00004086,13046,IL01,Delivered,2026-10-03 10:49:47.578757,2026-10-05,1,Normal
ORD004087,SX00004087,19166,NJ01,Delivered,2026-10-03 10:50:39.423942,2026-10-05,1,Normal
ORD004088,SX00004088,11230,IL01,Delivered,2026-10-03 10:51:31.269126,2026-10-04,1,Normal
ORD004089,SX00004089,17647,TX01,Delivered,2026-10-03 10:52:23.114311,2026-10-05,1,Normal
ORD004090,SX00004090,14933,TX01,Delivered,2026-10-03 10:53:14.959495,2026-10-04,1,Normal
ORD004091,SX00004091,19555,IL01,Delivered,2026-10-03 10:54:06.804680,2026-10-04,1,Normal
ORD004093,SX00004093,16483,IL01,Delivered,2026-10-03 10:55:50.495049,2026-10-04,1,Normal
ORD004094,SX00004094,10203,TX01,Delivered,2026-10-03 10:56:42.340234,2026-10-05,1,Normal
ORD004095,SX00004095,10160,IL01,Delivered,2026-10-03 10:57:34.185418,2026-10-04,1,Normal
ORD004096,SX00004096,18960,NJ01,Delivered,2026-10-03 10:58:26.030603,2026-10-06,1,Normal
ORD004097,SX00004097,13748,CA01,Delivered,2026-10-03 10:59:17.875787,2026-10-05,1,Normal
ORD004098,SX00004098,16718,IL01,Delivered,2026-10-03 11:00:09.720972,2026-10-06,1,Normal
ORD004099,SX00004099,12581,CA01,Delivered,2026-10-03 11:01:01.566156,2026-10-06,1,Normal
ORD004102,SX00004102,18799,NJ01,Delivered,2026-10-03 11:03:37.101710,2026-10-05,1,Normal
ORD004103,SX00004103,15710,TX01,Delivered,2026-10-03 11:04:28.946894,2026-10-04,1,Normal
ORD004105,SX00004105,12875,IL01,Delivered,2026-10-03 11:06:12.637263,2026-10-05,2,Duplicate Delivered Event
ORD004108,SX00004108,10689,NJ01,Delivered,2026-10-03 11:08:48.172817,2026-10-04,1,Normal
ORD004109,SX00004109,13759,NJ01,Delivered,2026-10-03 11:09:40.018001,2026-10-06,1,Normal
ORD004113,SX00004113,14172,IL01,Delivered,2026-10-03 11:13:07.398739,2026-10-06,1,Normal
ORD004115,SX00004115,12378,CA01,Delivered,2026-10-03 11:14:51.089108,2026-10-05,1,Normal
ORD004116,SX00004116,11205,TX01,Delivered,2026-10-03 11:15:42.934293,2026-10-04,1,Normal
ORD004117,SX00004117,14988,NJ01,Delivered,2026-10-03 11:16:34.779477,2026-10-04,1,Normal
ORD004121,SX00004121,18490,TX01,Delivered,2026-10-03 11:20:02.160216,2026-10-06,1,Normal
ORD004122,SX00004122,10956,NJ01,Delivered,2026-10-03 11:20:54.005400,2026-10-04,1,Normal
ORD004124,SX00004124,16623,IL01,Delivered,2026-10-03 11:22:37.695769,2026-10-06,1,Normal
ORD004126,SX00004126,14460,TX01,Delivered,2026-10-03 11:24:21.386138,2026-10-06,1,Normal
ORD004129,SX00004129,12828,CA01,Delivered,2026-10-03 11:26:56.921692,2026-10-05,1,Normal
ORD004130,SX00004130,12850,NJ01,Delivered,2026-10-03 11:27:48.766876,2026-10-04,1,Normal
ORD004131,SX00004131,12964,NJ01,Delivered,2026-10-03 11:28:40.612061,2026-10-04,1,Normal
ORD004133,SX00004133,19141,IL01,Delivered,2026-10-03 11:30:24.302430,2026-10-04,1,Normal
ORD004135,SX00004135,12850,TX01,Delivered,2026-10-03 11:32:07.992799,2026-10-04,1,Normal
ORD004137,SX00004137,10919,NJ01,Delivered,2026-10-03 11:33:51.683168,2026-10-06,1,Normal
ORD004138,SX00004138,18305,CA01,Delivered,2026-10-03 11:34:43.528352,2026-10-06,1,Normal
ORD004140,SX00004140,10991,IL01,Delivered,2026-10-03 11:36:27.218721,2026-10-06,0,Missing Delivered Event
ORD004141,SX00004141,16047,IL01,Delivered,2026-10-03 11:37:19.063906,2026-10-05,1,Normal
ORD004142,SX00004142,13839,IL01,Delivered,2026-10-03 11:38:10.909090,2026-10-05,1,Normal
ORD004143,SX00004143,11258,NJ01,Delivered,2026-10-03 11:39:02.754275,2026-10-05,1,Normal
ORD004144,SX00004144,17609,CA01,Delivered,2026-10-03 11:39:54.599459,2026-10-04,1,Normal
ORD004145,SX00004145,18706,CA01,Delivered,2026-10-03 11:40:46.444644,2026-10-05,1,Normal
ORD004147,SX00004147,10067,NJ01,Delivered,2026-10-03 11:42:30.135013,2026-10-04,1,Normal
ORD004148,SX00004148,19788,TX01,Delivered,2026-10-03 11:43:21.980198,2026-10-05,1,Normal
ORD004149,SX00004149,15660,IL01,Delivered,2026-10-03 11:44:13.825382,2026-10-05,1,Normal
ORD004151,SX00004151,18210,CA01,Delivered,2026-10-03 11:45:57.515751,2026-10-06,1,Normal
ORD004153,SX00004153,10572,IL01,Delivered,2026-10-03 11:47:41.206120,2026-10-04,1,Normal
ORD004154,SX00004154,17082,NJ01,Delivered,2026-10-03 11:48:33.051305,2026-10-04,1,Normal
ORD004155,SX00004155,17832,IL01,Delivered,2026-10-03 11:49:24.896489,2026-10-06,1,Normal
ORD004156,SX00004156,15395,IL01,Delivered,2026-10-03 11:50:16.741674,2026-10-05,1,Normal
ORD004158,SX00004158,16039,CA01,Delivered,2026-10-03 11:52:00.432043,2026-10-05,1,Normal
ORD004159,SX00004159,10650,CA01,Delivered,2026-10-03 11:52:52.277227,2026-10-06,1,Normal
ORD004160,SX00004160,15741,CA01,Delivered,2026-10-03 11:53:44.122412,2026-10-04,1,Normal
ORD004161,SX00004161,16838,CA01,Delivered,2026-10-03 11:54:35.967596,2026-10-06,1,Normal
ORD004163,SX00004163,17876,NJ01,Delivered,2026-10-03 11:56:19.657965,2026-10-04,1,Normal
ORD004164,SX00004164,13262,IL01,Delivered,2026-10-03 11:57:11.503150,2026-10-05,1,Normal
ORD004165,SX00004165,11338,IL01,Delivered,2026-10-03 11:58:03.348334,2026-10-06,1,Normal
ORD004166,SX00004166,14996,NJ01,Delivered,2026-10-03 11:58:55.193519,2026-10-04,1,Normal
ORD004169,SX00004169,15232,IL01,Delivered,2026-10-03 12:01:30.729072,2026-10-05,1,Normal
ORD004170,SX00004170,12217,IL01,Delivered,2026-10-03 12:02:22.574257,2026-10-06,1,Normal
ORD004171,SX00004171,13539,IL01,Delivered,2026-10-03 12:03:14.419441,2026-10-04,1,Normal
ORD004173,SX00004173,19229,IL01,Delivered,2026-10-03 12:04:58.109810,2026-10-05,1,Normal
ORD004174,SX00004174,14383,TX01,Delivered,2026-10-03 12:05:49.954995,2026-10-05,1,Normal
ORD004175,SX00004175,12961,TX01,Delivered,2026-10-03 12:06:41.800180,2026-10-05,1,Normal
ORD004176,SX00004176,13226,NJ01,Delivered,2026-10-03 12:07:33.645364,2026-10-05,1,Normal
ORD004177,SX00004177,16837,TX01,Delivered,2026-10-03 12:08:25.490549,2026-10-05,1,Normal
ORD004178,SX00004178,17031,IL01,Delivered,2026-10-03 12:09:17.335733,2026-10-05,1,Normal
ORD004179,SX00004179,19290,CA01,Delivered,2026-10-03 12:10:09.180918,2026-10-05,1,Normal
ORD004180,SX00004180,19131,IL01,Delivered,2026-10-03 12:11:01.026102,2026-10-04,1,Normal
ORD004181,SX00004181,13716,TX01,Delivered,2026-10-03 12:11:52.871287,2026-10-06,1,Normal
ORD004182,SX00004182,13414,CA01,Delivered,2026-10-03 12:12:44.716471,2026-10-05,1,Normal
ORD004183,SX00004183,11448,CA01,Delivered,2026-10-03 12:13:36.561656,2026-10-06,1,Normal
ORD004185,SX00004185,12904,TX01,Delivered,2026-10-03 12:15:20.252025,2026-10-04,1,Normal
ORD004187,SX00004187,10917,IL01,Delivered,2026-10-03 12:17:03.942394,2026-10-06,1,Normal
ORD004188,SX00004188,16982,IL01,Delivered,2026-10-03 12:17:55.787578,2026-10-05,1,Normal
ORD004191,SX00004191,11678,IL01,Delivered,2026-10-03 12:20:31.323132,2026-10-05,1,Normal
ORD004193,SX00004193,19941,CA01,Delivered,2026-10-03 12:22:15.013501,2026-10-06,1,Normal
ORD004194,SX00004194,17086,NJ01,Delivered,2026-10-03 12:23:06.858685,2026-10-06,1,Normal
ORD004195,SX00004195,14749,IL01,Delivered,2026-10-03 12:23:58.703870,2026-10-04,1,Normal
ORD004196,SX00004196,13505,NJ01,Delivered,2026-10-03 12:24:50.549054,2026-10-04,1,Normal
ORD004197,SX00004197,14529,TX01,Delivered,2026-10-03 12:25:42.394239,2026-10-04,1,Normal
ORD004198,SX00004198,11135,NJ01,Delivered,2026-10-03 12:26:34.239423,2026-10-04,1,Normal
ORD004199,SX00004199,18566,TX01,Delivered,2026-10-03 12:27:26.084608,2026-10-06,1,Normal
ORD004200,SX00004200,17226,NJ01,Delivered,2026-10-03 12:28:17.929792,2026-10-05,1,Normal
ORD004202,SX00004202,10206,IL01,Delivered,2026-10-03 12:30:01.620162,2026-10-05,1,Normal
ORD004203,SX00004203,14875,IL01,Delivered,2026-10-03 12:30:53.465346,2026-10-05,1,Normal
ORD004205,SX00004205,11141,IL01,Delivered,2026-10-03 12:32:37.155715,2026-10-05,2,Duplicate Delivered Event
ORD004206,SX00004206,14627,TX01,Delivered,2026-10-03 12:33:29.000900,2026-10-05,1,Normal
ORD004207,SX00004207,17389,NJ01,Delivered,2026-10-03 12:34:20.846084,2026-10-06,1,Normal
ORD004208,SX00004208,12690,TX01,Delivered,2026-10-03 12:35:12.691269,2026-10-06,1,Normal
ORD004210,SX00004210,13255,TX01,Delivered,2026-10-03 12:36:56.381638,2026-10-04,1,Normal
ORD004211,SX00004211,18281,CA01,Delivered,2026-10-03 12:37:48.226822,2026-10-05,1,Normal
ORD004212,SX00004212,15213,NJ01,Delivered,2026-10-03 12:38:40.072007,2026-10-04,1,Normal
ORD004213,SX00004213,14108,IL01,Delivered,2026-10-03 12:39:31.917191,2026-10-06,1,Normal
ORD004214,SX00004214,13020,CA01,Delivered,2026-10-03 12:40:23.762376,2026-10-04,1,Normal
ORD004215,SX00004215,11857,CA01,Delivered,2026-10-03 12:41:15.607560,2026-10-05,1,Normal
ORD004218,SX00004218,12789,NJ01,Delivered,2026-10-03 12:43:51.143114,2026-10-05,1,Normal
ORD004219,SX00004219,13875,IL01,Delivered,2026-10-03 12:44:42.988298,2026-10-04,1,Normal
ORD004221,SX00004221,19802,IL01,Delivered,2026-10-03 12:46:26.678667,2026-10-05,1,Normal
ORD004225,SX00004225,17175,IL01,Delivered,2026-10-03 12:49:54.059405,2026-10-06,1,Normal
ORD004226,SX00004226,17129,TX01,Delivered,2026-10-03 12:50:45.904590,2026-10-06,1,Normal
ORD004227,SX00004227,15021,CA01,Delivered,2026-10-03 12:51:37.749774,2026-10-04,1,Normal
ORD004229,SX00004229,12387,NJ01,Delivered,2026-10-03 12:53:21.440144,2026-10-04,1,Normal
ORD004231,SX00004231,19133,IL01,Delivered,2026-10-03 12:55:05.130513,2026-10-04,1,Normal
ORD004232,SX00004232,15866,TX01,Delivered,2026-10-03 12:55:56.975697,2026-10-04,1,Normal
ORD004234,SX00004234,10975,IL01,Delivered,2026-10-03 12:57:40.666066,2026-10-05,1,Normal
ORD004235,SX00004235,17212,NJ01,Delivered,2026-10-03 12:58:32.511251,2026-10-05,1,Normal
ORD004236,SX00004236,19146,TX01,Delivered,2026-10-03 12:59:24.356435,2026-10-06,1,Normal
ORD004237,SX00004237,11262,IL01,Delivered,2026-10-03 13:00:16.201620,2026-10-04,1,Normal
ORD004238,SX00004238,15047,IL01,Delivered,2026-10-03 13:01:08.046804,2026-10-06,1,Normal
ORD004239,SX00004239,19135,NJ01,Delivered,2026-10-03 13:01:59.891989,2026-10-05,1,Normal
ORD004240,SX00004240,17382,NJ01,Delivered,2026-10-03 13:02:51.737173,2026-10-04,1,Normal
ORD004243,SX00004243,15630,NJ01,Delivered,2026-10-03 13:05:27.272727,2026-10-05,1,Normal
ORD004244,SX00004244,12259,IL01,Delivered,2026-10-03 13:06:19.117911,2026-10-05,1,Normal
ORD004245,SX00004245,11257,IL01,Delivered,2026-10-03 13:07:10.963096,2026-10-04,1,Normal
ORD004247,SX00004247,13294,TX01,Delivered,2026-10-03 13:08:54.653465,2026-10-05,1,Normal
ORD004249,SX00004249,17431,IL01,Delivered,2026-10-03 13:10:38.343834,2026-10-04,1,Normal
ORD004251,SX00004251,19076,IL01,Delivered,2026-10-03 13:12:22.034203,2026-10-06,1,Normal
ORD004253,SX00004253,16419,NJ01,Delivered,2026-10-03 13:14:05.724572,2026-10-05,1,Normal
ORD004254,SX00004254,15750,IL01,Delivered,2026-10-03 13:14:57.569756,2026-10-06,1,Normal
ORD004255,SX00004255,13856,IL01,Delivered,2026-10-03 13:15:49.414941,2026-10-06,1,Normal
ORD004257,SX00004257,16953,TX01,Delivered,2026-10-03 13:17:33.105310,2026-10-06,1,Normal
ORD004258,SX00004258,19116,TX01,Delivered,2026-10-03 13:18:24.950495,2026-10-04,1,Normal
ORD004259,SX00004259,16034,NJ01,Delivered,2026-10-03 13:19:16.795679,2026-10-05,1,Normal
ORD004260,SX00004260,14589,TX01,Delivered,2026-10-03 13:20:08.640864,2026-10-04,1,Normal
ORD004261,SX00004261,11546,CA01,Delivered,2026-10-03 13:21:00.486048,2026-10-06,1,Normal
ORD004263,SX00004263,11094,IL01,Delivered,2026-10-03 13:22:44.176417,2026-10-05,2,Duplicate Delivered Event
ORD004264,SX00004264,12411,NJ01,Delivered,2026-10-03 13:23:36.021602,2026-10-06,1,Normal
ORD004265,SX00004265,12617,NJ01,Delivered,2026-10-03 13:24:27.866786,2026-10-05,1,Normal
ORD004268,SX00004268,12775,CA01,Delivered,2026-10-03 13:27:03.402340,2026-10-05,1,Normal
ORD004269,SX00004269,16628,TX01,Delivered,2026-10-03 13:27:55.247524,2026-10-04,1,Normal
ORD004270,SX00004270,13155,IL01,Delivered,2026-10-03 13:28:47.092709,2026-10-05,1,Normal
ORD004271,SX00004271,13970,IL01,Delivered,2026-10-03 13:29:38.937893,2026-10-05,1,Normal
ORD004272,SX00004272,17972,NJ01,Delivered,2026-10-03 13:30:30.783078,2026-10-04,1,Normal
ORD004273,SX00004273,18775,IL01,Delivered,2026-10-03 13:31:22.628262,2026-10-06,1,Normal
ORD004274,SX00004274,15415,IL01,Delivered,2026-10-03 13:32:14.473447,2026-10-06,1,Normal
ORD004275,SX00004275,14331,IL01,Delivered,2026-10-03 13:33:06.318631,2026-10-05,1,Normal
ORD004276,SX00004276,11942,IL01,Delivered,2026-10-03 13:33:58.163816,2026-10-04,1,Normal
ORD004278,SX00004278,18301,IL01,Delivered,2026-10-03 13:35:41.854185,2026-10-04,0,Missing Delivered Event
ORD004279,SX00004279,10191,IL01,Delivered,2026-10-03 13:36:33.699369,2026-10-05,1,Normal
ORD004281,SX00004281,10861,NJ01,Delivered,2026-10-03 13:38:17.389738,2026-10-05,1,Normal
ORD004282,SX00004282,16711,IL01,Delivered,2026-10-03 13:39:09.234923,2026-10-06,1,Normal
ORD004284,SX00004284,10649,IL01,Delivered,2026-10-03 13:40:52.925292,2026-10-06,1,Normal
ORD004285,SX00004285,14134,NJ01,Delivered,2026-10-03 13:41:44.770477,2026-10-06,1,Normal
ORD004286,SX00004286,17587,TX01,Delivered,2026-10-03 13:42:36.615661,2026-10-04,1,Normal
ORD004287,SX00004287,18828,IL01,Delivered,2026-10-03 13:43:28.460846,2026-10-04,2,Duplicate Delivered Event
ORD004288,SX00004288,11036,NJ01,Delivered,2026-10-03 13:44:20.306030,2026-10-04,1,Normal
ORD004290,SX00004290,12148,TX01,Delivered,2026-10-03 13:46:03.996399,2026-10-06,1,Normal
ORD004293,SX00004293,12430,TX01,Delivered,2026-10-03 13:48:39.531953,2026-10-04,1,Normal
ORD004294,SX00004294,11879,NJ01,Delivered,2026-10-03 13:49:31.377137,2026-10-04,1,Normal
ORD004296,SX00004296,12011,IL01,Delivered,2026-10-03 13:51:15.067506,2026-10-05,1,Normal
ORD004297,SX00004297,13373,TX01,Delivered,2026-10-03 13:52:06.912691,2026-10-04,1,Normal
ORD004298,SX00004298,17357,CA01,Delivered,2026-10-03 13:52:58.757875,2026-10-06,1,Normal
ORD004299,SX00004299,11289,CA01,Delivered,2026-10-03 13:53:50.603060,2026-10-06,1,Normal
ORD004300,SX00004300,11447,CA01,Delivered,2026-10-03 13:54:42.448244,2026-10-06,1,Normal
ORD004301,SX00004301,13199,TX01,Delivered,2026-10-03 13:55:34.293429,2026-10-05,1,Normal
ORD004302,SX00004302,16381,NJ01,Delivered,2026-10-03 13:56:26.138613,2026-10-06,1,Normal
ORD004303,SX00004303,17522,TX01,Delivered,2026-10-03 13:57:17.983798,2026-10-04,1,Normal
ORD004304,SX00004304,16059,NJ01,Delivered,2026-10-03 13:58:09.828982,2026-10-05,1,Normal
ORD004306,SX00004306,15462,IL01,Delivered,2026-10-03 13:59:53.519351,2026-10-06,1,Normal
ORD004307,SX00004307,13216,IL01,Delivered,2026-10-03 14:00:45.364536,2026-10-04,1,Normal
ORD004308,SX00004308,13136,TX01,Delivered,2026-10-03 14:01:37.209720,2026-10-04,1,Normal
ORD004309,SX00004309,13318,NJ01,Delivered,2026-10-03 14:02:29.054905,2026-10-06,1,Normal
ORD004310,SX00004310,12782,IL01,Delivered,2026-10-03 14:03:20.900090,2026-10-06,0,Missing Delivered Event
ORD004312,SX00004312,17657,CA01,Delivered,2026-10-03 14:05:04.590459,2026-10-05,1,Normal
ORD004315,SX00004315,16327,NJ01,Delivered,2026-10-03 14:07:40.126012,2026-10-06,1,Normal
ORD004316,SX00004316,18417,NJ01,Delivered,2026-10-03 14:08:31.971197,2026-10-04,1,Normal
ORD004318,SX00004318,15208,NJ01,Delivered,2026-10-03 14:10:15.661566,2026-10-04,1,Normal
ORD004319,SX00004319,10687,TX01,Delivered,2026-10-03 14:11:07.506750,2026-10-04,1,Normal
ORD004320,SX00004320,10529,IL01,Delivered,2026-10-03 14:11:59.351935,2026-10-06,1,Normal
ORD004321,SX00004321,15067,IL01,Delivered,2026-10-03 14:12:51.197119,2026-10-06,1,Normal
ORD004323,SX00004323,15518,NJ01,Delivered,2026-10-03 14:14:34.887488,2026-10-06,1,Normal
ORD004325,SX00004325,19486,NJ01,Delivered,2026-10-03 14:16:18.577857,2026-10-04,1,Normal
ORD004327,SX00004327,16974,TX01,Delivered,2026-10-03 14:18:02.268226,2026-10-05,1,Normal
ORD004328,SX00004328,19718,NJ01,Delivered,2026-10-03 14:18:54.113411,2026-10-04,1,Normal
ORD004331,SX00004331,13103,TX01,Delivered,2026-10-03 14:21:29.648964,2026-10-05,1,Normal
ORD004332,SX00004332,12440,IL01,Delivered,2026-10-03 14:22:21.494149,2026-10-04,1,Normal
ORD004333,SX00004333,14135,NJ01,Delivered,2026-10-03 14:23:13.339333,2026-10-04,1,Normal
ORD004335,SX00004335,15201,IL01,Delivered,2026-10-03 14:24:57.029702,2026-10-05,1,Normal
ORD004337,SX00004337,10446,TX01,Delivered,2026-10-03 14:26:40.720072,2026-10-05,1,Normal
ORD004338,SX00004338,13915,NJ01,Delivered,2026-10-03 14:27:32.565256,2026-10-05,1,Normal
ORD004340,SX00004340,11234,IL01,Delivered,2026-10-03 14:29:16.255625,2026-10-06,1,Normal
ORD004341,SX00004341,16587,IL01,Delivered,2026-10-03 14:30:08.100810,2026-10-05,1,Normal
ORD004344,SX00004344,17185,CA01,Delivered,2026-10-03 14:32:43.636363,2026-10-04,1,Normal
ORD004346,SX00004346,10186,NJ01,Delivered,2026-10-03 14:34:27.326732,2026-10-06,1,Normal
ORD004349,SX00004349,19040,NJ01,Delivered,2026-10-03 14:37:02.862286,2026-10-04,1,Normal
ORD004350,SX00004350,12032,IL01,Delivered,2026-10-03 14:37:54.707470,2026-10-06,2,Duplicate Delivered Event
ORD004351,SX00004351,11252,IL01,Delivered,2026-10-03 14:38:46.552655,2026-10-04,1,Normal
ORD004352,SX00004352,15509,IL01,Delivered,2026-10-03 14:39:38.397839,2026-10-04,1,Normal
ORD004353,SX00004353,15074,IL01,Delivered,2026-10-03 14:40:30.243024,2026-10-06,1,Normal
ORD004354,SX00004354,11881,CA01,Delivered,2026-10-03 14:41:22.088208,2026-10-06,1,Normal
ORD004355,SX00004355,10269,TX01,Delivered,2026-10-03 14:42:13.933393,2026-10-06,1,Normal
ORD004357,SX00004357,14405,CA01,Delivered,2026-10-03 14:43:57.623762,2026-10-05,1,Normal
ORD004358,SX00004358,16139,NJ01,Delivered,2026-10-03 14:44:49.468946,2026-10-06,1,Normal
ORD004359,SX00004359,11574,CA01,Delivered,2026-10-03 14:45:41.314131,2026-10-05,1,Normal
ORD004361,SX00004361,13258,NJ01,Delivered,2026-10-03 14:47:25.004500,2026-10-05,1,Normal
ORD004363,SX00004363,11445,IL01,Delivered,2026-10-03 14:49:08.694869,2026-10-05,1,Normal
ORD004364,SX00004364,16263,CA01,Delivered,2026-10-03 14:50:00.540054,2026-10-04,1,Normal
ORD004365,SX00004365,18411,TX01,Delivered,2026-10-03 14:50:52.385238,2026-10-04,1,Normal
ORD004366,SX00004366,10052,CA01,Delivered,2026-10-03 14:51:44.230423,2026-10-04,1,Normal
ORD004367,SX00004367,19949,IL01,Delivered,2026-10-03 14:52:36.075607,2026-10-05,1,Normal
ORD004368,SX00004368,15570,IL01,Delivered,2026-10-03 14:53:27.920792,2026-10-04,1,Normal
ORD004369,SX00004369,17579,IL01,Delivered,2026-10-03 14:54:19.765976,2026-10-06,0,Missing Delivered Event
ORD004371,SX00004371,16901,IL01,Delivered,2026-10-03 14:56:03.456345,2026-10-06,1,Normal
ORD004372,SX00004372,12785,NJ01,Delivered,2026-10-03 14:56:55.301530,2026-10-05,1,Normal
ORD004374,SX00004374,18597,IL01,Delivered,2026-10-03 14:58:38.991899,2026-10-05,1,Normal
ORD004375,SX00004375,16855,IL01,Delivered,2026-10-03 14:59:30.837083,2026-10-05,1,Normal
ORD004378,SX00004378,19421,IL01,Delivered,2026-10-03 15:02:06.372637,2026-10-05,1,Normal
ORD004379,SX00004379,19759,CA01,Delivered,2026-10-03 15:02:58.217821,2026-10-04,1,Normal
ORD004380,SX00004380,14482,TX01,Delivered,2026-10-03 15:03:50.063006,2026-10-05,1,Normal
ORD004383,SX00004383,19018,IL01,Delivered,2026-10-03 15:06:25.598559,2026-10-05,1,Normal
ORD004385,SX00004385,10348,TX01,Delivered,2026-10-03 15:08:09.288928,2026-10-05,1,Normal
ORD004386,SX00004386,15374,IL01,Delivered,2026-10-03 15:09:01.134113,2026-10-06,1,Normal
ORD004388,SX00004388,10307,IL01,Delivered,2026-10-03 15:10:44.824482,2026-10-05,1,Normal
ORD004389,SX00004389,13416,TX01,Delivered,2026-10-03 15:11:36.669666,2026-10-06,1,Normal
ORD004391,SX00004391,13558,NJ01,Delivered,2026-10-03 15:13:20.360036,2026-10-04,1,Normal
ORD004392,SX00004392,14478,IL01,Delivered,2026-10-03 15:14:12.205220,2026-10-05,1,Normal
ORD004396,SX00004396,18112,NJ01,Delivered,2026-10-03 15:17:39.585958,2026-10-05,1,Normal
ORD004397,SX00004397,18467,TX01,Delivered,2026-10-03 15:18:31.431143,2026-10-04,1,Normal
ORD004398,SX00004398,12547,IL01,Delivered,2026-10-03 15:19:23.276327,2026-10-06,1,Normal
ORD004399,SX00004399,10336,TX01,Delivered,2026-10-03 15:20:15.121512,2026-10-05,1,Normal
ORD004402,SX00004402,10910,TX01,Delivered,2026-10-03 15:22:50.657065,2026-10-04,1,Normal
ORD004403,SX00004403,11996,TX01,Delivered,2026-10-03 15:23:42.502250,2026-10-06,1,Normal
ORD004406,SX00004406,16129,IL01,Delivered,2026-10-03 15:26:18.037803,2026-10-05,1,Normal
ORD004407,SX00004407,15850,CA01,Delivered,2026-10-03 15:27:09.882988,2026-10-06,1,Normal
ORD004408,SX00004408,14204,IL01,Delivered,2026-10-03 15:28:01.728172,2026-10-06,1,Normal
ORD004410,SX00004410,18519,NJ01,Delivered,2026-10-03 15:29:45.418541,2026-10-06,1,Normal
ORD004411,SX00004411,19991,NJ01,Delivered,2026-10-03 15:30:37.263726,2026-10-05,1,Normal
ORD004412,SX00004412,10314,IL01,Delivered,2026-10-03 15:31:29.108910,2026-10-05,1,Normal
ORD004413,SX00004413,11134,NJ01,Delivered,2026-10-03 15:32:20.954095,2026-10-06,1,Normal
ORD004414,SX00004414,14876,IL01,Delivered,2026-10-03 15:33:12.799279,2026-10-06,1,Normal
ORD004419,SX00004419,11724,IL01,Delivered,2026-10-03 15:37:32.025202,2026-10-05,1,Normal
ORD004420,SX00004420,13343,IL01,Delivered,2026-10-03 15:38:23.870387,2026-10-05,1,Normal
ORD004422,SX00004422,10721,TX01,Delivered,2026-10-03 15:40:07.560756,2026-10-04,1,Normal
ORD004423,SX00004423,17678,CA01,Delivered,2026-10-03 15:40:59.405940,2026-10-06,1,Normal
ORD004424,SX00004424,19104,IL01,Delivered,2026-10-03 15:41:51.251125,2026-10-06,1,Normal
ORD004425,SX00004425,13357,NJ01,Delivered,2026-10-03 15:42:43.096309,2026-10-06,1,Normal
ORD004426,SX00004426,10870,TX01,Delivered,2026-10-03 15:43:34.941494,2026-10-05,1,Normal
ORD004427,SX00004427,16751,NJ01,Delivered,2026-10-03 15:44:26.786678,2026-10-04,1,Normal
ORD004428,SX00004428,10497,TX01,Delivered,2026-10-03 15:45:18.631863,2026-10-04,1,Normal
ORD004429,SX00004429,11756,IL01,Delivered,2026-10-03 15:46:10.477047,2026-10-06,1,Normal
ORD004431,SX00004431,12828,IL01,Delivered,2026-10-03 15:47:54.167416,2026-10-06,1,Normal
ORD004432,SX00004432,11647,IL01,Delivered,2026-10-03 15:48:46.012601,2026-10-05,1,Normal
ORD004433,SX00004433,16992,NJ01,Delivered,2026-10-03 15:49:37.857785,2026-10-06,1,Normal
ORD004435,SX00004435,10142,IL01,Delivered,2026-10-03 15:51:21.548154,2026-10-04,1,Normal
ORD004436,SX00004436,12761,NJ01,Delivered,2026-10-03 15:52:13.393339,2026-10-05,1,Normal
ORD004438,SX00004438,16622,TX01,Delivered,2026-10-03 15:53:57.083708,2026-10-04,1,Normal
ORD004439,SX00004439,17069,NJ01,Delivered,2026-10-03 15:54:48.928892,2026-10-06,1,Normal
ORD004440,SX00004440,14512,NJ01,Delivered,2026-10-03 15:55:40.774077,2026-10-05,1,Normal
ORD004441,SX00004441,11848,NJ01,Delivered,2026-10-03 15:56:32.619261,2026-10-05,1,Normal
ORD004443,SX00004443,11717,IL01,Delivered,2026-10-03 15:58:16.309630,2026-10-06,0,Missing Delivered Event
ORD004444,SX00004444,13072,IL01,Delivered,2026-10-03 15:59:08.154815,2026-10-06,1,Normal
ORD004445,SX00004445,19259,NJ01,Delivered,2026-10-03 16:00:00.000000,2026-10-05,1,Normal
ORD004446,SX00004446,12786,NJ01,Delivered,2026-10-03 16:00:51.845184,2026-10-06,1,Normal
ORD004447,SX00004447,13791,CA01,Delivered,2026-10-03 16:01:43.690369,2026-10-06,1,Normal
ORD004448,SX00004448,19480,TX01,Delivered,2026-10-03 16:02:35.535553,2026-10-04,1,Normal
ORD004449,SX00004449,13871,IL01,Delivered,2026-10-03 16:03:27.380738,2026-10-06,1,Normal
ORD004450,SX00004450,11806,IL01,Delivered,2026-10-03 16:04:19.225922,2026-10-06,1,Normal
ORD004452,SX00004452,13308,TX01,Delivered,2026-10-03 16:06:02.916291,2026-10-06,1,Normal
ORD004453,SX00004453,17117,TX01,Delivered,2026-10-03 16:06:54.761476,2026-10-05,1,Normal
ORD004454,SX00004454,15048,CA01,Delivered,2026-10-03 16:07:46.606660,2026-10-04,1,Normal
ORD004456,SX00004456,11690,TX01,Delivered,2026-10-03 16:09:30.297029,2026-10-05,1,Normal
ORD004457,SX00004457,19536,NJ01,Delivered,2026-10-03 16:10:22.142214,2026-10-06,1,Normal
ORD004458,SX00004458,13303,CA01,Delivered,2026-10-03 16:11:13.987398,2026-10-05,1,Normal
ORD004459,SX00004459,13113,TX01,Delivered,2026-10-03 16:12:05.832583,2026-10-06,1,Normal
ORD004460,SX00004460,19074,NJ01,Delivered,2026-10-03 16:12:57.677767,2026-10-06,1,Normal
ORD004461,SX00004461,17850,NJ01,Delivered,2026-10-03 16:13:49.522952,2026-10-06,1,Normal
ORD004462,SX00004462,16416,TX01,Delivered,2026-10-03 16:14:41.368136,2026-10-05,1,Normal
ORD004464,SX00004464,18924,IL01,Delivered,2026-10-03 16:16:25.058505,2026-10-05,1,Normal
ORD004465,SX00004465,19940,IL01,Delivered,2026-10-03 16:17:16.903690,2026-10-06,0,Missing Delivered Event
ORD004466,SX00004466,13924,NJ01,Delivered,2026-10-03 16:18:08.748874,2026-10-05,1,Normal
ORD004467,SX00004467,18615,NJ01,Delivered,2026-10-03 16:19:00.594059,2026-10-04,1,Normal
ORD004468,SX00004468,19783,IL01,Delivered,2026-10-03 16:19:52.439243,2026-10-05,1,Normal
ORD004469,SX00004469,14485,IL01,Delivered,2026-10-03 16:20:44.284428,2026-10-04,1,Normal
ORD004470,SX00004470,18100,IL01,Delivered,2026-10-03 16:21:36.129612,2026-10-04,1,Normal
ORD004471,SX00004471,18684,NJ01,Delivered,2026-10-03 16:22:27.974797,2026-10-06,1,Normal
ORD004472,SX00004472,10191,IL01,Delivered,2026-10-03 16:23:19.819981,2026-10-04,1,Normal
ORD004474,SX00004474,14917,IL01,Delivered,2026-10-03 16:25:03.510351,2026-10-05,1,Normal
ORD004477,SX00004477,14322,IL01,Delivered,2026-10-03 16:27:39.045904,2026-10-06,1,Normal
ORD004479,SX00004479,19008,NJ01,Delivered,2026-10-03 16:29:22.736273,2026-10-05,1,Normal
ORD004480,SX00004480,17282,CA01,Delivered,2026-10-03 16:30:14.581458,2026-10-04,1,Normal
ORD004481,SX00004481,19665,IL01,Delivered,2026-10-03 16:31:06.426642,2026-10-04,1,Normal
ORD004482,SX00004482,19278,IL01,Delivered,2026-10-03 16:31:58.271827,2026-10-04,1,Normal
ORD004483,SX00004483,11874,IL01,Delivered,2026-10-03 16:32:50.117011,2026-10-05,1,Normal
ORD004484,SX00004484,19062,IL01,Delivered,2026-10-03 16:33:41.962196,2026-10-06,1,Normal
ORD004486,SX00004486,18464,IL01,Delivered,2026-10-03 16:35:25.652565,2026-10-06,1,Normal
ORD004487,SX00004487,19221,IL01,Delivered,2026-10-03 16:36:17.497749,2026-10-04,1,Normal
ORD004492,SX00004492,16320,IL01,Delivered,2026-10-03 16:40:36.723672,2026-10-05,0,Missing Delivered Event
ORD004493,SX00004493,12105,CA01,Delivered,2026-10-03 16:41:28.568856,2026-10-04,1,Normal
ORD004494,SX00004494,10307,TX01,Delivered,2026-10-03 16:42:20.414041,2026-10-05,1,Normal
ORD004496,SX00004496,13359,CA01,Delivered,2026-10-03 16:44:04.104410,2026-10-04,1,Normal
ORD004497,SX00004497,13176,NJ01,Delivered,2026-10-03 16:44:55.949594,2026-10-05,1,Normal
ORD004498,SX00004498,11251,IL01,Delivered,2026-10-03 16:45:47.794779,2026-10-05,1,Normal
ORD004499,SX00004499,15366,NJ01,Delivered,2026-10-03 16:46:39.639963,2026-10-05,1,Normal
ORD004500,SX00004500,11517,TX01,Delivered,2026-10-03 16:47:31.485148,2026-10-04,1,Normal
ORD004501,SX00004501,16226,CA01,Delivered,2026-10-03 16:48:23.330333,2026-10-05,1,Normal
ORD004502,SX00004502,15305,NJ01,Delivered,2026-10-03 16:49:15.175517,2026-10-05,1,Normal
ORD004503,SX00004503,19570,NJ01,Delivered,2026-10-03 16:50:07.020702,2026-10-06,1,Normal
ORD004506,SX00004506,14891,CA01,Delivered,2026-10-03 16:52:42.556255,2026-10-05,1,Normal
ORD004509,SX00004509,12863,IL01,Delivered,2026-10-03 16:55:18.091809,2026-10-04,1,Normal
ORD004512,SX00004512,16513,IL01,Delivered,2026-10-03 16:57:53.627362,2026-10-04,1,Normal
ORD004513,SX00004513,14005,CA01,Delivered,2026-10-03 16:58:45.472547,2026-10-06,1,Normal
ORD004514,SX00004514,19114,TX01,Delivered,2026-10-03 16:59:37.317731,2026-10-04,1,Normal
ORD004516,SX00004516,17755,IL01,Delivered,2026-10-03 17:01:21.008100,2026-10-05,1,Normal
ORD004517,SX00004517,13358,CA01,Delivered,2026-10-03 17:02:12.853285,2026-10-04,1,Normal
ORD004518,SX00004518,16615,IL01,Delivered,2026-10-03 17:03:04.698469,2026-10-04,0,Missing Delivered Event
ORD004519,SX00004519,19590,IL01,Delivered,2026-10-03 17:03:56.543654,2026-10-05,1,Normal
ORD004520,SX00004520,16797,IL01,Delivered,2026-10-03 17:04:48.388838,2026-10-04,1,Normal
ORD004521,SX00004521,18728,NJ01,Delivered,2026-10-03 17:05:40.234023,2026-10-05,1,Normal
ORD004524,SX00004524,11273,IL01,Delivered,2026-10-03 17:08:15.769576,2026-10-06,1,Normal
ORD004525,SX00004525,16653,TX01,Delivered,2026-10-03 17:09:07.614761,2026-10-04,1,Normal
ORD004526,SX00004526,11096,NJ01,Delivered,2026-10-03 17:09:59.459945,2026-10-05,1,Normal
ORD004528,SX00004528,19107,IL01,Delivered,2026-10-03 17:11:43.150315,2026-10-06,1,Normal
ORD004529,SX00004529,18002,TX01,Delivered,2026-10-03 17:12:34.995499,2026-10-05,1,Normal
ORD004532,SX00004532,15314,NJ01,Delivered,2026-10-03 17:15:10.531053,2026-10-04,1,Normal
ORD004533,SX00004533,13354,TX01,Delivered,2026-10-03 17:16:02.376237,2026-10-05,1,Normal
ORD004534,SX00004534,10270,IL01,Delivered,2026-10-03 17:16:54.221422,2026-10-06,1,Normal
ORD004536,SX00004536,16305,IL01,Delivered,2026-10-03 17:18:37.911791,2026-10-04,1,Normal
ORD004537,SX00004537,12398,IL01,Delivered,2026-10-03 17:19:29.756975,2026-10-04,1,Normal
ORD004538,SX00004538,16995,IL01,Delivered,2026-10-03 17:20:21.602160,2026-10-04,1,Normal
ORD004539,SX00004539,17299,TX01,Delivered,2026-10-03 17:21:13.447344,2026-10-06,1,Normal
ORD004540,SX00004540,14182,IL01,Delivered,2026-10-03 17:22:05.292529,2026-10-04,1,Normal
ORD004541,SX00004541,19903,TX01,Delivered,2026-10-03 17:22:57.137713,2026-10-05,1,Normal
ORD004542,SX00004542,12230,IL01,Delivered,2026-10-03 17:23:48.982898,2026-10-04,1,Normal
ORD004543,SX00004543,16511,IL01,Delivered,2026-10-03 17:24:40.828082,2026-10-06,0,Missing Delivered Event
ORD004544,SX00004544,10128,TX01,Delivered,2026-10-03 17:25:32.673267,2026-10-04,1,Normal
ORD004545,SX00004545,19461,TX01,Delivered,2026-10-03 17:26:24.518451,2026-10-06,1,Normal
ORD004546,SX00004546,13672,NJ01,Delivered,2026-10-03 17:27:16.363636,2026-10-05,1,Normal
ORD004547,SX00004547,19793,IL01,Delivered,2026-10-03 17:28:08.208820,2026-10-04,1,Normal
ORD004548,SX00004548,14765,NJ01,Delivered,2026-10-03 17:29:00.054005,2026-10-04,1,Normal
ORD004550,SX00004550,17545,IL01,Delivered,2026-10-03 17:30:43.744374,2026-10-05,1,Normal
ORD004552,SX00004552,10627,NJ01,Delivered,2026-10-03 17:32:27.434743,2026-10-04,1,Normal
ORD004553,SX00004553,16589,IL01,Delivered,2026-10-03 17:33:19.279927,2026-10-04,1,Normal
ORD004555,SX00004555,12341,TX01,Delivered,2026-10-03 17:35:02.970297,2026-10-04,1,Normal
ORD004557,SX00004557,18185,NJ01,Delivered,2026-10-03 17:36:46.660666,2026-10-04,1,Normal
ORD004558,SX00004558,10249,IL01,Delivered,2026-10-03 17:37:38.505850,2026-10-04,1,Normal
ORD004559,SX00004559,12925,TX01,Delivered,2026-10-03 17:38:30.351035,2026-10-04,1,Normal
ORD004562,SX00004562,19517,IL01,Delivered,2026-10-03 17:41:05.886588,2026-10-06,1,Normal
ORD004563,SX00004563,17192,IL01,Delivered,2026-10-03 17:41:57.731773,2026-10-05,1,Normal
ORD004564,SX00004564,19175,NJ01,Delivered,2026-10-03 17:42:49.576957,2026-10-05,1,Normal
ORD004566,SX00004566,12672,IL01,Delivered,2026-10-03 17:44:33.267326,2026-10-04,1,Normal
ORD004567,SX00004567,17279,IL01,Delivered,2026-10-03 17:45:25.112511,2026-10-04,1,Normal
ORD004568,SX00004568,17531,IL01,Delivered,2026-10-03 17:46:16.957695,2026-10-05,1,Normal
ORD004570,SX00004570,18662,IL01,Delivered,2026-10-03 17:48:00.648064,2026-10-04,1,Normal
ORD004573,SX00004573,18721,CA01,Delivered,2026-10-03 17:50:36.183618,2026-10-04,1,Normal
ORD004574,SX00004574,14059,CA01,Delivered,2026-10-03 17:51:28.028802,2026-10-06,1,Normal
ORD004575,SX00004575,12773,NJ01,Delivered,2026-10-03 17:52:19.873987,2026-10-05,1,Normal
ORD004576,SX00004576,19878,TX01,Delivered,2026-10-03 17:53:11.719171,2026-10-06,1,Normal
ORD004577,SX00004577,18383,CA01,Delivered,2026-10-03 17:54:03.564356,2026-10-05,1,Normal
ORD004582,SX00004582,13783,TX01,Delivered,2026-10-03 17:58:22.790279,2026-10-05,1,Normal
ORD004583,SX00004583,16646,IL01,Delivered,2026-10-03 17:59:14.635463,2026-10-05,1,Normal
ORD004584,SX00004584,14298,NJ01,Delivered,2026-10-03 18:00:06.480648,2026-10-06,1,Normal
ORD004585,SX00004585,14668,NJ01,Delivered,2026-10-03 18:00:58.325832,2026-10-04,1,Normal
ORD004586,SX00004586,14287,IL01,Delivered,2026-10-03 18:01:50.171017,2026-10-04,1,Normal
ORD004587,SX00004587,12052,IL01,Delivered,2026-10-03 18:02:42.016201,2026-10-05,0,Missing Delivered Event
ORD004591,SX00004591,14538,TX01,Delivered,2026-10-03 18:06:09.396939,2026-10-06,1,Normal
ORD004593,SX00004593,13932,TX01,Delivered,2026-10-03 18:07:53.087308,2026-10-06,1,Normal
ORD004594,SX00004594,10584,TX01,Delivered,2026-10-03 18:08:44.932493,2026-10-04,1,Normal
ORD004595,SX00004595,17616,TX01,Delivered,2026-10-03 18:09:36.777677,2026-10-04,1,Normal
ORD004596,SX00004596,18551,TX01,Delivered,2026-10-03 18:10:28.622862,2026-10-05,1,Normal
ORD004598,SX00004598,15898,NJ01,Delivered,2026-10-03 18:12:12.313231,2026-10-04,1,Normal
ORD004599,SX00004599,12011,IL01,Delivered,2026-10-03 18:13:04.158415,2026-10-06,0,Missing Delivered Event
ORD004600,SX00004600,16251,TX01,Delivered,2026-10-03 18:13:56.003600,2026-10-06,1,Normal
ORD004602,SX00004602,14006,NJ01,Delivered,2026-10-03 18:15:39.693969,2026-10-04,1,Normal
ORD004604,SX00004604,10890,IL01,Delivered,2026-10-03 18:17:23.384338,2026-10-06,1,Normal
ORD004605,SX00004605,16078,CA01,Delivered,2026-10-03 18:18:15.229522,2026-10-05,1,Normal
ORD004606,SX00004606,17036,IL01,Delivered,2026-10-03 18:19:07.074707,2026-10-05,1,Normal
ORD004607,SX00004607,18923,IL01,Delivered,2026-10-03 18:19:58.919891,2026-10-06,2,Duplicate Delivered Event
ORD004608,SX00004608,13961,IL01,Delivered,2026-10-03 18:20:50.765076,2026-10-05,1,Normal
ORD004611,SX00004611,13806,NJ01,Delivered,2026-10-03 18:23:26.300630,2026-10-05,1,Normal
ORD004612,SX00004612,16100,TX01,Delivered,2026-10-03 18:24:18.145814,2026-10-05,1,Normal
ORD004613,SX00004613,11719,IL01,Delivered,2026-10-03 18:25:09.990999,2026-10-04,1,Normal
ORD004615,SX00004615,11587,IL01,Delivered,2026-10-03 18:26:53.681368,2026-10-05,1,Normal
ORD004618,SX00004618,10896,IL01,Delivered,2026-10-03 18:29:29.216921,2026-10-05,1,Normal
ORD004619,SX00004619,15558,IL01,Delivered,2026-10-03 18:30:21.062106,2026-10-06,1,Normal
ORD004621,SX00004621,14647,NJ01,Delivered,2026-10-03 18:32:04.752475,2026-10-06,1,Normal
ORD004622,SX00004622,19828,IL01,Delivered,2026-10-03 18:32:56.597659,2026-10-06,1,Normal
ORD004623,SX00004623,12432,IL01,Delivered,2026-10-03 18:33:48.442844,2026-10-06,1,Normal
ORD004624,SX00004624,13904,IL01,Delivered,2026-10-03 18:34:40.288028,2026-10-04,1,Normal
ORD004625,SX00004625,16837,TX01,Delivered,2026-10-03 18:35:32.133213,2026-10-06,1,Normal
ORD004626,SX00004626,11449,TX01,Delivered,2026-10-03 18:36:23.978397,2026-10-06,1,Normal
ORD004627,SX00004627,14500,NJ01,Delivered,2026-10-03 18:37:15.823582,2026-10-04,1,Normal
ORD004629,SX00004629,19424,NJ01,Delivered,2026-10-03 18:38:59.513951,2026-10-05,1,Normal
ORD004630,SX00004630,14117,CA01,Delivered,2026-10-03 18:39:51.359135,2026-10-06,1,Normal
ORD004631,SX00004631,18869,IL01,Delivered,2026-10-03 18:40:43.204320,2026-10-04,1,Normal
ORD004633,SX00004633,16845,NJ01,Delivered,2026-10-03 18:42:26.894689,2026-10-06,1,Normal
ORD004634,SX00004634,13758,IL01,Delivered,2026-10-03 18:43:18.739873,2026-10-06,1,Normal
ORD004635,SX00004635,15904,TX01,Delivered,2026-10-03 18:44:10.585058,2026-10-05,1,Normal
ORD004636,SX00004636,14624,IL01,Delivered,2026-10-03 18:45:02.430243,2026-10-05,1,Normal
ORD004637,SX00004637,18848,IL01,Delivered,2026-10-03 18:45:54.275427,2026-10-06,1,Normal
ORD004638,SX00004638,10165,IL01,Delivered,2026-10-03 18:46:46.120612,2026-10-04,1,Normal
ORD004639,SX00004639,14591,IL01,Delivered,2026-10-03 18:47:37.965796,2026-10-06,1,Normal
ORD004641,SX00004641,14524,NJ01,Delivered,2026-10-03 18:49:21.656165,2026-10-05,1,Normal
ORD004643,SX00004643,16509,TX01,Delivered,2026-10-03 18:51:05.346534,2026-10-04,1,Normal
ORD004644,SX00004644,17693,IL01,Delivered,2026-10-03 18:51:57.191719,2026-10-05,1,Normal
ORD004646,SX00004646,10071,CA01,Delivered,2026-10-03 18:53:40.882088,2026-10-06,1,Normal
ORD004647,SX00004647,13580,IL01,Delivered,2026-10-03 18:54:32.727272,2026-10-05,1,Normal
ORD004648,SX00004648,17962,NJ01,Delivered,2026-10-03 18:55:24.572457,2026-10-06,1,Normal
ORD004649,SX00004649,10268,TX01,Delivered,2026-10-03 18:56:16.417641,2026-10-05,1,Normal
ORD004650,SX00004650,19968,NJ01,Delivered,2026-10-03 18:57:08.262826,2026-10-04,1,Normal
ORD004651,SX00004651,12462,IL01,Delivered,2026-10-03 18:58:00.108010,2026-10-06,1,Normal
ORD004653,SX00004653,11015,NJ01,Delivered,2026-10-03 18:59:43.798379,2026-10-05,1,Normal
ORD004655,SX00004655,17984,IL01,Delivered,2026-10-03 19:01:27.488748,2026-10-06,1,Normal
ORD004656,SX00004656,10406,CA01,Delivered,2026-10-03 19:02:19.333933,2026-10-05,1,Normal
ORD004657,SX00004657,17384,IL01,Delivered,2026-10-03 19:03:11.179117,2026-10-05,1,Normal
ORD004658,SX00004658,16049,IL01,Delivered,2026-10-03 19:04:03.024302,2026-10-05,1,Normal
ORD004659,SX00004659,16169,NJ01,Delivered,2026-10-03 19:04:54.869486,2026-10-06,1,Normal
ORD004660,SX00004660,17982,NJ01,Delivered,2026-10-03 19:05:46.714671,2026-10-06,1,Normal
ORD004662,SX00004662,14485,IL01,Delivered,2026-10-03 19:07:30.405040,2026-10-04,0,Missing Delivered Event
ORD004663,SX00004663,18901,CA01,Delivered,2026-10-03 19:08:22.250225,2026-10-04,1,Normal
ORD004664,SX00004664,12618,CA01,Delivered,2026-10-03 19:09:14.095409,2026-10-06,1,Normal
ORD004666,SX00004666,19603,IL01,Delivered,2026-10-03 19:10:57.785778,2026-10-06,1,Normal
ORD004667,SX00004667,16928,TX01,Delivered,2026-10-03 19:11:49.630963,2026-10-06,1,Normal
ORD004668,SX00004668,15368,NJ01,Delivered,2026-10-03 19:12:41.476147,2026-10-06,1,Normal
ORD004669,SX00004669,14621,IL01,Delivered,2026-10-03 19:13:33.321332,2026-10-04,1,Normal
ORD004670,SX00004670,19677,CA01,Delivered,2026-10-03 19:14:25.166516,2026-10-05,1,Normal
ORD004671,SX00004671,17566,IL01,Delivered,2026-10-03 19:15:17.011701,2026-10-06,1,Normal
ORD004672,SX00004672,14670,NJ01,Delivered,2026-10-03 19:16:08.856885,2026-10-04,1,Normal
ORD004673,SX00004673,17658,NJ01,Delivered,2026-10-03 19:17:00.702070,2026-10-06,1,Normal
ORD004675,SX00004675,17504,IL01,Delivered,2026-10-03 19:18:44.392439,2026-10-04,1,Normal
ORD004676,SX00004676,12466,TX01,Delivered,2026-10-03 19:19:36.237623,2026-10-06,1,Normal
ORD004677,SX00004677,11939,CA01,Delivered,2026-10-03 19:20:28.082808,2026-10-04,1,Normal
ORD004678,SX00004678,11635,NJ01,Delivered,2026-10-03 19:21:19.927992,2026-10-05,1,Normal
ORD004679,SX00004679,19890,NJ01,Delivered,2026-10-03 19:22:11.773177,2026-10-05,1,Normal
ORD004680,SX00004680,18095,IL01,Delivered,2026-10-03 19:23:03.618361,2026-10-04,1,Normal
ORD004681,SX00004681,16265,CA01,Delivered,2026-10-03 19:23:55.463546,2026-10-06,1,Normal
ORD004682,SX00004682,11895,CA01,Delivered,2026-10-03 19:24:47.308730,2026-10-05,1,Normal
ORD004684,SX00004684,11073,NJ01,Delivered,2026-10-03 19:26:30.999099,2026-10-06,1,Normal
ORD004685,SX00004685,15184,CA01,Delivered,2026-10-03 19:27:22.844284,2026-10-04,1,Normal
ORD004686,SX00004686,12402,IL01,Delivered,2026-10-03 19:28:14.689468,2026-10-04,1,Normal
ORD004687,SX00004687,14895,NJ01,Delivered,2026-10-03 19:29:06.534653,2026-10-06,1,Normal
ORD004688,SX00004688,17331,NJ01,Delivered,2026-10-03 19:29:58.379837,2026-10-05,1,Normal
ORD004689,SX00004689,19343,NJ01,Delivered,2026-10-03 19:30:50.225022,2026-10-05,1,Normal
ORD004690,SX00004690,11956,TX01,Delivered,2026-10-03 19:31:42.070207,2026-10-06,1,Normal
ORD004691,SX00004691,17023,TX01,Delivered,2026-10-03 19:32:33.915391,2026-10-06,1,Normal
ORD004692,SX00004692,13907,IL01,Delivered,2026-10-03 19:33:25.760576,2026-10-04,2,Duplicate Delivered Event
ORD004694,SX00004694,18378,IL01,Delivered,2026-10-03 19:35:09.450945,2026-10-06,1,Normal
ORD004695,SX00004695,14827,NJ01,Delivered,2026-10-03 19:36:01.296129,2026-10-05,1,Normal
ORD004696,SX00004696,14524,IL01,Delivered,2026-10-03 19:36:53.141314,2026-10-04,1,Normal
ORD004697,SX00004697,19499,IL01,Delivered,2026-10-03 19:37:44.986498,2026-10-06,1,Normal
ORD004698,SX00004698,12284,TX01,Delivered,2026-10-03 19:38:36.831683,2026-10-05,1,Normal
ORD004699,SX00004699,15313,CA01,Delivered,2026-10-03 19:39:28.676867,2026-10-04,1,Normal
ORD004700,SX00004700,10757,CA01,Delivered,2026-10-03 19:40:20.522052,2026-10-06,1,Normal
ORD004701,SX00004701,14887,CA01,Delivered,2026-10-03 19:41:12.367236,2026-10-06,1,Normal
ORD004702,SX00004702,13854,TX01,Delivered,2026-10-03 19:42:04.212421,2026-10-05,1,Normal
ORD004703,SX00004703,13558,IL01,Delivered,2026-10-03 19:42:56.057605,2026-10-05,1,Normal
ORD004704,SX00004704,19772,CA01,Delivered,2026-10-03 19:43:47.902790,2026-10-06,1,Normal
ORD004706,SX00004706,13847,TX01,Delivered,2026-10-03 19:45:31.593159,2026-10-06,1,Normal
ORD004707,SX00004707,16726,NJ01,Delivered,2026-10-03 19:46:23.438343,2026-10-05,1,Normal
ORD004708,SX00004708,13575,TX01,Delivered,2026-10-03 19:47:15.283528,2026-10-05,1,Normal
ORD004709,SX00004709,19067,NJ01,Delivered,2026-10-03 19:48:07.128712,2026-10-04,1,Normal
ORD004711,SX00004711,14198,NJ01,Delivered,2026-10-03 19:49:50.819081,2026-10-05,1,Normal
ORD004712,SX00004712,11001,IL01,Delivered,2026-10-03 19:50:42.664266,2026-10-06,1,Normal
ORD004713,SX00004713,15244,CA01,Delivered,2026-10-03 19:51:34.509450,2026-10-05,1,Normal
ORD004714,SX00004714,17119,NJ01,Delivered,2026-10-03 19:52:26.354635,2026-10-04,1,Normal
ORD004715,SX00004715,14066,NJ01,Delivered,2026-10-03 19:53:18.199819,2026-10-06,1,Normal
ORD004716,SX00004716,12845,CA01,Delivered,2026-10-03 19:54:10.045004,2026-10-05,1,Normal
ORD004717,SX00004717,19673,NJ01,Delivered,2026-10-03 19:55:01.890189,2026-10-05,1,Normal
ORD004718,SX00004718,18849,IL01,Delivered,2026-10-03 19:55:53.735373,2026-10-05,1,Normal
ORD004719,SX00004719,15316,IL01,Delivered,2026-10-03 19:56:45.580558,2026-10-05,1,Normal
ORD004721,SX00004721,16715,CA01,Delivered,2026-10-03 19:58:29.270927,2026-10-04,1,Normal
ORD004722,SX00004722,14266,TX01,Delivered,2026-10-03 19:59:21.116111,2026-10-04,1,Normal
ORD004725,SX00004725,12710,IL01,Delivered,2026-10-03 20:01:56.651665,2026-10-06,1,Normal
ORD004726,SX00004726,18644,IL01,Delivered,2026-10-03 20:02:48.496849,2026-10-06,1,Normal
ORD004727,SX00004727,18069,TX01,Delivered,2026-10-03 20:03:40.342034,2026-10-05,1,Normal
ORD004728,SX00004728,11657,IL01,Delivered,2026-10-03 20:04:32.187218,2026-10-06,1,Normal
ORD004731,SX00004731,13075,NJ01,Delivered,2026-10-03 20:07:07.722772,2026-10-05,1,Normal
ORD004733,SX00004733,12053,NJ01,Delivered,2026-10-03 20:08:51.413141,2026-10-05,1,Normal
ORD004736,SX00004736,13217,CA01,Delivered,2026-10-03 20:11:26.948694,2026-10-05,1,Normal
ORD004737,SX00004737,11447,IL01,Delivered,2026-10-03 20:12:18.793879,2026-10-06,1,Normal
ORD004738,SX00004738,16009,IL01,Delivered,2026-10-03 20:13:10.639063,2026-10-06,1,Normal
ORD004741,SX00004741,11764,CA01,Delivered,2026-10-03 20:15:46.174617,2026-10-06,1,Normal
ORD004742,SX00004742,19417,IL01,Delivered,2026-10-03 20:16:38.019801,2026-10-04,1,Normal
ORD004743,SX00004743,19427,CA01,Delivered,2026-10-03 20:17:29.864986,2026-10-04,1,Normal
ORD004745,SX00004745,12671,CA01,Delivered,2026-10-03 20:19:13.555355,2026-10-04,1,Normal
ORD004746,SX00004746,16519,TX01,Delivered,2026-10-03 20:20:05.400540,2026-10-05,1,Normal
ORD004747,SX00004747,13962,NJ01,Delivered,2026-10-03 20:20:57.245724,2026-10-05,1,Normal
ORD004750,SX00004750,14906,NJ01,Delivered,2026-10-03 20:23:32.781278,2026-10-06,1,Normal
ORD004751,SX00004751,17263,IL01,Delivered,2026-10-03 20:24:24.626462,2026-10-06,1,Normal
ORD004752,SX00004752,15054,NJ01,Delivered,2026-10-03 20:25:16.471647,2026-10-04,1,Normal
ORD004754,SX00004754,10808,IL01,Delivered,2026-10-03 20:27:00.162016,2026-10-04,1,Normal
ORD004755,SX00004755,19170,TX01,Delivered,2026-10-03 20:27:52.007200,2026-10-05,1,Normal
ORD004756,SX00004756,10725,IL01,Delivered,2026-10-03 20:28:43.852385,2026-10-06,1,Normal
ORD004757,SX00004757,17701,NJ01,Delivered,2026-10-03 20:29:35.697569,2026-10-05,1,Normal
ORD004758,SX00004758,11216,CA01,Delivered,2026-10-03 20:30:27.542754,2026-10-05,1,Normal
ORD004759,SX00004759,14051,TX01,Delivered,2026-10-03 20:31:19.387938,2026-10-04,1,Normal
ORD004760,SX00004760,12197,NJ01,Delivered,2026-10-03 20:32:11.233123,2026-10-06,1,Normal
ORD004761,SX00004761,12806,TX01,Delivered,2026-10-03 20:33:03.078307,2026-10-05,1,Normal
ORD004762,SX00004762,18970,CA01,Delivered,2026-10-03 20:33:54.923492,2026-10-06,1,Normal
ORD004763,SX00004763,10972,IL01,Delivered,2026-10-03 20:34:46.768676,2026-10-05,2,Duplicate Delivered Event
ORD004764,SX00004764,15634,NJ01,Delivered,2026-10-03 20:35:38.613861,2026-10-06,1,Normal
ORD004765,SX00004765,17483,NJ01,Delivered,2026-10-03 20:36:30.459045,2026-10-05,1,Normal
ORD004766,SX00004766,12123,IL01,Delivered,2026-10-03 20:37:22.304230,2026-10-06,1,Normal
ORD004768,SX00004768,10224,IL01,Delivered,2026-10-03 20:39:05.994599,2026-10-06,1,Normal
ORD004769,SX00004769,19032,NJ01,Delivered,2026-10-03 20:39:57.839783,2026-10-05,1,Normal
ORD004770,SX00004770,11814,CA01,Delivered,2026-10-03 20:40:49.684968,2026-10-05,1,Normal
ORD004772,SX00004772,10124,NJ01,Delivered,2026-10-03 20:42:33.375337,2026-10-04,1,Normal
ORD004773,SX00004773,13246,IL01,Delivered,2026-10-03 20:43:25.220522,2026-10-05,1,Normal
ORD004774,SX00004774,12931,IL01,Delivered,2026-10-03 20:44:17.065706,2026-10-05,1,Normal
ORD004775,SX00004775,12971,IL01,Delivered,2026-10-03 20:45:08.910891,2026-10-04,1,Normal
ORD004777,SX00004777,17415,IL01,Delivered,2026-10-03 20:46:52.601260,2026-10-06,1,Normal
ORD004779,SX00004779,13096,CA01,Delivered,2026-10-03 20:48:36.291629,2026-10-05,1,Normal
ORD004781,SX00004781,10717,TX01,Delivered,2026-10-03 20:50:19.981998,2026-10-06,1,Normal
ORD004783,SX00004783,19208,IL01,Delivered,2026-10-03 20:52:03.672367,2026-10-04,1,Normal
ORD004784,SX00004784,16782,IL01,Delivered,2026-10-03 20:52:55.517551,2026-10-04,1,Normal
ORD004785,SX00004785,11048,TX01,Delivered,2026-10-03 20:53:47.362736,2026-10-06,1,Normal
ORD004787,SX00004787,18307,NJ01,Delivered,2026-10-03 20:55:31.053105,2026-10-06,1,Normal
ORD004788,SX00004788,17905,IL01,Delivered,2026-10-03 20:56:22.898289,2026-10-06,1,Normal
ORD004789,SX00004789,19993,NJ01,Delivered,2026-10-03 20:57:14.743474,2026-10-04,1,Normal
ORD004791,SX00004791,11620,IL01,Delivered,2026-10-03 20:58:58.433843,2026-10-06,1,Normal
ORD004792,SX00004792,16548,IL01,Delivered,2026-10-03 20:59:50.279027,2026-10-04,1,Normal
ORD004795,SX00004795,13792,IL01,Delivered,2026-10-03 21:02:25.814581,2026-10-05,1,Normal
ORD004797,SX00004797,15695,NJ01,Delivered,2026-10-03 21:04:09.504950,2026-10-05,1,Normal
ORD004798,SX00004798,16401,NJ01,Delivered,2026-10-03 21:05:01.350135,2026-10-05,1,Normal
ORD004801,SX00004801,15450,IL01,Delivered,2026-10-03 21:07:36.885688,2026-10-04,1,Normal
ORD004802,SX00004802,18975,IL01,Delivered,2026-10-03 21:08:28.730873,2026-10-05,1,Normal
ORD004803,SX00004803,18432,NJ01,Delivered,2026-10-03 21:09:20.576057,2026-10-06,1,Normal
ORD004806,SX00004806,11012,NJ01,Delivered,2026-10-03 21:11:56.111611,2026-10-05,1,Normal
ORD004808,SX00004808,11881,CA01,Delivered,2026-10-03 21:13:39.801980,2026-10-04,1,Normal
ORD004809,SX00004809,16799,CA01,Delivered,2026-10-03 21:14:31.647164,2026-10-04,1,Normal
ORD004810,SX00004810,14586,IL01,Delivered,2026-10-03 21:15:23.492349,2026-10-05,1,Normal
ORD004811,SX00004811,18622,CA01,Delivered,2026-10-03 21:16:15.337533,2026-10-05,1,Normal
ORD004812,SX00004812,18430,IL01,Delivered,2026-10-03 21:17:07.182718,2026-10-06,1,Normal
ORD004814,SX00004814,12345,TX01,Delivered,2026-10-03 21:18:50.873087,2026-10-04,1,Normal
ORD004815,SX00004815,10075,IL01,Delivered,2026-10-03 21:19:42.718271,2026-10-05,1,Normal
ORD004817,SX00004817,15877,IL01,Delivered,2026-10-03 21:21:26.408640,2026-10-06,1,Normal
ORD004818,SX00004818,16785,IL01,Delivered,2026-10-03 21:22:18.253825,2026-10-05,1,Normal
ORD004819,SX00004819,14922,CA01,Delivered,2026-10-03 21:23:10.099009,2026-10-05,1,Normal
ORD004821,SX00004821,12330,IL01,Delivered,2026-10-03 21:24:53.789378,2026-10-06,1,Normal
ORD004822,SX00004822,14686,NJ01,Delivered,2026-10-03 21:25:45.634563,2026-10-06,1,Normal
ORD004823,SX00004823,11902,CA01,Delivered,2026-10-03 21:26:37.479747,2026-10-06,1,Normal
ORD004825,SX00004825,17143,IL01,Delivered,2026-10-03 21:28:21.170117,2026-10-06,1,Normal
ORD004826,SX00004826,12059,CA01,Delivered,2026-10-03 21:29:13.015301,2026-10-04,1,Normal
ORD004827,SX00004827,10140,IL01,Delivered,2026-10-03 21:30:04.860486,2026-10-04,1,Normal
ORD004828,SX00004828,11789,IL01,Delivered,2026-10-03 21:30:56.705670,2026-10-06,2,Duplicate Delivered Event
ORD004829,SX00004829,10016,TX01,Delivered,2026-10-03 21:31:48.550855,2026-10-06,1,Normal
ORD004831,SX00004831,14471,TX01,Delivered,2026-10-03 21:33:32.241224,2026-10-06,1,Normal
ORD004834,SX00004834,15956,CA01,Delivered,2026-10-03 21:36:07.776777,2026-10-04,1,Normal
ORD004835,SX00004835,10089,IL01,Delivered,2026-10-03 21:36:59.621962,2026-10-04,1,Normal
ORD004838,SX00004838,12843,NJ01,Delivered,2026-10-03 21:39:35.157515,2026-10-04,1,Normal
ORD004839,SX00004839,19117,NJ01,Delivered,2026-10-03 21:40:27.002700,2026-10-05,1,Normal
ORD004840,SX00004840,16543,NJ01,Delivered,2026-10-03 21:41:18.847884,2026-10-05,1,Normal
ORD004841,SX00004841,15901,TX01,Delivered,2026-10-03 21:42:10.693069,2026-10-06,1,Normal
ORD004842,SX00004842,10969,TX01,Delivered,2026-10-03 21:43:02.538253,2026-10-05,1,Normal
ORD004844,SX00004844,16124,IL01,Delivered,2026-10-03 21:44:46.228622,2026-10-04,1,Normal
ORD004846,SX00004846,13195,TX01,Delivered,2026-10-03 21:46:29.918991,2026-10-06,1,Normal
ORD004847,SX00004847,11404,NJ01,Delivered,2026-10-03 21:47:21.764176,2026-10-04,1,Normal
ORD004849,SX00004849,14290,TX01,Delivered,2026-10-03 21:49:05.454545,2026-10-05,1,Normal
ORD004850,SX00004850,13982,IL01,Delivered,2026-10-03 21:49:57.299729,2026-10-06,1,Normal
ORD004851,SX00004851,15555,TX01,Delivered,2026-10-03 21:50:49.144914,2026-10-06,1,Normal
ORD004852,SX00004852,17954,NJ01,Delivered,2026-10-03 21:51:40.990099,2026-10-05,1,Normal
ORD004853,SX00004853,14713,IL01,Delivered,2026-10-03 21:52:32.835283,2026-10-04,1,Normal
ORD004856,SX00004856,16308,CA01,Delivered,2026-10-03 21:55:08.370837,2026-10-05,1,Normal
ORD004858,SX00004858,18476,IL01,Delivered,2026-10-03 21:56:52.061206,2026-10-04,1,Normal
ORD004859,SX00004859,14933,NJ01,Delivered,2026-10-03 21:57:43.906390,2026-10-05,1,Normal
ORD004860,SX00004860,14926,TX01,Delivered,2026-10-03 21:58:35.751575,2026-10-06,1,Normal
ORD004861,SX00004861,19379,TX01,Delivered,2026-10-03 21:59:27.596759,2026-10-05,1,Normal
ORD004862,SX00004862,13969,NJ01,Delivered,2026-10-03 22:00:19.441944,2026-10-04,1,Normal
ORD004863,SX00004863,12965,NJ01,Delivered,2026-10-03 22:01:11.287128,2026-10-06,1,Normal
ORD004864,SX00004864,14319,IL01,Delivered,2026-10-03 22:02:03.132313,2026-10-06,1,Normal
ORD004865,SX00004865,18975,NJ01,Delivered,2026-10-03 22:02:54.977497,2026-10-04,1,Normal
ORD004868,SX00004868,13939,IL01,Delivered,2026-10-03 22:05:30.513051,2026-10-04,1,Normal
ORD004869,SX00004869,10044,TX01,Delivered,2026-10-03 22:06:22.358235,2026-10-06,1,Normal
ORD004873,SX00004873,11909,IL01,Delivered,2026-10-03 22:09:49.738973,2026-10-04,1,Normal
ORD004874,SX00004874,16364,IL01,Delivered,2026-10-03 22:10:41.584158,2026-10-05,1,Normal
ORD004875,SX00004875,12581,TX01,Delivered,2026-10-03 22:11:33.429342,2026-10-06,1,Normal
ORD004876,SX00004876,10691,IL01,Delivered,2026-10-03 22:12:25.274527,2026-10-06,1,Normal
ORD004877,SX00004877,10931,TX01,Delivered,2026-10-03 22:13:17.119711,2026-10-06,1,Normal
ORD004880,SX00004880,13406,NJ01,Delivered,2026-10-03 22:15:52.655265,2026-10-04,1,Normal
ORD004881,SX00004881,18339,CA01,Delivered,2026-10-03 22:16:44.500450,2026-10-04,1,Normal
ORD004882,SX00004882,11032,IL01,Delivered,2026-10-03 22:17:36.345634,2026-10-06,1,Normal
ORD004883,SX00004883,11311,IL01,Delivered,2026-10-03 22:18:28.190819,2026-10-05,1,Normal
ORD004884,SX00004884,18579,CA01,Delivered,2026-10-03 22:19:20.036003,2026-10-06,1,Normal
ORD004886,SX00004886,11873,TX01,Delivered,2026-10-03 22:21:03.726372,2026-10-05,1,Normal
ORD004890,SX00004890,10277,CA01,Delivered,2026-10-03 22:24:31.107110,2026-10-05,1,Normal
ORD004891,SX00004891,11859,NJ01,Delivered,2026-10-03 22:25:22.952295,2026-10-06,1,Normal
ORD004892,SX00004892,15929,IL01,Delivered,2026-10-03 22:26:14.797479,2026-10-04,1,Normal
ORD004893,SX00004893,16792,IL01,Delivered,2026-10-03 22:27:06.642664,2026-10-05,1,Normal
ORD004894,SX00004894,14713,IL01,Delivered,2026-10-03 22:27:58.487848,2026-10-04,1,Normal
ORD004898,SX00004898,19374,NJ01,Delivered,2026-10-03 22:31:25.868586,2026-10-04,1,Normal
ORD004899,SX00004899,15308,NJ01,Delivered,2026-10-03 22:32:17.713771,2026-10-06,1,Normal
ORD004900,SX00004900,12462,IL01,Delivered,2026-10-03 22:33:09.558955,2026-10-05,1,Normal
ORD004901,SX00004901,19822,IL01,Delivered,2026-10-03 22:34:01.404140,2026-10-05,1,Normal
ORD004903,SX00004903,15953,CA01,Delivered,2026-10-03 22:35:45.094509,2026-10-04,1,Normal
ORD004904,SX00004904,14282,IL01,Delivered,2026-10-03 22:36:36.939693,2026-10-04,1,Normal
ORD004906,SX00004906,11161,IL01,Delivered,2026-10-03 22:38:20.630063,2026-10-05,1,Normal
ORD004908,SX00004908,16337,NJ01,Delivered,2026-10-03 22:40:04.320432,2026-10-04,1,Normal
ORD004910,SX00004910,18151,NJ01,Delivered,2026-10-03 22:41:48.010801,2026-10-05,1,Normal
ORD004911,SX00004911,15983,CA01,Delivered,2026-10-03 22:42:39.855985,2026-10-06,1,Normal
ORD004912,SX00004912,10143,CA01,Delivered,2026-10-03 22:43:31.701170,2026-10-06,1,Normal
ORD004915,SX00004915,10244,CA01,Delivered,2026-10-03 22:46:07.236723,2026-10-05,1,Normal
ORD004918,SX00004918,12176,IL01,Delivered,2026-10-03 22:48:42.772277,2026-10-05,1,Normal
ORD004919,SX00004919,15002,IL01,Delivered,2026-10-03 22:49:34.617461,2026-10-05,1,Normal
ORD004920,SX00004920,10886,IL01,Delivered,2026-10-03 22:50:26.462646,2026-10-04,1,Normal
ORD004921,SX00004921,18532,CA01,Delivered,2026-10-03 22:51:18.307830,2026-10-05,1,Normal
ORD004922,SX00004922,13398,CA01,Delivered,2026-10-03 22:52:10.153015,2026-10-06,1,Normal
ORD004923,SX00004923,18497,IL01,Delivered,2026-10-03 22:53:01.998199,2026-10-04,1,Normal
ORD004924,SX00004924,19099,TX01,Delivered,2026-10-03 22:53:53.843384,2026-10-05,1,Normal
ORD004925,SX00004925,12654,IL01,Delivered,2026-10-03 22:54:45.688568,2026-10-04,0,Missing Delivered Event
ORD004926,SX00004926,17392,IL01,Delivered,2026-10-03 22:55:37.533753,2026-10-05,1,Normal
ORD004928,SX00004928,17135,NJ01,Delivered,2026-10-03 22:57:21.224122,2026-10-06,1,Normal
ORD004930,SX00004930,14654,IL01,Delivered,2026-10-03 22:59:04.914491,2026-10-05,0,Missing Delivered Event
ORD004931,SX00004931,15300,CA01,Delivered,2026-10-03 22:59:56.759675,2026-10-04,1,Normal
ORD004933,SX00004933,16854,TX01,Delivered,2026-10-03 23:01:40.450045,2026-10-06,1,Normal
ORD004934,SX00004934,15505,IL01,Delivered,2026-10-03 23:02:32.295229,2026-10-04,1,Normal
ORD004935,SX00004935,19323,TX01,Delivered,2026-10-03 23:03:24.140414,2026-10-05,1,Normal
ORD004936,SX00004936,16553,IL01,Delivered,2026-10-03 23:04:15.985598,2026-10-06,1,Normal
ORD004937,SX00004937,14042,CA01,Delivered,2026-10-03 23:05:07.830783,2026-10-05,1,Normal
ORD004938,SX00004938,19009,IL01,Delivered,2026-10-03 23:05:59.675967,2026-10-04,1,Normal
ORD004939,SX00004939,17498,IL01,Delivered,2026-10-03 23:06:51.521152,2026-10-06,1,Normal
ORD004942,SX00004942,10011,TX01,Delivered,2026-10-03 23:09:27.056705,2026-10-04,1,Normal
ORD004943,SX00004943,10194,IL01,Delivered,2026-10-03 23:10:18.901890,2026-10-05,1,Normal
ORD004944,SX00004944,12537,NJ01,Delivered,2026-10-03 23:11:10.747074,2026-10-04,1,Normal
ORD004946,SX00004946,12229,IL01,Delivered,2026-10-03 23:12:54.437443,2026-10-04,1,Normal
ORD004947,SX00004947,13009,TX01,Delivered,2026-10-03 23:13:46.282628,2026-10-04,1,Normal
ORD004948,SX00004948,17984,CA01,Delivered,2026-10-03 23:14:38.127812,2026-10-06,1,Normal
ORD004950,SX00004950,17845,IL01,Delivered,2026-10-03 23:16:21.818181,2026-10-05,1,Normal
ORD004951,SX00004951,13867,IL01,Delivered,2026-10-03 23:17:13.663366,2026-10-06,1,Normal
ORD004952,SX00004952,14873,IL01,Delivered,2026-10-03 23:18:05.508550,2026-10-04,2,Duplicate Delivered Event
ORD004953,SX00004953,18635,NJ01,Delivered,2026-10-03 23:18:57.353735,2026-10-04,1,Normal
ORD004954,SX00004954,10297,TX01,Delivered,2026-10-03 23:19:49.198919,2026-10-04,1,Normal
ORD004955,SX00004955,15856,NJ01,Delivered,2026-10-03 23:20:41.044104,2026-10-04,1,Normal
ORD004957,SX00004957,11015,TX01,Delivered,2026-10-03 23:22:24.734473,2026-10-05,1,Normal
ORD004958,SX00004958,11384,TX01,Delivered,2026-10-03 23:23:16.579657,2026-10-04,1,Normal
ORD004959,SX00004959,19589,CA01,Delivered,2026-10-03 23:24:08.424842,2026-10-04,1,Normal
ORD004960,SX00004960,18745,IL01,Delivered,2026-10-03 23:25:00.270027,2026-10-04,1,Normal
ORD004961,SX00004961,12350,TX01,Delivered,2026-10-03 23:25:52.115211,2026-10-05,1,Normal
ORD004962,SX00004962,11269,CA01,Delivered,2026-10-03 23:26:43.960396,2026-10-05,1,Normal
ORD004963,SX00004963,11260,NJ01,Delivered,2026-10-03 23:27:35.805580,2026-10-06,1,Normal
ORD004964,SX00004964,17701,IL01,Delivered,2026-10-03 23:28:27.650765,2026-10-05,1,Normal
ORD004966,SX00004966,14563,CA01,Delivered,2026-10-03 23:30:11.341134,2026-10-04,1,Normal
ORD004968,SX00004968,15672,CA01,Delivered,2026-10-03 23:31:55.031503,2026-10-04,1,Normal
ORD004969,SX00004969,15593,TX01,Delivered,2026-10-03 23:32:46.876687,2026-10-06,1,Normal
ORD004970,SX00004970,16155,IL01,Delivered,2026-10-03 23:33:38.721872,2026-10-04,0,Missing Delivered Event
ORD004971,SX00004971,15543,NJ01,Delivered,2026-10-03 23:34:30.567056,2026-10-06,1,Normal
ORD004974,SX00004974,11881,TX01,Delivered,2026-10-03 23:37:06.102610,2026-10-04,1,Normal
ORD004975,SX00004975,18713,TX01,Delivered,2026-10-03 23:37:57.947794,2026-10-05,1,Normal
ORD004979,SX00004979,17206,NJ01,Delivered,2026-10-03 23:41:25.328532,2026-10-04,1,Normal
ORD004981,SX00004981,14673,IL01,Delivered,2026-10-03 23:43:09.018901,2026-10-06,1,Normal
ORD004982,SX00004982,11409,CA01,Delivered,2026-10-03 23:44:00.864086,2026-10-05,1,Normal
ORD004983,SX00004983,19886,TX01,Delivered,2026-10-03 23:44:52.709270,2026-10-04,1,Normal
ORD004984,SX00004984,15197,NJ01,Delivered,2026-10-03 23:45:44.554455,2026-10-04,1,Normal
ORD004985,SX00004985,17452,NJ01,Delivered,2026-10-03 23:46:36.399639,2026-10-06,1,Normal
ORD004986,SX00004986,18718,IL01,Delivered,2026-10-03 23:47:28.244824,2026-10-04,1,Normal
ORD004987,SX00004987,12172,IL01,Delivered,2026-10-03 23:48:20.090009,2026-10-05,1,Normal
ORD004988,SX00004988,10279,TX01,Delivered,2026-10-03 23:49:11.935193,2026-10-05,1,Normal
ORD004989,SX00004989,13977,CA01,Delivered,2026-10-03 23:50:03.780378,2026-10-06,1,Normal
ORD004990,SX00004990,12669,TX01,Delivered,2026-10-03 23:50:55.625562,2026-10-04,1,Normal
ORD004991,SX00004991,17825,IL01,Delivered,2026-10-03 23:51:47.470747,2026-10-05,1,Normal
ORD004993,SX00004993,13981,IL01,Delivered,2026-10-03 23:53:31.161116,2026-10-05,1,Normal
ORD004994,SX00004994,14769,IL01,Delivered,2026-10-03 23:54:23.006300,2026-10-04,1,Normal
ORD004996,SX00004996,14427,NJ01,Delivered,2026-10-03 23:56:06.696669,2026-10-06,1,Normal
ORD004998,SX00004998,15573,NJ01,Delivered,2026-10-03 23:57:50.387038,2026-10-06,1,Normal
ORD005000,SX00005000,19900,IL01,Delivered,2026-10-03 23:59:34.077407,2026-10-05,1,Normal
ORD005002,SX00005002,14535,IL01,Delivered,2026-10-04 00:01:17.767776,2026-10-06,1,Normal
ORD005004,SX00005004,19311,TX01,Delivered,2026-10-04 00:03:01.458145,2026-10-05,1,Normal
ORD005005,SX00005005,17697,NJ01,Delivered,2026-10-04 00:03:53.303330,2026-10-05,1,Normal
ORD005006,SX00005006,18386,CA01,Delivered,2026-10-04 00:04:45.148514,2026-10-07,1,Normal
ORD005008,SX00005008,18671,NJ01,Delivered,2026-10-04 00:06:28.838883,2026-10-06,1,Normal
ORD005009,SX00005009,18044,NJ01,Delivered,2026-10-04 00:07:20.684068,2026-10-05,1,Normal
ORD005010,SX00005010,14218,TX01,Delivered,2026-10-04 00:08:12.529252,2026-10-05,1,Normal
ORD005011,SX00005011,19615,TX01,Delivered,2026-10-04 00:09:04.374437,2026-10-07,1,Normal
ORD005012,SX00005012,15060,TX01,Delivered,2026-10-04 00:09:56.219621,2026-10-05,1,Normal
ORD005013,SX00005013,15874,TX01,Delivered,2026-10-04 00:10:48.064806,2026-10-06,1,Normal
ORD005015,SX00005015,12014,IL01,Delivered,2026-10-04 00:12:31.755175,2026-10-06,1,Normal
ORD005017,SX00005017,19103,NJ01,Delivered,2026-10-04 00:14:15.445544,2026-10-05,1,Normal
ORD005019,SX00005019,17766,IL01,Delivered,2026-10-04 00:15:59.135913,2026-10-05,1,Normal
ORD005020,SX00005020,12364,IL01,Delivered,2026-10-04 00:16:50.981098,2026-10-07,0,Missing Delivered Event
ORD005021,SX00005021,13629,NJ01,Delivered,2026-10-04 00:17:42.826282,2026-10-07,1,Normal
ORD005022,SX00005022,15919,CA01,Delivered,2026-10-04 00:18:34.671467,2026-10-07,1,Normal
ORD005024,SX00005024,18872,IL01,Delivered,2026-10-04 00:20:18.361836,2026-10-06,1,Normal
ORD005026,SX00005026,14651,NJ01,Delivered,2026-10-04 00:22:02.052205,2026-10-07,1,Normal
ORD005027,SX00005027,10609,IL01,Delivered,2026-10-04 00:22:53.897389,2026-10-06,0,Missing Delivered Event
ORD005028,SX00005028,17940,CA01,Delivered,2026-10-04 00:23:45.742574,2026-10-07,1,Normal
ORD005029,SX00005029,13866,NJ01,Delivered,2026-10-04 00:24:37.587758,2026-10-05,1,Normal
ORD005030,SX00005030,10371,IL01,Delivered,2026-10-04 00:25:29.432943,2026-10-07,1,Normal
ORD005033,SX00005033,16911,TX01,Delivered,2026-10-04 00:28:04.968496,2026-10-07,1,Normal
ORD005035,SX00005035,12253,IL01,Delivered,2026-10-04 00:29:48.658865,2026-10-06,1,Normal
ORD005036,SX00005036,14942,CA01,Delivered,2026-10-04 00:30:40.504050,2026-10-07,1,Normal
ORD005037,SX00005037,10864,IL01,Delivered,2026-10-04 00:31:32.349234,2026-10-06,1,Normal
ORD005038,SX00005038,11268,TX01,Delivered,2026-10-04 00:32:24.194419,2026-10-05,1,Normal
ORD005039,SX00005039,17454,IL01,Delivered,2026-10-04 00:33:16.039603,2026-10-05,0,Missing Delivered Event
ORD005040,SX00005040,18976,NJ01,Delivered,2026-10-04 00:34:07.884788,2026-10-07,1,Normal
ORD005041,SX00005041,14571,IL01,Delivered,2026-10-04 00:34:59.729972,2026-10-06,1,Normal
ORD005042,SX00005042,15229,IL01,Delivered,2026-10-04 00:35:51.575157,2026-10-07,1,Normal
ORD005043,SX00005043,12237,NJ01,Delivered,2026-10-04 00:36:43.420342,2026-10-05,1,Normal
ORD005044,SX00005044,14054,IL01,Delivered,2026-10-04 00:37:35.265526,2026-10-07,1,Normal
ORD005045,SX00005045,10935,NJ01,Delivered,2026-10-04 00:38:27.110711,2026-10-07,1,Normal
ORD005046,SX00005046,16394,IL01,Delivered,2026-10-04 00:39:18.955895,2026-10-06,1,Normal
ORD005048,SX00005048,10325,CA01,Delivered,2026-10-04 00:41:02.646264,2026-10-07,1,Normal
ORD005049,SX00005049,19726,IL01,Delivered,2026-10-04 00:41:54.491449,2026-10-07,1,Normal
ORD005051,SX00005051,13861,TX01,Delivered,2026-10-04 00:43:38.181818,2026-10-06,1,Normal
ORD005053,SX00005053,14932,IL01,Delivered,2026-10-04 00:45:21.872187,2026-10-07,1,Normal
ORD005054,SX00005054,14603,NJ01,Delivered,2026-10-04 00:46:13.717371,2026-10-07,1,Normal
ORD005055,SX00005055,12778,IL01,Delivered,2026-10-04 00:47:05.562556,2026-10-07,1,Normal
ORD005056,SX00005056,19462,IL01,Delivered,2026-10-04 00:47:57.407740,2026-10-05,1,Normal
ORD005058,SX00005058,17754,TX01,Delivered,2026-10-04 00:49:41.098109,2026-10-06,1,Normal
ORD005060,SX00005060,11367,IL01,Delivered,2026-10-04 00:51:24.788478,2026-10-07,1,Normal
ORD005062,SX00005062,12575,CA01,Delivered,2026-10-04 00:53:08.478847,2026-10-06,1,Normal
ORD005063,SX00005063,16754,IL01,Delivered,2026-10-04 00:54:00.324032,2026-10-06,1,Normal
ORD005064,SX00005064,11581,IL01,Delivered,2026-10-04 00:54:52.169216,2026-10-07,1,Normal
ORD005065,SX00005065,11986,IL01,Delivered,2026-10-04 00:55:44.014401,2026-10-07,0,Missing Delivered Event
ORD005067,SX00005067,13966,IL01,Delivered,2026-10-04 00:57:27.704770,2026-10-06,1,Normal
ORD005068,SX00005068,17604,IL01,Delivered,2026-10-04 00:58:19.549954,2026-10-05,1,Normal
ORD005069,SX00005069,18320,CA01,Delivered,2026-10-04 00:59:11.395139,2026-10-07,1,Normal
ORD005070,SX00005070,15968,NJ01,Delivered,2026-10-04 01:00:03.240324,2026-10-05,1,Normal
ORD005071,SX00005071,19043,IL01,Delivered,2026-10-04 01:00:55.085508,2026-10-06,0,Missing Delivered Event
ORD005073,SX00005073,14103,IL01,Delivered,2026-10-04 01:02:38.775877,2026-10-07,1,Normal
ORD005077,SX00005077,13744,IL01,Delivered,2026-10-04 01:06:06.156615,2026-10-05,1,Normal
ORD005078,SX00005078,15594,TX01,Delivered,2026-10-04 01:06:58.001800,2026-10-07,1,Normal
ORD005079,SX00005079,17531,CA01,Delivered,2026-10-04 01:07:49.846984,2026-10-06,1,Normal
ORD005082,SX00005082,13144,IL01,Delivered,2026-10-04 01:10:25.382538,2026-10-05,1,Normal
ORD005083,SX00005083,10242,IL01,Delivered,2026-10-04 01:11:17.227722,2026-10-06,1,Normal
ORD005085,SX00005085,17954,NJ01,Delivered,2026-10-04 01:13:00.918091,2026-10-05,1,Normal
ORD005086,SX00005086,17269,NJ01,Delivered,2026-10-04 01:13:52.763276,2026-10-06,1,Normal
ORD005090,SX00005090,18844,IL01,Delivered,2026-10-04 01:17:20.144014,2026-10-05,1,Normal
ORD005091,SX00005091,16331,CA01,Delivered,2026-10-04 01:18:11.989198,2026-10-07,1,Normal
ORD005092,SX00005092,13512,NJ01,Delivered,2026-10-04 01:19:03.834383,2026-10-06,1,Normal
ORD005093,SX00005093,11499,CA01,Delivered,2026-10-04 01:19:55.679567,2026-10-07,1,Normal
ORD005094,SX00005094,12158,CA01,Delivered,2026-10-04 01:20:47.524752,2026-10-07,1,Normal
ORD005097,SX00005097,12035,CA01,Delivered,2026-10-04 01:23:23.060306,2026-10-05,1,Normal
ORD005098,SX00005098,17977,IL01,Delivered,2026-10-04 01:24:14.905490,2026-10-05,1,Normal
ORD005099,SX00005099,10857,IL01,Delivered,2026-10-04 01:25:06.750675,2026-10-07,1,Normal
ORD005100,SX00005100,13823,NJ01,Delivered,2026-10-04 01:25:58.595859,2026-10-06,1,Normal
ORD005101,SX00005101,16770,IL01,Delivered,2026-10-04 01:26:50.441044,2026-10-05,1,Normal
ORD005102,SX00005102,19241,IL01,Delivered,2026-10-04 01:27:42.286228,2026-10-05,1,Normal
ORD005103,SX00005103,10298,IL01,Delivered,2026-10-04 01:28:34.131413,2026-10-07,1,Normal
ORD005105,SX00005105,10923,TX01,Delivered,2026-10-04 01:30:17.821782,2026-10-07,1,Normal
ORD005106,SX00005106,14232,IL01,Delivered,2026-10-04 01:31:09.666966,2026-10-06,1,Normal
ORD005108,SX00005108,12799,CA01,Delivered,2026-10-04 01:32:53.357335,2026-10-05,1,Normal
ORD005110,SX00005110,14875,NJ01,Delivered,2026-10-04 01:34:37.047704,2026-10-07,1,Normal
ORD005112,SX00005112,16582,IL01,Delivered,2026-10-04 01:36:20.738073,2026-10-07,1,Normal
ORD005113,SX00005113,11802,NJ01,Delivered,2026-10-04 01:37:12.583258,2026-10-07,1,Normal
ORD005114,SX00005114,12657,CA01,Delivered,2026-10-04 01:38:04.428442,2026-10-06,1,Normal
ORD005116,SX00005116,19663,NJ01,Delivered,2026-10-04 01:39:48.118811,2026-10-07,1,Normal
ORD005117,SX00005117,12949,IL01,Delivered,2026-10-04 01:40:39.963996,2026-10-06,1,Normal
ORD005118,SX00005118,10941,CA01,Delivered,2026-10-04 01:41:31.809180,2026-10-07,1,Normal
ORD005119,SX00005119,11907,IL01,Delivered,2026-10-04 01:42:23.654365,2026-10-05,1,Normal
ORD005120,SX00005120,14837,IL01,Delivered,2026-10-04 01:43:15.499549,2026-10-06,0,Missing Delivered Event
ORD005123,SX00005123,15696,TX01,Delivered,2026-10-04 01:45:51.035103,2026-10-07,1,Normal
ORD005124,SX00005124,11466,TX01,Delivered,2026-10-04 01:46:42.880288,2026-10-07,1,Normal
ORD005125,SX00005125,13957,TX01,Delivered,2026-10-04 01:47:34.725472,2026-10-07,1,Normal
ORD005126,SX00005126,11966,IL01,Delivered,2026-10-04 01:48:26.570657,2026-10-07,1,Normal
ORD005127,SX00005127,10375,NJ01,Delivered,2026-10-04 01:49:18.415841,2026-10-07,1,Normal
ORD005129,SX00005129,14362,NJ01,Delivered,2026-10-04 01:51:02.106210,2026-10-06,1,Normal
ORD005130,SX00005130,16502,CA01,Delivered,2026-10-04 01:51:53.951395,2026-10-06,1,Normal
ORD005132,SX00005132,11893,NJ01,Delivered,2026-10-04 01:53:37.641764,2026-10-06,1,Normal
ORD005133,SX00005133,18106,IL01,Delivered,2026-10-04 01:54:29.486948,2026-10-06,1,Normal
ORD005135,SX00005135,15540,CA01,Delivered,2026-10-04 01:56:13.177317,2026-10-05,1,Normal
ORD005136,SX00005136,13892,IL01,Delivered,2026-10-04 01:57:05.022502,2026-10-07,1,Normal
ORD005137,SX00005137,10599,TX01,Delivered,2026-10-04 01:57:56.867686,2026-10-05,1,Normal
ORD005138,SX00005138,14815,IL01,Delivered,2026-10-04 01:58:48.712871,2026-10-05,0,Missing Delivered Event
ORD005139,SX00005139,11912,NJ01,Delivered,2026-10-04 01:59:40.558055,2026-10-06,1,Normal
ORD005140,SX00005140,19484,NJ01,Delivered,2026-10-04 02:00:32.403240,2026-10-07,1,Normal
ORD005141,SX00005141,18792,TX01,Delivered,2026-10-04 02:01:24.248424,2026-10-05,1,Normal
ORD005142,SX00005142,18572,CA01,Delivered,2026-10-04 02:02:16.093609,2026-10-07,1,Normal
ORD005144,SX00005144,13637,IL01,Delivered,2026-10-04 02:03:59.783978,2026-10-05,1,Normal
ORD005148,SX00005148,18557,IL01,Delivered,2026-10-04 02:07:27.164716,2026-10-07,1,Normal
ORD005149,SX00005149,17382,IL01,Delivered,2026-10-04 02:08:19.009900,2026-10-06,1,Normal
ORD005150,SX00005150,18982,TX01,Delivered,2026-10-04 02:09:10.855085,2026-10-07,1,Normal
ORD005152,SX00005152,17707,IL01,Delivered,2026-10-04 02:10:54.545454,2026-10-07,1,Normal
ORD005154,SX00005154,18504,IL01,Delivered,2026-10-04 02:12:38.235823,2026-10-05,1,Normal
ORD005155,SX00005155,14633,NJ01,Delivered,2026-10-04 02:13:30.081008,2026-10-06,1,Normal
ORD005156,SX00005156,10920,IL01,Delivered,2026-10-04 02:14:21.926192,2026-10-06,1,Normal
ORD005157,SX00005157,19269,NJ01,Delivered,2026-10-04 02:15:13.771377,2026-10-06,1,Normal
ORD005158,SX00005158,17008,TX01,Delivered,2026-10-04 02:16:05.616561,2026-10-07,1,Normal
ORD005160,SX00005160,13618,IL01,Delivered,2026-10-04 02:17:49.306930,2026-10-07,1,Normal
ORD005161,SX00005161,18989,TX01,Delivered,2026-10-04 02:18:41.152115,2026-10-05,1,Normal
ORD005162,SX00005162,14443,CA01,Delivered,2026-10-04 02:19:32.997299,2026-10-07,1,Normal
ORD005163,SX00005163,10272,IL01,Delivered,2026-10-04 02:20:24.842484,2026-10-05,1,Normal
ORD005164,SX00005164,11773,IL01,Delivered,2026-10-04 02:21:16.687668,2026-10-05,1,Normal
ORD005168,SX00005168,10946,TX01,Delivered,2026-10-04 02:24:44.068406,2026-10-06,1,Normal
ORD005169,SX00005169,10506,NJ01,Delivered,2026-10-04 02:25:35.913591,2026-10-06,1,Normal
ORD005171,SX00005171,18435,TX01,Delivered,2026-10-04 02:27:19.603960,2026-10-06,1,Normal
ORD005172,SX00005172,18697,IL01,Delivered,2026-10-04 02:28:11.449144,2026-10-06,1,Normal
ORD005175,SX00005175,13590,CA01,Delivered,2026-10-04 02:30:46.984698,2026-10-06,1,Normal
ORD005176,SX00005176,11192,TX01,Delivered,2026-10-04 02:31:38.829882,2026-10-06,1,Normal
ORD005177,SX00005177,11464,CA01,Delivered,2026-10-04 02:32:30.675067,2026-10-06,1,Normal
ORD005178,SX00005178,10390,IL01,Delivered,2026-10-04 02:33:22.520252,2026-10-05,1,Normal
ORD005179,SX00005179,15615,IL01,Delivered,2026-10-04 02:34:14.365436,2026-10-05,1,Normal
ORD005180,SX00005180,16106,IL01,Delivered,2026-10-04 02:35:06.210621,2026-10-05,1,Normal
ORD005181,SX00005181,18864,IL01,Delivered,2026-10-04 02:35:58.055805,2026-10-06,1,Normal
ORD005184,SX00005184,11211,TX01,Delivered,2026-10-04 02:38:33.591359,2026-10-06,1,Normal
ORD005185,SX00005185,19121,NJ01,Delivered,2026-10-04 02:39:25.436543,2026-10-06,1,Normal
ORD005186,SX00005186,11539,IL01,Delivered,2026-10-04 02:40:17.281728,2026-10-05,1,Normal
ORD005187,SX00005187,19104,IL01,Delivered,2026-10-04 02:41:09.126912,2026-10-06,1,Normal
ORD005188,SX00005188,10643,IL01,Delivered,2026-10-04 02:42:00.972097,2026-10-07,0,Missing Delivered Event
ORD005190,SX00005190,18921,NJ01,Delivered,2026-10-04 02:43:44.662466,2026-10-05,1,Normal
ORD005191,SX00005191,11283,CA01,Delivered,2026-10-04 02:44:36.507650,2026-10-06,1,Normal
ORD005192,SX00005192,17680,CA01,Delivered,2026-10-04 02:45:28.352835,2026-10-07,1,Normal
ORD005193,SX00005193,17345,IL01,Delivered,2026-10-04 02:46:20.198019,2026-10-06,1,Normal
ORD005194,SX00005194,14386,IL01,Delivered,2026-10-04 02:47:12.043204,2026-10-07,1,Normal
ORD005195,SX00005195,10919,TX01,Delivered,2026-10-04 02:48:03.888388,2026-10-07,1,Normal
ORD005196,SX00005196,12339,IL01,Delivered,2026-10-04 02:48:55.733573,2026-10-05,0,Missing Delivered Event
ORD005197,SX00005197,18947,TX01,Delivered,2026-10-04 02:49:47.578757,2026-10-07,1,Normal
ORD005198,SX00005198,15930,NJ01,Delivered,2026-10-04 02:50:39.423942,2026-10-06,1,Normal
ORD005199,SX00005199,15402,IL01,Delivered,2026-10-04 02:51:31.269126,2026-10-07,1,Normal
ORD005200,SX00005200,15663,NJ01,Delivered,2026-10-04 02:52:23.114311,2026-10-06,1,Normal
ORD005202,SX00005202,10507,CA01,Delivered,2026-10-04 02:54:06.804680,2026-10-06,1,Normal
ORD005204,SX00005204,18750,CA01,Delivered,2026-10-04 02:55:50.495049,2026-10-05,1,Normal
ORD005205,SX00005205,17354,TX01,Delivered,2026-10-04 02:56:42.340234,2026-10-06,1,Normal
ORD005206,SX00005206,14516,TX01,Delivered,2026-10-04 02:57:34.185418,2026-10-05,1,Normal
ORD005207,SX00005207,13622,IL01,Delivered,2026-10-04 02:58:26.030603,2026-10-07,1,Normal
ORD005208,SX00005208,14399,NJ01,Delivered,2026-10-04 02:59:17.875787,2026-10-06,1,Normal
ORD005209,SX00005209,15037,NJ01,Delivered,2026-10-04 03:00:09.720972,2026-10-07,1,Normal
ORD005211,SX00005211,13715,TX01,Delivered,2026-10-04 03:01:53.411341,2026-10-06,1,Normal
ORD005212,SX00005212,17837,NJ01,Delivered,2026-10-04 03:02:45.256525,2026-10-06,1,Normal
ORD005213,SX00005213,11301,CA01,Delivered,2026-10-04 03:03:37.101710,2026-10-05,1,Normal
ORD005214,SX00005214,17370,IL01,Delivered,2026-10-04 03:04:28.946894,2026-10-07,1,Normal
ORD005217,SX00005217,16411,TX01,Delivered,2026-10-04 03:07:04.482448,2026-10-07,1,Normal
ORD005218,SX00005218,16365,CA01,Delivered,2026-10-04 03:07:56.327632,2026-10-07,1,Normal
ORD005220,SX00005220,11478,NJ01,Delivered,2026-10-04 03:09:40.018001,2026-10-05,1,Normal
ORD005221,SX00005221,16396,TX01,Delivered,2026-10-04 03:10:31.863186,2026-10-06,1,Normal
ORD005223,SX00005223,10441,NJ01,Delivered,2026-10-04 03:12:15.553555,2026-10-07,1,Normal
ORD005224,SX00005224,12646,IL01,Delivered,2026-10-04 03:13:07.398739,2026-10-06,1,Normal
ORD005228,SX00005228,17211,TX01,Delivered,2026-10-04 03:16:34.779477,2026-10-05,1,Normal
ORD005232,SX00005232,19316,NJ01,Delivered,2026-10-04 03:20:02.160216,2026-10-07,1,Normal
ORD005234,SX00005234,15476,TX01,Delivered,2026-10-04 03:21:45.850585,2026-10-06,1,Normal
ORD005235,SX00005235,17928,NJ01,Delivered,2026-10-04 03:22:37.695769,2026-10-05,1,Normal
ORD005236,SX00005236,12080,TX01,Delivered,2026-10-04 03:23:29.540954,2026-10-05,1,Normal
ORD005240,SX00005240,17797,IL01,Delivered,2026-10-04 03:26:56.921692,2026-10-05,1,Normal
ORD005241,SX00005241,10861,NJ01,Delivered,2026-10-04 03:27:48.766876,2026-10-06,1,Normal
ORD005242,SX00005242,18346,TX01,Delivered,2026-10-04 03:28:40.612061,2026-10-06,1,Normal
ORD005244,SX00005244,10904,NJ01,Delivered,2026-10-04 03:30:24.302430,2026-10-07,1,Normal
ORD005246,SX00005246,10404,TX01,Delivered,2026-10-04 03:32:07.992799,2026-10-06,1,Normal
ORD005248,SX00005248,19974,IL01,Delivered,2026-10-04 03:33:51.683168,2026-10-07,1,Normal
ORD005249,SX00005249,19756,CA01,Delivered,2026-10-04 03:34:43.528352,2026-10-07,1,Normal
ORD005252,SX00005252,11725,TX01,Delivered,2026-10-04 03:37:19.063906,2026-10-06,1,Normal
ORD005253,SX00005253,18462,IL01,Delivered,2026-10-04 03:38:10.909090,2026-10-06,1,Normal
ORD005255,SX00005255,15606,TX01,Delivered,2026-10-04 03:39:54.599459,2026-10-06,1,Normal
ORD005257,SX00005257,10171,TX01,Delivered,2026-10-04 03:41:38.289828,2026-10-06,1,Normal
ORD005259,SX00005259,12306,IL01,Delivered,2026-10-04 03:43:21.980198,2026-10-05,1,Normal
ORD005261,SX00005261,19898,TX01,Delivered,2026-10-04 03:45:05.670567,2026-10-06,1,Normal
ORD005262,SX00005262,19963,IL01,Delivered,2026-10-04 03:45:57.515751,2026-10-06,2,Duplicate Delivered Event
ORD005263,SX00005263,10421,TX01,Delivered,2026-10-04 03:46:49.360936,2026-10-06,1,Normal
ORD005266,SX00005266,14675,IL01,Delivered,2026-10-04 03:49:24.896489,2026-10-07,1,Normal
ORD005267,SX00005267,19082,IL01,Delivered,2026-10-04 03:50:16.741674,2026-10-07,1,Normal
ORD005270,SX00005270,11473,IL01,Delivered,2026-10-04 03:52:52.277227,2026-10-05,1,Normal
ORD005273,SX00005273,19641,NJ01,Delivered,2026-10-04 03:55:27.812781,2026-10-07,1,Normal
ORD005274,SX00005274,13096,IL01,Delivered,2026-10-04 03:56:19.657965,2026-10-06,1,Normal
ORD005275,SX00005275,16646,IL01,Delivered,2026-10-04 03:57:11.503150,2026-10-06,1,Normal
ORD005277,SX00005277,15882,IL01,Delivered,2026-10-04 03:58:55.193519,2026-10-06,1,Normal
ORD005279,SX00005279,15798,IL01,Delivered,2026-10-04 04:00:38.883888,2026-10-05,1,Normal
ORD005282,SX00005282,18411,IL01,Delivered,2026-10-04 04:03:14.419441,2026-10-05,1,Normal
ORD005283,SX00005283,19846,IL01,Delivered,2026-10-04 04:04:06.264626,2026-10-07,1,Normal
ORD005284,SX00005284,18456,TX01,Delivered,2026-10-04 04:04:58.109810,2026-10-07,1,Normal
ORD005287,SX00005287,16559,NJ01,Delivered,2026-10-04 04:07:33.645364,2026-10-07,1,Normal
ORD005288,SX00005288,17620,TX01,Delivered,2026-10-04 04:08:25.490549,2026-10-05,1,Normal
ORD005289,SX00005289,12774,NJ01,Delivered,2026-10-04 04:09:17.335733,2026-10-07,1,Normal
ORD005290,SX00005290,15673,IL01,Delivered,2026-10-04 04:10:09.180918,2026-10-05,1,Normal
ORD005291,SX00005291,13124,IL01,Delivered,2026-10-04 04:11:01.026102,2026-10-07,1,Normal
ORD005292,SX00005292,18671,NJ01,Delivered,2026-10-04 04:11:52.871287,2026-10-07,1,Normal
ORD005293,SX00005293,11353,NJ01,Delivered,2026-10-04 04:12:44.716471,2026-10-05,1,Normal
ORD005294,SX00005294,19081,IL01,Delivered,2026-10-04 04:13:36.561656,2026-10-05,1,Normal
ORD005295,SX00005295,13854,TX01,Delivered,2026-10-04 04:14:28.406840,2026-10-06,1,Normal
ORD005297,SX00005297,10924,NJ01,Delivered,2026-10-04 04:16:12.097209,2026-10-06,1,Normal
ORD005298,SX00005298,12170,IL01,Delivered,2026-10-04 04:17:03.942394,2026-10-07,1,Normal
ORD005299,SX00005299,15506,NJ01,Delivered,2026-10-04 04:17:55.787578,2026-10-07,1,Normal
ORD005300,SX00005300,12395,IL01,Delivered,2026-10-04 04:18:47.632763,2026-10-05,1,Normal
ORD005302,SX00005302,18226,TX01,Delivered,2026-10-04 04:20:31.323132,2026-10-06,1,Normal
ORD005303,SX00005303,15515,IL01,Delivered,2026-10-04 04:21:23.168316,2026-10-05,1,Normal
ORD005304,SX00005304,12670,IL01,Delivered,2026-10-04 04:22:15.013501,2026-10-07,1,Normal
ORD005305,SX00005305,13365,IL01,Delivered,2026-10-04 04:23:06.858685,2026-10-05,1,Normal
ORD005306,SX00005306,10588,NJ01,Delivered,2026-10-04 04:23:58.703870,2026-10-05,1,Normal
ORD005307,SX00005307,13138,IL01,Delivered,2026-10-04 04:24:50.549054,2026-10-05,1,Normal
ORD005308,SX00005308,19095,IL01,Delivered,2026-10-04 04:25:42.394239,2026-10-05,1,Normal
ORD005310,SX00005310,14086,NJ01,Delivered,2026-10-04 04:27:26.084608,2026-10-06,1,Normal
ORD005311,SX00005311,18531,CA01,Delivered,2026-10-04 04:28:17.929792,2026-10-06,1,Normal
ORD005313,SX00005313,16019,IL01,Delivered,2026-10-04 04:30:01.620162,2026-10-06,1,Normal
ORD005316,SX00005316,18022,CA01,Delivered,2026-10-04 04:32:37.155715,2026-10-07,1,Normal
ORD005317,SX00005317,15452,NJ01,Delivered,2026-10-04 04:33:29.000900,2026-10-06,1,Normal
ORD005318,SX00005318,13567,IL01,Delivered,2026-10-04 04:34:20.846084,2026-10-07,1,Normal
ORD005320,SX00005320,16477,IL01,Delivered,2026-10-04 04:36:04.536453,2026-10-07,0,Missing Delivered Event
ORD005327,SX00005327,14321,IL01,Delivered,2026-10-04 04:42:07.452745,2026-10-07,1,Normal
ORD005330,SX00005330,16256,NJ01,Delivered,2026-10-04 04:44:42.988298,2026-10-06,1,Normal
ORD005331,SX00005331,19643,TX01,Delivered,2026-10-04 04:45:34.833483,2026-10-05,1,Normal
ORD005332,SX00005332,12313,TX01,Delivered,2026-10-04 04:46:26.678667,2026-10-06,1,Normal
ORD005333,SX00005333,19706,CA01,Delivered,2026-10-04 04:47:18.523852,2026-10-05,1,Normal
ORD005334,SX00005334,11231,IL01,Delivered,2026-10-04 04:48:10.369036,2026-10-07,1,Normal
ORD005335,SX00005335,19837,NJ01,Delivered,2026-10-04 04:49:02.214221,2026-10-05,1,Normal
ORD005337,SX00005337,12999,TX01,Delivered,2026-10-04 04:50:45.904590,2026-10-07,1,Normal
ORD005339,SX00005339,14056,TX01,Delivered,2026-10-04 04:52:29.594959,2026-10-07,1,Normal
ORD005340,SX00005340,10305,IL01,Delivered,2026-10-04 04:53:21.440144,2026-10-07,1,Normal
ORD005341,SX00005341,19915,NJ01,Delivered,2026-10-04 04:54:13.285328,2026-10-07,1,Normal
ORD005342,SX00005342,11689,IL01,Delivered,2026-10-04 04:55:05.130513,2026-10-06,1,Normal
ORD005346,SX00005346,18611,CA01,Delivered,2026-10-04 04:58:32.511251,2026-10-06,1,Normal
ORD005348,SX00005348,13862,IL01,Delivered,2026-10-04 05:00:16.201620,2026-10-07,1,Normal
ORD005349,SX00005349,19642,IL01,Delivered,2026-10-04 05:01:08.046804,2026-10-06,1,Normal
ORD005352,SX00005352,19356,IL01,Delivered,2026-10-04 05:03:43.582358,2026-10-07,1,Normal
ORD005355,SX00005355,15560,IL01,Delivered,2026-10-04 05:06:19.117911,2026-10-07,1,Normal
ORD005356,SX00005356,12226,CA01,Delivered,2026-10-04 05:07:10.963096,2026-10-06,1,Normal
ORD005359,SX00005359,16280,IL01,Delivered,2026-10-04 05:09:46.498649,2026-10-05,1,Normal
ORD005360,SX00005360,17235,CA01,Delivered,2026-10-04 05:10:38.343834,2026-10-05,1,Normal
ORD005361,SX00005361,10813,CA01,Delivered,2026-10-04 05:11:30.189018,2026-10-05,1,Normal
ORD005362,SX00005362,15089,CA01,Delivered,2026-10-04 05:12:22.034203,2026-10-06,1,Normal
ORD005363,SX00005363,12031,TX01,Delivered,2026-10-04 05:13:13.879387,2026-10-05,1,Normal
ORD005364,SX00005364,18514,TX01,Delivered,2026-10-04 05:14:05.724572,2026-10-06,1,Normal
ORD005365,SX00005365,19095,IL01,Delivered,2026-10-04 05:14:57.569756,2026-10-07,1,Normal
ORD005371,SX00005371,11141,IL01,Delivered,2026-10-04 05:20:08.640864,2026-10-07,1,Normal
ORD005373,SX00005373,18558,CA01,Delivered,2026-10-04 05:21:52.331233,2026-10-06,1,Normal
ORD005374,SX00005374,12897,IL01,Delivered,2026-10-04 05:22:44.176417,2026-10-05,1,Normal
ORD005375,SX00005375,19281,CA01,Delivered,2026-10-04 05:23:36.021602,2026-10-07,1,Normal
ORD005376,SX00005376,14041,IL01,Delivered,2026-10-04 05:24:27.866786,2026-10-07,2,Duplicate Delivered Event
ORD005377,SX00005377,12038,IL01,Delivered,2026-10-04 05:25:19.711971,2026-10-06,0,Missing Delivered Event
ORD005379,SX00005379,14683,IL01,Delivered,2026-10-04 05:27:03.402340,2026-10-05,1,Normal
ORD005381,SX00005381,17116,IL01,Delivered,2026-10-04 05:28:47.092709,2026-10-05,1,Normal
ORD005383,SX00005383,13510,TX01,Delivered,2026-10-04 05:30:30.783078,2026-10-05,1,Normal
ORD005384,SX00005384,13786,CA01,Delivered,2026-10-04 05:31:22.628262,2026-10-05,1,Normal
ORD005385,SX00005385,15266,TX01,Delivered,2026-10-04 05:32:14.473447,2026-10-05,1,Normal
ORD005386,SX00005386,19190,IL01,Delivered,2026-10-04 05:33:06.318631,2026-10-05,1,Normal
ORD005387,SX00005387,15428,CA01,Delivered,2026-10-04 05:33:58.163816,2026-10-05,1,Normal
ORD005388,SX00005388,16681,CA01,Delivered,2026-10-04 05:34:50.009000,2026-10-05,1,Normal
ORD005389,SX00005389,16893,IL01,Delivered,2026-10-04 05:35:41.854185,2026-10-06,0,Missing Delivered Event
ORD005390,SX00005390,19643,IL01,Delivered,2026-10-04 05:36:33.699369,2026-10-05,1,Normal
ORD005392,SX00005392,14658,TX01,Delivered,2026-10-04 05:38:17.389738,2026-10-06,1,Normal
ORD005393,SX00005393,17082,CA01,Delivered,2026-10-04 05:39:09.234923,2026-10-07,1,Normal
ORD005395,SX00005395,17607,IL01,Delivered,2026-10-04 05:40:52.925292,2026-10-05,1,Normal
ORD005396,SX00005396,17669,NJ01,Delivered,2026-10-04 05:41:44.770477,2026-10-07,1,Normal
ORD005397,SX00005397,16219,NJ01,Delivered,2026-10-04 05:42:36.615661,2026-10-07,1,Normal
ORD005398,SX00005398,14534,IL01,Delivered,2026-10-04 05:43:28.460846,2026-10-07,1,Normal
ORD005399,SX00005399,15979,IL01,Delivered,2026-10-04 05:44:20.306030,2026-10-05,0,Missing Delivered Event
ORD005400,SX00005400,18890,NJ01,Delivered,2026-10-04 05:45:12.151215,2026-10-05,1,Normal
ORD005401,SX00005401,11312,TX01,Delivered,2026-10-04 05:46:03.996399,2026-10-05,1,Normal
ORD005405,SX00005405,15296,CA01,Delivered,2026-10-04 05:49:31.377137,2026-10-07,1,Normal
ORD005406,SX00005406,17204,IL01,Delivered,2026-10-04 05:50:23.222322,2026-10-05,1,Normal
ORD005407,SX00005407,15730,IL01,Delivered,2026-10-04 05:51:15.067506,2026-10-07,1,Normal
ORD005408,SX00005408,10126,CA01,Delivered,2026-10-04 05:52:06.912691,2026-10-05,1,Normal
ORD005409,SX00005409,15602,IL01,Delivered,2026-10-04 05:52:58.757875,2026-10-05,1,Normal
ORD005411,SX00005411,12639,NJ01,Delivered,2026-10-04 05:54:42.448244,2026-10-05,1,Normal
ORD005412,SX00005412,11366,IL01,Delivered,2026-10-04 05:55:34.293429,2026-10-05,1,Normal
ORD005413,SX00005413,19211,TX01,Delivered,2026-10-04 05:56:26.138613,2026-10-05,1,Normal
ORD005415,SX00005415,16671,NJ01,Delivered,2026-10-04 05:58:09.828982,2026-10-07,1,Normal
ORD005416,SX00005416,16683,IL01,Delivered,2026-10-04 05:59:01.674167,2026-10-06,0,Missing Delivered Event
ORD005418,SX00005418,18876,NJ01,Delivered,2026-10-04 06:00:45.364536,2026-10-05,1,Normal
ORD005419,SX00005419,12887,NJ01,Delivered,2026-10-04 06:01:37.209720,2026-10-06,1,Normal
ORD005422,SX00005422,12261,TX01,Delivered,2026-10-04 06:04:12.745274,2026-10-07,1,Normal
ORD005423,SX00005423,14180,CA01,Delivered,2026-10-04 06:05:04.590459,2026-10-06,1,Normal
ORD005424,SX00005424,12841,IL01,Delivered,2026-10-04 06:05:56.435643,2026-10-06,1,Normal
ORD005425,SX00005425,19959,NJ01,Delivered,2026-10-04 06:06:48.280828,2026-10-06,1,Normal
ORD005426,SX00005426,16040,CA01,Delivered,2026-10-04 06:07:40.126012,2026-10-05,1,Normal
ORD005428,SX00005428,14758,IL01,Delivered,2026-10-04 06:09:23.816381,2026-10-07,1,Normal
ORD005429,SX00005429,10626,CA01,Delivered,2026-10-04 06:10:15.661566,2026-10-05,1,Normal
ORD005430,SX00005430,15014,TX01,Delivered,2026-10-04 06:11:07.506750,2026-10-06,1,Normal
ORD005431,SX00005431,11375,CA01,Delivered,2026-10-04 06:11:59.351935,2026-10-07,1,Normal
ORD005432,SX00005432,11181,IL01,Delivered,2026-10-04 06:12:51.197119,2026-10-06,1,Normal
ORD005433,SX00005433,15708,IL01,Delivered,2026-10-04 06:13:43.042304,2026-10-05,1,Normal
ORD005435,SX00005435,13729,TX01,Delivered,2026-10-04 06:15:26.732673,2026-10-05,1,Normal
ORD005436,SX00005436,15974,NJ01,Delivered,2026-10-04 06:16:18.577857,2026-10-06,1,Normal
ORD005437,SX00005437,13534,IL01,Delivered,2026-10-04 06:17:10.423042,2026-10-05,1,Normal
ORD005438,SX00005438,13296,IL01,Delivered,2026-10-04 06:18:02.268226,2026-10-07,1,Normal
ORD005439,SX00005439,11940,NJ01,Delivered,2026-10-04 06:18:54.113411,2026-10-05,1,Normal
ORD005442,SX00005442,14908,CA01,Delivered,2026-10-04 06:21:29.648964,2026-10-06,1,Normal
ORD005444,SX00005444,15585,TX01,Delivered,2026-10-04 06:23:13.339333,2026-10-05,1,Normal
ORD005445,SX00005445,13159,CA01,Delivered,2026-10-04 06:24:05.184518,2026-10-05,1,Normal
ORD005446,SX00005446,14530,NJ01,Delivered,2026-10-04 06:24:57.029702,2026-10-06,1,Normal
ORD005447,SX00005447,10681,IL01,Delivered,2026-10-04 06:25:48.874887,2026-10-05,1,Normal
ORD005448,SX00005448,15254,IL01,Delivered,2026-10-04 06:26:40.720072,2026-10-06,1,Normal
ORD005449,SX00005449,11073,CA01,Delivered,2026-10-04 06:27:32.565256,2026-10-05,1,Normal
ORD005450,SX00005450,12387,IL01,Delivered,2026-10-04 06:28:24.410441,2026-10-05,1,Normal
ORD005451,SX00005451,12693,TX01,Delivered,2026-10-04 06:29:16.255625,2026-10-06,1,Normal
ORD005452,SX00005452,19562,CA01,Delivered,2026-10-04 06:30:08.100810,2026-10-07,1,Normal
ORD005453,SX00005453,14340,CA01,Delivered,2026-10-04 06:30:59.945994,2026-10-05,1,Normal
ORD005455,SX00005455,17966,TX01,Delivered,2026-10-04 06:32:43.636363,2026-10-07,1,Normal
ORD005456,SX00005456,12580,CA01,Delivered,2026-10-04 06:33:35.481548,2026-10-05,1,Normal
ORD005457,SX00005457,17257,IL01,Delivered,2026-10-04 06:34:27.326732,2026-10-05,1,Normal
ORD005459,SX00005459,16772,IL01,Delivered,2026-10-04 06:36:11.017101,2026-10-05,1,Normal
ORD005461,SX00005461,18219,CA01,Delivered,2026-10-04 06:37:54.707470,2026-10-06,1,Normal
ORD005463,SX00005463,11985,CA01,Delivered,2026-10-04 06:39:38.397839,2026-10-07,1,Normal
ORD005464,SX00005464,19713,TX01,Delivered,2026-10-04 06:40:30.243024,2026-10-05,1,Normal
ORD005465,SX00005465,18488,TX01,Delivered,2026-10-04 06:41:22.088208,2026-10-07,1,Normal
ORD005466,SX00005466,12181,NJ01,Delivered,2026-10-04 06:42:13.933393,2026-10-05,1,Normal
ORD005467,SX00005467,12296,IL01,Delivered,2026-10-04 06:43:05.778577,2026-10-07,1,Normal
ORD005468,SX00005468,17164,CA01,Delivered,2026-10-04 06:43:57.623762,2026-10-05,1,Normal
ORD005469,SX00005469,12597,NJ01,Delivered,2026-10-04 06:44:49.468946,2026-10-07,1,Normal
ORD005470,SX00005470,10901,NJ01,Delivered,2026-10-04 06:45:41.314131,2026-10-07,1,Normal
ORD005473,SX00005473,11677,CA01,Delivered,2026-10-04 06:48:16.849684,2026-10-06,1,Normal
ORD005474,SX00005474,12881,NJ01,Delivered,2026-10-04 06:49:08.694869,2026-10-07,1,Normal
ORD005475,SX00005475,15622,NJ01,Delivered,2026-10-04 06:50:00.540054,2026-10-05,1,Normal
ORD005479,SX00005479,15650,TX01,Delivered,2026-10-04 06:53:27.920792,2026-10-05,1,Normal
ORD005482,SX00005482,17036,NJ01,Delivered,2026-10-04 06:56:03.456345,2026-10-05,1,Normal
ORD005484,SX00005484,11058,IL01,Delivered,2026-10-04 06:57:47.146714,2026-10-07,1,Normal
ORD005485,SX00005485,12048,IL01,Delivered,2026-10-04 06:58:38.991899,2026-10-07,1,Normal
ORD005487,SX00005487,14248,NJ01,Delivered,2026-10-04 07:00:22.682268,2026-10-06,1,Normal
ORD005489,SX00005489,14603,CA01,Delivered,2026-10-04 07:02:06.372637,2026-10-05,1,Normal
ORD005491,SX00005491,19953,CA01,Delivered,2026-10-04 07:03:50.063006,2026-10-05,1,Normal
ORD005494,SX00005494,17192,NJ01,Delivered,2026-10-04 07:06:25.598559,2026-10-06,1,Normal
ORD005495,SX00005495,14623,NJ01,Delivered,2026-10-04 07:07:17.443744,2026-10-05,1,Normal
ORD005497,SX00005497,15618,IL01,Delivered,2026-10-04 07:09:01.134113,2026-10-05,1,Normal
ORD005498,SX00005498,19856,IL01,Delivered,2026-10-04 07:09:52.979297,2026-10-05,1,Normal
ORD005499,SX00005499,17209,CA01,Delivered,2026-10-04 07:10:44.824482,2026-10-05,1,Normal
ORD005501,SX00005501,11871,IL01,Delivered,2026-10-04 07:12:28.514851,2026-10-05,1,Normal
ORD005504,SX00005504,15521,NJ01,Delivered,2026-10-04 07:15:04.050405,2026-10-05,1,Normal
ORD005505,SX00005505,18536,NJ01,Delivered,2026-10-04 07:15:55.895589,2026-10-06,1,Normal
ORD005508,SX00005508,12068,TX01,Delivered,2026-10-04 07:18:31.431143,2026-10-06,1,Normal
ORD005510,SX00005510,17237,CA01,Delivered,2026-10-04 07:20:15.121512,2026-10-06,1,Normal
ORD005511,SX00005511,17016,CA01,Delivered,2026-10-04 07:21:06.966696,2026-10-06,1,Normal
ORD005513,SX00005513,11514,TX01,Delivered,2026-10-04 07:22:50.657065,2026-10-05,1,Normal
ORD005514,SX00005514,12598,NJ01,Delivered,2026-10-04 07:23:42.502250,2026-10-07,1,Normal
ORD005516,SX00005516,11033,NJ01,Delivered,2026-10-04 07:25:26.192619,2026-10-05,1,Normal
ORD005517,SX00005517,16899,IL01,Delivered,2026-10-04 07:26:18.037803,2026-10-07,1,Normal
ORD005518,SX00005518,18465,CA01,Delivered,2026-10-04 07:27:09.882988,2026-10-05,1,Normal
ORD005519,SX00005519,15051,NJ01,Delivered,2026-10-04 07:28:01.728172,2026-10-05,1,Normal
ORD005520,SX00005520,19971,TX01,Delivered,2026-10-04 07:28:53.573357,2026-10-05,1,Normal
ORD005522,SX00005522,10478,NJ01,Delivered,2026-10-04 07:30:37.263726,2026-10-06,1,Normal
ORD005526,SX00005526,19603,IL01,Delivered,2026-10-04 07:34:04.644464,2026-10-05,1,Normal
ORD005527,SX00005527,10271,NJ01,Delivered,2026-10-04 07:34:56.489648,2026-10-05,1,Normal
ORD005528,SX00005528,18334,NJ01,Delivered,2026-10-04 07:35:48.334833,2026-10-05,1,Normal
ORD005530,SX00005530,16008,NJ01,Delivered,2026-10-04 07:37:32.025202,2026-10-06,1,Normal
ORD005531,SX00005531,17987,IL01,Delivered,2026-10-04 07:38:23.870387,2026-10-06,1,Normal
ORD005532,SX00005532,13332,CA01,Delivered,2026-10-04 07:39:15.715571,2026-10-07,1,Normal
ORD005534,SX00005534,16222,NJ01,Delivered,2026-10-04 07:40:59.405940,2026-10-06,1,Normal
ORD005536,SX00005536,10622,TX01,Delivered,2026-10-04 07:42:43.096309,2026-10-05,1,Normal
ORD005537,SX00005537,13841,IL01,Delivered,2026-10-04 07:43:34.941494,2026-10-06,1,Normal
ORD005538,SX00005538,13676,IL01,Delivered,2026-10-04 07:44:26.786678,2026-10-05,1,Normal
ORD005539,SX00005539,12572,TX01,Delivered,2026-10-04 07:45:18.631863,2026-10-05,1,Normal
ORD005541,SX00005541,15033,CA01,Delivered,2026-10-04 07:47:02.322232,2026-10-07,1,Normal
ORD005542,SX00005542,17788,NJ01,Delivered,2026-10-04 07:47:54.167416,2026-10-05,1,Normal
ORD005544,SX00005544,14712,TX01,Delivered,2026-10-04 07:49:37.857785,2026-10-06,1,Normal
ORD005546,SX00005546,17533,CA01,Delivered,2026-10-04 07:51:21.548154,2026-10-05,1,Normal
ORD005547,SX00005547,14616,CA01,Delivered,2026-10-04 07:52:13.393339,2026-10-06,1,Normal
ORD005548,SX00005548,11140,NJ01,Delivered,2026-10-04 07:53:05.238523,2026-10-07,1,Normal
ORD005550,SX00005550,17465,IL01,Delivered,2026-10-04 07:54:48.928892,2026-10-06,1,Normal
ORD005555,SX00005555,17675,IL01,Delivered,2026-10-04 07:59:08.154815,2026-10-06,1,Normal
ORD005556,SX00005556,18264,IL01,Delivered,2026-10-04 08:00:00.000000,2026-10-06,1,Normal
ORD005557,SX00005557,10198,CA01,Delivered,2026-10-04 08:00:51.845184,2026-10-07,1,Normal
ORD005558,SX00005558,19973,CA01,Delivered,2026-10-04 08:01:43.690369,2026-10-06,1,Normal
ORD005559,SX00005559,10571,IL01,Delivered,2026-10-04 08:02:35.535553,2026-10-07,1,Normal
ORD005560,SX00005560,10790,IL01,Delivered,2026-10-04 08:03:27.380738,2026-10-07,1,Normal
ORD005561,SX00005561,19830,CA01,Delivered,2026-10-04 08:04:19.225922,2026-10-07,1,Normal
ORD005562,SX00005562,11174,IL01,Delivered,2026-10-04 08:05:11.071107,2026-10-06,1,Normal
ORD005563,SX00005563,10178,IL01,Delivered,2026-10-04 08:06:02.916291,2026-10-05,1,Normal
ORD005564,SX00005564,12244,NJ01,Delivered,2026-10-04 08:06:54.761476,2026-10-07,1,Normal
ORD005565,SX00005565,14086,NJ01,Delivered,2026-10-04 08:07:46.606660,2026-10-05,1,Normal
ORD005566,SX00005566,10734,IL01,Delivered,2026-10-04 08:08:38.451845,2026-10-07,1,Normal
ORD005567,SX00005567,16232,TX01,Delivered,2026-10-04 08:09:30.297029,2026-10-06,1,Normal
ORD005569,SX00005569,17601,IL01,Delivered,2026-10-04 08:11:13.987398,2026-10-07,1,Normal
ORD005571,SX00005571,12795,NJ01,Delivered,2026-10-04 08:12:57.677767,2026-10-06,1,Normal
ORD005572,SX00005572,14588,IL01,Delivered,2026-10-04 08:13:49.522952,2026-10-07,1,Normal
ORD005573,SX00005573,17297,IL01,Delivered,2026-10-04 08:14:41.368136,2026-10-06,2,Duplicate Delivered Event
ORD005574,SX00005574,13084,IL01,Delivered,2026-10-04 08:15:33.213321,2026-10-05,1,Normal
ORD005575,SX00005575,10731,NJ01,Delivered,2026-10-04 08:16:25.058505,2026-10-06,1,Normal
ORD005579,SX00005579,19407,TX01,Delivered,2026-10-04 08:19:52.439243,2026-10-07,1,Normal
ORD005580,SX00005580,18516,TX01,Delivered,2026-10-04 08:20:44.284428,2026-10-06,1,Normal
ORD005581,SX00005581,15074,NJ01,Delivered,2026-10-04 08:21:36.129612,2026-10-07,1,Normal
ORD005582,SX00005582,17099,TX01,Delivered,2026-10-04 08:22:27.974797,2026-10-05,1,Normal
ORD005584,SX00005584,10893,NJ01,Delivered,2026-10-04 08:24:11.665166,2026-10-06,1,Normal
ORD005586,SX00005586,13389,NJ01,Delivered,2026-10-04 08:25:55.355535,2026-10-07,1,Normal
ORD005587,SX00005587,14239,CA01,Delivered,2026-10-04 08:26:47.200720,2026-10-07,1,Normal
ORD005590,SX00005590,13432,NJ01,Delivered,2026-10-04 08:29:22.736273,2026-10-06,1,Normal
ORD005591,SX00005591,12371,TX01,Delivered,2026-10-04 08:30:14.581458,2026-10-07,1,Normal
ORD005592,SX00005592,14312,TX01,Delivered,2026-10-04 08:31:06.426642,2026-10-06,1,Normal
ORD005593,SX00005593,11515,IL01,Delivered,2026-10-04 08:31:58.271827,2026-10-06,1,Normal
ORD005595,SX00005595,17088,CA01,Delivered,2026-10-04 08:33:41.962196,2026-10-07,1,Normal
ORD005596,SX00005596,15586,IL01,Delivered,2026-10-04 08:34:33.807380,2026-10-07,1,Normal
ORD005597,SX00005597,12917,IL01,Delivered,2026-10-04 08:35:25.652565,2026-10-05,1,Normal
ORD005598,SX00005598,15731,NJ01,Delivered,2026-10-04 08:36:17.497749,2026-10-06,1,Normal
ORD005599,SX00005599,17686,TX01,Delivered,2026-10-04 08:37:09.342934,2026-10-07,1,Normal
ORD005601,SX00005601,18302,CA01,Delivered,2026-10-04 08:38:53.033303,2026-10-05,1,Normal
ORD005603,SX00005603,14327,IL01,Delivered,2026-10-04 08:40:36.723672,2026-10-06,1,Normal
ORD005606,SX00005606,13793,NJ01,Delivered,2026-10-04 08:43:12.259225,2026-10-06,1,Normal
ORD005607,SX00005607,19947,IL01,Delivered,2026-10-04 08:44:04.104410,2026-10-07,1,Normal
ORD005608,SX00005608,16738,TX01,Delivered,2026-10-04 08:44:55.949594,2026-10-06,1,Normal
ORD005609,SX00005609,11577,IL01,Delivered,2026-10-04 08:45:47.794779,2026-10-06,1,Normal
ORD005611,SX00005611,12220,CA01,Delivered,2026-10-04 08:47:31.485148,2026-10-05,1,Normal
ORD005612,SX00005612,19164,IL01,Delivered,2026-10-04 08:48:23.330333,2026-10-06,1,Normal
ORD005613,SX00005613,11030,IL01,Delivered,2026-10-04 08:49:15.175517,2026-10-05,1,Normal
ORD005614,SX00005614,16691,IL01,Delivered,2026-10-04 08:50:07.020702,2026-10-05,1,Normal
ORD005615,SX00005615,13992,IL01,Delivered,2026-10-04 08:50:58.865886,2026-10-05,1,Normal
ORD005616,SX00005616,10913,IL01,Delivered,2026-10-04 08:51:50.711071,2026-10-07,1,Normal
ORD005618,SX00005618,12181,IL01,Delivered,2026-10-04 08:53:34.401440,2026-10-06,1,Normal
ORD005619,SX00005619,13197,CA01,Delivered,2026-10-04 08:54:26.246624,2026-10-06,1,Normal
ORD005621,SX00005621,11462,IL01,Delivered,2026-10-04 08:56:09.936993,2026-10-07,0,Missing Delivered Event
ORD005625,SX00005625,19381,TX01,Delivered,2026-10-04 08:59:37.317731,2026-10-05,1,Normal
ORD005629,SX00005629,17769,IL01,Delivered,2026-10-04 09:03:04.698469,2026-10-05,1,Normal
ORD005630,SX00005630,10687,TX01,Delivered,2026-10-04 09:03:56.543654,2026-10-07,1,Normal
ORD005631,SX00005631,14661,CA01,Delivered,2026-10-04 09:04:48.388838,2026-10-05,1,Normal
ORD005632,SX00005632,19399,CA01,Delivered,2026-10-04 09:05:40.234023,2026-10-05,1,Normal
ORD005633,SX00005633,11894,IL01,Delivered,2026-10-04 09:06:32.079207,2026-10-06,1,Normal
ORD005634,SX00005634,17389,NJ01,Delivered,2026-10-04 09:07:23.924392,2026-10-05,1,Normal
ORD005641,SX00005641,13968,IL01,Delivered,2026-10-04 09:13:26.840684,2026-10-06,1,Normal
ORD005642,SX00005642,12716,IL01,Delivered,2026-10-04 09:14:18.685868,2026-10-07,1,Normal
ORD005643,SX00005643,10190,NJ01,Delivered,2026-10-04 09:15:10.531053,2026-10-05,1,Normal
ORD005644,SX00005644,11335,IL01,Delivered,2026-10-04 09:16:02.376237,2026-10-07,1,Normal
ORD005646,SX00005646,10378,IL01,Delivered,2026-10-04 09:17:46.066606,2026-10-07,1,Normal
ORD005647,SX00005647,13829,NJ01,Delivered,2026-10-04 09:18:37.911791,2026-10-06,1,Normal
ORD005648,SX00005648,16380,NJ01,Delivered,2026-10-04 09:19:29.756975,2026-10-07,1,Normal
ORD005649,SX00005649,10615,IL01,Delivered,2026-10-04 09:20:21.602160,2026-10-06,1,Normal
ORD005650,SX00005650,12330,CA01,Delivered,2026-10-04 09:21:13.447344,2026-10-05,1,Normal
ORD005652,SX00005652,10463,NJ01,Delivered,2026-10-04 09:22:57.137713,2026-10-06,1,Normal
ORD005653,SX00005653,19158,TX01,Delivered,2026-10-04 09:23:48.982898,2026-10-05,1,Normal
ORD005656,SX00005656,13624,IL01,Delivered,2026-10-04 09:26:24.518451,2026-10-05,1,Normal
ORD005657,SX00005657,14938,IL01,Delivered,2026-10-04 09:27:16.363636,2026-10-05,1,Normal
ORD005658,SX00005658,15417,CA01,Delivered,2026-10-04 09:28:08.208820,2026-10-05,1,Normal
ORD005660,SX00005660,18881,IL01,Delivered,2026-10-04 09:29:51.899189,2026-10-06,1,Normal
ORD005661,SX00005661,15603,NJ01,Delivered,2026-10-04 09:30:43.744374,2026-10-06,1,Normal
ORD005662,SX00005662,12212,CA01,Delivered,2026-10-04 09:31:35.589558,2026-10-05,1,Normal
ORD005664,SX00005664,15818,IL01,Delivered,2026-10-04 09:33:19.279927,2026-10-07,1,Normal
ORD005665,SX00005665,10382,NJ01,Delivered,2026-10-04 09:34:11.125112,2026-10-05,1,Normal
ORD005666,SX00005666,12256,IL01,Delivered,2026-10-04 09:35:02.970297,2026-10-07,1,Normal
ORD005667,SX00005667,11412,IL01,Delivered,2026-10-04 09:35:54.815481,2026-10-05,0,Missing Delivered Event
ORD005668,SX00005668,19775,CA01,Delivered,2026-10-04 09:36:46.660666,2026-10-07,1,Normal
ORD005669,SX00005669,16146,IL01,Delivered,2026-10-04 09:37:38.505850,2026-10-07,1,Normal
ORD005670,SX00005670,10371,TX01,Delivered,2026-10-04 09:38:30.351035,2026-10-07,1,Normal
ORD005672,SX00005672,15565,NJ01,Delivered,2026-10-04 09:40:14.041404,2026-10-06,1,Normal
ORD005674,SX00005674,18307,NJ01,Delivered,2026-10-04 09:41:57.731773,2026-10-06,1,Normal
ORD005675,SX00005675,17437,IL01,Delivered,2026-10-04 09:42:49.576957,2026-10-05,1,Normal
ORD005676,SX00005676,10446,IL01,Delivered,2026-10-04 09:43:41.422142,2026-10-06,1,Normal
ORD005677,SX00005677,11391,TX01,Delivered,2026-10-04 09:44:33.267326,2026-10-07,1,Normal
ORD005678,SX00005678,11340,IL01,Delivered,2026-10-04 09:45:25.112511,2026-10-06,1,Normal
ORD005679,SX00005679,12939,IL01,Delivered,2026-10-04 09:46:16.957695,2026-10-06,1,Normal
ORD005682,SX00005682,14813,IL01,Delivered,2026-10-04 09:48:52.493249,2026-10-05,1,Normal
ORD005683,SX00005683,13569,IL01,Delivered,2026-10-04 09:49:44.338433,2026-10-07,1,Normal
ORD005684,SX00005684,15454,TX01,Delivered,2026-10-04 09:50:36.183618,2026-10-07,1,Normal
ORD005686,SX00005686,19797,IL01,Delivered,2026-10-04 09:52:19.873987,2026-10-06,1,Normal
ORD005687,SX00005687,16414,IL01,Delivered,2026-10-04 09:53:11.719171,2026-10-07,1,Normal
ORD005688,SX00005688,14657,TX01,Delivered,2026-10-04 09:54:03.564356,2026-10-05,1,Normal
ORD005689,SX00005689,16947,CA01,Delivered,2026-10-04 09:54:55.409540,2026-10-07,1,Normal
ORD005690,SX00005690,17943,TX01,Delivered,2026-10-04 09:55:47.254725,2026-10-07,1,Normal
ORD005691,SX00005691,13662,IL01,Delivered,2026-10-04 09:56:39.099909,2026-10-07,1,Normal
ORD005692,SX00005692,14482,NJ01,Delivered,2026-10-04 09:57:30.945094,2026-10-07,1,Normal
ORD005693,SX00005693,14797,NJ01,Delivered,2026-10-04 09:58:22.790279,2026-10-07,1,Normal
ORD005694,SX00005694,15068,IL01,Delivered,2026-10-04 09:59:14.635463,2026-10-05,1,Normal
ORD005695,SX00005695,15480,IL01,Delivered,2026-10-04 10:00:06.480648,2026-10-06,2,Duplicate Delivered Event
ORD005696,SX00005696,18033,IL01,Delivered,2026-10-04 10:00:58.325832,2026-10-07,1,Normal
ORD005697,SX00005697,10983,NJ01,Delivered,2026-10-04 10:01:50.171017,2026-10-06,1,Normal
ORD005698,SX00005698,15607,NJ01,Delivered,2026-10-04 10:02:42.016201,2026-10-07,1,Normal
ORD005699,SX00005699,18543,TX01,Delivered,2026-10-04 10:03:33.861386,2026-10-06,1,Normal
ORD005702,SX00005702,11907,TX01,Delivered,2026-10-04 10:06:09.396939,2026-10-07,1,Normal
ORD005703,SX00005703,16924,IL01,Delivered,2026-10-04 10:07:01.242124,2026-10-06,1,Normal
ORD005705,SX00005705,18737,NJ01,Delivered,2026-10-04 10:08:44.932493,2026-10-07,1,Normal
ORD005706,SX00005706,14174,IL01,Delivered,2026-10-04 10:09:36.777677,2026-10-06,1,Normal
ORD005708,SX00005708,17265,IL01,Delivered,2026-10-04 10:11:20.468046,2026-10-05,1,Normal
ORD005709,SX00005709,19297,IL01,Delivered,2026-10-04 10:12:12.313231,2026-10-07,1,Normal
ORD005710,SX00005710,11990,NJ01,Delivered,2026-10-04 10:13:04.158415,2026-10-05,1,Normal
ORD005711,SX00005711,15596,NJ01,Delivered,2026-10-04 10:13:56.003600,2026-10-06,1,Normal
ORD005712,SX00005712,13998,TX01,Delivered,2026-10-04 10:14:47.848784,2026-10-07,1,Normal
ORD005713,SX00005713,13775,NJ01,Delivered,2026-10-04 10:15:39.693969,2026-10-06,1,Normal
ORD005714,SX00005714,19112,IL01,Delivered,2026-10-04 10:16:31.539153,2026-10-05,1,Normal
ORD005715,SX00005715,14645,IL01,Delivered,2026-10-04 10:17:23.384338,2026-10-05,1,Normal
ORD005716,SX00005716,12061,CA01,Delivered,2026-10-04 10:18:15.229522,2026-10-06,1,Normal
ORD005717,SX00005717,14487,IL01,Delivered,2026-10-04 10:19:07.074707,2026-10-07,1,Normal
ORD005718,SX00005718,14435,IL01,Delivered,2026-10-04 10:19:58.919891,2026-10-07,1,Normal
ORD005719,SX00005719,12644,NJ01,Delivered,2026-10-04 10:20:50.765076,2026-10-07,1,Normal
ORD005720,SX00005720,11045,IL01,Delivered,2026-10-04 10:21:42.610261,2026-10-07,1,Normal
ORD005721,SX00005721,17951,NJ01,Delivered,2026-10-04 10:22:34.455445,2026-10-05,1,Normal
ORD005722,SX00005722,16449,TX01,Delivered,2026-10-04 10:23:26.300630,2026-10-07,1,Normal
ORD005723,SX00005723,12681,TX01,Delivered,2026-10-04 10:24:18.145814,2026-10-06,1,Normal
ORD005724,SX00005724,13199,TX01,Delivered,2026-10-04 10:25:09.990999,2026-10-05,1,Normal
ORD005725,SX00005725,16768,IL01,Delivered,2026-10-04 10:26:01.836183,2026-10-06,1,Normal
ORD005726,SX00005726,19130,NJ01,Delivered,2026-10-04 10:26:53.681368,2026-10-06,1,Normal
ORD005727,SX00005727,17440,IL01,Delivered,2026-10-04 10:27:45.526552,2026-10-06,0,Missing Delivered Event
ORD005729,SX00005729,12550,NJ01,Delivered,2026-10-04 10:29:29.216921,2026-10-07,1,Normal
ORD005730,SX00005730,14225,IL01,Delivered,2026-10-04 10:30:21.062106,2026-10-06,1,Normal
ORD005732,SX00005732,16054,TX01,Delivered,2026-10-04 10:32:04.752475,2026-10-07,1,Normal
ORD005735,SX00005735,16468,IL01,Delivered,2026-10-04 10:34:40.288028,2026-10-07,1,Normal
ORD005739,SX00005739,16852,IL01,Delivered,2026-10-04 10:38:07.668766,2026-10-07,1,Normal
ORD005740,SX00005740,11449,IL01,Delivered,2026-10-04 10:38:59.513951,2026-10-06,1,Normal
ORD005741,SX00005741,15953,NJ01,Delivered,2026-10-04 10:39:51.359135,2026-10-07,1,Normal
ORD005742,SX00005742,18456,TX01,Delivered,2026-10-04 10:40:43.204320,2026-10-06,1,Normal
ORD005743,SX00005743,18042,TX01,Delivered,2026-10-04 10:41:35.049504,2026-10-06,1,Normal
ORD005744,SX00005744,12659,NJ01,Delivered,2026-10-04 10:42:26.894689,2026-10-06,1,Normal
ORD005746,SX00005746,17893,NJ01,Delivered,2026-10-04 10:44:10.585058,2026-10-07,1,Normal
ORD005748,SX00005748,12721,IL01,Delivered,2026-10-04 10:45:54.275427,2026-10-07,1,Normal
ORD005749,SX00005749,19654,TX01,Delivered,2026-10-04 10:46:46.120612,2026-10-05,1,Normal
ORD005750,SX00005750,19637,NJ01,Delivered,2026-10-04 10:47:37.965796,2026-10-07,1,Normal
ORD005751,SX00005751,12925,IL01,Delivered,2026-10-04 10:48:29.810981,2026-10-06,1,Normal
ORD005753,SX00005753,17104,IL01,Delivered,2026-10-04 10:50:13.501350,2026-10-06,1,Normal
ORD005754,SX00005754,16240,NJ01,Delivered,2026-10-04 10:51:05.346534,2026-10-07,1,Normal
ORD005755,SX00005755,10512,TX01,Delivered,2026-10-04 10:51:57.191719,2026-10-06,1,Normal
ORD005756,SX00005756,10215,IL01,Delivered,2026-10-04 10:52:49.036903,2026-10-05,1,Normal
ORD005757,SX00005757,17299,IL01,Delivered,2026-10-04 10:53:40.882088,2026-10-06,1,Normal
ORD005758,SX00005758,13153,CA01,Delivered,2026-10-04 10:54:32.727272,2026-10-07,1,Normal
ORD005759,SX00005759,17450,IL01,Delivered,2026-10-04 10:55:24.572457,2026-10-06,1,Normal
ORD005760,SX00005760,11706,IL01,Delivered,2026-10-04 10:56:16.417641,2026-10-05,0,Missing Delivered Event
ORD005761,SX00005761,11567,IL01,Delivered,2026-10-04 10:57:08.262826,2026-10-05,1,Normal
ORD005763,SX00005763,13510,NJ01,Delivered,2026-10-04 10:58:51.953195,2026-10-06,1,Normal
ORD005764,SX00005764,17867,NJ01,Delivered,2026-10-04 10:59:43.798379,2026-10-07,1,Normal
ORD005765,SX00005765,12365,CA01,Delivered,2026-10-04 11:00:35.643564,2026-10-06,1,Normal
ORD005769,SX00005769,16001,IL01,Delivered,2026-10-04 11:04:03.024302,2026-10-06,1,Normal
ORD005770,SX00005770,14567,TX01,Delivered,2026-10-04 11:04:54.869486,2026-10-05,1,Normal
ORD005771,SX00005771,19271,IL01,Delivered,2026-10-04 11:05:46.714671,2026-10-06,1,Normal
ORD005773,SX00005773,13020,IL01,Delivered,2026-10-04 11:07:30.405040,2026-10-06,1,Normal
ORD005774,SX00005774,16256,CA01,Delivered,2026-10-04 11:08:22.250225,2026-10-06,1,Normal
ORD005776,SX00005776,18362,NJ01,Delivered,2026-10-04 11:10:05.940594,2026-10-07,1,Normal
ORD005777,SX00005777,10294,IL01,Delivered,2026-10-04 11:10:57.785778,2026-10-05,1,Normal
ORD005778,SX00005778,14284,CA01,Delivered,2026-10-04 11:11:49.630963,2026-10-06,1,Normal
ORD005779,SX00005779,18617,TX01,Delivered,2026-10-04 11:12:41.476147,2026-10-06,1,Normal
ORD005780,SX00005780,16801,IL01,Delivered,2026-10-04 11:13:33.321332,2026-10-05,1,Normal
ORD005781,SX00005781,10918,CA01,Delivered,2026-10-04 11:14:25.166516,2026-10-06,1,Normal
ORD005784,SX00005784,14961,TX01,Delivered,2026-10-04 11:17:00.702070,2026-10-07,1,Normal
ORD005785,SX00005785,19017,IL01,Delivered,2026-10-04 11:17:52.547254,2026-10-07,1,Normal
ORD005786,SX00005786,13779,CA01,Delivered,2026-10-04 11:18:44.392439,2026-10-05,1,Normal
ORD005787,SX00005787,12118,IL01,Delivered,2026-10-04 11:19:36.237623,2026-10-07,1,Normal
ORD005788,SX00005788,16391,IL01,Delivered,2026-10-04 11:20:28.082808,2026-10-05,1,Normal
ORD005789,SX00005789,10145,CA01,Delivered,2026-10-04 11:21:19.927992,2026-10-07,1,Normal
ORD005792,SX00005792,10192,IL01,Delivered,2026-10-04 11:23:55.463546,2026-10-07,1,Normal
ORD005793,SX00005793,15187,TX01,Delivered,2026-10-04 11:24:47.308730,2026-10-07,1,Normal
ORD005794,SX00005794,16637,IL01,Delivered,2026-10-04 11:25:39.153915,2026-10-05,1,Normal
ORD005795,SX00005795,18243,CA01,Delivered,2026-10-04 11:26:30.999099,2026-10-06,1,Normal
ORD005796,SX00005796,12410,TX01,Delivered,2026-10-04 11:27:22.844284,2026-10-07,1,Normal
ORD005799,SX00005799,12521,NJ01,Delivered,2026-10-04 11:29:58.379837,2026-10-07,1,Normal
ORD005800,SX00005800,12568,IL01,Delivered,2026-10-04 11:30:50.225022,2026-10-06,1,Normal
ORD005803,SX00005803,17465,NJ01,Delivered,2026-10-04 11:33:25.760576,2026-10-05,1,Normal
ORD005804,SX00005804,17602,NJ01,Delivered,2026-10-04 11:34:17.605760,2026-10-07,1,Normal
ORD005806,SX00005806,16103,TX01,Delivered,2026-10-04 11:36:01.296129,2026-10-07,1,Normal
ORD005807,SX00005807,10240,TX01,Delivered,2026-10-04 11:36:53.141314,2026-10-05,1,Normal
ORD005808,SX00005808,13440,TX01,Delivered,2026-10-04 11:37:44.986498,2026-10-07,1,Normal
ORD005810,SX00005810,19599,CA01,Delivered,2026-10-04 11:39:28.676867,2026-10-06,1,Normal
ORD005811,SX00005811,18274,IL01,Delivered,2026-10-04 11:40:20.522052,2026-10-07,1,Normal
ORD005815,SX00005815,17995,IL01,Delivered,2026-10-04 11:43:47.902790,2026-10-05,1,Normal
ORD005816,SX00005816,18802,NJ01,Delivered,2026-10-04 11:44:39.747974,2026-10-06,1,Normal
ORD005817,SX00005817,16429,IL01,Delivered,2026-10-04 11:45:31.593159,2026-10-05,1,Normal
ORD005818,SX00005818,13605,TX01,Delivered,2026-10-04 11:46:23.438343,2026-10-05,1,Normal
ORD005821,SX00005821,16568,IL01,Delivered,2026-10-04 11:48:58.973897,2026-10-07,1,Normal
ORD005822,SX00005822,12601,TX01,Delivered,2026-10-04 11:49:50.819081,2026-10-05,1,Normal
ORD005823,SX00005823,12657,NJ01,Delivered,2026-10-04 11:50:42.664266,2026-10-07,1,Normal
ORD005824,SX00005824,16080,TX01,Delivered,2026-10-04 11:51:34.509450,2026-10-05,1,Normal
ORD005825,SX00005825,17325,TX01,Delivered,2026-10-04 11:52:26.354635,2026-10-07,1,Normal
ORD005826,SX00005826,12159,TX01,Delivered,2026-10-04 11:53:18.199819,2026-10-05,1,Normal
ORD005827,SX00005827,13830,IL01,Delivered,2026-10-04 11:54:10.045004,2026-10-06,1,Normal
ORD005829,SX00005829,14368,NJ01,Delivered,2026-10-04 11:55:53.735373,2026-10-07,1,Normal
ORD005830,SX00005830,11317,IL01,Delivered,2026-10-04 11:56:45.580558,2026-10-05,1,Normal
ORD005832,SX00005832,11230,IL01,Delivered,2026-10-04 11:58:29.270927,2026-10-06,1,Normal
ORD005833,SX00005833,11133,IL01,Delivered,2026-10-04 11:59:21.116111,2026-10-07,1,Normal
ORD005834,SX00005834,17607,IL01,Delivered,2026-10-04 12:00:12.961296,2026-10-07,1,Normal
ORD005838,SX00005838,18107,IL01,Delivered,2026-10-04 12:03:40.342034,2026-10-05,1,Normal
ORD005840,SX00005840,17970,NJ01,Delivered,2026-10-04 12:05:24.032403,2026-10-05,1,Normal
ORD005841,SX00005841,11916,IL01,Delivered,2026-10-04 12:06:15.877587,2026-10-05,1,Normal
ORD005843,SX00005843,12757,IL01,Delivered,2026-10-04 12:07:59.567956,2026-10-05,1,Normal
ORD005846,SX00005846,19088,CA01,Delivered,2026-10-04 12:10:35.103510,2026-10-05,1,Normal
ORD005847,SX00005847,16362,TX01,Delivered,2026-10-04 12:11:26.948694,2026-10-05,1,Normal
ORD005848,SX00005848,19743,TX01,Delivered,2026-10-04 12:12:18.793879,2026-10-06,1,Normal
ORD005850,SX00005850,10060,CA01,Delivered,2026-10-04 12:14:02.484248,2026-10-06,1,Normal
ORD005852,SX00005852,16681,TX01,Delivered,2026-10-04 12:15:46.174617,2026-10-06,1,Normal
ORD005853,SX00005853,12895,IL01,Delivered,2026-10-04 12:16:38.019801,2026-10-06,1,Normal
ORD005854,SX00005854,10585,IL01,Delivered,2026-10-04 12:17:29.864986,2026-10-07,1,Normal
ORD005855,SX00005855,15823,NJ01,Delivered,2026-10-04 12:18:21.710171,2026-10-05,1,Normal
ORD005857,SX00005857,13462,CA01,Delivered,2026-10-04 12:20:05.400540,2026-10-06,1,Normal
ORD005858,SX00005858,14011,NJ01,Delivered,2026-10-04 12:20:57.245724,2026-10-05,1,Normal
ORD005859,SX00005859,13398,TX01,Delivered,2026-10-04 12:21:49.090909,2026-10-05,1,Normal
ORD005860,SX00005860,12155,NJ01,Delivered,2026-10-04 12:22:40.936093,2026-10-05,1,Normal
ORD005861,SX00005861,15966,IL01,Delivered,2026-10-04 12:23:32.781278,2026-10-07,1,Normal
ORD005863,SX00005863,16957,NJ01,Delivered,2026-10-04 12:25:16.471647,2026-10-07,1,Normal
ORD005864,SX00005864,19196,NJ01,Delivered,2026-10-04 12:26:08.316831,2026-10-05,1,Normal
ORD005865,SX00005865,15325,NJ01,Delivered,2026-10-04 12:27:00.162016,2026-10-07,1,Normal
ORD005866,SX00005866,18518,IL01,Delivered,2026-10-04 12:27:52.007200,2026-10-05,1,Normal
ORD005867,SX00005867,14703,NJ01,Delivered,2026-10-04 12:28:43.852385,2026-10-07,1,Normal
ORD005868,SX00005868,12706,NJ01,Delivered,2026-10-04 12:29:35.697569,2026-10-06,1,Normal
ORD005869,SX00005869,10001,NJ01,Delivered,2026-10-04 12:30:27.542754,2026-10-07,1,Normal
ORD005870,SX00005870,19225,NJ01,Delivered,2026-10-04 12:31:19.387938,2026-10-07,1,Normal
ORD005871,SX00005871,18316,IL01,Delivered,2026-10-04 12:32:11.233123,2026-10-06,1,Normal
ORD005873,SX00005873,11861,IL01,Delivered,2026-10-04 12:33:54.923492,2026-10-06,1,Normal
ORD005874,SX00005874,15269,NJ01,Delivered,2026-10-04 12:34:46.768676,2026-10-06,1,Normal
ORD005875,SX00005875,16943,NJ01,Delivered,2026-10-04 12:35:38.613861,2026-10-06,1,Normal
ORD005878,SX00005878,14846,IL01,Delivered,2026-10-04 12:38:14.149414,2026-10-05,1,Normal
ORD005879,SX00005879,13129,NJ01,Delivered,2026-10-04 12:39:05.994599,2026-10-07,1,Normal
ORD005881,SX00005881,18081,NJ01,Delivered,2026-10-04 12:40:49.684968,2026-10-06,1,Normal
ORD005883,SX00005883,15398,TX01,Delivered,2026-10-04 12:42:33.375337,2026-10-05,1,Normal
ORD005884,SX00005884,16678,IL01,Delivered,2026-10-04 12:43:25.220522,2026-10-07,1,Normal
ORD005885,SX00005885,15529,CA01,Delivered,2026-10-04 12:44:17.065706,2026-10-06,1,Normal
ORD005886,SX00005886,16604,IL01,Delivered,2026-10-04 12:45:08.910891,2026-10-06,1,Normal
ORD005889,SX00005889,10026,TX01,Delivered,2026-10-04 12:47:44.446444,2026-10-06,1,Normal
ORD005890,SX00005890,16937,IL01,Delivered,2026-10-04 12:48:36.291629,2026-10-07,1,Normal
ORD005892,SX00005892,17118,NJ01,Delivered,2026-10-04 12:50:19.981998,2026-10-06,1,Normal
ORD005893,SX00005893,10547,IL01,Delivered,2026-10-04 12:51:11.827182,2026-10-06,1,Normal
ORD005894,SX00005894,18758,IL01,Delivered,2026-10-04 12:52:03.672367,2026-10-05,1,Normal
ORD005895,SX00005895,18895,NJ01,Delivered,2026-10-04 12:52:55.517551,2026-10-05,1,Normal
ORD005897,SX00005897,13140,TX01,Delivered,2026-10-04 12:54:39.207920,2026-10-06,1,Normal
ORD005898,SX00005898,17996,IL01,Delivered,2026-10-04 12:55:31.053105,2026-10-07,1,Normal
ORD005900,SX00005900,17776,IL01,Delivered,2026-10-04 12:57:14.743474,2026-10-05,1,Normal
ORD005901,SX00005901,14943,CA01,Delivered,2026-10-04 12:58:06.588658,2026-10-07,1,Normal
ORD005903,SX00005903,17798,NJ01,Delivered,2026-10-04 12:59:50.279027,2026-10-07,1,Normal
ORD005904,SX00005904,13791,CA01,Delivered,2026-10-04 13:00:42.124212,2026-10-07,1,Normal
ORD005905,SX00005905,11357,IL01,Delivered,2026-10-04 13:01:33.969396,2026-10-05,1,Normal
ORD005907,SX00005907,13225,NJ01,Delivered,2026-10-04 13:03:17.659765,2026-10-07,1,Normal
ORD005908,SX00005908,12460,IL01,Delivered,2026-10-04 13:04:09.504950,2026-10-07,1,Normal
ORD005909,SX00005909,18737,NJ01,Delivered,2026-10-04 13:05:01.350135,2026-10-05,1,Normal
ORD005911,SX00005911,16726,CA01,Delivered,2026-10-04 13:06:45.040504,2026-10-07,1,Normal
ORD005913,SX00005913,16430,IL01,Delivered,2026-10-04 13:08:28.730873,2026-10-07,2,Duplicate Delivered Event
ORD005914,SX00005914,13114,TX01,Delivered,2026-10-04 13:09:20.576057,2026-10-05,1,Normal
ORD005916,SX00005916,13644,IL01,Delivered,2026-10-04 13:11:04.266426,2026-10-06,1,Normal
ORD005917,SX00005917,16413,IL01,Delivered,2026-10-04 13:11:56.111611,2026-10-05,1,Normal
ORD005918,SX00005918,11203,NJ01,Delivered,2026-10-04 13:12:47.956795,2026-10-07,1,Normal
ORD005919,SX00005919,19951,NJ01,Delivered,2026-10-04 13:13:39.801980,2026-10-07,1,Normal
ORD005920,SX00005920,12565,NJ01,Delivered,2026-10-04 13:14:31.647164,2026-10-05,1,Normal
ORD005923,SX00005923,12630,TX01,Delivered,2026-10-04 13:17:07.182718,2026-10-07,1,Normal
ORD005925,SX00005925,14321,TX01,Delivered,2026-10-04 13:18:50.873087,2026-10-07,1,Normal
ORD005926,SX00005926,18861,NJ01,Delivered,2026-10-04 13:19:42.718271,2026-10-05,1,Normal
ORD005927,SX00005927,16269,IL01,Delivered,2026-10-04 13:20:34.563456,2026-10-05,1,Normal
ORD005928,SX00005928,17099,IL01,Delivered,2026-10-04 13:21:26.408640,2026-10-07,1,Normal
ORD005929,SX00005929,17376,IL01,Delivered,2026-10-04 13:22:18.253825,2026-10-05,1,Normal
ORD005932,SX00005932,14151,IL01,Delivered,2026-10-04 13:24:53.789378,2026-10-07,1,Normal
ORD005933,SX00005933,18911,IL01,Delivered,2026-10-04 13:25:45.634563,2026-10-05,1,Normal
ORD005934,SX00005934,12600,NJ01,Delivered,2026-10-04 13:26:37.479747,2026-10-07,1,Normal
ORD005936,SX00005936,10666,TX01,Delivered,2026-10-04 13:28:21.170117,2026-10-06,1,Normal
ORD005937,SX00005937,10283,CA01,Delivered,2026-10-04 13:29:13.015301,2026-10-06,1,Normal
ORD005939,SX00005939,13565,NJ01,Delivered,2026-10-04 13:30:56.705670,2026-10-07,1,Normal
ORD005940,SX00005940,14593,IL01,Delivered,2026-10-04 13:31:48.550855,2026-10-05,1,Normal
ORD005941,SX00005941,11465,TX01,Delivered,2026-10-04 13:32:40.396039,2026-10-07,1,Normal
ORD005942,SX00005942,18321,IL01,Delivered,2026-10-04 13:33:32.241224,2026-10-05,1,Normal
ORD005943,SX00005943,14734,IL01,Delivered,2026-10-04 13:34:24.086408,2026-10-06,1,Normal
ORD005944,SX00005944,16257,TX01,Delivered,2026-10-04 13:35:15.931593,2026-10-06,1,Normal
ORD005945,SX00005945,17366,IL01,Delivered,2026-10-04 13:36:07.776777,2026-10-06,1,Normal
ORD005946,SX00005946,13672,IL01,Delivered,2026-10-04 13:36:59.621962,2026-10-07,0,Missing Delivered Event
ORD005947,SX00005947,17382,NJ01,Delivered,2026-10-04 13:37:51.467146,2026-10-07,1,Normal
ORD005948,SX00005948,16587,IL01,Delivered,2026-10-04 13:38:43.312331,2026-10-05,1,Normal
ORD005949,SX00005949,10992,IL01,Delivered,2026-10-04 13:39:35.157515,2026-10-05,1,Normal
ORD005951,SX00005951,12121,NJ01,Delivered,2026-10-04 13:41:18.847884,2026-10-07,1,Normal
ORD005952,SX00005952,12223,IL01,Delivered,2026-10-04 13:42:10.693069,2026-10-07,1,Normal
ORD005953,SX00005953,14522,CA01,Delivered,2026-10-04 13:43:02.538253,2026-10-05,1,Normal
ORD005954,SX00005954,13188,IL01,Delivered,2026-10-04 13:43:54.383438,2026-10-05,1,Normal
ORD005955,SX00005955,13237,TX01,Delivered,2026-10-04 13:44:46.228622,2026-10-07,1,Normal
ORD005957,SX00005957,10343,NJ01,Delivered,2026-10-04 13:46:29.918991,2026-10-05,1,Normal
ORD005959,SX00005959,14823,IL01,Delivered,2026-10-04 13:48:13.609360,2026-10-07,1,Normal
ORD005960,SX00005960,14920,IL01,Delivered,2026-10-04 13:49:05.454545,2026-10-06,1,Normal
ORD005962,SX00005962,15471,NJ01,Delivered,2026-10-04 13:50:49.144914,2026-10-07,1,Normal
ORD005963,SX00005963,10888,IL01,Delivered,2026-10-04 13:51:40.990099,2026-10-07,1,Normal
ORD005964,SX00005964,19533,CA01,Delivered,2026-10-04 13:52:32.835283,2026-10-05,1,Normal
ORD005965,SX00005965,17127,IL01,Delivered,2026-10-04 13:53:24.680468,2026-10-06,1,Normal
ORD005966,SX00005966,13720,NJ01,Delivered,2026-10-04 13:54:16.525652,2026-10-05,1,Normal
ORD005968,SX00005968,14212,NJ01,Delivered,2026-10-04 13:56:00.216021,2026-10-06,1,Normal
ORD005970,SX00005970,12415,NJ01,Delivered,2026-10-04 13:57:43.906390,2026-10-06,1,Normal
ORD005971,SX00005971,19309,IL01,Delivered,2026-10-04 13:58:35.751575,2026-10-06,1,Normal
ORD005972,SX00005972,13001,IL01,Delivered,2026-10-04 13:59:27.596759,2026-10-07,1,Normal
ORD005973,SX00005973,11738,TX01,Delivered,2026-10-04 14:00:19.441944,2026-10-07,1,Normal
ORD005974,SX00005974,11364,IL01,Delivered,2026-10-04 14:01:11.287128,2026-10-06,1,Normal
ORD005975,SX00005975,12708,IL01,Delivered,2026-10-04 14:02:03.132313,2026-10-05,1,Normal
ORD005979,SX00005979,18044,CA01,Delivered,2026-10-04 14:05:30.513051,2026-10-06,1,Normal
ORD005981,SX00005981,12321,NJ01,Delivered,2026-10-04 14:07:14.203420,2026-10-06,1,Normal
ORD005983,SX00005983,12148,NJ01,Delivered,2026-10-04 14:08:57.893789,2026-10-05,1,Normal
ORD005984,SX00005984,10556,NJ01,Delivered,2026-10-04 14:09:49.738973,2026-10-06,1,Normal
ORD005986,SX00005986,12120,IL01,Delivered,2026-10-04 14:11:33.429342,2026-10-07,1,Normal
ORD005988,SX00005988,13504,NJ01,Delivered,2026-10-04 14:13:17.119711,2026-10-06,1,Normal
ORD005989,SX00005989,10156,CA01,Delivered,2026-10-04 14:14:08.964896,2026-10-07,1,Normal
ORD005991,SX00005991,17505,IL01,Delivered,2026-10-04 14:15:52.655265,2026-10-05,1,Normal
ORD005993,SX00005993,15523,TX01,Delivered,2026-10-04 14:17:36.345634,2026-10-05,1,Normal
ORD005994,SX00005994,17543,IL01,Delivered,2026-10-04 14:18:28.190819,2026-10-07,0,Missing Delivered Event
ORD005995,SX00005995,18055,TX01,Delivered,2026-10-04 14:19:20.036003,2026-10-06,1,Normal
ORD005996,SX00005996,14654,TX01,Delivered,2026-10-04 14:20:11.881188,2026-10-05,1,Normal
ORD005998,SX00005998,17246,TX01,Delivered,2026-10-04 14:21:55.571557,2026-10-07,1,Normal
ORD005999,SX00005999,10154,TX01,Delivered,2026-10-04 14:22:47.416741,2026-10-05,1,Normal
ORD006001,SX00006001,10996,IL01,Delivered,2026-10-04 14:24:31.107110,2026-10-06,1,Normal
ORD006004,SX00006004,19369,IL01,Delivered,2026-10-04 14:27:06.642664,2026-10-06,1,Normal
ORD006005,SX00006005,10153,CA01,Delivered,2026-10-04 14:27:58.487848,2026-10-05,1,Normal
ORD006006,SX00006006,17853,IL01,Delivered,2026-10-04 14:28:50.333033,2026-10-05,1,Normal
ORD006008,SX00006008,15599,IL01,Delivered,2026-10-04 14:30:34.023402,2026-10-05,1,Normal
ORD006010,SX00006010,10786,TX01,Delivered,2026-10-04 14:32:17.713771,2026-10-05,1,Normal
ORD006014,SX00006014,13767,IL01,Delivered,2026-10-04 14:35:45.094509,2026-10-06,0,Missing Delivered Event
ORD006015,SX00006015,18834,IL01,Delivered,2026-10-04 14:36:36.939693,2026-10-07,1,Normal
ORD006016,SX00006016,15994,NJ01,Delivered,2026-10-04 14:37:28.784878,2026-10-06,1,Normal
ORD006017,SX00006017,17216,TX01,Delivered,2026-10-04 14:38:20.630063,2026-10-05,1,Normal
ORD006018,SX00006018,18857,IL01,Delivered,2026-10-04 14:39:12.475247,2026-10-07,1,Normal
ORD006021,SX00006021,15427,CA01,Delivered,2026-10-04 14:41:48.010801,2026-10-05,1,Normal
ORD006023,SX00006023,18052,NJ01,Delivered,2026-10-04 14:43:31.701170,2026-10-06,1,Normal
ORD006024,SX00006024,13701,TX01,Delivered,2026-10-04 14:44:23.546354,2026-10-07,1,Normal
ORD006027,SX00006027,17011,CA01,Delivered,2026-10-04 14:46:59.081908,2026-10-07,1,Normal
ORD006030,SX00006030,16965,IL01,Delivered,2026-10-04 14:49:34.617461,2026-10-06,1,Normal
ORD006031,SX00006031,19344,NJ01,Delivered,2026-10-04 14:50:26.462646,2026-10-06,1,Normal
ORD006034,SX00006034,12511,IL01,Delivered,2026-10-04 14:53:01.998199,2026-10-06,1,Normal
ORD006035,SX00006035,10143,NJ01,Delivered,2026-10-04 14:53:53.843384,2026-10-05,1,Normal
ORD006036,SX00006036,17367,NJ01,Delivered,2026-10-04 14:54:45.688568,2026-10-05,1,Normal
ORD006038,SX00006038,14582,NJ01,Delivered,2026-10-04 14:56:29.378937,2026-10-07,1,Normal
ORD006039,SX00006039,16031,IL01,Delivered,2026-10-04 14:57:21.224122,2026-10-05,1,Normal
ORD006041,SX00006041,19549,NJ01,Delivered,2026-10-04 14:59:04.914491,2026-10-05,1,Normal
ORD006047,SX00006047,13192,NJ01,Delivered,2026-10-04 15:04:15.985598,2026-10-07,1,Normal
ORD006049,SX00006049,10723,IL01,Delivered,2026-10-04 15:05:59.675967,2026-10-06,1,Normal
ORD006050,SX00006050,15694,CA01,Delivered,2026-10-04 15:06:51.521152,2026-10-05,1,Normal
ORD006051,SX00006051,13010,IL01,Delivered,2026-10-04 15:07:43.366336,2026-10-05,1,Normal
ORD006052,SX00006052,15555,CA01,Delivered,2026-10-04 15:08:35.211521,2026-10-07,1,Normal
ORD006053,SX00006053,10067,CA01,Delivered,2026-10-04 15:09:27.056705,2026-10-07,1,Normal
ORD006054,SX00006054,12506,NJ01,Delivered,2026-10-04 15:10:18.901890,2026-10-05,1,Normal
ORD006055,SX00006055,11537,IL01,Delivered,2026-10-04 15:11:10.747074,2026-10-07,1,Normal
ORD006057,SX00006057,15680,NJ01,Delivered,2026-10-04 15:12:54.437443,2026-10-06,1,Normal
ORD006058,SX00006058,19355,CA01,Delivered,2026-10-04 15:13:46.282628,2026-10-05,1,Normal
ORD006059,SX00006059,14825,NJ01,Delivered,2026-10-04 15:14:38.127812,2026-10-05,1,Normal
ORD006060,SX00006060,18747,NJ01,Delivered,2026-10-04 15:15:29.972997,2026-10-05,1,Normal
ORD006062,SX00006062,13661,CA01,Delivered,2026-10-04 15:17:13.663366,2026-10-05,1,Normal
ORD006063,SX00006063,19943,NJ01,Delivered,2026-10-04 15:18:05.508550,2026-10-07,1,Normal
ORD006065,SX00006065,17067,NJ01,Delivered,2026-10-04 15:19:49.198919,2026-10-06,1,Normal
ORD006067,SX00006067,11601,TX01,Delivered,2026-10-04 15:21:32.889288,2026-10-07,1,Normal
ORD006068,SX00006068,11480,TX01,Delivered,2026-10-04 15:22:24.734473,2026-10-05,1,Normal
ORD006069,SX00006069,16230,IL01,Delivered,2026-10-04 15:23:16.579657,2026-10-07,1,Normal
ORD006070,SX00006070,19294,NJ01,Delivered,2026-10-04 15:24:08.424842,2026-10-05,1,Normal
ORD006071,SX00006071,13276,NJ01,Delivered,2026-10-04 15:25:00.270027,2026-10-07,1,Normal
ORD006072,SX00006072,16447,IL01,Delivered,2026-10-04 15:25:52.115211,2026-10-07,1,Normal
ORD006075,SX00006075,11299,NJ01,Delivered,2026-10-04 15:28:27.650765,2026-10-05,1,Normal
ORD006076,SX00006076,15818,IL01,Delivered,2026-10-04 15:29:19.495949,2026-10-05,1,Normal
ORD006078,SX00006078,14994,CA01,Delivered,2026-10-04 15:31:03.186318,2026-10-06,1,Normal
ORD006079,SX00006079,17489,NJ01,Delivered,2026-10-04 15:31:55.031503,2026-10-07,1,Normal
ORD006080,SX00006080,19727,IL01,Delivered,2026-10-04 15:32:46.876687,2026-10-06,1,Normal
ORD006082,SX00006082,12831,CA01,Delivered,2026-10-04 15:34:30.567056,2026-10-07,1,Normal
ORD006084,SX00006084,11532,IL01,Delivered,2026-10-04 15:36:14.257425,2026-10-06,0,Missing Delivered Event
ORD006085,SX00006085,18429,NJ01,Delivered,2026-10-04 15:37:06.102610,2026-10-07,1,Normal
ORD006086,SX00006086,15253,TX01,Delivered,2026-10-04 15:37:57.947794,2026-10-07,1,Normal
ORD006087,SX00006087,11996,IL01,Delivered,2026-10-04 15:38:49.792979,2026-10-05,1,Normal
ORD006088,SX00006088,15311,NJ01,Delivered,2026-10-04 15:39:41.638163,2026-10-07,1,Normal
ORD006090,SX00006090,13089,CA01,Delivered,2026-10-04 15:41:25.328532,2026-10-07,1,Normal
ORD006092,SX00006092,14275,NJ01,Delivered,2026-10-04 15:43:09.018901,2026-10-05,1,Normal
ORD006093,SX00006093,15365,CA01,Delivered,2026-10-04 15:44:00.864086,2026-10-07,1,Normal
ORD006094,SX00006094,13122,IL01,Delivered,2026-10-04 15:44:52.709270,2026-10-07,1,Normal
ORD006095,SX00006095,18167,IL01,Delivered,2026-10-04 15:45:44.554455,2026-10-05,1,Normal
ORD006096,SX00006096,15190,TX01,Delivered,2026-10-04 15:46:36.399639,2026-10-05,1,Normal
ORD006098,SX00006098,17727,TX01,Delivered,2026-10-04 15:48:20.090009,2026-10-06,1,Normal
ORD006099,SX00006099,11797,IL01,Delivered,2026-10-04 15:49:11.935193,2026-10-05,1,Normal
ORD006100,SX00006100,12131,IL01,Delivered,2026-10-04 15:50:03.780378,2026-10-07,1,Normal
ORD006103,SX00006103,10815,TX01,Delivered,2026-10-04 15:52:39.315931,2026-10-07,1,Normal
ORD006104,SX00006104,18634,IL01,Delivered,2026-10-04 15:53:31.161116,2026-10-07,1,Normal
ORD006107,SX00006107,11410,IL01,Delivered,2026-10-04 15:56:06.696669,2026-10-05,1,Normal
ORD006108,SX00006108,10534,NJ01,Delivered,2026-10-04 15:56:58.541854,2026-10-05,1,Normal
ORD006110,SX00006110,13364,IL01,Delivered,2026-10-04 15:58:42.232223,2026-10-06,1,Normal
ORD006111,SX00006111,11032,TX01,Delivered,2026-10-04 15:59:34.077407,2026-10-05,1,Normal
ORD006112,SX00006112,13342,TX01,Delivered,2026-10-04 16:00:25.922592,2026-10-06,1,Normal
ORD006113,SX00006113,19602,TX01,Delivered,2026-10-04 16:01:17.767776,2026-10-07,1,Normal
ORD006115,SX00006115,14500,NJ01,Delivered,2026-10-04 16:03:01.458145,2026-10-07,1,Normal
ORD006117,SX00006117,19080,TX01,Delivered,2026-10-04 16:04:45.148514,2026-10-06,1,Normal
ORD006119,SX00006119,18007,IL01,Delivered,2026-10-04 16:06:28.838883,2026-10-07,1,Normal
ORD006120,SX00006120,11641,CA01,Delivered,2026-10-04 16:07:20.684068,2026-10-05,1,Normal
ORD006122,SX00006122,12940,IL01,Delivered,2026-10-04 16:09:04.374437,2026-10-07,1,Normal
ORD006123,SX00006123,18738,NJ01,Delivered,2026-10-04 16:09:56.219621,2026-10-06,1,Normal
ORD006124,SX00006124,14726,TX01,Delivered,2026-10-04 16:10:48.064806,2026-10-07,1,Normal
ORD006125,SX00006125,17670,NJ01,Delivered,2026-10-04 16:11:39.909990,2026-10-06,1,Normal
ORD006126,SX00006126,13723,IL01,Delivered,2026-10-04 16:12:31.755175,2026-10-06,1,Normal
ORD006128,SX00006128,13309,TX01,Delivered,2026-10-04 16:14:15.445544,2026-10-05,1,Normal
ORD006129,SX00006129,10545,TX01,Delivered,2026-10-04 16:15:07.290729,2026-10-06,1,Normal
ORD006130,SX00006130,13240,IL01,Delivered,2026-10-04 16:15:59.135913,2026-10-06,1,Normal
ORD006131,SX00006131,16665,IL01,Delivered,2026-10-04 16:16:50.981098,2026-10-06,1,Normal
ORD006134,SX00006134,10882,IL01,Delivered,2026-10-04 16:19:26.516651,2026-10-06,1,Normal
ORD006135,SX00006135,13840,IL01,Delivered,2026-10-04 16:20:18.361836,2026-10-05,1,Normal
ORD006136,SX00006136,16923,NJ01,Delivered,2026-10-04 16:21:10.207020,2026-10-07,1,Normal
ORD006137,SX00006137,19062,TX01,Delivered,2026-10-04 16:22:02.052205,2026-10-05,1,Normal
ORD006138,SX00006138,14611,TX01,Delivered,2026-10-04 16:22:53.897389,2026-10-05,1,Normal
ORD006139,SX00006139,19057,IL01,Delivered,2026-10-04 16:23:45.742574,2026-10-07,1,Normal
ORD006140,SX00006140,15204,NJ01,Delivered,2026-10-04 16:24:37.587758,2026-10-06,1,Normal
ORD006141,SX00006141,17288,IL01,Delivered,2026-10-04 16:25:29.432943,2026-10-05,1,Normal
ORD006142,SX00006142,13203,NJ01,Delivered,2026-10-04 16:26:21.278127,2026-10-06,1,Normal
ORD006143,SX00006143,12244,NJ01,Delivered,2026-10-04 16:27:13.123312,2026-10-05,1,Normal
ORD006145,SX00006145,10641,CA01,Delivered,2026-10-04 16:28:56.813681,2026-10-07,1,Normal
ORD006146,SX00006146,13083,TX01,Delivered,2026-10-04 16:29:48.658865,2026-10-05,1,Normal
ORD006147,SX00006147,15200,NJ01,Delivered,2026-10-04 16:30:40.504050,2026-10-05,1,Normal
ORD006149,SX00006149,10865,TX01,Delivered,2026-10-04 16:32:24.194419,2026-10-06,1,Normal
ORD006150,SX00006150,10773,TX01,Delivered,2026-10-04 16:33:16.039603,2026-10-05,1,Normal
ORD006151,SX00006151,14732,NJ01,Delivered,2026-10-04 16:34:07.884788,2026-10-05,1,Normal
ORD006154,SX00006154,16984,IL01,Delivered,2026-10-04 16:36:43.420342,2026-10-07,1,Normal
ORD006159,SX00006159,19327,IL01,Delivered,2026-10-04 16:41:02.646264,2026-10-07,1,Normal
ORD006161,SX00006161,16947,CA01,Delivered,2026-10-04 16:42:46.336633,2026-10-06,1,Normal
ORD006162,SX00006162,16620,IL01,Delivered,2026-10-04 16:43:38.181818,2026-10-05,1,Normal
ORD006163,SX00006163,19065,TX01,Delivered,2026-10-04 16:44:30.027002,2026-10-07,1,Normal
ORD006164,SX00006164,14555,CA01,Delivered,2026-10-04 16:45:21.872187,2026-10-05,1,Normal
ORD006165,SX00006165,15645,IL01,Delivered,2026-10-04 16:46:13.717371,2026-10-05,1,Normal
ORD006167,SX00006167,17124,IL01,Delivered,2026-10-04 16:47:57.407740,2026-10-07,1,Normal
ORD006168,SX00006168,19045,NJ01,Delivered,2026-10-04 16:48:49.252925,2026-10-07,1,Normal
ORD006169,SX00006169,13732,NJ01,Delivered,2026-10-04 16:49:41.098109,2026-10-07,1,Normal
ORD006170,SX00006170,12283,TX01,Delivered,2026-10-04 16:50:32.943294,2026-10-06,1,Normal
ORD006172,SX00006172,18669,NJ01,Delivered,2026-10-04 16:52:16.633663,2026-10-06,1,Normal
ORD006173,SX00006173,16998,CA01,Delivered,2026-10-04 16:53:08.478847,2026-10-06,1,Normal
ORD006175,SX00006175,11269,TX01,Delivered,2026-10-04 16:54:52.169216,2026-10-06,1,Normal
ORD006177,SX00006177,12603,IL01,Delivered,2026-10-04 16:56:35.859585,2026-10-05,1,Normal
ORD006179,SX00006179,19661,CA01,Delivered,2026-10-04 16:58:19.549954,2026-10-06,1,Normal
ORD006181,SX00006181,17557,CA01,Delivered,2026-10-04 17:00:03.240324,2026-10-05,1,Normal
ORD006182,SX00006182,11680,TX01,Delivered,2026-10-04 17:00:55.085508,2026-10-06,1,Normal
ORD006184,SX00006184,19111,TX01,Delivered,2026-10-04 17:02:38.775877,2026-10-06,1,Normal
ORD006187,SX00006187,15367,NJ01,Delivered,2026-10-04 17:05:14.311431,2026-10-05,1,Normal
ORD006188,SX00006188,10069,TX01,Delivered,2026-10-04 17:06:06.156615,2026-10-06,1,Normal
ORD006191,SX00006191,12007,TX01,Delivered,2026-10-04 17:08:41.692169,2026-10-06,1,Normal
ORD006192,SX00006192,18992,IL01,Delivered,2026-10-04 17:09:33.537353,2026-10-06,0,Missing Delivered Event
ORD006193,SX00006193,18119,IL01,Delivered,2026-10-04 17:10:25.382538,2026-10-05,2,Duplicate Delivered Event
ORD006194,SX00006194,12779,TX01,Delivered,2026-10-04 17:11:17.227722,2026-10-06,1,Normal
ORD006195,SX00006195,14920,IL01,Delivered,2026-10-04 17:12:09.072907,2026-10-07,2,Duplicate Delivered Event
ORD006199,SX00006199,19513,IL01,Delivered,2026-10-04 17:15:36.453645,2026-10-07,1,Normal
ORD006200,SX00006200,12330,TX01,Delivered,2026-10-04 17:16:28.298829,2026-10-06,1,Normal
ORD006203,SX00006203,11016,CA01,Delivered,2026-10-04 17:19:03.834383,2026-10-07,1,Normal
ORD006204,SX00006204,17347,IL01,Delivered,2026-10-04 17:19:55.679567,2026-10-05,1,Normal
ORD006205,SX00006205,18216,IL01,Delivered,2026-10-04 17:20:47.524752,2026-10-07,1,Normal
ORD006206,SX00006206,14938,TX01,Delivered,2026-10-04 17:21:39.369936,2026-10-06,1,Normal
ORD006207,SX00006207,12838,TX01,Delivered,2026-10-04 17:22:31.215121,2026-10-07,1,Normal
ORD006208,SX00006208,10737,NJ01,Delivered,2026-10-04 17:23:23.060306,2026-10-06,1,Normal
ORD006209,SX00006209,16200,CA01,Delivered,2026-10-04 17:24:14.905490,2026-10-06,1,Normal
ORD006211,SX00006211,10231,IL01,Delivered,2026-10-04 17:25:58.595859,2026-10-06,1,Normal
ORD006212,SX00006212,11917,IL01,Delivered,2026-10-04 17:26:50.441044,2026-10-05,1,Normal
ORD006214,SX00006214,15918,IL01,Delivered,2026-10-04 17:28:34.131413,2026-10-07,1,Normal
ORD006218,SX00006218,17072,NJ01,Delivered,2026-10-04 17:32:01.512151,2026-10-07,1,Normal
ORD006219,SX00006219,12276,IL01,Delivered,2026-10-04 17:32:53.357335,2026-10-06,1,Normal
ORD006220,SX00006220,17393,TX01,Delivered,2026-10-04 17:33:45.202520,2026-10-06,1,Normal
ORD006222,SX00006222,13874,IL01,Delivered,2026-10-04 17:35:28.892889,2026-10-07,1,Normal
ORD006223,SX00006223,14530,IL01,Delivered,2026-10-04 17:36:20.738073,2026-10-07,1,Normal
ORD006224,SX00006224,17164,NJ01,Delivered,2026-10-04 17:37:12.583258,2026-10-07,1,Normal
ORD006225,SX00006225,14497,CA01,Delivered,2026-10-04 17:38:04.428442,2026-10-06,1,Normal
ORD006227,SX00006227,12135,IL01,Delivered,2026-10-04 17:39:48.118811,2026-10-07,1,Normal
ORD006228,SX00006228,16727,TX01,Delivered,2026-10-04 17:40:39.963996,2026-10-07,1,Normal
ORD006229,SX00006229,11565,TX01,Delivered,2026-10-04 17:41:31.809180,2026-10-05,1,Normal
ORD006232,SX00006232,18627,IL01,Delivered,2026-10-04 17:44:07.344734,2026-10-07,1,Normal
ORD006233,SX00006233,18368,TX01,Delivered,2026-10-04 17:44:59.189918,2026-10-05,1,Normal
ORD006234,SX00006234,10138,IL01,Delivered,2026-10-04 17:45:51.035103,2026-10-07,1,Normal
ORD006235,SX00006235,10193,IL01,Delivered,2026-10-04 17:46:42.880288,2026-10-06,1,Normal
ORD006236,SX00006236,13257,NJ01,Delivered,2026-10-04 17:47:34.725472,2026-10-06,1,Normal
ORD006237,SX00006237,13235,CA01,Delivered,2026-10-04 17:48:26.570657,2026-10-05,1,Normal
ORD006240,SX00006240,15720,IL01,Delivered,2026-10-04 17:51:02.106210,2026-10-07,1,Normal
ORD006241,SX00006241,16353,CA01,Delivered,2026-10-04 17:51:53.951395,2026-10-05,1,Normal
ORD006242,SX00006242,14957,NJ01,Delivered,2026-10-04 17:52:45.796579,2026-10-07,1,Normal
ORD006243,SX00006243,19145,IL01,Delivered,2026-10-04 17:53:37.641764,2026-10-07,1,Normal
ORD006244,SX00006244,19494,IL01,Delivered,2026-10-04 17:54:29.486948,2026-10-07,1,Normal
ORD006246,SX00006246,15839,IL01,Delivered,2026-10-04 17:56:13.177317,2026-10-07,0,Missing Delivered Event
ORD006248,SX00006248,14887,TX01,Delivered,2026-10-04 17:57:56.867686,2026-10-05,1,Normal
ORD006250,SX00006250,11927,TX01,Delivered,2026-10-04 17:59:40.558055,2026-10-06,1,Normal
ORD006252,SX00006252,10004,NJ01,Delivered,2026-10-04 18:01:24.248424,2026-10-07,1,Normal
ORD006254,SX00006254,19554,IL01,Delivered,2026-10-04 18:03:07.938793,2026-10-06,1,Normal
ORD006255,SX00006255,15378,NJ01,Delivered,2026-10-04 18:03:59.783978,2026-10-06,1,Normal
ORD006256,SX00006256,16233,IL01,Delivered,2026-10-04 18:04:51.629162,2026-10-07,1,Normal
ORD006257,SX00006257,12663,TX01,Delivered,2026-10-04 18:05:43.474347,2026-10-06,1,Normal
ORD006258,SX00006258,19465,NJ01,Delivered,2026-10-04 18:06:35.319531,2026-10-06,1,Normal
ORD006259,SX00006259,13326,NJ01,Delivered,2026-10-04 18:07:27.164716,2026-10-05,1,Normal
ORD006260,SX00006260,13659,IL01,Delivered,2026-10-04 18:08:19.009900,2026-10-07,1,Normal
ORD006262,SX00006262,14763,NJ01,Delivered,2026-10-04 18:10:02.700270,2026-10-07,1,Normal
ORD006264,SX00006264,15092,IL01,Delivered,2026-10-04 18:11:46.390639,2026-10-06,1,Normal
ORD006265,SX00006265,16022,IL01,Delivered,2026-10-04 18:12:38.235823,2026-10-07,0,Missing Delivered Event
ORD006266,SX00006266,13159,IL01,Delivered,2026-10-04 18:13:30.081008,2026-10-07,1,Normal
ORD006267,SX00006267,16159,NJ01,Delivered,2026-10-04 18:14:21.926192,2026-10-05,1,Normal
ORD006268,SX00006268,17318,IL01,Delivered,2026-10-04 18:15:13.771377,2026-10-05,1,Normal
ORD006269,SX00006269,18445,NJ01,Delivered,2026-10-04 18:16:05.616561,2026-10-07,1,Normal
ORD006270,SX00006270,15307,IL01,Delivered,2026-10-04 18:16:57.461746,2026-10-07,1,Normal
ORD006272,SX00006272,13044,IL01,Delivered,2026-10-04 18:18:41.152115,2026-10-05,1,Normal
ORD006275,SX00006275,12892,IL01,Delivered,2026-10-04 18:21:16.687668,2026-10-06,1,Normal
ORD006277,SX00006277,15812,IL01,Delivered,2026-10-04 18:23:00.378037,2026-10-07,1,Normal
ORD006279,SX00006279,15481,TX01,Delivered,2026-10-04 18:24:44.068406,2026-10-05,1,Normal
ORD006280,SX00006280,10759,CA01,Delivered,2026-10-04 18:25:35.913591,2026-10-07,1,Normal
ORD006281,SX00006281,16782,IL01,Delivered,2026-10-04 18:26:27.758775,2026-10-05,1,Normal
ORD006284,SX00006284,18446,IL01,Delivered,2026-10-04 18:29:03.294329,2026-10-07,1,Normal
ORD006285,SX00006285,15262,CA01,Delivered,2026-10-04 18:29:55.139513,2026-10-06,1,Normal
ORD006288,SX00006288,16154,IL01,Delivered,2026-10-04 18:32:30.675067,2026-10-05,1,Normal
ORD006289,SX00006289,17787,IL01,Delivered,2026-10-04 18:33:22.520252,2026-10-07,1,Normal
ORD006292,SX00006292,19436,IL01,Delivered,2026-10-04 18:35:58.055805,2026-10-06,1,Normal
ORD006294,SX00006294,16639,NJ01,Delivered,2026-10-04 18:37:41.746174,2026-10-05,1,Normal
ORD006296,SX00006296,16380,NJ01,Delivered,2026-10-04 18:39:25.436543,2026-10-06,1,Normal
ORD006297,SX00006297,11008,NJ01,Delivered,2026-10-04 18:40:17.281728,2026-10-05,1,Normal
ORD006299,SX00006299,19702,CA01,Delivered,2026-10-04 18:42:00.972097,2026-10-06,1,Normal
ORD006301,SX00006301,14758,IL01,Delivered,2026-10-04 18:43:44.662466,2026-10-07,1,Normal
ORD006303,SX00006303,17311,CA01,Delivered,2026-10-04 18:45:28.352835,2026-10-05,1,Normal
ORD006304,SX00006304,10989,TX01,Delivered,2026-10-04 18:46:20.198019,2026-10-06,1,Normal
ORD006307,SX00006307,16479,CA01,Delivered,2026-10-04 18:48:55.733573,2026-10-05,1,Normal
ORD006308,SX00006308,16964,IL01,Delivered,2026-10-04 18:49:47.578757,2026-10-06,1,Normal
ORD006309,SX00006309,18075,TX01,Delivered,2026-10-04 18:50:39.423942,2026-10-06,1,Normal
ORD006310,SX00006310,14452,TX01,Delivered,2026-10-04 18:51:31.269126,2026-10-05,1,Normal
ORD006312,SX00006312,11007,NJ01,Delivered,2026-10-04 18:53:14.959495,2026-10-07,1,Normal
ORD006314,SX00006314,19947,TX01,Delivered,2026-10-04 18:54:58.649864,2026-10-05,1,Normal
ORD006315,SX00006315,17688,IL01,Delivered,2026-10-04 18:55:50.495049,2026-10-05,1,Normal
ORD006316,SX00006316,13908,TX01,Delivered,2026-10-04 18:56:42.340234,2026-10-06,1,Normal
ORD006317,SX00006317,12803,IL01,Delivered,2026-10-04 18:57:34.185418,2026-10-07,1,Normal
ORD006318,SX00006318,14379,NJ01,Delivered,2026-10-04 18:58:26.030603,2026-10-06,1,Normal
ORD006319,SX00006319,10098,CA01,Delivered,2026-10-04 18:59:17.875787,2026-10-05,1,Normal
ORD006321,SX00006321,10877,IL01,Delivered,2026-10-04 19:01:01.566156,2026-10-05,1,Normal
ORD006324,SX00006324,11388,CA01,Delivered,2026-10-04 19:03:37.101710,2026-10-05,1,Normal
ORD006326,SX00006326,18761,TX01,Delivered,2026-10-04 19:05:20.792079,2026-10-06,1,Normal
ORD006327,SX00006327,12637,IL01,Delivered,2026-10-04 19:06:12.637263,2026-10-06,1,Normal
ORD006328,SX00006328,17242,IL01,Delivered,2026-10-04 19:07:04.482448,2026-10-07,1,Normal
ORD006331,SX00006331,12883,IL01,Delivered,2026-10-04 19:09:40.018001,2026-10-06,1,Normal
ORD006332,SX00006332,11204,IL01,Delivered,2026-10-04 19:10:31.863186,2026-10-06,0,Missing Delivered Event
ORD006333,SX00006333,10544,NJ01,Delivered,2026-10-04 19:11:23.708370,2026-10-07,1,Normal
ORD006334,SX00006334,11223,IL01,Delivered,2026-10-04 19:12:15.553555,2026-10-05,1,Normal
ORD006335,SX00006335,13172,TX01,Delivered,2026-10-04 19:13:07.398739,2026-10-07,1,Normal
ORD006337,SX00006337,16450,NJ01,Delivered,2026-10-04 19:14:51.089108,2026-10-07,1,Normal
ORD006338,SX00006338,16520,TX01,Delivered,2026-10-04 19:15:42.934293,2026-10-06,1,Normal
ORD006339,SX00006339,10654,TX01,Delivered,2026-10-04 19:16:34.779477,2026-10-05,1,Normal
ORD006340,SX00006340,16821,IL01,Delivered,2026-10-04 19:17:26.624662,2026-10-05,1,Normal
ORD006341,SX00006341,12446,IL01,Delivered,2026-10-04 19:18:18.469846,2026-10-07,1,Normal
ORD006342,SX00006342,15892,IL01,Delivered,2026-10-04 19:19:10.315031,2026-10-05,1,Normal
ORD006345,SX00006345,14277,CA01,Delivered,2026-10-04 19:21:45.850585,2026-10-06,1,Normal
ORD006346,SX00006346,14402,CA01,Delivered,2026-10-04 19:22:37.695769,2026-10-07,1,Normal
ORD006347,SX00006347,12569,IL01,Delivered,2026-10-04 19:23:29.540954,2026-10-07,1,Normal
ORD006349,SX00006349,19205,IL01,Delivered,2026-10-04 19:25:13.231323,2026-10-06,1,Normal
ORD006352,SX00006352,17448,IL01,Delivered,2026-10-04 19:27:48.766876,2026-10-07,1,Normal
ORD006355,SX00006355,13681,IL01,Delivered,2026-10-04 19:30:24.302430,2026-10-07,1,Normal
ORD006356,SX00006356,19635,IL01,Delivered,2026-10-04 19:31:16.147614,2026-10-07,1,Normal
ORD006358,SX00006358,10572,CA01,Delivered,2026-10-04 19:32:59.837983,2026-10-06,1,Normal
ORD006359,SX00006359,19524,IL01,Delivered,2026-10-04 19:33:51.683168,2026-10-05,1,Normal
ORD006360,SX00006360,14753,TX01,Delivered,2026-10-04 19:34:43.528352,2026-10-06,1,Normal
ORD006361,SX00006361,17082,IL01,Delivered,2026-10-04 19:35:35.373537,2026-10-07,0,Missing Delivered Event
ORD006363,SX00006363,15629,NJ01,Delivered,2026-10-04 19:37:19.063906,2026-10-05,1,Normal
ORD006365,SX00006365,14200,NJ01,Delivered,2026-10-04 19:39:02.754275,2026-10-07,1,Normal
ORD006367,SX00006367,18963,NJ01,Delivered,2026-10-04 19:40:46.444644,2026-10-05,1,Normal
ORD006368,SX00006368,17422,TX01,Delivered,2026-10-04 19:41:38.289828,2026-10-05,1,Normal
ORD006369,SX00006369,14524,TX01,Delivered,2026-10-04 19:42:30.135013,2026-10-06,1,Normal
ORD006371,SX00006371,13407,IL01,Delivered,2026-10-04 19:44:13.825382,2026-10-07,1,Normal
ORD006373,SX00006373,17795,TX01,Delivered,2026-10-04 19:45:57.515751,2026-10-06,1,Normal
ORD006374,SX00006374,19057,NJ01,Delivered,2026-10-04 19:46:49.360936,2026-10-07,1,Normal
ORD006376,SX00006376,17334,IL01,Delivered,2026-10-04 19:48:33.051305,2026-10-06,1,Normal
ORD006377,SX00006377,12911,NJ01,Delivered,2026-10-04 19:49:24.896489,2026-10-07,1,Normal
ORD006378,SX00006378,17952,IL01,Delivered,2026-10-04 19:50:16.741674,2026-10-06,1,Normal
ORD006379,SX00006379,12415,CA01,Delivered,2026-10-04 19:51:08.586858,2026-10-05,1,Normal
ORD006381,SX00006381,14951,IL01,Delivered,2026-10-04 19:52:52.277227,2026-10-06,1,Normal
ORD006384,SX00006384,18102,IL01,Delivered,2026-10-04 19:55:27.812781,2026-10-07,1,Normal
ORD006385,SX00006385,17257,NJ01,Delivered,2026-10-04 19:56:19.657965,2026-10-07,1,Normal
ORD006388,SX00006388,19110,IL01,Delivered,2026-10-04 19:58:55.193519,2026-10-07,2,Duplicate Delivered Event
ORD006389,SX00006389,11173,NJ01,Delivered,2026-10-04 19:59:47.038703,2026-10-07,1,Normal
ORD006390,SX00006390,18624,CA01,Delivered,2026-10-04 20:00:38.883888,2026-10-06,1,Normal
ORD006391,SX00006391,10835,CA01,Delivered,2026-10-04 20:01:30.729072,2026-10-07,1,Normal
ORD006393,SX00006393,19089,CA01,Delivered,2026-10-04 20:03:14.419441,2026-10-05,1,Normal
ORD006394,SX00006394,14567,NJ01,Delivered,2026-10-04 20:04:06.264626,2026-10-06,1,Normal
ORD006398,SX00006398,19182,NJ01,Delivered,2026-10-04 20:07:33.645364,2026-10-06,1,Normal
ORD006399,SX00006399,19118,NJ01,Delivered,2026-10-04 20:08:25.490549,2026-10-06,1,Normal
ORD006400,SX00006400,15287,TX01,Delivered,2026-10-04 20:09:17.335733,2026-10-07,1,Normal
ORD006405,SX00006405,14784,IL01,Delivered,2026-10-04 20:13:36.561656,2026-10-06,1,Normal
ORD006406,SX00006406,16617,TX01,Delivered,2026-10-04 20:14:28.406840,2026-10-07,1,Normal
ORD006407,SX00006407,13151,IL01,Delivered,2026-10-04 20:15:20.252025,2026-10-05,1,Normal
ORD006409,SX00006409,17054,IL01,Delivered,2026-10-04 20:17:03.942394,2026-10-06,1,Normal
ORD006410,SX00006410,17706,TX01,Delivered,2026-10-04 20:17:55.787578,2026-10-06,1,Normal
ORD006411,SX00006411,17619,CA01,Delivered,2026-10-04 20:18:47.632763,2026-10-07,1,Normal
ORD006412,SX00006412,14573,TX01,Delivered,2026-10-04 20:19:39.477947,2026-10-07,1,Normal
ORD006414,SX00006414,10706,NJ01,Delivered,2026-10-04 20:21:23.168316,2026-10-07,1,Normal
ORD006416,SX00006416,15233,IL01,Delivered,2026-10-04 20:23:06.858685,2026-10-06,1,Normal
ORD006417,SX00006417,18945,IL01,Delivered,2026-10-04 20:23:58.703870,2026-10-06,1,Normal
ORD006418,SX00006418,15755,IL01,Delivered,2026-10-04 20:24:50.549054,2026-10-05,1,Normal
ORD006420,SX00006420,18779,IL01,Delivered,2026-10-04 20:26:34.239423,2026-10-06,1,Normal
ORD006421,SX00006421,11334,IL01,Delivered,2026-10-04 20:27:26.084608,2026-10-06,1,Normal
ORD006422,SX00006422,15588,NJ01,Delivered,2026-10-04 20:28:17.929792,2026-10-07,1,Normal
ORD006423,SX00006423,11847,CA01,Delivered,2026-10-04 20:29:09.774977,2026-10-06,1,Normal
ORD006424,SX00006424,16851,CA01,Delivered,2026-10-04 20:30:01.620162,2026-10-05,1,Normal
ORD006425,SX00006425,17211,IL01,Delivered,2026-10-04 20:30:53.465346,2026-10-05,1,Normal
ORD006428,SX00006428,16811,IL01,Delivered,2026-10-04 20:33:29.000900,2026-10-05,0,Missing Delivered Event
ORD006432,SX00006432,14428,CA01,Delivered,2026-10-04 20:36:56.381638,2026-10-07,1,Normal
ORD006433,SX00006433,10402,TX01,Delivered,2026-10-04 20:37:48.226822,2026-10-05,1,Normal
ORD006436,SX00006436,16349,IL01,Delivered,2026-10-04 20:40:23.762376,2026-10-05,1,Normal
ORD006437,SX00006437,14157,NJ01,Delivered,2026-10-04 20:41:15.607560,2026-10-07,1,Normal
ORD006438,SX00006438,10867,IL01,Delivered,2026-10-04 20:42:07.452745,2026-10-06,1,Normal
ORD006439,SX00006439,18210,IL01,Delivered,2026-10-04 20:42:59.297929,2026-10-05,1,Normal
ORD006440,SX00006440,10364,IL01,Delivered,2026-10-04 20:43:51.143114,2026-10-06,1,Normal
ORD006441,SX00006441,17467,CA01,Delivered,2026-10-04 20:44:42.988298,2026-10-05,1,Normal
ORD006442,SX00006442,16571,IL01,Delivered,2026-10-04 20:45:34.833483,2026-10-07,1,Normal
ORD006443,SX00006443,10579,IL01,Delivered,2026-10-04 20:46:26.678667,2026-10-06,1,Normal
ORD006444,SX00006444,17674,NJ01,Delivered,2026-10-04 20:47:18.523852,2026-10-07,1,Normal
ORD006445,SX00006445,18737,NJ01,Delivered,2026-10-04 20:48:10.369036,2026-10-07,1,Normal
ORD006446,SX00006446,16468,IL01,Delivered,2026-10-04 20:49:02.214221,2026-10-06,1,Normal
ORD006447,SX00006447,14150,CA01,Delivered,2026-10-04 20:49:54.059405,2026-10-06,1,Normal
ORD006448,SX00006448,13039,NJ01,Delivered,2026-10-04 20:50:45.904590,2026-10-06,1,Normal
ORD006449,SX00006449,14137,NJ01,Delivered,2026-10-04 20:51:37.749774,2026-10-07,1,Normal
ORD006450,SX00006450,10452,IL01,Delivered,2026-10-04 20:52:29.594959,2026-10-07,1,Normal
ORD006451,SX00006451,16537,NJ01,Delivered,2026-10-04 20:53:21.440144,2026-10-07,1,Normal
ORD006452,SX00006452,11381,TX01,Delivered,2026-10-04 20:54:13.285328,2026-10-06,1,Normal
ORD006453,SX00006453,18154,IL01,Delivered,2026-10-04 20:55:05.130513,2026-10-05,1,Normal
ORD006455,SX00006455,12738,IL01,Delivered,2026-10-04 20:56:48.820882,2026-10-05,1,Normal
ORD006457,SX00006457,19408,IL01,Delivered,2026-10-04 20:58:32.511251,2026-10-05,1,Normal
ORD006459,SX00006459,10880,IL01,Delivered,2026-10-04 21:00:16.201620,2026-10-06,1,Normal
ORD006460,SX00006460,13149,NJ01,Delivered,2026-10-04 21:01:08.046804,2026-10-06,1,Normal
ORD006461,SX00006461,18276,TX01,Delivered,2026-10-04 21:01:59.891989,2026-10-05,1,Normal
ORD006463,SX00006463,14144,NJ01,Delivered,2026-10-04 21:03:43.582358,2026-10-05,1,Normal
ORD006465,SX00006465,13129,IL01,Delivered,2026-10-04 21:05:27.272727,2026-10-05,1,Normal
ORD006470,SX00006470,17338,IL01,Delivered,2026-10-04 21:09:46.498649,2026-10-05,1,Normal
ORD006471,SX00006471,13555,TX01,Delivered,2026-10-04 21:10:38.343834,2026-10-07,1,Normal
ORD006472,SX00006472,15111,NJ01,Delivered,2026-10-04 21:11:30.189018,2026-10-06,1,Normal
ORD006473,SX00006473,16752,IL01,Delivered,2026-10-04 21:12:22.034203,2026-10-06,1,Normal
ORD006474,SX00006474,10445,NJ01,Delivered,2026-10-04 21:13:13.879387,2026-10-07,1,Normal
ORD006475,SX00006475,16364,IL01,Delivered,2026-10-04 21:14:05.724572,2026-10-07,1,Normal
ORD006477,SX00006477,14016,IL01,Delivered,2026-10-04 21:15:49.414941,2026-10-07,1,Normal
ORD006478,SX00006478,13875,IL01,Delivered,2026-10-04 21:16:41.260126,2026-10-07,1,Normal
ORD006479,SX00006479,15497,TX01,Delivered,2026-10-04 21:17:33.105310,2026-10-06,1,Normal
ORD006481,SX00006481,10261,IL01,Delivered,2026-10-04 21:19:16.795679,2026-10-07,1,Normal
ORD006482,SX00006482,14992,IL01,Delivered,2026-10-04 21:20:08.640864,2026-10-07,1,Normal
ORD006484,SX00006484,18283,CA01,Delivered,2026-10-04 21:21:52.331233,2026-10-06,1,Normal
ORD006487,SX00006487,19174,NJ01,Delivered,2026-10-04 21:24:27.866786,2026-10-05,1,Normal
ORD006490,SX00006490,10693,CA01,Delivered,2026-10-04 21:27:03.402340,2026-10-05,1,Normal
ORD006491,SX00006491,18347,IL01,Delivered,2026-10-04 21:27:55.247524,2026-10-05,1,Normal
ORD006492,SX00006492,11812,IL01,Delivered,2026-10-04 21:28:47.092709,2026-10-05,1,Normal
ORD006494,SX00006494,11407,TX01,Delivered,2026-10-04 21:30:30.783078,2026-10-06,1,Normal
ORD006496,SX00006496,19408,IL01,Delivered,2026-10-04 21:32:14.473447,2026-10-05,1,Normal
ORD006498,SX00006498,13497,NJ01,Delivered,2026-10-04 21:33:58.163816,2026-10-05,1,Normal
ORD006499,SX00006499,14372,NJ01,Delivered,2026-10-04 21:34:50.009000,2026-10-05,1,Normal
ORD006500,SX00006500,17394,IL01,Delivered,2026-10-04 21:35:41.854185,2026-10-07,1,Normal
ORD006502,SX00006502,19368,IL01,Delivered,2026-10-04 21:37:25.544554,2026-10-06,1,Normal
ORD006504,SX00006504,10997,NJ01,Delivered,2026-10-04 21:39:09.234923,2026-10-06,1,Normal
ORD006507,SX00006507,15555,CA01,Delivered,2026-10-04 21:41:44.770477,2026-10-07,1,Normal
ORD006509,SX00006509,15303,IL01,Delivered,2026-10-04 21:43:28.460846,2026-10-05,1,Normal
ORD006511,SX00006511,16102,IL01,Delivered,2026-10-04 21:45:12.151215,2026-10-05,2,Duplicate Delivered Event
ORD006512,SX00006512,15490,NJ01,Delivered,2026-10-04 21:46:03.996399,2026-10-05,1,Normal
ORD006515,SX00006515,12248,IL01,Delivered,2026-10-04 21:48:39.531953,2026-10-07,1,Normal
ORD006517,SX00006517,16354,TX01,Delivered,2026-10-04 21:50:23.222322,2026-10-06,1,Normal
ORD006519,SX00006519,18070,NJ01,Delivered,2026-10-04 21:52:06.912691,2026-10-05,1,Normal
ORD006520,SX00006520,18894,IL01,Delivered,2026-10-04 21:52:58.757875,2026-10-06,1,Normal
ORD006521,SX00006521,13625,TX01,Delivered,2026-10-04 21:53:50.603060,2026-10-07,1,Normal
ORD006523,SX00006523,12376,NJ01,Delivered,2026-10-04 21:55:34.293429,2026-10-06,1,Normal
ORD006526,SX00006526,18449,IL01,Delivered,2026-10-04 21:58:09.828982,2026-10-05,1,Normal
ORD006527,SX00006527,10574,TX01,Delivered,2026-10-04 21:59:01.674167,2026-10-05,1,Normal
ORD006528,SX00006528,19744,TX01,Delivered,2026-10-04 21:59:53.519351,2026-10-06,1,Normal
ORD006529,SX00006529,15585,CA01,Delivered,2026-10-04 22:00:45.364536,2026-10-05,1,Normal
ORD006530,SX00006530,15492,IL01,Delivered,2026-10-04 22:01:37.209720,2026-10-05,1,Normal
ORD006532,SX00006532,12810,TX01,Delivered,2026-10-04 22:03:20.900090,2026-10-06,1,Normal
ORD006534,SX00006534,19296,NJ01,Delivered,2026-10-04 22:05:04.590459,2026-10-07,1,Normal
ORD006535,SX00006535,15670,IL01,Delivered,2026-10-04 22:05:56.435643,2026-10-06,1,Normal
ORD006536,SX00006536,17715,IL01,Delivered,2026-10-04 22:06:48.280828,2026-10-05,1,Normal
ORD006538,SX00006538,13459,CA01,Delivered,2026-10-04 22:08:31.971197,2026-10-06,1,Normal
ORD006540,SX00006540,13992,NJ01,Delivered,2026-10-04 22:10:15.661566,2026-10-06,1,Normal
ORD006544,SX00006544,11992,TX01,Delivered,2026-10-04 22:13:43.042304,2026-10-05,1,Normal
ORD006545,SX00006545,12243,IL01,Delivered,2026-10-04 22:14:34.887488,2026-10-07,1,Normal
ORD006547,SX00006547,11687,IL01,Delivered,2026-10-04 22:16:18.577857,2026-10-06,1,Normal
ORD006550,SX00006550,15176,NJ01,Delivered,2026-10-04 22:18:54.113411,2026-10-06,1,Normal
ORD006551,SX00006551,10722,TX01,Delivered,2026-10-04 22:19:45.958595,2026-10-06,1,Normal
ORD006552,SX00006552,18971,NJ01,Delivered,2026-10-04 22:20:37.803780,2026-10-05,1,Normal
ORD006553,SX00006553,18720,NJ01,Delivered,2026-10-04 22:21:29.648964,2026-10-05,1,Normal
ORD006556,SX00006556,15398,IL01,Delivered,2026-10-04 22:24:05.184518,2026-10-07,1,Normal
ORD006558,SX00006558,14736,TX01,Delivered,2026-10-04 22:25:48.874887,2026-10-06,1,Normal
ORD006559,SX00006559,13406,IL01,Delivered,2026-10-04 22:26:40.720072,2026-10-05,1,Normal
ORD006560,SX00006560,19503,CA01,Delivered,2026-10-04 22:27:32.565256,2026-10-07,1,Normal
ORD006563,SX00006563,12044,NJ01,Delivered,2026-10-04 22:30:08.100810,2026-10-05,1,Normal
ORD006564,SX00006564,10418,IL01,Delivered,2026-10-04 22:30:59.945994,2026-10-05,2,Duplicate Delivered Event
ORD006565,SX00006565,11749,TX01,Delivered,2026-10-04 22:31:51.791179,2026-10-06,1,Normal
ORD006567,SX00006567,11099,IL01,Delivered,2026-10-04 22:33:35.481548,2026-10-06,1,Normal
ORD006568,SX00006568,13392,NJ01,Delivered,2026-10-04 22:34:27.326732,2026-10-05,1,Normal
ORD006570,SX00006570,16784,IL01,Delivered,2026-10-04 22:36:11.017101,2026-10-05,1,Normal
ORD006571,SX00006571,11545,CA01,Delivered,2026-10-04 22:37:02.862286,2026-10-06,1,Normal
ORD006572,SX00006572,11070,NJ01,Delivered,2026-10-04 22:37:54.707470,2026-10-06,1,Normal
ORD006575,SX00006575,15053,TX01,Delivered,2026-10-04 22:40:30.243024,2026-10-07,1,Normal
ORD006576,SX00006576,12939,NJ01,Delivered,2026-10-04 22:41:22.088208,2026-10-05,1,Normal
ORD006577,SX00006577,17194,IL01,Delivered,2026-10-04 22:42:13.933393,2026-10-06,1,Normal
ORD006578,SX00006578,15851,IL01,Delivered,2026-10-04 22:43:05.778577,2026-10-05,1,Normal
ORD006579,SX00006579,16673,NJ01,Delivered,2026-10-04 22:43:57.623762,2026-10-05,1,Normal
ORD006580,SX00006580,10678,IL01,Delivered,2026-10-04 22:44:49.468946,2026-10-06,1,Normal
ORD006581,SX00006581,10988,TX01,Delivered,2026-10-04 22:45:41.314131,2026-10-07,1,Normal
ORD006583,SX00006583,11502,IL01,Delivered,2026-10-04 22:47:25.004500,2026-10-07,1,Normal
ORD006585,SX00006585,15281,CA01,Delivered,2026-10-04 22:49:08.694869,2026-10-06,1,Normal
ORD006586,SX00006586,15027,CA01,Delivered,2026-10-04 22:50:00.540054,2026-10-06,1,Normal
ORD006587,SX00006587,11425,CA01,Delivered,2026-10-04 22:50:52.385238,2026-10-05,1,Normal
ORD006588,SX00006588,16654,TX01,Delivered,2026-10-04 22:51:44.230423,2026-10-06,1,Normal
ORD006591,SX00006591,17367,NJ01,Delivered,2026-10-04 22:54:19.765976,2026-10-07,1,Normal
ORD006594,SX00006594,14689,IL01,Delivered,2026-10-04 22:56:55.301530,2026-10-05,1,Normal
ORD006595,SX00006595,12436,IL01,Delivered,2026-10-04 22:57:47.146714,2026-10-07,1,Normal
ORD006596,SX00006596,15517,TX01,Delivered,2026-10-04 22:58:38.991899,2026-10-06,1,Normal
ORD006598,SX00006598,16310,NJ01,Delivered,2026-10-04 23:00:22.682268,2026-10-07,1,Normal
ORD006599,SX00006599,13539,IL01,Delivered,2026-10-04 23:01:14.527452,2026-10-05,0,Missing Delivered Event
ORD006600,SX00006600,13483,TX01,Delivered,2026-10-04 23:02:06.372637,2026-10-06,1,Normal
ORD006601,SX00006601,17371,IL01,Delivered,2026-10-04 23:02:58.217821,2026-10-06,1,Normal
ORD006603,SX00006603,16378,IL01,Delivered,2026-10-04 23:04:41.908190,2026-10-07,1,Normal
ORD006604,SX00006604,12765,CA01,Delivered,2026-10-04 23:05:33.753375,2026-10-06,1,Normal
ORD006606,SX00006606,14911,NJ01,Delivered,2026-10-04 23:07:17.443744,2026-10-07,1,Normal
ORD006607,SX00006607,10403,TX01,Delivered,2026-10-04 23:08:09.288928,2026-10-06,1,Normal
ORD006610,SX00006610,17630,NJ01,Delivered,2026-10-04 23:10:44.824482,2026-10-07,1,Normal
ORD006611,SX00006611,10087,CA01,Delivered,2026-10-04 23:11:36.669666,2026-10-05,1,Normal
ORD006613,SX00006613,15816,TX01,Delivered,2026-10-04 23:13:20.360036,2026-10-06,1,Normal
ORD006616,SX00006616,15739,TX01,Delivered,2026-10-04 23:15:55.895589,2026-10-07,1,Normal
ORD006618,SX00006618,19573,CA01,Delivered,2026-10-04 23:17:39.585958,2026-10-07,1,Normal
ORD006621,SX00006621,18038,NJ01,Delivered,2026-10-04 23:20:15.121512,2026-10-07,1,Normal
ORD006622,SX00006622,16606,IL01,Delivered,2026-10-04 23:21:06.966696,2026-10-06,1,Normal
ORD006623,SX00006623,12064,IL01,Delivered,2026-10-04 23:21:58.811881,2026-10-05,1,Normal
ORD006624,SX00006624,15315,IL01,Delivered,2026-10-04 23:22:50.657065,2026-10-05,1,Normal
ORD006625,SX00006625,10317,CA01,Delivered,2026-10-04 23:23:42.502250,2026-10-07,1,Normal
ORD006627,SX00006627,16130,NJ01,Delivered,2026-10-04 23:25:26.192619,2026-10-05,1,Normal
ORD006628,SX00006628,17419,NJ01,Delivered,2026-10-04 23:26:18.037803,2026-10-05,1,Normal
ORD006630,SX00006630,14598,NJ01,Delivered,2026-10-04 23:28:01.728172,2026-10-05,1,Normal
ORD006632,SX00006632,10709,NJ01,Delivered,2026-10-04 23:29:45.418541,2026-10-06,1,Normal
ORD006633,SX00006633,13557,IL01,Delivered,2026-10-04 23:30:37.263726,2026-10-05,1,Normal
ORD006634,SX00006634,13250,NJ01,Delivered,2026-10-04 23:31:29.108910,2026-10-06,1,Normal
ORD006636,SX00006636,18609,CA01,Delivered,2026-10-04 23:33:12.799279,2026-10-05,1,Normal
ORD006637,SX00006637,12603,IL01,Delivered,2026-10-04 23:34:04.644464,2026-10-05,1,Normal
ORD006638,SX00006638,11101,CA01,Delivered,2026-10-04 23:34:56.489648,2026-10-06,1,Normal
ORD006640,SX00006640,17857,IL01,Delivered,2026-10-04 23:36:40.180018,2026-10-06,1,Normal
ORD006643,SX00006643,16658,NJ01,Delivered,2026-10-04 23:39:15.715571,2026-10-07,1,Normal
ORD006644,SX00006644,12261,IL01,Delivered,2026-10-04 23:40:07.560756,2026-10-07,1,Normal
ORD006645,SX00006645,18021,IL01,Delivered,2026-10-04 23:40:59.405940,2026-10-07,1,Normal
ORD006646,SX00006646,10508,NJ01,Delivered,2026-10-04 23:41:51.251125,2026-10-06,1,Normal
ORD006647,SX00006647,12379,IL01,Delivered,2026-10-04 23:42:43.096309,2026-10-06,1,Normal
ORD006648,SX00006648,18879,IL01,Delivered,2026-10-04 23:43:34.941494,2026-10-05,1,Normal
ORD006649,SX00006649,14752,TX01,Delivered,2026-10-04 23:44:26.786678,2026-10-06,1,Normal
ORD006650,SX00006650,19484,IL01,Delivered,2026-10-04 23:45:18.631863,2026-10-07,1,Normal
ORD006651,SX00006651,15495,IL01,Delivered,2026-10-04 23:46:10.477047,2026-10-05,1,Normal
ORD006652,SX00006652,13209,IL01,Delivered,2026-10-04 23:47:02.322232,2026-10-07,1,Normal
ORD006654,SX00006654,16743,IL01,Delivered,2026-10-04 23:48:46.012601,2026-10-07,1,Normal
ORD006655,SX00006655,15648,CA01,Delivered,2026-10-04 23:49:37.857785,2026-10-05,1,Normal
ORD006656,SX00006656,15171,IL01,Delivered,2026-10-04 23:50:29.702970,2026-10-07,1,Normal
ORD006657,SX00006657,17890,TX01,Delivered,2026-10-04 23:51:21.548154,2026-10-06,1,Normal
ORD006658,SX00006658,10324,IL01,Delivered,2026-10-04 23:52:13.393339,2026-10-07,1,Normal
ORD006659,SX00006659,13557,NJ01,Delivered,2026-10-04 23:53:05.238523,2026-10-05,1,Normal
ORD006660,SX00006660,13587,TX01,Delivered,2026-10-04 23:53:57.083708,2026-10-07,1,Normal
ORD006663,SX00006663,14354,TX01,Delivered,2026-10-04 23:56:32.619261,2026-10-06,1,Normal
ORD006665,SX00006665,19383,NJ01,Delivered,2026-10-04 23:58:16.309630,2026-10-05,1,Normal
ORD006666,SX00006666,10687,NJ01,Delivered,2026-10-04 23:59:08.154815,2026-10-07,1,Normal
ORD006667,SX00006667,18501,CA01,Delivered,2026-10-05 00:00:00.000000,2026-10-06,1,Normal
ORD006668,SX00006668,19694,IL01,Delivered,2026-10-05 00:00:51.845184,2026-10-07,1,Normal
ORD006669,SX00006669,13127,CA01,Delivered,2026-10-05 00:01:43.690369,2026-10-07,1,Normal
ORD006671,SX00006671,13395,TX01,Delivered,2026-10-05 00:03:27.380738,2026-10-08,1,Normal
ORD006672,SX00006672,19005,IL01,Delivered,2026-10-05 00:04:19.225922,2026-10-06,1,Normal
ORD006673,SX00006673,10845,NJ01,Delivered,2026-10-05 00:05:11.071107,2026-10-07,1,Normal
ORD006674,SX00006674,11164,TX01,Delivered,2026-10-05 00:06:02.916291,2026-10-08,1,Normal
ORD006675,SX00006675,15904,NJ01,Delivered,2026-10-05 00:06:54.761476,2026-10-08,1,Normal
ORD006676,SX00006676,19959,CA01,Delivered,2026-10-05 00:07:46.606660,2026-10-06,1,Normal
ORD006677,SX00006677,15360,TX01,Delivered,2026-10-05 00:08:38.451845,2026-10-07,1,Normal
ORD006678,SX00006678,10354,NJ01,Delivered,2026-10-05 00:09:30.297029,2026-10-08,1,Normal
ORD006679,SX00006679,11872,CA01,Delivered,2026-10-05 00:10:22.142214,2026-10-07,1,Normal
ORD006680,SX00006680,12024,TX01,Delivered,2026-10-05 00:11:13.987398,2026-10-06,1,Normal
ORD006681,SX00006681,12817,NJ01,Delivered,2026-10-05 00:12:05.832583,2026-10-07,1,Normal
ORD006682,SX00006682,13832,IL01,Delivered,2026-10-05 00:12:57.677767,2026-10-07,1,Normal
ORD006683,SX00006683,18257,IL01,Delivered,2026-10-05 00:13:49.522952,2026-10-08,1,Normal
ORD006684,SX00006684,12581,TX01,Delivered,2026-10-05 00:14:41.368136,2026-10-08,1,Normal
ORD006685,SX00006685,19582,CA01,Delivered,2026-10-05 00:15:33.213321,2026-10-06,1,Normal
ORD006686,SX00006686,19322,IL01,Delivered,2026-10-05 00:16:25.058505,2026-10-06,1,Normal
ORD006688,SX00006688,19026,NJ01,Delivered,2026-10-05 00:18:08.748874,2026-10-08,1,Normal
ORD006690,SX00006690,12443,TX01,Delivered,2026-10-05 00:19:52.439243,2026-10-06,1,Normal
ORD006695,SX00006695,11548,NJ01,Delivered,2026-10-05 00:24:11.665166,2026-10-08,1,Normal
ORD006696,SX00006696,19335,IL01,Delivered,2026-10-05 00:25:03.510351,2026-10-07,1,Normal
ORD006697,SX00006697,15065,NJ01,Delivered,2026-10-05 00:25:55.355535,2026-10-08,1,Normal
ORD006698,SX00006698,16496,CA01,Delivered,2026-10-05 00:26:47.200720,2026-10-08,1,Normal
ORD006700,SX00006700,13957,IL01,Delivered,2026-10-05 00:28:30.891089,2026-10-06,1,Normal
ORD006702,SX00006702,10639,IL01,Delivered,2026-10-05 00:30:14.581458,2026-10-08,1,Normal
ORD006703,SX00006703,10172,IL01,Delivered,2026-10-05 00:31:06.426642,2026-10-06,1,Normal
ORD006705,SX00006705,14354,CA01,Delivered,2026-10-05 00:32:50.117011,2026-10-08,1,Normal
ORD006706,SX00006706,13959,TX01,Delivered,2026-10-05 00:33:41.962196,2026-10-06,1,Normal
ORD006707,SX00006707,18708,IL01,Delivered,2026-10-05 00:34:33.807380,2026-10-07,1,Normal
ORD006711,SX00006711,13945,IL01,Delivered,2026-10-05 00:38:01.188118,2026-10-08,1,Normal
ORD006712,SX00006712,15235,IL01,Delivered,2026-10-05 00:38:53.033303,2026-10-07,1,Normal
ORD006713,SX00006713,17746,CA01,Delivered,2026-10-05 00:39:44.878487,2026-10-07,1,Normal
ORD006714,SX00006714,12590,IL01,Delivered,2026-10-05 00:40:36.723672,2026-10-07,1,Normal
ORD006715,SX00006715,17754,TX01,Delivered,2026-10-05 00:41:28.568856,2026-10-08,1,Normal
ORD006716,SX00006716,14934,NJ01,Delivered,2026-10-05 00:42:20.414041,2026-10-08,1,Normal
ORD006717,SX00006717,14076,IL01,Delivered,2026-10-05 00:43:12.259225,2026-10-06,1,Normal
ORD006718,SX00006718,15185,TX01,Delivered,2026-10-05 00:44:04.104410,2026-10-06,1,Normal
ORD006719,SX00006719,11093,NJ01,Delivered,2026-10-05 00:44:55.949594,2026-10-06,1,Normal
ORD006720,SX00006720,13880,IL01,Delivered,2026-10-05 00:45:47.794779,2026-10-08,2,Duplicate Delivered Event
ORD006721,SX00006721,16559,IL01,Delivered,2026-10-05 00:46:39.639963,2026-10-07,1,Normal
ORD006722,SX00006722,12785,IL01,Delivered,2026-10-05 00:47:31.485148,2026-10-06,1,Normal
ORD006723,SX00006723,16065,CA01,Delivered,2026-10-05 00:48:23.330333,2026-10-08,1,Normal
ORD006725,SX00006725,11574,IL01,Delivered,2026-10-05 00:50:07.020702,2026-10-06,1,Normal
ORD006727,SX00006727,18060,IL01,Delivered,2026-10-05 00:51:50.711071,2026-10-07,1,Normal
ORD006728,SX00006728,13990,IL01,Delivered,2026-10-05 00:52:42.556255,2026-10-06,1,Normal
ORD006729,SX00006729,15210,IL01,Delivered,2026-10-05 00:53:34.401440,2026-10-06,1,Normal
ORD006730,SX00006730,14845,NJ01,Delivered,2026-10-05 00:54:26.246624,2026-10-08,1,Normal
ORD006731,SX00006731,19285,IL01,Delivered,2026-10-05 00:55:18.091809,2026-10-07,1,Normal
ORD006732,SX00006732,11189,NJ01,Delivered,2026-10-05 00:56:09.936993,2026-10-06,1,Normal
ORD006734,SX00006734,14095,IL01,Delivered,2026-10-05 00:57:53.627362,2026-10-07,0,Missing Delivered Event
ORD006735,SX00006735,11875,IL01,Delivered,2026-10-05 00:58:45.472547,2026-10-07,1,Normal
ORD006736,SX00006736,17768,IL01,Delivered,2026-10-05 00:59:37.317731,2026-10-07,1,Normal
ORD006737,SX00006737,13406,NJ01,Delivered,2026-10-05 01:00:29.162916,2026-10-06,1,Normal
ORD006739,SX00006739,13932,IL01,Delivered,2026-10-05 01:02:12.853285,2026-10-08,1,Normal
ORD006740,SX00006740,19799,IL01,Delivered,2026-10-05 01:03:04.698469,2026-10-07,1,Normal
ORD006741,SX00006741,18240,IL01,Delivered,2026-10-05 01:03:56.543654,2026-10-06,1,Normal
ORD006742,SX00006742,15408,IL01,Delivered,2026-10-05 01:04:48.388838,2026-10-06,1,Normal
ORD006743,SX00006743,13861,TX01,Delivered,2026-10-05 01:05:40.234023,2026-10-07,1,Normal
ORD006744,SX00006744,17406,IL01,Delivered,2026-10-05 01:06:32.079207,2026-10-06,1,Normal
ORD006746,SX00006746,15285,NJ01,Delivered,2026-10-05 01:08:15.769576,2026-10-06,1,Normal
ORD006747,SX00006747,19589,IL01,Delivered,2026-10-05 01:09:07.614761,2026-10-07,1,Normal
ORD006749,SX00006749,19023,IL01,Delivered,2026-10-05 01:10:51.305130,2026-10-06,1,Normal
ORD006750,SX00006750,14777,CA01,Delivered,2026-10-05 01:11:43.150315,2026-10-07,1,Normal
ORD006752,SX00006752,18273,CA01,Delivered,2026-10-05 01:13:26.840684,2026-10-08,1,Normal
ORD006753,SX00006753,18278,IL01,Delivered,2026-10-05 01:14:18.685868,2026-10-07,1,Normal
ORD006754,SX00006754,16368,TX01,Delivered,2026-10-05 01:15:10.531053,2026-10-08,1,Normal
ORD006756,SX00006756,17525,TX01,Delivered,2026-10-05 01:16:54.221422,2026-10-06,1,Normal
ORD006758,SX00006758,17777,NJ01,Delivered,2026-10-05 01:18:37.911791,2026-10-06,1,Normal
ORD006759,SX00006759,11932,TX01,Delivered,2026-10-05 01:19:29.756975,2026-10-06,1,Normal
ORD006760,SX00006760,13535,NJ01,Delivered,2026-10-05 01:20:21.602160,2026-10-08,1,Normal
ORD006761,SX00006761,15956,NJ01,Delivered,2026-10-05 01:21:13.447344,2026-10-06,1,Normal
ORD006764,SX00006764,12707,NJ01,Delivered,2026-10-05 01:23:48.982898,2026-10-07,1,Normal
ORD006765,SX00006765,17959,IL01,Delivered,2026-10-05 01:24:40.828082,2026-10-07,1,Normal
ORD006766,SX00006766,13933,IL01,Delivered,2026-10-05 01:25:32.673267,2026-10-08,1,Normal
ORD006767,SX00006767,13385,IL01,Delivered,2026-10-05 01:26:24.518451,2026-10-08,1,Normal
ORD006768,SX00006768,16636,IL01,Delivered,2026-10-05 01:27:16.363636,2026-10-06,1,Normal
ORD006770,SX00006770,18089,NJ01,Delivered,2026-10-05 01:29:00.054005,2026-10-07,1,Normal
ORD006771,SX00006771,19774,CA01,Delivered,2026-10-05 01:29:51.899189,2026-10-07,1,Normal
ORD006773,SX00006773,13258,CA01,Delivered,2026-10-05 01:31:35.589558,2026-10-06,1,Normal
ORD006776,SX00006776,19179,TX01,Delivered,2026-10-05 01:34:11.125112,2026-10-07,1,Normal
ORD006777,SX00006777,16881,TX01,Delivered,2026-10-05 01:35:02.970297,2026-10-08,1,Normal
ORD006778,SX00006778,13636,IL01,Delivered,2026-10-05 01:35:54.815481,2026-10-06,1,Normal
ORD006780,SX00006780,10223,IL01,Delivered,2026-10-05 01:37:38.505850,2026-10-08,1,Normal
ORD006782,SX00006782,10350,CA01,Delivered,2026-10-05 01:39:22.196219,2026-10-08,1,Normal
ORD006783,SX00006783,17314,TX01,Delivered,2026-10-05 01:40:14.041404,2026-10-08,1,Normal
ORD006785,SX00006785,17743,CA01,Delivered,2026-10-05 01:41:57.731773,2026-10-07,1,Normal
ORD006787,SX00006787,14732,NJ01,Delivered,2026-10-05 01:43:41.422142,2026-10-06,1,Normal
ORD006788,SX00006788,11017,NJ01,Delivered,2026-10-05 01:44:33.267326,2026-10-07,1,Normal
ORD006789,SX00006789,12226,NJ01,Delivered,2026-10-05 01:45:25.112511,2026-10-07,1,Normal
ORD006793,SX00006793,12419,NJ01,Delivered,2026-10-05 01:48:52.493249,2026-10-08,1,Normal
ORD006794,SX00006794,16240,CA01,Delivered,2026-10-05 01:49:44.338433,2026-10-07,1,Normal
ORD006795,SX00006795,11893,IL01,Delivered,2026-10-05 01:50:36.183618,2026-10-08,1,Normal
ORD006796,SX00006796,15322,IL01,Delivered,2026-10-05 01:51:28.028802,2026-10-08,1,Normal
ORD006799,SX00006799,11125,IL01,Delivered,2026-10-05 01:54:03.564356,2026-10-06,1,Normal
ORD006803,SX00006803,14433,NJ01,Delivered,2026-10-05 01:57:30.945094,2026-10-07,1,Normal
ORD006805,SX00006805,12658,NJ01,Delivered,2026-10-05 01:59:14.635463,2026-10-07,1,Normal
ORD006806,SX00006806,13483,CA01,Delivered,2026-10-05 02:00:06.480648,2026-10-07,1,Normal
ORD006807,SX00006807,12944,TX01,Delivered,2026-10-05 02:00:58.325832,2026-10-08,1,Normal
ORD006808,SX00006808,17210,TX01,Delivered,2026-10-05 02:01:50.171017,2026-10-08,1,Normal
ORD006809,SX00006809,17653,IL01,Delivered,2026-10-05 02:02:42.016201,2026-10-08,1,Normal
ORD006810,SX00006810,18787,CA01,Delivered,2026-10-05 02:03:33.861386,2026-10-08,1,Normal
ORD006812,SX00006812,11074,TX01,Delivered,2026-10-05 02:05:17.551755,2026-10-08,1,Normal
ORD006813,SX00006813,14305,IL01,Delivered,2026-10-05 02:06:09.396939,2026-10-08,1,Normal
ORD006814,SX00006814,13007,CA01,Delivered,2026-10-05 02:07:01.242124,2026-10-08,1,Normal
ORD006815,SX00006815,10969,NJ01,Delivered,2026-10-05 02:07:53.087308,2026-10-06,1,Normal
ORD006816,SX00006816,18772,CA01,Delivered,2026-10-05 02:08:44.932493,2026-10-07,1,Normal
ORD006817,SX00006817,12824,IL01,Delivered,2026-10-05 02:09:36.777677,2026-10-06,1,Normal
ORD006820,SX00006820,14284,NJ01,Delivered,2026-10-05 02:12:12.313231,2026-10-06,1,Normal
ORD006821,SX00006821,13185,NJ01,Delivered,2026-10-05 02:13:04.158415,2026-10-07,1,Normal
ORD006822,SX00006822,10501,NJ01,Delivered,2026-10-05 02:13:56.003600,2026-10-06,1,Normal
ORD006823,SX00006823,10048,NJ01,Delivered,2026-10-05 02:14:47.848784,2026-10-06,1,Normal
ORD006824,SX00006824,13566,TX01,Delivered,2026-10-05 02:15:39.693969,2026-10-08,1,Normal
ORD006826,SX00006826,18880,IL01,Delivered,2026-10-05 02:17:23.384338,2026-10-06,1,Normal
ORD006828,SX00006828,10969,NJ01,Delivered,2026-10-05 02:19:07.074707,2026-10-06,1,Normal
ORD006829,SX00006829,19197,NJ01,Delivered,2026-10-05 02:19:58.919891,2026-10-06,1,Normal
ORD006830,SX00006830,15820,NJ01,Delivered,2026-10-05 02:20:50.765076,2026-10-06,1,Normal
ORD006831,SX00006831,13052,NJ01,Delivered,2026-10-05 02:21:42.610261,2026-10-08,1,Normal
ORD006832,SX00006832,17397,IL01,Delivered,2026-10-05 02:22:34.455445,2026-10-08,1,Normal
ORD006833,SX00006833,12302,NJ01,Delivered,2026-10-05 02:23:26.300630,2026-10-08,1,Normal
ORD006834,SX00006834,12283,CA01,Delivered,2026-10-05 02:24:18.145814,2026-10-08,1,Normal
ORD006835,SX00006835,19799,NJ01,Delivered,2026-10-05 02:25:09.990999,2026-10-06,1,Normal
ORD006836,SX00006836,14366,IL01,Delivered,2026-10-05 02:26:01.836183,2026-10-06,1,Normal
ORD006837,SX00006837,10122,TX01,Delivered,2026-10-05 02:26:53.681368,2026-10-06,1,Normal
ORD006838,SX00006838,16799,IL01,Delivered,2026-10-05 02:27:45.526552,2026-10-06,1,Normal
ORD006839,SX00006839,19472,IL01,Delivered,2026-10-05 02:28:37.371737,2026-10-08,1,Normal
ORD006840,SX00006840,13727,CA01,Delivered,2026-10-05 02:29:29.216921,2026-10-08,1,Normal
ORD006841,SX00006841,18450,IL01,Delivered,2026-10-05 02:30:21.062106,2026-10-06,1,Normal
ORD006845,SX00006845,19079,NJ01,Delivered,2026-10-05 02:33:48.442844,2026-10-07,1,Normal
ORD006846,SX00006846,18399,IL01,Delivered,2026-10-05 02:34:40.288028,2026-10-07,1,Normal
ORD006848,SX00006848,18001,CA01,Delivered,2026-10-05 02:36:23.978397,2026-10-07,1,Normal
ORD006849,SX00006849,10437,TX01,Delivered,2026-10-05 02:37:15.823582,2026-10-06,1,Normal
ORD006850,SX00006850,13749,NJ01,Delivered,2026-10-05 02:38:07.668766,2026-10-06,1,Normal
ORD006851,SX00006851,18186,CA01,Delivered,2026-10-05 02:38:59.513951,2026-10-06,1,Normal
ORD006852,SX00006852,14453,IL01,Delivered,2026-10-05 02:39:51.359135,2026-10-07,1,Normal
ORD006853,SX00006853,15336,IL01,Delivered,2026-10-05 02:40:43.204320,2026-10-07,1,Normal
ORD006854,SX00006854,14551,IL01,Delivered,2026-10-05 02:41:35.049504,2026-10-06,1,Normal
ORD006856,SX00006856,15728,TX01,Delivered,2026-10-05 02:43:18.739873,2026-10-08,1,Normal
ORD006857,SX00006857,18677,NJ01,Delivered,2026-10-05 02:44:10.585058,2026-10-07,1,Normal
ORD006859,SX00006859,11982,TX01,Delivered,2026-10-05 02:45:54.275427,2026-10-07,1,Normal
ORD006861,SX00006861,19663,IL01,Delivered,2026-10-05 02:47:37.965796,2026-10-06,1,Normal
ORD006862,SX00006862,12311,CA01,Delivered,2026-10-05 02:48:29.810981,2026-10-08,1,Normal
ORD006864,SX00006864,19713,NJ01,Delivered,2026-10-05 02:50:13.501350,2026-10-07,1,Normal
ORD006865,SX00006865,10604,IL01,Delivered,2026-10-05 02:51:05.346534,2026-10-07,1,Normal
ORD006866,SX00006866,18175,IL01,Delivered,2026-10-05 02:51:57.191719,2026-10-07,1,Normal
ORD006867,SX00006867,15785,NJ01,Delivered,2026-10-05 02:52:49.036903,2026-10-07,1,Normal
ORD006869,SX00006869,14597,CA01,Delivered,2026-10-05 02:54:32.727272,2026-10-08,1,Normal
ORD006870,SX00006870,17759,NJ01,Delivered,2026-10-05 02:55:24.572457,2026-10-06,1,Normal
ORD006872,SX00006872,18740,TX01,Delivered,2026-10-05 02:57:08.262826,2026-10-08,1,Normal
ORD006874,SX00006874,13815,CA01,Delivered,2026-10-05 02:58:51.953195,2026-10-06,1,Normal
ORD006875,SX00006875,10847,IL01,Delivered,2026-10-05 02:59:43.798379,2026-10-06,1,Normal
ORD006876,SX00006876,14709,IL01,Delivered,2026-10-05 03:00:35.643564,2026-10-07,1,Normal
ORD006878,SX00006878,16575,CA01,Delivered,2026-10-05 03:02:19.333933,2026-10-08,1,Normal
ORD006879,SX00006879,14773,CA01,Delivered,2026-10-05 03:03:11.179117,2026-10-08,1,Normal
ORD006880,SX00006880,14468,IL01,Delivered,2026-10-05 03:04:03.024302,2026-10-06,1,Normal
ORD006881,SX00006881,15192,TX01,Delivered,2026-10-05 03:04:54.869486,2026-10-07,1,Normal
ORD006882,SX00006882,13320,IL01,Delivered,2026-10-05 03:05:46.714671,2026-10-06,1,Normal
ORD006884,SX00006884,14311,TX01,Delivered,2026-10-05 03:07:30.405040,2026-10-08,1,Normal
ORD006885,SX00006885,13673,IL01,Delivered,2026-10-05 03:08:22.250225,2026-10-07,2,Duplicate Delivered Event
ORD006886,SX00006886,11564,NJ01,Delivered,2026-10-05 03:09:14.095409,2026-10-08,1,Normal
ORD006887,SX00006887,11840,TX01,Delivered,2026-10-05 03:10:05.940594,2026-10-07,1,Normal
ORD006889,SX00006889,17131,NJ01,Delivered,2026-10-05 03:11:49.630963,2026-10-06,1,Normal
ORD006891,SX00006891,19436,NJ01,Delivered,2026-10-05 03:13:33.321332,2026-10-07,1,Normal
ORD006893,SX00006893,19257,TX01,Delivered,2026-10-05 03:15:17.011701,2026-10-07,1,Normal
ORD006895,SX00006895,11081,IL01,Delivered,2026-10-05 03:17:00.702070,2026-10-08,2,Duplicate Delivered Event
ORD006897,SX00006897,12881,CA01,Delivered,2026-10-05 03:18:44.392439,2026-10-08,1,Normal
ORD006898,SX00006898,12970,IL01,Delivered,2026-10-05 03:19:36.237623,2026-10-07,1,Normal
ORD006899,SX00006899,19344,IL01,Delivered,2026-10-05 03:20:28.082808,2026-10-06,1,Normal
ORD006901,SX00006901,10947,IL01,Delivered,2026-10-05 03:22:11.773177,2026-10-07,1,Normal
ORD006903,SX00006903,19909,IL01,Delivered,2026-10-05 03:23:55.463546,2026-10-07,1,Normal
ORD006905,SX00006905,18828,TX01,Delivered,2026-10-05 03:25:39.153915,2026-10-06,1,Normal
ORD006906,SX00006906,18505,TX01,Delivered,2026-10-05 03:26:30.999099,2026-10-07,1,Normal
ORD006907,SX00006907,10564,NJ01,Delivered,2026-10-05 03:27:22.844284,2026-10-08,1,Normal
ORD006908,SX00006908,19793,IL01,Delivered,2026-10-05 03:28:14.689468,2026-10-07,1,Normal
ORD006909,SX00006909,19017,IL01,Delivered,2026-10-05 03:29:06.534653,2026-10-06,1,Normal
ORD006910,SX00006910,13670,NJ01,Delivered,2026-10-05 03:29:58.379837,2026-10-07,1,Normal
ORD006913,SX00006913,10804,IL01,Delivered,2026-10-05 03:32:33.915391,2026-10-06,1,Normal
ORD006914,SX00006914,14631,IL01,Delivered,2026-10-05 03:33:25.760576,2026-10-08,1,Normal
ORD006915,SX00006915,19583,IL01,Delivered,2026-10-05 03:34:17.605760,2026-10-08,1,Normal
ORD006916,SX00006916,11235,IL01,Delivered,2026-10-05 03:35:09.450945,2026-10-06,1,Normal
ORD006917,SX00006917,16720,CA01,Delivered,2026-10-05 03:36:01.296129,2026-10-08,1,Normal
ORD006920,SX00006920,13549,NJ01,Delivered,2026-10-05 03:38:36.831683,2026-10-08,1,Normal
ORD006921,SX00006921,17938,CA01,Delivered,2026-10-05 03:39:28.676867,2026-10-08,1,Normal
ORD006922,SX00006922,14141,NJ01,Delivered,2026-10-05 03:40:20.522052,2026-10-08,1,Normal
ORD006924,SX00006924,19546,IL01,Delivered,2026-10-05 03:42:04.212421,2026-10-07,1,Normal
ORD006925,SX00006925,15335,NJ01,Delivered,2026-10-05 03:42:56.057605,2026-10-06,1,Normal
ORD006927,SX00006927,15611,NJ01,Delivered,2026-10-05 03:44:39.747974,2026-10-07,1,Normal
ORD006928,SX00006928,18089,NJ01,Delivered,2026-10-05 03:45:31.593159,2026-10-07,1,Normal
ORD006929,SX00006929,12892,NJ01,Delivered,2026-10-05 03:46:23.438343,2026-10-06,1,Normal
ORD006931,SX00006931,13618,IL01,Delivered,2026-10-05 03:48:07.128712,2026-10-07,1,Normal
ORD006935,SX00006935,12063,CA01,Delivered,2026-10-05 03:51:34.509450,2026-10-07,1,Normal
ORD006937,SX00006937,12000,CA01,Delivered,2026-10-05 03:53:18.199819,2026-10-06,1,Normal
ORD006938,SX00006938,11294,TX01,Delivered,2026-10-05 03:54:10.045004,2026-10-06,1,Normal
ORD006939,SX00006939,14065,IL01,Delivered,2026-10-05 03:55:01.890189,2026-10-07,0,Missing Delivered Event
ORD006940,SX00006940,18014,CA01,Delivered,2026-10-05 03:55:53.735373,2026-10-07,1,Normal
ORD006943,SX00006943,11322,TX01,Delivered,2026-10-05 03:58:29.270927,2026-10-07,1,Normal
ORD006947,SX00006947,15073,NJ01,Delivered,2026-10-05 04:01:56.651665,2026-10-06,1,Normal
ORD006948,SX00006948,19697,NJ01,Delivered,2026-10-05 04:02:48.496849,2026-10-08,1,Normal
ORD006949,SX00006949,19318,NJ01,Delivered,2026-10-05 04:03:40.342034,2026-10-08,1,Normal
ORD006950,SX00006950,18488,IL01,Delivered,2026-10-05 04:04:32.187218,2026-10-06,1,Normal
ORD006951,SX00006951,13787,NJ01,Delivered,2026-10-05 04:05:24.032403,2026-10-08,1,Normal
ORD006954,SX00006954,15988,CA01,Delivered,2026-10-05 04:07:59.567956,2026-10-06,1,Normal
ORD006955,SX00006955,10175,NJ01,Delivered,2026-10-05 04:08:51.413141,2026-10-06,1,Normal
ORD006956,SX00006956,17169,CA01,Delivered,2026-10-05 04:09:43.258325,2026-10-08,1,Normal
ORD006957,SX00006957,16014,IL01,Delivered,2026-10-05 04:10:35.103510,2026-10-08,1,Normal
ORD006958,SX00006958,11667,IL01,Delivered,2026-10-05 04:11:26.948694,2026-10-08,1,Normal
ORD006960,SX00006960,11823,NJ01,Delivered,2026-10-05 04:13:10.639063,2026-10-08,1,Normal
ORD006961,SX00006961,15147,IL01,Delivered,2026-10-05 04:14:02.484248,2026-10-07,1,Normal
ORD006962,SX00006962,11356,NJ01,Delivered,2026-10-05 04:14:54.329432,2026-10-07,1,Normal
ORD006963,SX00006963,13072,IL01,Delivered,2026-10-05 04:15:46.174617,2026-10-08,1,Normal
ORD006966,SX00006966,10546,CA01,Delivered,2026-10-05 04:18:21.710171,2026-10-06,1,Normal
ORD006968,SX00006968,17965,TX01,Delivered,2026-10-05 04:20:05.400540,2026-10-08,1,Normal
ORD006969,SX00006969,12083,TX01,Delivered,2026-10-05 04:20:57.245724,2026-10-08,1,Normal
ORD006970,SX00006970,12040,NJ01,Delivered,2026-10-05 04:21:49.090909,2026-10-06,1,Normal
ORD006971,SX00006971,14534,CA01,Delivered,2026-10-05 04:22:40.936093,2026-10-08,1,Normal
ORD006972,SX00006972,11752,CA01,Delivered,2026-10-05 04:23:32.781278,2026-10-06,1,Normal
ORD006973,SX00006973,19807,IL01,Delivered,2026-10-05 04:24:24.626462,2026-10-06,1,Normal
ORD006974,SX00006974,11849,TX01,Delivered,2026-10-05 04:25:16.471647,2026-10-07,1,Normal
ORD006975,SX00006975,12642,TX01,Delivered,2026-10-05 04:26:08.316831,2026-10-07,1,Normal
ORD006977,SX00006977,14402,IL01,Delivered,2026-10-05 04:27:52.007200,2026-10-06,1,Normal
ORD006979,SX00006979,10618,TX01,Delivered,2026-10-05 04:29:35.697569,2026-10-08,1,Normal
ORD006981,SX00006981,15491,IL01,Delivered,2026-10-05 04:31:19.387938,2026-10-07,1,Normal
ORD006982,SX00006982,15795,CA01,Delivered,2026-10-05 04:32:11.233123,2026-10-08,1,Normal
ORD006983,SX00006983,17633,IL01,Delivered,2026-10-05 04:33:03.078307,2026-10-07,1,Normal
ORD006984,SX00006984,11487,TX01,Delivered,2026-10-05 04:33:54.923492,2026-10-06,1,Normal
ORD006987,SX00006987,19749,IL01,Delivered,2026-10-05 04:36:30.459045,2026-10-07,1,Normal
ORD006988,SX00006988,12113,IL01,Delivered,2026-10-05 04:37:22.304230,2026-10-06,1,Normal
ORD006989,SX00006989,11044,IL01,Delivered,2026-10-05 04:38:14.149414,2026-10-07,1,Normal
ORD006990,SX00006990,12431,NJ01,Delivered,2026-10-05 04:39:05.994599,2026-10-08,1,Normal
ORD006992,SX00006992,11582,IL01,Delivered,2026-10-05 04:40:49.684968,2026-10-08,1,Normal
ORD006993,SX00006993,11308,TX01,Delivered,2026-10-05 04:41:41.530153,2026-10-06,1,Normal
ORD006994,SX00006994,14917,NJ01,Delivered,2026-10-05 04:42:33.375337,2026-10-06,1,Normal
ORD006995,SX00006995,18793,NJ01,Delivered,2026-10-05 04:43:25.220522,2026-10-06,1,Normal
ORD006997,SX00006997,17503,NJ01,Delivered,2026-10-05 04:45:08.910891,2026-10-08,1,Normal
ORD006998,SX00006998,14766,CA01,Delivered,2026-10-05 04:46:00.756075,2026-10-06,1,Normal
ORD006999,SX00006999,15362,TX01,Delivered,2026-10-05 04:46:52.601260,2026-10-07,1,Normal
ORD007000,SX00007000,15192,IL01,Delivered,2026-10-05 04:47:44.446444,2026-10-06,1,Normal
ORD007001,SX00007001,16622,TX01,Delivered,2026-10-05 04:48:36.291629,2026-10-07,1,Normal
ORD007006,SX00007006,15875,IL01,Delivered,2026-10-05 04:52:55.517551,2026-10-07,1,Normal
ORD007007,SX00007007,14271,CA01,Delivered,2026-10-05 04:53:47.362736,2026-10-08,1,Normal
ORD007008,SX00007008,10237,IL01,Delivered,2026-10-05 04:54:39.207920,2026-10-06,1,Normal
ORD007011,SX00007011,15218,NJ01,Delivered,2026-10-05 04:57:14.743474,2026-10-07,1,Normal
ORD007013,SX00007013,16073,TX01,Delivered,2026-10-05 04:58:58.433843,2026-10-06,1,Normal
ORD007014,SX00007014,12542,CA01,Delivered,2026-10-05 04:59:50.279027,2026-10-08,1,Normal
ORD007015,SX00007015,11537,IL01,Delivered,2026-10-05 05:00:42.124212,2026-10-08,1,Normal
ORD007016,SX00007016,10754,IL01,Delivered,2026-10-05 05:01:33.969396,2026-10-07,0,Missing Delivered Event
ORD007017,SX00007017,17396,TX01,Delivered,2026-10-05 05:02:25.814581,2026-10-07,1,Normal
ORD007018,SX00007018,17823,NJ01,Delivered,2026-10-05 05:03:17.659765,2026-10-08,1,Normal
ORD007020,SX00007020,14235,IL01,Delivered,2026-10-05 05:05:01.350135,2026-10-07,1,Normal
ORD007022,SX00007022,15510,NJ01,Delivered,2026-10-05 05:06:45.040504,2026-10-07,1,Normal
ORD007026,SX00007026,18697,IL01,Delivered,2026-10-05 05:10:12.421242,2026-10-06,1,Normal
ORD007027,SX00007027,11129,TX01,Delivered,2026-10-05 05:11:04.266426,2026-10-06,1,Normal
ORD007028,SX00007028,13145,TX01,Delivered,2026-10-05 05:11:56.111611,2026-10-08,1,Normal
ORD007029,SX00007029,18553,IL01,Delivered,2026-10-05 05:12:47.956795,2026-10-08,1,Normal
ORD007030,SX00007030,13720,IL01,Delivered,2026-10-05 05:13:39.801980,2026-10-07,1,Normal
ORD007031,SX00007031,19648,NJ01,Delivered,2026-10-05 05:14:31.647164,2026-10-06,1,Normal
ORD007032,SX00007032,14067,IL01,Delivered,2026-10-05 05:15:23.492349,2026-10-07,1,Normal
ORD007034,SX00007034,19873,TX01,Delivered,2026-10-05 05:17:07.182718,2026-10-08,1,Normal
ORD007036,SX00007036,17281,NJ01,Delivered,2026-10-05 05:18:50.873087,2026-10-06,1,Normal
ORD007037,SX00007037,12509,IL01,Delivered,2026-10-05 05:19:42.718271,2026-10-06,1,Normal
ORD007038,SX00007038,15016,NJ01,Delivered,2026-10-05 05:20:34.563456,2026-10-08,1,Normal
ORD007042,SX00007042,13932,NJ01,Delivered,2026-10-05 05:24:01.944194,2026-10-08,1,Normal
ORD007043,SX00007043,15560,IL01,Delivered,2026-10-05 05:24:53.789378,2026-10-06,1,Normal
ORD007044,SX00007044,14016,IL01,Delivered,2026-10-05 05:25:45.634563,2026-10-07,0,Missing Delivered Event
ORD007045,SX00007045,17339,NJ01,Delivered,2026-10-05 05:26:37.479747,2026-10-08,1,Normal
ORD007048,SX00007048,19485,NJ01,Delivered,2026-10-05 05:29:13.015301,2026-10-06,1,Normal
ORD007050,SX00007050,18511,CA01,Delivered,2026-10-05 05:30:56.705670,2026-10-08,1,Normal
ORD007051,SX00007051,12149,IL01,Delivered,2026-10-05 05:31:48.550855,2026-10-07,0,Missing Delivered Event
ORD007052,SX00007052,19644,CA01,Delivered,2026-10-05 05:32:40.396039,2026-10-08,1,Normal
ORD007053,SX00007053,19747,IL01,Delivered,2026-10-05 05:33:32.241224,2026-10-06,1,Normal
ORD007054,SX00007054,16713,TX01,Delivered,2026-10-05 05:34:24.086408,2026-10-07,1,Normal
ORD007055,SX00007055,14207,IL01,Delivered,2026-10-05 05:35:15.931593,2026-10-07,1,Normal
ORD007057,SX00007057,18652,IL01,Delivered,2026-10-05 05:36:59.621962,2026-10-07,2,Duplicate Delivered Event
ORD007058,SX00007058,19078,IL01,Delivered,2026-10-05 05:37:51.467146,2026-10-06,1,Normal
ORD007059,SX00007059,13936,TX01,Delivered,2026-10-05 05:38:43.312331,2026-10-07,1,Normal
ORD007061,SX00007061,11075,NJ01,Delivered,2026-10-05 05:40:27.002700,2026-10-07,1,Normal
ORD007063,SX00007063,14615,NJ01,Delivered,2026-10-05 05:42:10.693069,2026-10-08,1,Normal
ORD007064,SX00007064,17265,CA01,Delivered,2026-10-05 05:43:02.538253,2026-10-08,1,Normal
ORD007065,SX00007065,16379,IL01,Delivered,2026-10-05 05:43:54.383438,2026-10-07,1,Normal
ORD007066,SX00007066,19118,CA01,Delivered,2026-10-05 05:44:46.228622,2026-10-07,1,Normal
ORD007067,SX00007067,14652,IL01,Delivered,2026-10-05 05:45:38.073807,2026-10-06,1,Normal
ORD007068,SX00007068,16792,NJ01,Delivered,2026-10-05 05:46:29.918991,2026-10-08,1,Normal
ORD007069,SX00007069,19247,NJ01,Delivered,2026-10-05 05:47:21.764176,2026-10-08,1,Normal
ORD007070,SX00007070,17456,NJ01,Delivered,2026-10-05 05:48:13.609360,2026-10-08,1,Normal
ORD007071,SX00007071,14674,NJ01,Delivered,2026-10-05 05:49:05.454545,2026-10-07,1,Normal
ORD007075,SX00007075,19244,CA01,Delivered,2026-10-05 05:52:32.835283,2026-10-06,1,Normal
ORD007076,SX00007076,14569,CA01,Delivered,2026-10-05 05:53:24.680468,2026-10-06,1,Normal
ORD007078,SX00007078,16041,CA01,Delivered,2026-10-05 05:55:08.370837,2026-10-08,1,Normal
ORD007081,SX00007081,11164,TX01,Delivered,2026-10-05 05:57:43.906390,2026-10-07,1,Normal
ORD007082,SX00007082,15419,CA01,Delivered,2026-10-05 05:58:35.751575,2026-10-07,1,Normal
ORD007086,SX00007086,11468,TX01,Delivered,2026-10-05 06:02:03.132313,2026-10-06,1,Normal
ORD007087,SX00007087,17925,CA01,Delivered,2026-10-05 06:02:54.977497,2026-10-07,1,Normal
ORD007088,SX00007088,10808,IL01,Delivered,2026-10-05 06:03:46.822682,2026-10-08,1,Normal
ORD007089,SX00007089,18363,IL01,Delivered,2026-10-05 06:04:38.667866,2026-10-08,1,Normal
ORD007090,SX00007090,16719,IL01,Delivered,2026-10-05 06:05:30.513051,2026-10-08,1,Normal
ORD007092,SX00007092,18012,IL01,Delivered,2026-10-05 06:07:14.203420,2026-10-07,1,Normal
ORD007093,SX00007093,11645,NJ01,Delivered,2026-10-05 06:08:06.048604,2026-10-06,1,Normal
ORD007094,SX00007094,18249,CA01,Delivered,2026-10-05 06:08:57.893789,2026-10-06,1,Normal
ORD007095,SX00007095,11129,TX01,Delivered,2026-10-05 06:09:49.738973,2026-10-06,1,Normal
ORD007098,SX00007098,13895,NJ01,Delivered,2026-10-05 06:12:25.274527,2026-10-06,1,Normal
ORD007099,SX00007099,18874,IL01,Delivered,2026-10-05 06:13:17.119711,2026-10-08,1,Normal
ORD007100,SX00007100,13454,NJ01,Delivered,2026-10-05 06:14:08.964896,2026-10-07,1,Normal
ORD007101,SX00007101,17329,TX01,Delivered,2026-10-05 06:15:00.810081,2026-10-06,1,Normal
ORD007102,SX00007102,11790,TX01,Delivered,2026-10-05 06:15:52.655265,2026-10-06,1,Normal
ORD007103,SX00007103,19669,CA01,Delivered,2026-10-05 06:16:44.500450,2026-10-07,1,Normal
ORD007105,SX00007105,17734,IL01,Delivered,2026-10-05 06:18:28.190819,2026-10-07,1,Normal
ORD007106,SX00007106,13906,IL01,Delivered,2026-10-05 06:19:20.036003,2026-10-07,1,Normal
ORD007107,SX00007107,14492,TX01,Delivered,2026-10-05 06:20:11.881188,2026-10-07,1,Normal
ORD007111,SX00007111,16269,CA01,Delivered,2026-10-05 06:23:39.261926,2026-10-07,1,Normal
ORD007112,SX00007112,15317,CA01,Delivered,2026-10-05 06:24:31.107110,2026-10-06,1,Normal
ORD007115,SX00007115,12032,NJ01,Delivered,2026-10-05 06:27:06.642664,2026-10-06,1,Normal
ORD007116,SX00007116,19699,IL01,Delivered,2026-10-05 06:27:58.487848,2026-10-07,1,Normal
ORD007117,SX00007117,17129,IL01,Delivered,2026-10-05 06:28:50.333033,2026-10-06,1,Normal
ORD007119,SX00007119,18788,IL01,Delivered,2026-10-05 06:30:34.023402,2026-10-08,1,Normal
ORD007120,SX00007120,12147,NJ01,Delivered,2026-10-05 06:31:25.868586,2026-10-07,1,Normal
ORD007123,SX00007123,15677,NJ01,Delivered,2026-10-05 06:34:01.404140,2026-10-06,1,Normal
ORD007124,SX00007124,14651,IL01,Delivered,2026-10-05 06:34:53.249324,2026-10-07,1,Normal
ORD007125,SX00007125,17866,TX01,Delivered,2026-10-05 06:35:45.094509,2026-10-06,1,Normal
ORD007126,SX00007126,12013,NJ01,Delivered,2026-10-05 06:36:36.939693,2026-10-07,1,Normal
ORD007127,SX00007127,13697,NJ01,Delivered,2026-10-05 06:37:28.784878,2026-10-06,1,Normal
ORD007128,SX00007128,10490,CA01,Delivered,2026-10-05 06:38:20.630063,2026-10-06,1,Normal
ORD007129,SX00007129,14350,IL01,Delivered,2026-10-05 06:39:12.475247,2026-10-06,1,Normal
ORD007130,SX00007130,12428,NJ01,Delivered,2026-10-05 06:40:04.320432,2026-10-06,1,Normal
ORD007133,SX00007133,19479,TX01,Delivered,2026-10-05 06:42:39.855985,2026-10-06,1,Normal
ORD007135,SX00007135,14920,TX01,Delivered,2026-10-05 06:44:23.546354,2026-10-06,1,Normal
ORD007137,SX00007137,19544,CA01,Delivered,2026-10-05 06:46:07.236723,2026-10-08,1,Normal
ORD007139,SX00007139,14376,TX01,Delivered,2026-10-05 06:47:50.927092,2026-10-08,1,Normal
ORD007140,SX00007140,19490,IL01,Delivered,2026-10-05 06:48:42.772277,2026-10-08,1,Normal
ORD007142,SX00007142,16986,CA01,Delivered,2026-10-05 06:50:26.462646,2026-10-06,1,Normal
ORD007143,SX00007143,16862,CA01,Delivered,2026-10-05 06:51:18.307830,2026-10-08,1,Normal
ORD007144,SX00007144,14423,IL01,Delivered,2026-10-05 06:52:10.153015,2026-10-08,1,Normal
ORD007145,SX00007145,16870,NJ01,Delivered,2026-10-05 06:53:01.998199,2026-10-08,1,Normal
ORD007146,SX00007146,18159,IL01,Delivered,2026-10-05 06:53:53.843384,2026-10-06,2,Duplicate Delivered Event
ORD007147,SX00007147,12073,NJ01,Delivered,2026-10-05 06:54:45.688568,2026-10-07,1,Normal
ORD007148,SX00007148,16170,IL01,Delivered,2026-10-05 06:55:37.533753,2026-10-08,1,Normal
ORD007149,SX00007149,10701,IL01,Delivered,2026-10-05 06:56:29.378937,2026-10-07,1,Normal
ORD007151,SX00007151,16825,IL01,Delivered,2026-10-05 06:58:13.069306,2026-10-08,1,Normal
ORD007152,SX00007152,17867,NJ01,Delivered,2026-10-05 06:59:04.914491,2026-10-07,1,Normal
ORD007153,SX00007153,14264,IL01,Delivered,2026-10-05 06:59:56.759675,2026-10-06,1,Normal
ORD007156,SX00007156,17776,IL01,Delivered,2026-10-05 07:02:32.295229,2026-10-08,0,Missing Delivered Event
ORD007160,SX00007160,13935,TX01,Delivered,2026-10-05 07:05:59.675967,2026-10-07,1,Normal
ORD007161,SX00007161,14619,IL01,Delivered,2026-10-05 07:06:51.521152,2026-10-08,1,Normal
ORD007162,SX00007162,15191,IL01,Delivered,2026-10-05 07:07:43.366336,2026-10-08,1,Normal
ORD007163,SX00007163,16875,CA01,Delivered,2026-10-05 07:08:35.211521,2026-10-07,1,Normal
ORD007164,SX00007164,17856,CA01,Delivered,2026-10-05 07:09:27.056705,2026-10-06,1,Normal
ORD007165,SX00007165,15401,IL01,Delivered,2026-10-05 07:10:18.901890,2026-10-08,1,Normal
ORD007167,SX00007167,15738,IL01,Delivered,2026-10-05 07:12:02.592259,2026-10-06,1,Normal
ORD007168,SX00007168,15984,IL01,Delivered,2026-10-05 07:12:54.437443,2026-10-07,0,Missing Delivered Event
ORD007170,SX00007170,19969,NJ01,Delivered,2026-10-05 07:14:38.127812,2026-10-06,1,Normal
ORD007171,SX00007171,18989,IL01,Delivered,2026-10-05 07:15:29.972997,2026-10-08,1,Normal
ORD007172,SX00007172,13215,CA01,Delivered,2026-10-05 07:16:21.818181,2026-10-06,1,Normal
ORD007175,SX00007175,13737,TX01,Delivered,2026-10-05 07:18:57.353735,2026-10-08,1,Normal
ORD007177,SX00007177,10752,NJ01,Delivered,2026-10-05 07:20:41.044104,2026-10-07,1,Normal
ORD007178,SX00007178,11392,IL01,Delivered,2026-10-05 07:21:32.889288,2026-10-07,1,Normal
ORD007179,SX00007179,16789,IL01,Delivered,2026-10-05 07:22:24.734473,2026-10-08,1,Normal
ORD007180,SX00007180,10677,IL01,Delivered,2026-10-05 07:23:16.579657,2026-10-06,1,Normal
ORD007181,SX00007181,10105,IL01,Delivered,2026-10-05 07:24:08.424842,2026-10-08,1,Normal
ORD007182,SX00007182,14753,IL01,Delivered,2026-10-05 07:25:00.270027,2026-10-06,1,Normal
ORD007183,SX00007183,11946,IL01,Delivered,2026-10-05 07:25:52.115211,2026-10-08,1,Normal
ORD007184,SX00007184,15544,CA01,Delivered,2026-10-05 07:26:43.960396,2026-10-06,1,Normal
ORD007185,SX00007185,11095,IL01,Delivered,2026-10-05 07:27:35.805580,2026-10-07,1,Normal
ORD007187,SX00007187,11782,CA01,Delivered,2026-10-05 07:29:19.495949,2026-10-07,1,Normal
ORD007188,SX00007188,14541,NJ01,Delivered,2026-10-05 07:30:11.341134,2026-10-06,1,Normal
ORD007189,SX00007189,13257,NJ01,Delivered,2026-10-05 07:31:03.186318,2026-10-07,1,Normal
ORD007191,SX00007191,14869,TX01,Delivered,2026-10-05 07:32:46.876687,2026-10-08,1,Normal
ORD007192,SX00007192,11561,IL01,Delivered,2026-10-05 07:33:38.721872,2026-10-06,1,Normal
ORD007193,SX00007193,14006,TX01,Delivered,2026-10-05 07:34:30.567056,2026-10-07,1,Normal
ORD007194,SX00007194,19867,CA01,Delivered,2026-10-05 07:35:22.412241,2026-10-07,1,Normal
ORD007195,SX00007195,19314,NJ01,Delivered,2026-10-05 07:36:14.257425,2026-10-06,1,Normal
ORD007196,SX00007196,13981,IL01,Delivered,2026-10-05 07:37:06.102610,2026-10-08,1,Normal
ORD007198,SX00007198,15682,NJ01,Delivered,2026-10-05 07:38:49.792979,2026-10-06,1,Normal
ORD007200,SX00007200,10943,NJ01,Delivered,2026-10-05 07:40:33.483348,2026-10-08,1,Normal
ORD007201,SX00007201,14550,TX01,Delivered,2026-10-05 07:41:25.328532,2026-10-08,1,Normal
ORD007202,SX00007202,19137,NJ01,Delivered,2026-10-05 07:42:17.173717,2026-10-08,1,Normal
ORD007203,SX00007203,10600,CA01,Delivered,2026-10-05 07:43:09.018901,2026-10-08,1,Normal
ORD007204,SX00007204,16376,TX01,Delivered,2026-10-05 07:44:00.864086,2026-10-06,1,Normal
ORD007208,SX00007208,10250,TX01,Delivered,2026-10-05 07:47:28.244824,2026-10-07,1,Normal
ORD007209,SX00007209,19736,IL01,Delivered,2026-10-05 07:48:20.090009,2026-10-07,1,Normal
ORD007211,SX00007211,13123,TX01,Delivered,2026-10-05 07:50:03.780378,2026-10-08,1,Normal
ORD007215,SX00007215,11209,IL01,Delivered,2026-10-05 07:53:31.161116,2026-10-07,1,Normal
ORD007217,SX00007217,14898,CA01,Delivered,2026-10-05 07:55:14.851485,2026-10-07,1,Normal
ORD007218,SX00007218,12178,IL01,Delivered,2026-10-05 07:56:06.696669,2026-10-07,1,Normal
ORD007219,SX00007219,17610,TX01,Delivered,2026-10-05 07:56:58.541854,2026-10-07,1,Normal
ORD007220,SX00007220,18895,TX01,Delivered,2026-10-05 07:57:50.387038,2026-10-07,1,Normal
ORD007221,SX00007221,12544,CA01,Delivered,2026-10-05 07:58:42.232223,2026-10-06,1,Normal
ORD007223,SX00007223,12370,NJ01,Delivered,2026-10-05 08:00:25.922592,2026-10-06,1,Normal
ORD007224,SX00007224,13281,CA01,Delivered,2026-10-05 08:01:17.767776,2026-10-07,1,Normal
ORD007225,SX00007225,14710,TX01,Delivered,2026-10-05 08:02:09.612961,2026-10-08,1,Normal
ORD007226,SX00007226,10328,TX01,Delivered,2026-10-05 08:03:01.458145,2026-10-08,1,Normal
ORD007227,SX00007227,15579,IL01,Delivered,2026-10-05 08:03:53.303330,2026-10-06,0,Missing Delivered Event
ORD007229,SX00007229,16794,NJ01,Delivered,2026-10-05 08:05:36.993699,2026-10-07,1,Normal
ORD007232,SX00007232,10964,IL01,Delivered,2026-10-05 08:08:12.529252,2026-10-07,1,Normal
ORD007233,SX00007233,14224,NJ01,Delivered,2026-10-05 08:09:04.374437,2026-10-07,1,Normal
ORD007234,SX00007234,13675,IL01,Delivered,2026-10-05 08:09:56.219621,2026-10-08,1,Normal
ORD007236,SX00007236,12076,IL01,Delivered,2026-10-05 08:11:39.909990,2026-10-06,1,Normal
ORD007237,SX00007237,16865,TX01,Delivered,2026-10-05 08:12:31.755175,2026-10-06,1,Normal
ORD007240,SX00007240,15249,IL01,Delivered,2026-10-05 08:15:07.290729,2026-10-07,1,Normal
ORD007242,SX00007242,11196,TX01,Delivered,2026-10-05 08:16:50.981098,2026-10-08,1,Normal
ORD007244,SX00007244,19621,IL01,Delivered,2026-10-05 08:18:34.671467,2026-10-06,1,Normal
ORD007245,SX00007245,10355,NJ01,Delivered,2026-10-05 08:19:26.516651,2026-10-08,1,Normal
ORD007246,SX00007246,19718,CA01,Delivered,2026-10-05 08:20:18.361836,2026-10-07,1,Normal
ORD007247,SX00007247,10028,IL01,Delivered,2026-10-05 08:21:10.207020,2026-10-07,1,Normal
ORD007248,SX00007248,11013,NJ01,Delivered,2026-10-05 08:22:02.052205,2026-10-06,1,Normal
ORD007249,SX00007249,19019,IL01,Delivered,2026-10-05 08:22:53.897389,2026-10-08,1,Normal
ORD007250,SX00007250,12024,IL01,Delivered,2026-10-05 08:23:45.742574,2026-10-08,1,Normal
ORD007251,SX00007251,18490,IL01,Delivered,2026-10-05 08:24:37.587758,2026-10-07,1,Normal
ORD007253,SX00007253,15791,IL01,Delivered,2026-10-05 08:26:21.278127,2026-10-06,1,Normal
ORD007254,SX00007254,10754,IL01,Delivered,2026-10-05 08:27:13.123312,2026-10-08,1,Normal
ORD007256,SX00007256,13735,IL01,Delivered,2026-10-05 08:28:56.813681,2026-10-06,1,Normal
ORD007259,SX00007259,17399,IL01,Delivered,2026-10-05 08:31:32.349234,2026-10-07,1,Normal
ORD007261,SX00007261,19756,NJ01,Delivered,2026-10-05 08:33:16.039603,2026-10-06,1,Normal
ORD007262,SX00007262,19410,NJ01,Delivered,2026-10-05 08:34:07.884788,2026-10-06,1,Normal
ORD007263,SX00007263,14601,IL01,Delivered,2026-10-05 08:34:59.729972,2026-10-08,1,Normal
ORD007264,SX00007264,19549,NJ01,Delivered,2026-10-05 08:35:51.575157,2026-10-06,1,Normal
ORD007265,SX00007265,11460,IL01,Delivered,2026-10-05 08:36:43.420342,2026-10-08,1,Normal
ORD007267,SX00007267,11416,TX01,Delivered,2026-10-05 08:38:27.110711,2026-10-07,1,Normal
ORD007271,SX00007271,17529,CA01,Delivered,2026-10-05 08:41:54.491449,2026-10-08,1,Normal
ORD007272,SX00007272,14474,IL01,Delivered,2026-10-05 08:42:46.336633,2026-10-07,1,Normal
ORD007277,SX00007277,11040,CA01,Delivered,2026-10-05 08:47:05.562556,2026-10-08,1,Normal
ORD007279,SX00007279,12553,NJ01,Delivered,2026-10-05 08:48:49.252925,2026-10-08,1,Normal
ORD007280,SX00007280,11779,TX01,Delivered,2026-10-05 08:49:41.098109,2026-10-07,1,Normal
ORD007281,SX00007281,10075,NJ01,Delivered,2026-10-05 08:50:32.943294,2026-10-08,1,Normal
ORD007284,SX00007284,15057,IL01,Delivered,2026-10-05 08:53:08.478847,2026-10-06,1,Normal
ORD007285,SX00007285,12349,IL01,Delivered,2026-10-05 08:54:00.324032,2026-10-07,1,Normal
ORD007287,SX00007287,12262,CA01,Delivered,2026-10-05 08:55:44.014401,2026-10-08,1,Normal
ORD007288,SX00007288,13229,IL01,Delivered,2026-10-05 08:56:35.859585,2026-10-06,1,Normal
ORD007289,SX00007289,10392,IL01,Delivered,2026-10-05 08:57:27.704770,2026-10-08,1,Normal
ORD007290,SX00007290,11108,CA01,Delivered,2026-10-05 08:58:19.549954,2026-10-07,1,Normal
ORD007292,SX00007292,15188,NJ01,Delivered,2026-10-05 09:00:03.240324,2026-10-08,1,Normal
ORD007293,SX00007293,18802,IL01,Delivered,2026-10-05 09:00:55.085508,2026-10-08,1,Normal
ORD007294,SX00007294,15057,CA01,Delivered,2026-10-05 09:01:46.930693,2026-10-06,1,Normal
ORD007295,SX00007295,13998,IL01,Delivered,2026-10-05 09:02:38.775877,2026-10-06,1,Normal
ORD007296,SX00007296,18864,IL01,Delivered,2026-10-05 09:03:30.621062,2026-10-08,1,Normal
ORD007301,SX00007301,18123,IL01,Delivered,2026-10-05 09:07:49.846984,2026-10-08,1,Normal
ORD007302,SX00007302,18222,CA01,Delivered,2026-10-05 09:08:41.692169,2026-10-08,1,Normal
ORD007303,SX00007303,17690,TX01,Delivered,2026-10-05 09:09:33.537353,2026-10-06,1,Normal
ORD007304,SX00007304,11400,TX01,Delivered,2026-10-05 09:10:25.382538,2026-10-07,1,Normal
ORD007305,SX00007305,14071,CA01,Delivered,2026-10-05 09:11:17.227722,2026-10-08,1,Normal
ORD007306,SX00007306,18808,IL01,Delivered,2026-10-05 09:12:09.072907,2026-10-06,1,Normal
ORD007307,SX00007307,12786,NJ01,Delivered,2026-10-05 09:13:00.918091,2026-10-06,1,Normal
ORD007308,SX00007308,17169,CA01,Delivered,2026-10-05 09:13:52.763276,2026-10-06,1,Normal
ORD007309,SX00007309,10870,TX01,Delivered,2026-10-05 09:14:44.608460,2026-10-06,1,Normal
ORD007310,SX00007310,14196,NJ01,Delivered,2026-10-05 09:15:36.453645,2026-10-07,1,Normal
ORD007311,SX00007311,19604,IL01,Delivered,2026-10-05 09:16:28.298829,2026-10-06,1,Normal
ORD007312,SX00007312,12739,TX01,Delivered,2026-10-05 09:17:20.144014,2026-10-08,1,Normal
ORD007313,SX00007313,10940,NJ01,Delivered,2026-10-05 09:18:11.989198,2026-10-07,1,Normal
ORD007314,SX00007314,10340,IL01,Delivered,2026-10-05 09:19:03.834383,2026-10-06,1,Normal
ORD007316,SX00007316,14133,IL01,Delivered,2026-10-05 09:20:47.524752,2026-10-07,1,Normal
ORD007317,SX00007317,10659,IL01,Delivered,2026-10-05 09:21:39.369936,2026-10-08,1,Normal
ORD007318,SX00007318,19752,TX01,Delivered,2026-10-05 09:22:31.215121,2026-10-07,1,Normal
ORD007319,SX00007319,13457,NJ01,Delivered,2026-10-05 09:23:23.060306,2026-10-06,1,Normal
ORD007320,SX00007320,19848,IL01,Delivered,2026-10-05 09:24:14.905490,2026-10-08,1,Normal
ORD007321,SX00007321,12975,IL01,Delivered,2026-10-05 09:25:06.750675,2026-10-06,1,Normal
ORD007322,SX00007322,19241,IL01,Delivered,2026-10-05 09:25:58.595859,2026-10-07,1,Normal
ORD007323,SX00007323,10453,IL01,Delivered,2026-10-05 09:26:50.441044,2026-10-06,1,Normal
ORD007324,SX00007324,19896,IL01,Delivered,2026-10-05 09:27:42.286228,2026-10-06,1,Normal
ORD007325,SX00007325,18184,IL01,Delivered,2026-10-05 09:28:34.131413,2026-10-08,1,Normal
ORD007326,SX00007326,15442,IL01,Delivered,2026-10-05 09:29:25.976597,2026-10-06,1,Normal
ORD007328,SX00007328,14868,CA01,Delivered,2026-10-05 09:31:09.666966,2026-10-06,1,Normal
ORD007329,SX00007329,10012,NJ01,Delivered,2026-10-05 09:32:01.512151,2026-10-07,1,Normal
ORD007330,SX00007330,17727,TX01,Delivered,2026-10-05 09:32:53.357335,2026-10-08,1,Normal
ORD007331,SX00007331,10920,IL01,Delivered,2026-10-05 09:33:45.202520,2026-10-08,1,Normal
ORD007332,SX00007332,14920,TX01,Delivered,2026-10-05 09:34:37.047704,2026-10-06,1,Normal
ORD007333,SX00007333,12418,NJ01,Delivered,2026-10-05 09:35:28.892889,2026-10-08,1,Normal
ORD007334,SX00007334,19506,NJ01,Delivered,2026-10-05 09:36:20.738073,2026-10-07,1,Normal
ORD007335,SX00007335,16475,IL01,Delivered,2026-10-05 09:37:12.583258,2026-10-07,1,Normal
ORD007336,SX00007336,12017,IL01,Delivered,2026-10-05 09:38:04.428442,2026-10-06,1,Normal
ORD007337,SX00007337,17957,NJ01,Delivered,2026-10-05 09:38:56.273627,2026-10-06,1,Normal
ORD007338,SX00007338,19420,NJ01,Delivered,2026-10-05 09:39:48.118811,2026-10-07,1,Normal
ORD007339,SX00007339,14792,CA01,Delivered,2026-10-05 09:40:39.963996,2026-10-07,1,Normal
ORD007340,SX00007340,16830,IL01,Delivered,2026-10-05 09:41:31.809180,2026-10-07,1,Normal
ORD007341,SX00007341,12434,IL01,Delivered,2026-10-05 09:42:23.654365,2026-10-06,1,Normal
ORD007342,SX00007342,12868,NJ01,Delivered,2026-10-05 09:43:15.499549,2026-10-07,1,Normal
ORD007343,SX00007343,11438,CA01,Delivered,2026-10-05 09:44:07.344734,2026-10-06,1,Normal
ORD007345,SX00007345,11781,NJ01,Delivered,2026-10-05 09:45:51.035103,2026-10-07,1,Normal
ORD007347,SX00007347,12263,NJ01,Delivered,2026-10-05 09:47:34.725472,2026-10-07,1,Normal
ORD007348,SX00007348,10211,TX01,Delivered,2026-10-05 09:48:26.570657,2026-10-06,1,Normal
ORD007349,SX00007349,18699,CA01,Delivered,2026-10-05 09:49:18.415841,2026-10-07,1,Normal
ORD007352,SX00007352,10331,NJ01,Delivered,2026-10-05 09:51:53.951395,2026-10-07,1,Normal
ORD007353,SX00007353,16860,IL01,Delivered,2026-10-05 09:52:45.796579,2026-10-07,1,Normal
ORD007354,SX00007354,18044,TX01,Delivered,2026-10-05 09:53:37.641764,2026-10-06,1,Normal
ORD007356,SX00007356,18742,IL01,Delivered,2026-10-05 09:55:21.332133,2026-10-07,1,Normal
ORD007357,SX00007357,15720,TX01,Delivered,2026-10-05 09:56:13.177317,2026-10-07,1,Normal
ORD007358,SX00007358,19133,IL01,Delivered,2026-10-05 09:57:05.022502,2026-10-08,1,Normal
ORD007359,SX00007359,10727,CA01,Delivered,2026-10-05 09:57:56.867686,2026-10-06,1,Normal
ORD007360,SX00007360,14975,TX01,Delivered,2026-10-05 09:58:48.712871,2026-10-06,1,Normal
ORD007361,SX00007361,13243,TX01,Delivered,2026-10-05 09:59:40.558055,2026-10-08,1,Normal
ORD007362,SX00007362,10648,IL01,Delivered,2026-10-05 10:00:32.403240,2026-10-06,1,Normal
ORD007363,SX00007363,15095,CA01,Delivered,2026-10-05 10:01:24.248424,2026-10-08,1,Normal
ORD007364,SX00007364,16614,TX01,Delivered,2026-10-05 10:02:16.093609,2026-10-07,1,Normal
ORD007365,SX00007365,17135,IL01,Delivered,2026-10-05 10:03:07.938793,2026-10-06,0,Missing Delivered Event
ORD007366,SX00007366,11009,IL01,Delivered,2026-10-05 10:03:59.783978,2026-10-07,1,Normal
ORD007368,SX00007368,18995,CA01,Delivered,2026-10-05 10:05:43.474347,2026-10-06,1,Normal
ORD007369,SX00007369,17492,CA01,Delivered,2026-10-05 10:06:35.319531,2026-10-07,1,Normal
ORD007373,SX00007373,14241,IL01,Delivered,2026-10-05 10:10:02.700270,2026-10-07,1,Normal
ORD007374,SX00007374,13161,IL01,Delivered,2026-10-05 10:10:54.545454,2026-10-08,1,Normal
ORD007375,SX00007375,14155,IL01,Delivered,2026-10-05 10:11:46.390639,2026-10-06,1,Normal
ORD007376,SX00007376,17478,NJ01,Delivered,2026-10-05 10:12:38.235823,2026-10-07,1,Normal
ORD007377,SX00007377,18719,CA01,Delivered,2026-10-05 10:13:30.081008,2026-10-07,1,Normal
ORD007378,SX00007378,19215,CA01,Delivered,2026-10-05 10:14:21.926192,2026-10-07,1,Normal
ORD007379,SX00007379,16617,IL01,Delivered,2026-10-05 10:15:13.771377,2026-10-07,1,Normal
ORD007380,SX00007380,15660,TX01,Delivered,2026-10-05 10:16:05.616561,2026-10-07,1,Normal
ORD007381,SX00007381,18624,NJ01,Delivered,2026-10-05 10:16:57.461746,2026-10-06,1,Normal
ORD007382,SX00007382,11176,NJ01,Delivered,2026-10-05 10:17:49.306930,2026-10-06,1,Normal
ORD007383,SX00007383,17956,TX01,Delivered,2026-10-05 10:18:41.152115,2026-10-08,1,Normal
ORD007384,SX00007384,18592,IL01,Delivered,2026-10-05 10:19:32.997299,2026-10-08,1,Normal
ORD007385,SX00007385,12233,CA01,Delivered,2026-10-05 10:20:24.842484,2026-10-08,1,Normal
ORD007387,SX00007387,15906,TX01,Delivered,2026-10-05 10:22:08.532853,2026-10-06,1,Normal
ORD007389,SX00007389,17526,IL01,Delivered,2026-10-05 10:23:52.223222,2026-10-07,1,Normal
ORD007390,SX00007390,15559,IL01,Delivered,2026-10-05 10:24:44.068406,2026-10-06,1,Normal
ORD007391,SX00007391,16732,TX01,Delivered,2026-10-05 10:25:35.913591,2026-10-06,1,Normal
ORD007392,SX00007392,12513,CA01,Delivered,2026-10-05 10:26:27.758775,2026-10-07,1,Normal
ORD007393,SX00007393,17830,NJ01,Delivered,2026-10-05 10:27:19.603960,2026-10-08,1,Normal
ORD007394,SX00007394,19965,TX01,Delivered,2026-10-05 10:28:11.449144,2026-10-08,1,Normal
ORD007395,SX00007395,16944,NJ01,Delivered,2026-10-05 10:29:03.294329,2026-10-08,1,Normal
ORD007396,SX00007396,17910,IL01,Delivered,2026-10-05 10:29:55.139513,2026-10-07,1,Normal
ORD007397,SX00007397,15649,TX01,Delivered,2026-10-05 10:30:46.984698,2026-10-07,1,Normal
ORD007398,SX00007398,11096,TX01,Delivered,2026-10-05 10:31:38.829882,2026-10-07,1,Normal
ORD007399,SX00007399,19120,IL01,Delivered,2026-10-05 10:32:30.675067,2026-10-06,1,Normal
ORD007403,SX00007403,17799,CA01,Delivered,2026-10-05 10:35:58.055805,2026-10-08,1,Normal
ORD007406,SX00007406,17875,IL01,Delivered,2026-10-05 10:38:33.591359,2026-10-08,1,Normal
ORD007407,SX00007407,19033,CA01,Delivered,2026-10-05 10:39:25.436543,2026-10-07,1,Normal
ORD007410,SX00007410,10858,IL01,Delivered,2026-10-05 10:42:00.972097,2026-10-06,1,Normal
ORD007411,SX00007411,15519,CA01,Delivered,2026-10-05 10:42:52.817281,2026-10-07,1,Normal
ORD007413,SX00007413,18636,TX01,Delivered,2026-10-05 10:44:36.507650,2026-10-07,1,Normal
ORD007414,SX00007414,19980,CA01,Delivered,2026-10-05 10:45:28.352835,2026-10-07,1,Normal
ORD007418,SX00007418,19487,NJ01,Delivered,2026-10-05 10:48:55.733573,2026-10-06,1,Normal
ORD007419,SX00007419,17906,IL01,Delivered,2026-10-05 10:49:47.578757,2026-10-07,1,Normal
ORD007421,SX00007421,12850,IL01,Delivered,2026-10-05 10:51:31.269126,2026-10-08,1,Normal
ORD007423,SX00007423,17151,CA01,Delivered,2026-10-05 10:53:14.959495,2026-10-08,1,Normal
ORD007424,SX00007424,19503,CA01,Delivered,2026-10-05 10:54:06.804680,2026-10-07,1,Normal
ORD007425,SX00007425,16952,NJ01,Delivered,2026-10-05 10:54:58.649864,2026-10-08,1,Normal
ORD007426,SX00007426,14055,NJ01,Delivered,2026-10-05 10:55:50.495049,2026-10-07,1,Normal
ORD007427,SX00007427,15402,IL01,Delivered,2026-10-05 10:56:42.340234,2026-10-07,1,Normal
ORD007428,SX00007428,19281,IL01,Delivered,2026-10-05 10:57:34.185418,2026-10-07,1,Normal
ORD007429,SX00007429,11672,NJ01,Delivered,2026-10-05 10:58:26.030603,2026-10-06,1,Normal
ORD007430,SX00007430,14532,IL01,Delivered,2026-10-05 10:59:17.875787,2026-10-07,1,Normal
ORD007432,SX00007432,16085,IL01,Delivered,2026-10-05 11:01:01.566156,2026-10-06,1,Normal
ORD007433,SX00007433,17734,NJ01,Delivered,2026-10-05 11:01:53.411341,2026-10-06,1,Normal
ORD007434,SX00007434,14864,NJ01,Delivered,2026-10-05 11:02:45.256525,2026-10-07,1,Normal
ORD007435,SX00007435,19316,IL01,Delivered,2026-10-05 11:03:37.101710,2026-10-06,1,Normal
ORD007436,SX00007436,11221,IL01,Delivered,2026-10-05 11:04:28.946894,2026-10-07,1,Normal
ORD007437,SX00007437,12860,NJ01,Delivered,2026-10-05 11:05:20.792079,2026-10-08,1,Normal
ORD007438,SX00007438,18428,TX01,Delivered,2026-10-05 11:06:12.637263,2026-10-06,1,Normal
ORD007439,SX00007439,19336,NJ01,Delivered,2026-10-05 11:07:04.482448,2026-10-08,1,Normal
ORD007440,SX00007440,13253,TX01,Delivered,2026-10-05 11:07:56.327632,2026-10-07,1,Normal
ORD007443,SX00007443,10766,IL01,Delivered,2026-10-05 11:10:31.863186,2026-10-07,1,Normal
ORD007444,SX00007444,12681,NJ01,Delivered,2026-10-05 11:11:23.708370,2026-10-06,1,Normal
ORD007446,SX00007446,17482,IL01,Delivered,2026-10-05 11:13:07.398739,2026-10-06,1,Normal
ORD007447,SX00007447,15086,NJ01,Delivered,2026-10-05 11:13:59.243924,2026-10-08,1,Normal
ORD007448,SX00007448,17964,NJ01,Delivered,2026-10-05 11:14:51.089108,2026-10-07,1,Normal
ORD007451,SX00007451,13513,TX01,Delivered,2026-10-05 11:17:26.624662,2026-10-06,1,Normal
ORD007452,SX00007452,10495,NJ01,Delivered,2026-10-05 11:18:18.469846,2026-10-06,1,Normal
ORD007454,SX00007454,12072,CA01,Delivered,2026-10-05 11:20:02.160216,2026-10-07,1,Normal
ORD007455,SX00007455,17795,NJ01,Delivered,2026-10-05 11:20:54.005400,2026-10-08,1,Normal
ORD007456,SX00007456,18529,NJ01,Delivered,2026-10-05 11:21:45.850585,2026-10-07,1,Normal
ORD007458,SX00007458,16033,NJ01,Delivered,2026-10-05 11:23:29.540954,2026-10-08,1,Normal
ORD007460,SX00007460,12555,IL01,Delivered,2026-10-05 11:25:13.231323,2026-10-06,1,Normal
ORD007461,SX00007461,16370,CA01,Delivered,2026-10-05 11:26:05.076507,2026-10-07,1,Normal
ORD007462,SX00007462,14415,NJ01,Delivered,2026-10-05 11:26:56.921692,2026-10-08,1,Normal
ORD007464,SX00007464,19107,NJ01,Delivered,2026-10-05 11:28:40.612061,2026-10-07,1,Normal
ORD007465,SX00007465,15993,TX01,Delivered,2026-10-05 11:29:32.457245,2026-10-08,1,Normal
ORD007466,SX00007466,15021,IL01,Delivered,2026-10-05 11:30:24.302430,2026-10-08,1,Normal
ORD007467,SX00007467,12907,NJ01,Delivered,2026-10-05 11:31:16.147614,2026-10-06,1,Normal
ORD007469,SX00007469,13870,IL01,Delivered,2026-10-05 11:32:59.837983,2026-10-08,1,Normal
ORD007470,SX00007470,19190,CA01,Delivered,2026-10-05 11:33:51.683168,2026-10-08,1,Normal
ORD007471,SX00007471,15085,IL01,Delivered,2026-10-05 11:34:43.528352,2026-10-08,1,Normal
ORD007472,SX00007472,16546,NJ01,Delivered,2026-10-05 11:35:35.373537,2026-10-08,1,Normal
ORD007474,SX00007474,10938,CA01,Delivered,2026-10-05 11:37:19.063906,2026-10-07,1,Normal
ORD007475,SX00007475,19828,IL01,Delivered,2026-10-05 11:38:10.909090,2026-10-07,2,Duplicate Delivered Event
ORD007476,SX00007476,12510,NJ01,Delivered,2026-10-05 11:39:02.754275,2026-10-08,1,Normal
ORD007477,SX00007477,14636,IL01,Delivered,2026-10-05 11:39:54.599459,2026-10-06,1,Normal
ORD007478,SX00007478,11649,NJ01,Delivered,2026-10-05 11:40:46.444644,2026-10-08,1,Normal
ORD007479,SX00007479,13690,CA01,Delivered,2026-10-05 11:41:38.289828,2026-10-07,1,Normal
ORD007481,SX00007481,13201,TX01,Delivered,2026-10-05 11:43:21.980198,2026-10-07,1,Normal
ORD007482,SX00007482,14179,IL01,Delivered,2026-10-05 11:44:13.825382,2026-10-06,1,Normal
ORD007483,SX00007483,18405,NJ01,Delivered,2026-10-05 11:45:05.670567,2026-10-06,1,Normal
ORD007484,SX00007484,13237,NJ01,Delivered,2026-10-05 11:45:57.515751,2026-10-07,1,Normal
ORD007485,SX00007485,13862,NJ01,Delivered,2026-10-05 11:46:49.360936,2026-10-08,1,Normal
ORD007486,SX00007486,10058,NJ01,Delivered,2026-10-05 11:47:41.206120,2026-10-07,1,Normal
ORD007487,SX00007487,14938,NJ01,Delivered,2026-10-05 11:48:33.051305,2026-10-07,1,Normal
ORD007488,SX00007488,12971,IL01,Delivered,2026-10-05 11:49:24.896489,2026-10-06,1,Normal
ORD007490,SX00007490,18314,IL01,Delivered,2026-10-05 11:51:08.586858,2026-10-06,1,Normal
ORD007492,SX00007492,19354,TX01,Delivered,2026-10-05 11:52:52.277227,2026-10-07,1,Normal
ORD007493,SX00007493,13345,IL01,Delivered,2026-10-05 11:53:44.122412,2026-10-08,0,Missing Delivered Event
ORD007494,SX00007494,12486,IL01,Delivered,2026-10-05 11:54:35.967596,2026-10-07,1,Normal
ORD007495,SX00007495,10561,IL01,Delivered,2026-10-05 11:55:27.812781,2026-10-07,1,Normal
ORD007496,SX00007496,13981,CA01,Delivered,2026-10-05 11:56:19.657965,2026-10-08,1,Normal
ORD007497,SX00007497,16261,TX01,Delivered,2026-10-05 11:57:11.503150,2026-10-07,1,Normal
ORD007498,SX00007498,11737,IL01,Delivered,2026-10-05 11:58:03.348334,2026-10-08,1,Normal
ORD007499,SX00007499,19096,NJ01,Delivered,2026-10-05 11:58:55.193519,2026-10-06,1,Normal
ORD007500,SX00007500,13554,IL01,Delivered,2026-10-05 11:59:47.038703,2026-10-06,1,Normal
ORD007501,SX00007501,19918,NJ01,Delivered,2026-10-05 12:00:38.883888,2026-10-06,1,Normal
ORD007502,SX00007502,19126,TX01,Delivered,2026-10-05 12:01:30.729072,2026-10-08,1,Normal
ORD007503,SX00007503,17095,NJ01,Delivered,2026-10-05 12:02:22.574257,2026-10-07,1,Normal
ORD007506,SX00007506,18212,IL01,Delivered,2026-10-05 12:04:58.109810,2026-10-07,0,Missing Delivered Event
ORD007507,SX00007507,19230,NJ01,Delivered,2026-10-05 12:05:49.954995,2026-10-06,1,Normal
ORD007508,SX00007508,15330,NJ01,Delivered,2026-10-05 12:06:41.800180,2026-10-06,1,Normal
ORD007511,SX00007511,13771,NJ01,Delivered,2026-10-05 12:09:17.335733,2026-10-08,1,Normal
ORD007513,SX00007513,16123,NJ01,Delivered,2026-10-05 12:11:01.026102,2026-10-06,1,Normal
ORD007515,SX00007515,11174,CA01,Delivered,2026-10-05 12:12:44.716471,2026-10-06,1,Normal
ORD007516,SX00007516,11164,IL01,Delivered,2026-10-05 12:13:36.561656,2026-10-08,1,Normal
ORD007518,SX00007518,19475,CA01,Delivered,2026-10-05 12:15:20.252025,2026-10-07,1,Normal
ORD007520,SX00007520,18712,IL01,Delivered,2026-10-05 12:17:03.942394,2026-10-06,1,Normal
ORD007521,SX00007521,14466,NJ01,Delivered,2026-10-05 12:17:55.787578,2026-10-07,1,Normal
ORD007523,SX00007523,17111,CA01,Delivered,2026-10-05 12:19:39.477947,2026-10-06,1,Normal
ORD007524,SX00007524,18434,NJ01,Delivered,2026-10-05 12:20:31.323132,2026-10-06,1,Normal
ORD007525,SX00007525,12800,NJ01,Delivered,2026-10-05 12:21:23.168316,2026-10-08,1,Normal
ORD007528,SX00007528,11541,NJ01,Delivered,2026-10-05 12:23:58.703870,2026-10-06,1,Normal
ORD007529,SX00007529,12765,NJ01,Delivered,2026-10-05 12:24:50.549054,2026-10-07,1,Normal
ORD007530,SX00007530,14491,TX01,Delivered,2026-10-05 12:25:42.394239,2026-10-08,1,Normal
ORD007531,SX00007531,13083,IL01,Delivered,2026-10-05 12:26:34.239423,2026-10-07,1,Normal
ORD007533,SX00007533,11857,IL01,Delivered,2026-10-05 12:28:17.929792,2026-10-08,0,Missing Delivered Event
ORD007534,SX00007534,10769,NJ01,Delivered,2026-10-05 12:29:09.774977,2026-10-07,1,Normal
ORD007535,SX00007535,11422,NJ01,Delivered,2026-10-05 12:30:01.620162,2026-10-08,1,Normal
ORD007537,SX00007537,12972,NJ01,Delivered,2026-10-05 12:31:45.310531,2026-10-06,1,Normal
ORD007539,SX00007539,15599,NJ01,Delivered,2026-10-05 12:33:29.000900,2026-10-07,1,Normal
ORD007541,SX00007541,15275,IL01,Delivered,2026-10-05 12:35:12.691269,2026-10-08,1,Normal
ORD007542,SX00007542,14749,CA01,Delivered,2026-10-05 12:36:04.536453,2026-10-08,1,Normal
ORD007543,SX00007543,16571,NJ01,Delivered,2026-10-05 12:36:56.381638,2026-10-08,1,Normal
ORD007544,SX00007544,19373,CA01,Delivered,2026-10-05 12:37:48.226822,2026-10-07,1,Normal
ORD007545,SX00007545,15072,IL01,Delivered,2026-10-05 12:38:40.072007,2026-10-06,1,Normal
ORD007547,SX00007547,15463,IL01,Delivered,2026-10-05 12:40:23.762376,2026-10-07,1,Normal
ORD007549,SX00007549,18420,CA01,Delivered,2026-10-05 12:42:07.452745,2026-10-06,1,Normal
ORD007550,SX00007550,13959,IL01,Delivered,2026-10-05 12:42:59.297929,2026-10-07,1,Normal
ORD007553,SX00007553,11070,NJ01,Delivered,2026-10-05 12:45:34.833483,2026-10-07,1,Normal
ORD007554,SX00007554,19166,NJ01,Delivered,2026-10-05 12:46:26.678667,2026-10-07,1,Normal
ORD007559,SX00007559,10320,TX01,Delivered,2026-10-05 12:50:45.904590,2026-10-06,1,Normal
ORD007561,SX00007561,10555,IL01,Delivered,2026-10-05 12:52:29.594959,2026-10-08,1,Normal
ORD007562,SX00007562,14939,CA01,Delivered,2026-10-05 12:53:21.440144,2026-10-07,1,Normal
ORD007563,SX00007563,15432,NJ01,Delivered,2026-10-05 12:54:13.285328,2026-10-06,1,Normal
ORD007564,SX00007564,11386,CA01,Delivered,2026-10-05 12:55:05.130513,2026-10-08,1,Normal
ORD007565,SX00007565,14763,IL01,Delivered,2026-10-05 12:55:56.975697,2026-10-08,1,Normal
ORD007566,SX00007566,16854,TX01,Delivered,2026-10-05 12:56:48.820882,2026-10-06,1,Normal
ORD007567,SX00007567,17637,NJ01,Delivered,2026-10-05 12:57:40.666066,2026-10-08,1,Normal
ORD007568,SX00007568,14841,IL01,Delivered,2026-10-05 12:58:32.511251,2026-10-06,1,Normal
ORD007569,SX00007569,13867,NJ01,Delivered,2026-10-05 12:59:24.356435,2026-10-07,1,Normal
ORD007570,SX00007570,13793,IL01,Delivered,2026-10-05 13:00:16.201620,2026-10-06,1,Normal
ORD007571,SX00007571,17373,IL01,Delivered,2026-10-05 13:01:08.046804,2026-10-07,1,Normal
ORD007573,SX00007573,13803,NJ01,Delivered,2026-10-05 13:02:51.737173,2026-10-08,1,Normal
ORD007574,SX00007574,12327,NJ01,Delivered,2026-10-05 13:03:43.582358,2026-10-07,1,Normal
ORD007576,SX00007576,12165,IL01,Delivered,2026-10-05 13:05:27.272727,2026-10-07,1,Normal
ORD007577,SX00007577,13308,TX01,Delivered,2026-10-05 13:06:19.117911,2026-10-06,1,Normal
ORD007578,SX00007578,16452,CA01,Delivered,2026-10-05 13:07:10.963096,2026-10-06,1,Normal
ORD007581,SX00007581,16404,NJ01,Delivered,2026-10-05 13:09:46.498649,2026-10-07,1,Normal
ORD007584,SX00007584,19569,NJ01,Delivered,2026-10-05 13:12:22.034203,2026-10-06,1,Normal
ORD007585,SX00007585,14381,IL01,Delivered,2026-10-05 13:13:13.879387,2026-10-07,0,Missing Delivered Event
ORD007587,SX00007587,14782,NJ01,Delivered,2026-10-05 13:14:57.569756,2026-10-06,1,Normal
ORD007588,SX00007588,19497,IL01,Delivered,2026-10-05 13:15:49.414941,2026-10-06,1,Normal
ORD007589,SX00007589,15560,IL01,Delivered,2026-10-05 13:16:41.260126,2026-10-07,1,Normal
ORD007590,SX00007590,17460,NJ01,Delivered,2026-10-05 13:17:33.105310,2026-10-06,1,Normal
ORD007591,SX00007591,13078,NJ01,Delivered,2026-10-05 13:18:24.950495,2026-10-06,1,Normal
ORD007592,SX00007592,12983,TX01,Delivered,2026-10-05 13:19:16.795679,2026-10-08,1,Normal
ORD007593,SX00007593,17259,CA01,Delivered,2026-10-05 13:20:08.640864,2026-10-08,1,Normal
ORD007595,SX00007595,12523,CA01,Delivered,2026-10-05 13:21:52.331233,2026-10-06,1,Normal
ORD007596,SX00007596,19677,TX01,Delivered,2026-10-05 13:22:44.176417,2026-10-06,1,Normal
ORD007599,SX00007599,12001,TX01,Delivered,2026-10-05 13:25:19.711971,2026-10-07,1,Normal
ORD007600,SX00007600,11387,IL01,Delivered,2026-10-05 13:26:11.557155,2026-10-06,1,Normal
ORD007601,SX00007601,16552,CA01,Delivered,2026-10-05 13:27:03.402340,2026-10-08,1,Normal
ORD007603,SX00007603,19957,TX01,Delivered,2026-10-05 13:28:47.092709,2026-10-08,1,Normal
ORD007604,SX00007604,11220,CA01,Delivered,2026-10-05 13:29:38.937893,2026-10-06,1,Normal
ORD007606,SX00007606,19810,TX01,Delivered,2026-10-05 13:31:22.628262,2026-10-06,1,Normal
ORD007608,SX00007608,16523,NJ01,Delivered,2026-10-05 13:33:06.318631,2026-10-07,1,Normal
ORD007609,SX00007609,18074,IL01,Delivered,2026-10-05 13:33:58.163816,2026-10-06,1,Normal
ORD007610,SX00007610,19063,TX01,Delivered,2026-10-05 13:34:50.009000,2026-10-06,1,Normal
ORD007611,SX00007611,10834,IL01,Delivered,2026-10-05 13:35:41.854185,2026-10-07,1,Normal
ORD007615,SX00007615,12413,IL01,Delivered,2026-10-05 13:39:09.234923,2026-10-08,1,Normal
ORD007616,SX00007616,19505,IL01,Delivered,2026-10-05 13:40:01.080108,2026-10-06,1,Normal
ORD007617,SX00007617,15993,NJ01,Delivered,2026-10-05 13:40:52.925292,2026-10-08,1,Normal
ORD007618,SX00007618,14498,CA01,Delivered,2026-10-05 13:41:44.770477,2026-10-08,1,Normal
ORD007619,SX00007619,12105,NJ01,Delivered,2026-10-05 13:42:36.615661,2026-10-07,1,Normal
ORD007621,SX00007621,19330,NJ01,Delivered,2026-10-05 13:44:20.306030,2026-10-07,1,Normal
ORD007622,SX00007622,10209,TX01,Delivered,2026-10-05 13:45:12.151215,2026-10-07,1,Normal
ORD007624,SX00007624,14911,TX01,Delivered,2026-10-05 13:46:55.841584,2026-10-06,1,Normal
ORD007625,SX00007625,12220,IL01,Delivered,2026-10-05 13:47:47.686768,2026-10-08,1,Normal
ORD007626,SX00007626,10233,TX01,Delivered,2026-10-05 13:48:39.531953,2026-10-08,1,Normal
ORD007628,SX00007628,13110,IL01,Delivered,2026-10-05 13:50:23.222322,2026-10-06,1,Normal
ORD007629,SX00007629,12166,CA01,Delivered,2026-10-05 13:51:15.067506,2026-10-08,1,Normal
ORD007633,SX00007633,11214,TX01,Delivered,2026-10-05 13:54:42.448244,2026-10-07,1,Normal
ORD007635,SX00007635,17314,NJ01,Delivered,2026-10-05 13:56:26.138613,2026-10-08,1,Normal
ORD007636,SX00007636,18475,CA01,Delivered,2026-10-05 13:57:17.983798,2026-10-08,1,Normal
ORD007637,SX00007637,10212,TX01,Delivered,2026-10-05 13:58:09.828982,2026-10-07,1,Normal
ORD007639,SX00007639,15024,NJ01,Delivered,2026-10-05 13:59:53.519351,2026-10-08,1,Normal
ORD007640,SX00007640,19609,NJ01,Delivered,2026-10-05 14:00:45.364536,2026-10-07,1,Normal
ORD007641,SX00007641,15917,TX01,Delivered,2026-10-05 14:01:37.209720,2026-10-07,1,Normal
ORD007642,SX00007642,15141,IL01,Delivered,2026-10-05 14:02:29.054905,2026-10-07,1,Normal
ORD007643,SX00007643,11794,TX01,Delivered,2026-10-05 14:03:20.900090,2026-10-07,1,Normal
ORD007644,SX00007644,15988,IL01,Delivered,2026-10-05 14:04:12.745274,2026-10-06,0,Missing Delivered Event
ORD007646,SX00007646,15578,CA01,Delivered,2026-10-05 14:05:56.435643,2026-10-08,1,Normal
ORD007648,SX00007648,13845,IL01,Delivered,2026-10-05 14:07:40.126012,2026-10-08,1,Normal
ORD007649,SX00007649,16906,NJ01,Delivered,2026-10-05 14:08:31.971197,2026-10-07,1,Normal
ORD007650,SX00007650,10378,TX01,Delivered,2026-10-05 14:09:23.816381,2026-10-08,1,Normal
ORD007652,SX00007652,13329,TX01,Delivered,2026-10-05 14:11:07.506750,2026-10-08,1,Normal
ORD007653,SX00007653,14808,CA01,Delivered,2026-10-05 14:11:59.351935,2026-10-07,1,Normal
ORD007654,SX00007654,17937,TX01,Delivered,2026-10-05 14:12:51.197119,2026-10-07,1,Normal
ORD007656,SX00007656,10737,IL01,Delivered,2026-10-05 14:14:34.887488,2026-10-06,1,Normal
ORD007657,SX00007657,10235,CA01,Delivered,2026-10-05 14:15:26.732673,2026-10-07,1,Normal
ORD007660,SX00007660,11888,IL01,Delivered,2026-10-05 14:18:02.268226,2026-10-08,1,Normal
ORD007661,SX00007661,17173,TX01,Delivered,2026-10-05 14:18:54.113411,2026-10-06,1,Normal
ORD007662,SX00007662,11259,CA01,Delivered,2026-10-05 14:19:45.958595,2026-10-08,1,Normal
ORD007664,SX00007664,17271,TX01,Delivered,2026-10-05 14:21:29.648964,2026-10-08,1,Normal
ORD007669,SX00007669,18701,IL01,Delivered,2026-10-05 14:25:48.874887,2026-10-07,1,Normal
ORD007670,SX00007670,11823,CA01,Delivered,2026-10-05 14:26:40.720072,2026-10-06,1,Normal
ORD007671,SX00007671,16852,NJ01,Delivered,2026-10-05 14:27:32.565256,2026-10-06,1,Normal
ORD007672,SX00007672,17777,IL01,Delivered,2026-10-05 14:28:24.410441,2026-10-08,1,Normal
ORD007673,SX00007673,14232,TX01,Delivered,2026-10-05 14:29:16.255625,2026-10-08,1,Normal
ORD007674,SX00007674,16519,CA01,Delivered,2026-10-05 14:30:08.100810,2026-10-07,1,Normal
ORD007677,SX00007677,17630,NJ01,Delivered,2026-10-05 14:32:43.636363,2026-10-07,1,Normal
ORD007678,SX00007678,11777,TX01,Delivered,2026-10-05 14:33:35.481548,2026-10-07,1,Normal
ORD007679,SX00007679,19496,IL01,Delivered,2026-10-05 14:34:27.326732,2026-10-06,1,Normal
ORD007681,SX00007681,14859,NJ01,Delivered,2026-10-05 14:36:11.017101,2026-10-06,1,Normal
ORD007688,SX00007688,19903,NJ01,Delivered,2026-10-05 14:42:13.933393,2026-10-06,1,Normal
ORD007689,SX00007689,15127,NJ01,Delivered,2026-10-05 14:43:05.778577,2026-10-08,1,Normal
ORD007691,SX00007691,12722,NJ01,Delivered,2026-10-05 14:44:49.468946,2026-10-08,1,Normal
ORD007692,SX00007692,14656,IL01,Delivered,2026-10-05 14:45:41.314131,2026-10-08,1,Normal
ORD007695,SX00007695,19351,IL01,Delivered,2026-10-05 14:48:16.849684,2026-10-07,1,Normal
ORD007696,SX00007696,12869,IL01,Delivered,2026-10-05 14:49:08.694869,2026-10-07,1,Normal
ORD007697,SX00007697,11242,CA01,Delivered,2026-10-05 14:50:00.540054,2026-10-07,1,Normal
ORD007698,SX00007698,18539,IL01,Delivered,2026-10-05 14:50:52.385238,2026-10-07,1,Normal
ORD007700,SX00007700,11569,IL01,Delivered,2026-10-05 14:52:36.075607,2026-10-07,1,Normal
ORD007702,SX00007702,11918,TX01,Delivered,2026-10-05 14:54:19.765976,2026-10-08,1,Normal
ORD007703,SX00007703,16416,IL01,Delivered,2026-10-05 14:55:11.611161,2026-10-08,1,Normal
ORD007705,SX00007705,13758,CA01,Delivered,2026-10-05 14:56:55.301530,2026-10-07,1,Normal
ORD007706,SX00007706,15997,NJ01,Delivered,2026-10-05 14:57:47.146714,2026-10-08,1,Normal
ORD007709,SX00007709,11824,CA01,Delivered,2026-10-05 15:00:22.682268,2026-10-06,1,Normal
ORD007710,SX00007710,17280,CA01,Delivered,2026-10-05 15:01:14.527452,2026-10-07,1,Normal
ORD007711,SX00007711,14060,NJ01,Delivered,2026-10-05 15:02:06.372637,2026-10-08,1,Normal
ORD007714,SX00007714,11721,IL01,Delivered,2026-10-05 15:04:41.908190,2026-10-06,1,Normal
ORD007715,SX00007715,15316,NJ01,Delivered,2026-10-05 15:05:33.753375,2026-10-08,1,Normal
ORD007717,SX00007717,14210,IL01,Delivered,2026-10-05 15:07:17.443744,2026-10-06,2,Duplicate Delivered Event
ORD007722,SX00007722,10968,IL01,Delivered,2026-10-05 15:11:36.669666,2026-10-06,2,Duplicate Delivered Event
ORD007723,SX00007723,10368,IL01,Delivered,2026-10-05 15:12:28.514851,2026-10-07,1,Normal
ORD007725,SX00007725,12242,NJ01,Delivered,2026-10-05 15:14:12.205220,2026-10-07,1,Normal
ORD007726,SX00007726,15002,NJ01,Delivered,2026-10-05 15:15:04.050405,2026-10-07,1,Normal
ORD007727,SX00007727,13083,IL01,Delivered,2026-10-05 15:15:55.895589,2026-10-08,1,Normal
ORD007728,SX00007728,18073,IL01,Delivered,2026-10-05 15:16:47.740774,2026-10-08,1,Normal
ORD007729,SX00007729,19112,IL01,Delivered,2026-10-05 15:17:39.585958,2026-10-07,1,Normal
ORD007731,SX00007731,11469,NJ01,Delivered,2026-10-05 15:19:23.276327,2026-10-06,1,Normal
ORD007732,SX00007732,14725,NJ01,Delivered,2026-10-05 15:20:15.121512,2026-10-07,1,Normal
ORD007733,SX00007733,14259,TX01,Delivered,2026-10-05 15:21:06.966696,2026-10-06,1,Normal
ORD007734,SX00007734,13622,TX01,Delivered,2026-10-05 15:21:58.811881,2026-10-08,1,Normal
ORD007736,SX00007736,13431,IL01,Delivered,2026-10-05 15:23:42.502250,2026-10-08,1,Normal
ORD007737,SX00007737,16528,NJ01,Delivered,2026-10-05 15:24:34.347434,2026-10-06,1,Normal
ORD007738,SX00007738,14151,IL01,Delivered,2026-10-05 15:25:26.192619,2026-10-07,1,Normal
ORD007740,SX00007740,17420,CA01,Delivered,2026-10-05 15:27:09.882988,2026-10-06,1,Normal
ORD007741,SX00007741,18989,IL01,Delivered,2026-10-05 15:28:01.728172,2026-10-06,1,Normal
ORD007742,SX00007742,10779,NJ01,Delivered,2026-10-05 15:28:53.573357,2026-10-08,1,Normal
ORD007743,SX00007743,12892,NJ01,Delivered,2026-10-05 15:29:45.418541,2026-10-07,1,Normal
ORD007744,SX00007744,15534,IL01,Delivered,2026-10-05 15:30:37.263726,2026-10-08,1,Normal
ORD007746,SX00007746,12902,NJ01,Delivered,2026-10-05 15:32:20.954095,2026-10-06,1,Normal
ORD007748,SX00007748,10021,IL01,Delivered,2026-10-05 15:34:04.644464,2026-10-06,1,Normal
ORD007749,SX00007749,11500,CA01,Delivered,2026-10-05 15:34:56.489648,2026-10-08,1,Normal
ORD007751,SX00007751,19952,IL01,Delivered,2026-10-05 15:36:40.180018,2026-10-08,0,Missing Delivered Event
ORD007755,SX00007755,18587,IL01,Delivered,2026-10-05 15:40:07.560756,2026-10-08,1,Normal
ORD007756,SX00007756,17174,NJ01,Delivered,2026-10-05 15:40:59.405940,2026-10-08,1,Normal
ORD007757,SX00007757,15114,IL01,Delivered,2026-10-05 15:41:51.251125,2026-10-06,1,Normal
ORD007758,SX00007758,14662,NJ01,Delivered,2026-10-05 15:42:43.096309,2026-10-07,1,Normal
ORD007759,SX00007759,14326,NJ01,Delivered,2026-10-05 15:43:34.941494,2026-10-07,1,Normal
ORD007760,SX00007760,19065,IL01,Delivered,2026-10-05 15:44:26.786678,2026-10-07,1,Normal
ORD007761,SX00007761,14335,IL01,Delivered,2026-10-05 15:45:18.631863,2026-10-08,1,Normal
ORD007762,SX00007762,18281,NJ01,Delivered,2026-10-05 15:46:10.477047,2026-10-08,1,Normal
ORD007765,SX00007765,15494,IL01,Delivered,2026-10-05 15:48:46.012601,2026-10-07,1,Normal
ORD007767,SX00007767,12711,IL01,Delivered,2026-10-05 15:50:29.702970,2026-10-07,1,Normal
ORD007768,SX00007768,17595,CA01,Delivered,2026-10-05 15:51:21.548154,2026-10-07,1,Normal
ORD007769,SX00007769,16273,IL01,Delivered,2026-10-05 15:52:13.393339,2026-10-07,1,Normal
ORD007771,SX00007771,19308,NJ01,Delivered,2026-10-05 15:53:57.083708,2026-10-08,1,Normal
ORD007772,SX00007772,18817,IL01,Delivered,2026-10-05 15:54:48.928892,2026-10-08,1,Normal
ORD007774,SX00007774,11678,IL01,Delivered,2026-10-05 15:56:32.619261,2026-10-08,1,Normal
ORD007776,SX00007776,10743,IL01,Delivered,2026-10-05 15:58:16.309630,2026-10-07,1,Normal
ORD007778,SX00007778,11568,TX01,Delivered,2026-10-05 16:00:00.000000,2026-10-07,1,Normal
ORD007782,SX00007782,18856,IL01,Delivered,2026-10-05 16:03:27.380738,2026-10-08,1,Normal
ORD007785,SX00007785,11054,IL01,Delivered,2026-10-05 16:06:02.916291,2026-10-08,1,Normal
ORD007787,SX00007787,16009,CA01,Delivered,2026-10-05 16:07:46.606660,2026-10-08,1,Normal
ORD007788,SX00007788,14458,CA01,Delivered,2026-10-05 16:08:38.451845,2026-10-08,1,Normal
ORD007789,SX00007789,19604,IL01,Delivered,2026-10-05 16:09:30.297029,2026-10-07,1,Normal
ORD007790,SX00007790,10667,IL01,Delivered,2026-10-05 16:10:22.142214,2026-10-06,1,Normal
ORD007791,SX00007791,13370,IL01,Delivered,2026-10-05 16:11:13.987398,2026-10-07,1,Normal
ORD007792,SX00007792,15976,IL01,Delivered,2026-10-05 16:12:05.832583,2026-10-08,1,Normal
ORD007793,SX00007793,11394,IL01,Delivered,2026-10-05 16:12:57.677767,2026-10-07,1,Normal
ORD007794,SX00007794,18290,CA01,Delivered,2026-10-05 16:13:49.522952,2026-10-08,1,Normal
ORD007796,SX00007796,16982,IL01,Delivered,2026-10-05 16:15:33.213321,2026-10-06,1,Normal
ORD007797,SX00007797,18613,IL01,Delivered,2026-10-05 16:16:25.058505,2026-10-07,1,Normal
ORD007798,SX00007798,15599,CA01,Delivered,2026-10-05 16:17:16.903690,2026-10-07,1,Normal
ORD007799,SX00007799,13650,CA01,Delivered,2026-10-05 16:18:08.748874,2026-10-07,1,Normal
ORD007800,SX00007800,19324,TX01,Delivered,2026-10-05 16:19:00.594059,2026-10-07,1,Normal
ORD007801,SX00007801,19894,NJ01,Delivered,2026-10-05 16:19:52.439243,2026-10-08,1,Normal
ORD007803,SX00007803,13190,IL01,Delivered,2026-10-05 16:21:36.129612,2026-10-06,1,Normal
ORD007804,SX00007804,18789,NJ01,Delivered,2026-10-05 16:22:27.974797,2026-10-07,1,Normal
ORD007805,SX00007805,10391,TX01,Delivered,2026-10-05 16:23:19.819981,2026-10-06,1,Normal
ORD007807,SX00007807,12650,IL01,Delivered,2026-10-05 16:25:03.510351,2026-10-08,1,Normal
ORD007808,SX00007808,12384,NJ01,Delivered,2026-10-05 16:25:55.355535,2026-10-06,1,Normal
ORD007811,SX00007811,15501,IL01,Delivered,2026-10-05 16:28:30.891089,2026-10-08,1,Normal
ORD007812,SX00007812,16895,IL01,Delivered,2026-10-05 16:29:22.736273,2026-10-08,1,Normal
ORD007813,SX00007813,11159,NJ01,Delivered,2026-10-05 16:30:14.581458,2026-10-06,1,Normal
ORD007814,SX00007814,17574,CA01,Delivered,2026-10-05 16:31:06.426642,2026-10-07,1,Normal
ORD007815,SX00007815,11531,IL01,Delivered,2026-10-05 16:31:58.271827,2026-10-08,1,Normal
ORD007816,SX00007816,15481,IL01,Delivered,2026-10-05 16:32:50.117011,2026-10-08,1,Normal
ORD007818,SX00007818,14976,NJ01,Delivered,2026-10-05 16:34:33.807380,2026-10-07,1,Normal
ORD007819,SX00007819,15695,TX01,Delivered,2026-10-05 16:35:25.652565,2026-10-07,1,Normal
ORD007820,SX00007820,18445,IL01,Delivered,2026-10-05 16:36:17.497749,2026-10-06,1,Normal
ORD007821,SX00007821,13548,IL01,Delivered,2026-10-05 16:37:09.342934,2026-10-07,0,Missing Delivered Event
ORD007822,SX00007822,16163,CA01,Delivered,2026-10-05 16:38:01.188118,2026-10-08,1,Normal
ORD007828,SX00007828,14261,NJ01,Delivered,2026-10-05 16:43:12.259225,2026-10-06,1,Normal
ORD007829,SX00007829,19765,NJ01,Delivered,2026-10-05 16:44:04.104410,2026-10-07,1,Normal
ORD007831,SX00007831,14712,NJ01,Delivered,2026-10-05 16:45:47.794779,2026-10-06,1,Normal
ORD007832,SX00007832,16755,TX01,Delivered,2026-10-05 16:46:39.639963,2026-10-06,1,Normal
ORD007835,SX00007835,13515,NJ01,Delivered,2026-10-05 16:49:15.175517,2026-10-08,1,Normal
ORD007836,SX00007836,13403,NJ01,Delivered,2026-10-05 16:50:07.020702,2026-10-06,1,Normal
ORD007837,SX00007837,14598,CA01,Delivered,2026-10-05 16:50:58.865886,2026-10-06,1,Normal
ORD007838,SX00007838,15008,TX01,Delivered,2026-10-05 16:51:50.711071,2026-10-06,1,Normal
ORD007839,SX00007839,16222,CA01,Delivered,2026-10-05 16:52:42.556255,2026-10-07,1,Normal
ORD007841,SX00007841,12735,IL01,Delivered,2026-10-05 16:54:26.246624,2026-10-06,1,Normal
ORD007842,SX00007842,14491,TX01,Delivered,2026-10-05 16:55:18.091809,2026-10-07,1,Normal
ORD007844,SX00007844,10974,IL01,Delivered,2026-10-05 16:57:01.782178,2026-10-07,1,Normal
ORD007846,SX00007846,14613,IL01,Delivered,2026-10-05 16:58:45.472547,2026-10-07,1,Normal
ORD007848,SX00007848,18427,IL01,Delivered,2026-10-05 17:00:29.162916,2026-10-07,1,Normal
ORD007849,SX00007849,14211,CA01,Delivered,2026-10-05 17:01:21.008100,2026-10-07,1,Normal
ORD007850,SX00007850,10225,NJ01,Delivered,2026-10-05 17:02:12.853285,2026-10-08,1,Normal
ORD007851,SX00007851,18183,TX01,Delivered,2026-10-05 17:03:04.698469,2026-10-07,1,Normal
ORD007852,SX00007852,14277,IL01,Delivered,2026-10-05 17:03:56.543654,2026-10-07,1,Normal
ORD007853,SX00007853,11341,NJ01,Delivered,2026-10-05 17:04:48.388838,2026-10-07,1,Normal
ORD007855,SX00007855,18401,IL01,Delivered,2026-10-05 17:06:32.079207,2026-10-06,0,Missing Delivered Event
ORD007860,SX00007860,16558,IL01,Delivered,2026-10-05 17:10:51.305130,2026-10-07,1,Normal
ORD007861,SX00007861,10393,NJ01,Delivered,2026-10-05 17:11:43.150315,2026-10-07,1,Normal
ORD007862,SX00007862,16839,NJ01,Delivered,2026-10-05 17:12:34.995499,2026-10-07,1,Normal
ORD007863,SX00007863,19035,IL01,Delivered,2026-10-05 17:13:26.840684,2026-10-06,1,Normal
ORD007864,SX00007864,19716,TX01,Delivered,2026-10-05 17:14:18.685868,2026-10-07,1,Normal
ORD007865,SX00007865,18795,TX01,Delivered,2026-10-05 17:15:10.531053,2026-10-07,1,Normal
ORD007866,SX00007866,10581,TX01,Delivered,2026-10-05 17:16:02.376237,2026-10-08,1,Normal
ORD007870,SX00007870,13770,CA01,Delivered,2026-10-05 17:19:29.756975,2026-10-08,1,Normal
ORD007871,SX00007871,12268,IL01,Delivered,2026-10-05 17:20:21.602160,2026-10-07,1,Normal
ORD007873,SX00007873,17605,CA01,Delivered,2026-10-05 17:22:05.292529,2026-10-06,1,Normal
ORD007876,SX00007876,12835,CA01,Delivered,2026-10-05 17:24:40.828082,2026-10-08,1,Normal
ORD007877,SX00007877,12738,IL01,Delivered,2026-10-05 17:25:32.673267,2026-10-06,1,Normal
ORD007878,SX00007878,19549,IL01,Delivered,2026-10-05 17:26:24.518451,2026-10-07,1,Normal
ORD007879,SX00007879,14134,IL01,Delivered,2026-10-05 17:27:16.363636,2026-10-06,1,Normal
ORD007880,SX00007880,19508,IL01,Delivered,2026-10-05 17:28:08.208820,2026-10-08,1,Normal
ORD007882,SX00007882,18353,IL01,Delivered,2026-10-05 17:29:51.899189,2026-10-08,1,Normal
ORD007883,SX00007883,11909,TX01,Delivered,2026-10-05 17:30:43.744374,2026-10-07,1,Normal
ORD007884,SX00007884,19319,IL01,Delivered,2026-10-05 17:31:35.589558,2026-10-07,1,Normal
ORD007885,SX00007885,19850,IL01,Delivered,2026-10-05 17:32:27.434743,2026-10-07,1,Normal
ORD007887,SX00007887,15153,IL01,Delivered,2026-10-05 17:34:11.125112,2026-10-08,0,Missing Delivered Event
ORD007891,SX00007891,16461,IL01,Delivered,2026-10-05 17:37:38.505850,2026-10-07,1,Normal
ORD007892,SX00007892,16166,CA01,Delivered,2026-10-05 17:38:30.351035,2026-10-06,1,Normal
ORD007896,SX00007896,17379,IL01,Delivered,2026-10-05 17:41:57.731773,2026-10-07,1,Normal
ORD007897,SX00007897,19633,CA01,Delivered,2026-10-05 17:42:49.576957,2026-10-07,1,Normal
ORD007899,SX00007899,11067,TX01,Delivered,2026-10-05 17:44:33.267326,2026-10-06,1,Normal
ORD007900,SX00007900,14223,IL01,Delivered,2026-10-05 17:45:25.112511,2026-10-07,1,Normal
ORD007901,SX00007901,19018,TX01,Delivered,2026-10-05 17:46:16.957695,2026-10-06,1,Normal
ORD007903,SX00007903,13985,NJ01,Delivered,2026-10-05 17:48:00.648064,2026-10-08,1,Normal
ORD007904,SX00007904,13179,NJ01,Delivered,2026-10-05 17:48:52.493249,2026-10-08,1,Normal
ORD007905,SX00007905,14538,NJ01,Delivered,2026-10-05 17:49:44.338433,2026-10-08,1,Normal
ORD007906,SX00007906,12362,CA01,Delivered,2026-10-05 17:50:36.183618,2026-10-07,1,Normal
ORD007908,SX00007908,16371,NJ01,Delivered,2026-10-05 17:52:19.873987,2026-10-07,1,Normal
ORD007909,SX00007909,11726,IL01,Delivered,2026-10-05 17:53:11.719171,2026-10-07,1,Normal
ORD007910,SX00007910,15791,IL01,Delivered,2026-10-05 17:54:03.564356,2026-10-06,1,Normal
ORD007911,SX00007911,18073,IL01,Delivered,2026-10-05 17:54:55.409540,2026-10-08,1,Normal
ORD007912,SX00007912,18458,NJ01,Delivered,2026-10-05 17:55:47.254725,2026-10-07,1,Normal
ORD007915,SX00007915,14584,NJ01,Delivered,2026-10-05 17:58:22.790279,2026-10-08,1,Normal
ORD007916,SX00007916,10686,NJ01,Delivered,2026-10-05 17:59:14.635463,2026-10-08,1,Normal
ORD007917,SX00007917,10356,NJ01,Delivered,2026-10-05 18:00:06.480648,2026-10-06,1,Normal
ORD007919,SX00007919,14647,IL01,Delivered,2026-10-05 18:01:50.171017,2026-10-08,1,Normal
ORD007920,SX00007920,14418,IL01,Delivered,2026-10-05 18:02:42.016201,2026-10-06,1,Normal
ORD007922,SX00007922,13391,CA01,Delivered,2026-10-05 18:04:25.706570,2026-10-07,1,Normal
ORD007923,SX00007923,14357,CA01,Delivered,2026-10-05 18:05:17.551755,2026-10-07,1,Normal
ORD007924,SX00007924,14879,IL01,Delivered,2026-10-05 18:06:09.396939,2026-10-06,1,Normal
ORD007925,SX00007925,15319,IL01,Delivered,2026-10-05 18:07:01.242124,2026-10-07,1,Normal
ORD007928,SX00007928,19727,NJ01,Delivered,2026-10-05 18:09:36.777677,2026-10-07,1,Normal
ORD007929,SX00007929,14784,CA01,Delivered,2026-10-05 18:10:28.622862,2026-10-07,1,Normal
ORD007930,SX00007930,19964,TX01,Delivered,2026-10-05 18:11:20.468046,2026-10-07,1,Normal
ORD007931,SX00007931,10877,CA01,Delivered,2026-10-05 18:12:12.313231,2026-10-07,1,Normal
ORD007932,SX00007932,12870,NJ01,Delivered,2026-10-05 18:13:04.158415,2026-10-06,1,Normal
ORD007933,SX00007933,10292,IL01,Delivered,2026-10-05 18:13:56.003600,2026-10-07,1,Normal
ORD007934,SX00007934,19843,TX01,Delivered,2026-10-05 18:14:47.848784,2026-10-08,1,Normal
ORD007935,SX00007935,18728,NJ01,Delivered,2026-10-05 18:15:39.693969,2026-10-08,1,Normal
ORD007936,SX00007936,12686,IL01,Delivered,2026-10-05 18:16:31.539153,2026-10-06,1,Normal
ORD007937,SX00007937,10233,IL01,Delivered,2026-10-05 18:17:23.384338,2026-10-06,1,Normal
ORD007938,SX00007938,12374,NJ01,Delivered,2026-10-05 18:18:15.229522,2026-10-08,1,Normal
ORD007939,SX00007939,12272,NJ01,Delivered,2026-10-05 18:19:07.074707,2026-10-08,1,Normal
ORD007940,SX00007940,10966,NJ01,Delivered,2026-10-05 18:19:58.919891,2026-10-06,1,Normal
ORD007941,SX00007941,10889,IL01,Delivered,2026-10-05 18:20:50.765076,2026-10-08,1,Normal
ORD007942,SX00007942,13863,NJ01,Delivered,2026-10-05 18:21:42.610261,2026-10-08,1,Normal
ORD007943,SX00007943,16154,IL01,Delivered,2026-10-05 18:22:34.455445,2026-10-06,1,Normal
ORD007944,SX00007944,13400,TX01,Delivered,2026-10-05 18:23:26.300630,2026-10-06,1,Normal
ORD007945,SX00007945,18226,NJ01,Delivered,2026-10-05 18:24:18.145814,2026-10-07,1,Normal
ORD007946,SX00007946,14542,TX01,Delivered,2026-10-05 18:25:09.990999,2026-10-07,1,Normal
ORD007948,SX00007948,11763,TX01,Delivered,2026-10-05 18:26:53.681368,2026-10-06,1,Normal
ORD007951,SX00007951,11558,IL01,Delivered,2026-10-05 18:29:29.216921,2026-10-08,1,Normal
ORD007953,SX00007953,16121,NJ01,Delivered,2026-10-05 18:31:12.907290,2026-10-08,1,Normal
ORD007954,SX00007954,12276,NJ01,Delivered,2026-10-05 18:32:04.752475,2026-10-06,1,Normal
ORD007957,SX00007957,17520,IL01,Delivered,2026-10-05 18:34:40.288028,2026-10-06,1,Normal
ORD007958,SX00007958,19611,IL01,Delivered,2026-10-05 18:35:32.133213,2026-10-08,1,Normal
ORD007961,SX00007961,17869,IL01,Delivered,2026-10-05 18:38:07.668766,2026-10-06,1,Normal
ORD007962,SX00007962,12956,CA01,Delivered,2026-10-05 18:38:59.513951,2026-10-06,1,Normal
ORD007963,SX00007963,17710,IL01,Delivered,2026-10-05 18:39:51.359135,2026-10-06,1,Normal
ORD007964,SX00007964,16017,TX01,Delivered,2026-10-05 18:40:43.204320,2026-10-07,1,Normal
ORD007966,SX00007966,13384,NJ01,Delivered,2026-10-05 18:42:26.894689,2026-10-08,1,Normal
ORD007969,SX00007969,18897,IL01,Delivered,2026-10-05 18:45:02.430243,2026-10-06,1,Normal
ORD007970,SX00007970,19212,TX01,Delivered,2026-10-05 18:45:54.275427,2026-10-06,1,Normal
ORD007971,SX00007971,19638,IL01,Delivered,2026-10-05 18:46:46.120612,2026-10-07,1,Normal
ORD007972,SX00007972,17756,CA01,Delivered,2026-10-05 18:47:37.965796,2026-10-06,1,Normal
ORD007973,SX00007973,16948,NJ01,Delivered,2026-10-05 18:48:29.810981,2026-10-07,1,Normal
ORD007974,SX00007974,15755,IL01,Delivered,2026-10-05 18:49:21.656165,2026-10-07,1,Normal
ORD007975,SX00007975,13602,TX01,Delivered,2026-10-05 18:50:13.501350,2026-10-06,1,Normal
ORD007976,SX00007976,15062,IL01,Delivered,2026-10-05 18:51:05.346534,2026-10-07,1,Normal
ORD007977,SX00007977,18071,IL01,Delivered,2026-10-05 18:51:57.191719,2026-10-07,1,Normal
ORD007978,SX00007978,17244,NJ01,Delivered,2026-10-05 18:52:49.036903,2026-10-06,1,Normal
ORD007980,SX00007980,17105,NJ01,Delivered,2026-10-05 18:54:32.727272,2026-10-08,1,Normal
ORD007981,SX00007981,13581,IL01,Delivered,2026-10-05 18:55:24.572457,2026-10-07,0,Missing Delivered Event
ORD007985,SX00007985,10614,TX01,Delivered,2026-10-05 18:58:51.953195,2026-10-06,1,Normal
ORD007986,SX00007986,14050,CA01,Delivered,2026-10-05 18:59:43.798379,2026-10-08,1,Normal
ORD007987,SX00007987,10325,IL01,Delivered,2026-10-05 19:00:35.643564,2026-10-06,1,Normal
ORD007988,SX00007988,13740,NJ01,Delivered,2026-10-05 19:01:27.488748,2026-10-06,1,Normal
ORD007989,SX00007989,10358,CA01,Delivered,2026-10-05 19:02:19.333933,2026-10-06,1,Normal
ORD007990,SX00007990,13777,IL01,Delivered,2026-10-05 19:03:11.179117,2026-10-07,1,Normal
ORD007991,SX00007991,15906,IL01,Delivered,2026-10-05 19:04:03.024302,2026-10-07,1,Normal
ORD007992,SX00007992,11721,CA01,Delivered,2026-10-05 19:04:54.869486,2026-10-06,1,Normal
ORD007993,SX00007993,11349,TX01,Delivered,2026-10-05 19:05:46.714671,2026-10-08,1,Normal
ORD007994,SX00007994,13696,IL01,Delivered,2026-10-05 19:06:38.559855,2026-10-07,1,Normal
ORD007995,SX00007995,13896,IL01,Delivered,2026-10-05 19:07:30.405040,2026-10-07,1,Normal
ORD007998,SX00007998,19819,TX01,Delivered,2026-10-05 19:10:05.940594,2026-10-08,1,Normal
ORD008000,SX00008000,13808,NJ01,Delivered,2026-10-05 19:11:49.630963,2026-10-07,1,Normal
ORD008001,SX00008001,15246,IL01,Delivered,2026-10-05 19:12:41.476147,2026-10-08,1,Normal
ORD008002,SX00008002,18384,IL01,Delivered,2026-10-05 19:13:33.321332,2026-10-08,1,Normal
ORD008004,SX00008004,12577,TX01,Delivered,2026-10-05 19:15:17.011701,2026-10-06,1,Normal
ORD008005,SX00008005,10091,NJ01,Delivered,2026-10-05 19:16:08.856885,2026-10-07,1,Normal
ORD008007,SX00008007,18672,NJ01,Delivered,2026-10-05 19:17:52.547254,2026-10-07,1,Normal
ORD008009,SX00008009,18128,NJ01,Delivered,2026-10-05 19:19:36.237623,2026-10-06,1,Normal
ORD008010,SX00008010,11075,IL01,Delivered,2026-10-05 19:20:28.082808,2026-10-08,1,Normal
ORD008012,SX00008012,18168,IL01,Delivered,2026-10-05 19:22:11.773177,2026-10-07,2,Duplicate Delivered Event
ORD008015,SX00008015,10604,TX01,Delivered,2026-10-05 19:24:47.308730,2026-10-06,1,Normal
ORD008016,SX00008016,12979,CA01,Delivered,2026-10-05 19:25:39.153915,2026-10-07,1,Normal
ORD008017,SX00008017,17140,CA01,Delivered,2026-10-05 19:26:30.999099,2026-10-08,1,Normal
ORD008018,SX00008018,17065,IL01,Delivered,2026-10-05 19:27:22.844284,2026-10-06,1,Normal
ORD008019,SX00008019,14916,IL01,Delivered,2026-10-05 19:28:14.689468,2026-10-06,1,Normal
ORD008021,SX00008021,10597,IL01,Delivered,2026-10-05 19:29:58.379837,2026-10-07,1,Normal
ORD008032,SX00008032,10665,CA01,Delivered,2026-10-05 19:39:28.676867,2026-10-07,1,Normal
ORD008033,SX00008033,17846,TX01,Delivered,2026-10-05 19:40:20.522052,2026-10-08,1,Normal
ORD008034,SX00008034,16611,CA01,Delivered,2026-10-05 19:41:12.367236,2026-10-06,1,Normal
ORD008035,SX00008035,11079,TX01,Delivered,2026-10-05 19:42:04.212421,2026-10-07,1,Normal
ORD008036,SX00008036,18419,NJ01,Delivered,2026-10-05 19:42:56.057605,2026-10-07,1,Normal
ORD008038,SX00008038,11069,IL01,Delivered,2026-10-05 19:44:39.747974,2026-10-07,1,Normal
ORD008039,SX00008039,15263,NJ01,Delivered,2026-10-05 19:45:31.593159,2026-10-06,1,Normal
ORD008044,SX00008044,10519,IL01,Delivered,2026-10-05 19:49:50.819081,2026-10-07,1,Normal
ORD008045,SX00008045,15463,NJ01,Delivered,2026-10-05 19:50:42.664266,2026-10-07,1,Normal
ORD008046,SX00008046,17233,IL01,Delivered,2026-10-05 19:51:34.509450,2026-10-06,1,Normal
ORD008047,SX00008047,11102,IL01,Delivered,2026-10-05 19:52:26.354635,2026-10-06,1,Normal
ORD008048,SX00008048,10597,IL01,Delivered,2026-10-05 19:53:18.199819,2026-10-08,1,Normal
ORD008051,SX00008051,16256,IL01,Delivered,2026-10-05 19:55:53.735373,2026-10-07,1,Normal
ORD008052,SX00008052,17258,CA01,Delivered,2026-10-05 19:56:45.580558,2026-10-08,1,Normal
ORD008053,SX00008053,18780,IL01,Delivered,2026-10-05 19:57:37.425742,2026-10-06,1,Normal
ORD008054,SX00008054,16554,IL01,Delivered,2026-10-05 19:58:29.270927,2026-10-08,1,Normal
ORD008056,SX00008056,18002,IL01,Delivered,2026-10-05 20:00:12.961296,2026-10-06,1,Normal
ORD008059,SX00008059,19186,TX01,Delivered,2026-10-05 20:02:48.496849,2026-10-06,1,Normal
ORD008061,SX00008061,16605,NJ01,Delivered,2026-10-05 20:04:32.187218,2026-10-06,1,Normal
ORD008062,SX00008062,12986,IL01,Delivered,2026-10-05 20:05:24.032403,2026-10-06,1,Normal
ORD008063,SX00008063,10400,NJ01,Delivered,2026-10-05 20:06:15.877587,2026-10-06,1,Normal
ORD008064,SX00008064,12855,IL01,Delivered,2026-10-05 20:07:07.722772,2026-10-08,1,Normal
ORD008065,SX00008065,13412,CA01,Delivered,2026-10-05 20:07:59.567956,2026-10-06,1,Normal
ORD008066,SX00008066,10056,IL01,Delivered,2026-10-05 20:08:51.413141,2026-10-08,1,Normal
ORD008067,SX00008067,18022,NJ01,Delivered,2026-10-05 20:09:43.258325,2026-10-06,1,Normal
ORD008068,SX00008068,11875,CA01,Delivered,2026-10-05 20:10:35.103510,2026-10-07,1,Normal
ORD008070,SX00008070,14298,CA01,Delivered,2026-10-05 20:12:18.793879,2026-10-08,1,Normal
ORD008072,SX00008072,15752,IL01,Delivered,2026-10-05 20:14:02.484248,2026-10-07,1,Normal
ORD008074,SX00008074,11353,IL01,Delivered,2026-10-05 20:15:46.174617,2026-10-07,1,Normal
ORD008075,SX00008075,14987,IL01,Delivered,2026-10-05 20:16:38.019801,2026-10-08,1,Normal
ORD008076,SX00008076,16597,TX01,Delivered,2026-10-05 20:17:29.864986,2026-10-06,1,Normal
ORD008077,SX00008077,14311,NJ01,Delivered,2026-10-05 20:18:21.710171,2026-10-06,1,Normal
ORD008078,SX00008078,12934,CA01,Delivered,2026-10-05 20:19:13.555355,2026-10-08,1,Normal
ORD008081,SX00008081,18940,IL01,Delivered,2026-10-05 20:21:49.090909,2026-10-06,1,Normal
ORD008082,SX00008082,10804,TX01,Delivered,2026-10-05 20:22:40.936093,2026-10-06,1,Normal
ORD008083,SX00008083,18325,TX01,Delivered,2026-10-05 20:23:32.781278,2026-10-07,1,Normal
ORD008085,SX00008085,18625,IL01,Delivered,2026-10-05 20:25:16.471647,2026-10-06,1,Normal
ORD008086,SX00008086,15141,IL01,Delivered,2026-10-05 20:26:08.316831,2026-10-06,1,Normal
ORD008087,SX00008087,14968,CA01,Delivered,2026-10-05 20:27:00.162016,2026-10-06,1,Normal
ORD008088,SX00008088,13671,IL01,Delivered,2026-10-05 20:27:52.007200,2026-10-08,1,Normal
ORD008089,SX00008089,17292,NJ01,Delivered,2026-10-05 20:28:43.852385,2026-10-08,1,Normal
ORD008090,SX00008090,17001,IL01,Delivered,2026-10-05 20:29:35.697569,2026-10-06,1,Normal
ORD008091,SX00008091,12098,NJ01,Delivered,2026-10-05 20:30:27.542754,2026-10-06,1,Normal
ORD008092,SX00008092,18444,TX01,Delivered,2026-10-05 20:31:19.387938,2026-10-07,1,Normal
ORD008095,SX00008095,13264,IL01,Delivered,2026-10-05 20:33:54.923492,2026-10-08,1,Normal
ORD008096,SX00008096,15435,IL01,Delivered,2026-10-05 20:34:46.768676,2026-10-08,1,Normal
ORD008097,SX00008097,18493,IL01,Delivered,2026-10-05 20:35:38.613861,2026-10-08,1,Normal
ORD008098,SX00008098,16691,TX01,Delivered,2026-10-05 20:36:30.459045,2026-10-07,1,Normal
ORD008099,SX00008099,12763,IL01,Delivered,2026-10-05 20:37:22.304230,2026-10-06,1,Normal
ORD008100,SX00008100,14005,NJ01,Delivered,2026-10-05 20:38:14.149414,2026-10-08,1,Normal
ORD008101,SX00008101,13241,TX01,Delivered,2026-10-05 20:39:05.994599,2026-10-07,1,Normal
ORD008102,SX00008102,13057,TX01,Delivered,2026-10-05 20:39:57.839783,2026-10-06,1,Normal
ORD008103,SX00008103,10550,NJ01,Delivered,2026-10-05 20:40:49.684968,2026-10-06,1,Normal
ORD008104,SX00008104,15574,NJ01,Delivered,2026-10-05 20:41:41.530153,2026-10-07,1,Normal
ORD008109,SX00008109,14409,TX01,Delivered,2026-10-05 20:46:00.756075,2026-10-07,1,Normal
ORD008111,SX00008111,10712,NJ01,Delivered,2026-10-05 20:47:44.446444,2026-10-06,1,Normal
ORD008112,SX00008112,15406,CA01,Delivered,2026-10-05 20:48:36.291629,2026-10-08,1,Normal
ORD008113,SX00008113,17990,IL01,Delivered,2026-10-05 20:49:28.136813,2026-10-07,1,Normal
ORD008114,SX00008114,17420,TX01,Delivered,2026-10-05 20:50:19.981998,2026-10-08,1,Normal
ORD008117,SX00008117,13301,CA01,Delivered,2026-10-05 20:52:55.517551,2026-10-06,1,Normal
ORD008118,SX00008118,10270,NJ01,Delivered,2026-10-05 20:53:47.362736,2026-10-07,1,Normal
ORD008120,SX00008120,11079,CA01,Delivered,2026-10-05 20:55:31.053105,2026-10-06,1,Normal
ORD008121,SX00008121,15322,TX01,Delivered,2026-10-05 20:56:22.898289,2026-10-06,1,Normal
ORD008122,SX00008122,18795,TX01,Delivered,2026-10-05 20:57:14.743474,2026-10-08,1,Normal
ORD008124,SX00008124,17982,NJ01,Delivered,2026-10-05 20:58:58.433843,2026-10-08,1,Normal
ORD008127,SX00008127,15006,TX01,Delivered,2026-10-05 21:01:33.969396,2026-10-06,1,Normal
ORD008128,SX00008128,13985,TX01,Delivered,2026-10-05 21:02:25.814581,2026-10-07,1,Normal
ORD008129,SX00008129,19587,IL01,Delivered,2026-10-05 21:03:17.659765,2026-10-06,1,Normal
ORD008130,SX00008130,18791,TX01,Delivered,2026-10-05 21:04:09.504950,2026-10-08,1,Normal
ORD008131,SX00008131,18705,TX01,Delivered,2026-10-05 21:05:01.350135,2026-10-08,1,Normal
ORD008132,SX00008132,15991,TX01,Delivered,2026-10-05 21:05:53.195319,2026-10-07,1,Normal
ORD008133,SX00008133,16227,IL01,Delivered,2026-10-05 21:06:45.040504,2026-10-08,1,Normal
ORD008134,SX00008134,19258,CA01,Delivered,2026-10-05 21:07:36.885688,2026-10-07,1,Normal
ORD008135,SX00008135,17833,IL01,Delivered,2026-10-05 21:08:28.730873,2026-10-08,1,Normal
ORD008136,SX00008136,12886,IL01,Delivered,2026-10-05 21:09:20.576057,2026-10-06,1,Normal
ORD008137,SX00008137,12653,TX01,Delivered,2026-10-05 21:10:12.421242,2026-10-07,1,Normal
ORD008139,SX00008139,14864,IL01,Delivered,2026-10-05 21:11:56.111611,2026-10-08,1,Normal
ORD008140,SX00008140,12514,TX01,Delivered,2026-10-05 21:12:47.956795,2026-10-06,1,Normal
ORD008141,SX00008141,13969,IL01,Delivered,2026-10-05 21:13:39.801980,2026-10-06,1,Normal
ORD008143,SX00008143,17740,IL01,Delivered,2026-10-05 21:15:23.492349,2026-10-07,1,Normal
ORD008146,SX00008146,10789,IL01,Delivered,2026-10-05 21:17:59.027902,2026-10-06,1,Normal
ORD008147,SX00008147,13475,TX01,Delivered,2026-10-05 21:18:50.873087,2026-10-06,1,Normal
ORD008148,SX00008148,19856,NJ01,Delivered,2026-10-05 21:19:42.718271,2026-10-08,1,Normal
ORD008149,SX00008149,11309,TX01,Delivered,2026-10-05 21:20:34.563456,2026-10-07,1,Normal
ORD008150,SX00008150,10864,CA01,Delivered,2026-10-05 21:21:26.408640,2026-10-08,1,Normal
ORD008151,SX00008151,15389,TX01,Delivered,2026-10-05 21:22:18.253825,2026-10-06,1,Normal
ORD008153,SX00008153,18215,NJ01,Delivered,2026-10-05 21:24:01.944194,2026-10-08,1,Normal
ORD008154,SX00008154,13003,TX01,Delivered,2026-10-05 21:24:53.789378,2026-10-06,1,Normal
ORD008155,SX00008155,18502,IL01,Delivered,2026-10-05 21:25:45.634563,2026-10-06,1,Normal
ORD008156,SX00008156,11231,IL01,Delivered,2026-10-05 21:26:37.479747,2026-10-06,0,Missing Delivered Event
ORD008158,SX00008158,12711,IL01,Delivered,2026-10-05 21:28:21.170117,2026-10-07,1,Normal
ORD008160,SX00008160,17705,TX01,Delivered,2026-10-05 21:30:04.860486,2026-10-06,1,Normal
ORD008162,SX00008162,19965,IL01,Delivered,2026-10-05 21:31:48.550855,2026-10-07,1,Normal
ORD008166,SX00008166,11564,NJ01,Delivered,2026-10-05 21:35:15.931593,2026-10-08,1,Normal
ORD008167,SX00008167,17332,CA01,Delivered,2026-10-05 21:36:07.776777,2026-10-08,1,Normal
ORD008168,SX00008168,14944,TX01,Delivered,2026-10-05 21:36:59.621962,2026-10-07,1,Normal
ORD008170,SX00008170,12986,IL01,Delivered,2026-10-05 21:38:43.312331,2026-10-07,1,Normal
ORD008172,SX00008172,16131,CA01,Delivered,2026-10-05 21:40:27.002700,2026-10-07,1,Normal
ORD008173,SX00008173,19353,IL01,Delivered,2026-10-05 21:41:18.847884,2026-10-06,0,Missing Delivered Event
ORD008174,SX00008174,13258,NJ01,Delivered,2026-10-05 21:42:10.693069,2026-10-08,1,Normal
ORD008175,SX00008175,16121,IL01,Delivered,2026-10-05 21:43:02.538253,2026-10-08,2,Duplicate Delivered Event
ORD008176,SX00008176,14811,CA01,Delivered,2026-10-05 21:43:54.383438,2026-10-08,1,Normal
ORD008177,SX00008177,16574,TX01,Delivered,2026-10-05 21:44:46.228622,2026-10-08,1,Normal
ORD008178,SX00008178,16697,IL01,Delivered,2026-10-05 21:45:38.073807,2026-10-06,1,Normal
ORD008180,SX00008180,11439,IL01,Delivered,2026-10-05 21:47:21.764176,2026-10-07,1,Normal
ORD008182,SX00008182,14480,NJ01,Delivered,2026-10-05 21:49:05.454545,2026-10-08,1,Normal
ORD008184,SX00008184,13324,CA01,Delivered,2026-10-05 21:50:49.144914,2026-10-06,1,Normal
ORD008185,SX00008185,16777,NJ01,Delivered,2026-10-05 21:51:40.990099,2026-10-06,1,Normal
ORD008186,SX00008186,10105,TX01,Delivered,2026-10-05 21:52:32.835283,2026-10-07,1,Normal
ORD008187,SX00008187,13201,IL01,Delivered,2026-10-05 21:53:24.680468,2026-10-07,1,Normal
ORD008188,SX00008188,10669,IL01,Delivered,2026-10-05 21:54:16.525652,2026-10-07,1,Normal
ORD008191,SX00008191,10307,NJ01,Delivered,2026-10-05 21:56:52.061206,2026-10-07,1,Normal
ORD008193,SX00008193,10109,NJ01,Delivered,2026-10-05 21:58:35.751575,2026-10-06,1,Normal
ORD008194,SX00008194,13632,IL01,Delivered,2026-10-05 21:59:27.596759,2026-10-06,1,Normal
ORD008195,SX00008195,16728,CA01,Delivered,2026-10-05 22:00:19.441944,2026-10-08,1,Normal
ORD008197,SX00008197,16499,IL01,Delivered,2026-10-05 22:02:03.132313,2026-10-07,1,Normal
ORD008199,SX00008199,10556,TX01,Delivered,2026-10-05 22:03:46.822682,2026-10-06,1,Normal
ORD008203,SX00008203,10145,TX01,Delivered,2026-10-05 22:07:14.203420,2026-10-08,1,Normal
ORD008204,SX00008204,10873,CA01,Delivered,2026-10-05 22:08:06.048604,2026-10-07,1,Normal
ORD008205,SX00008205,10298,IL01,Delivered,2026-10-05 22:08:57.893789,2026-10-08,1,Normal
ORD008206,SX00008206,13238,CA01,Delivered,2026-10-05 22:09:49.738973,2026-10-07,1,Normal
ORD008208,SX00008208,16382,IL01,Delivered,2026-10-05 22:11:33.429342,2026-10-07,1,Normal
ORD008209,SX00008209,12511,IL01,Delivered,2026-10-05 22:12:25.274527,2026-10-08,1,Normal
ORD008210,SX00008210,16596,IL01,Delivered,2026-10-05 22:13:17.119711,2026-10-08,1,Normal
ORD008211,SX00008211,10783,IL01,Delivered,2026-10-05 22:14:08.964896,2026-10-08,1,Normal
ORD008213,SX00008213,10370,IL01,Delivered,2026-10-05 22:15:52.655265,2026-10-06,1,Normal
ORD008215,SX00008215,17378,IL01,Delivered,2026-10-05 22:17:36.345634,2026-10-08,1,Normal
ORD008216,SX00008216,13196,TX01,Delivered,2026-10-05 22:18:28.190819,2026-10-08,1,Normal
ORD008217,SX00008217,19552,CA01,Delivered,2026-10-05 22:19:20.036003,2026-10-07,1,Normal
ORD008218,SX00008218,14287,IL01,Delivered,2026-10-05 22:20:11.881188,2026-10-07,1,Normal
ORD008219,SX00008219,12261,NJ01,Delivered,2026-10-05 22:21:03.726372,2026-10-07,1,Normal
ORD008221,SX00008221,18572,NJ01,Delivered,2026-10-05 22:22:47.416741,2026-10-08,1,Normal
ORD008222,SX00008222,10238,IL01,Delivered,2026-10-05 22:23:39.261926,2026-10-06,1,Normal
ORD008224,SX00008224,11105,TX01,Delivered,2026-10-05 22:25:22.952295,2026-10-06,1,Normal
ORD008226,SX00008226,19719,IL01,Delivered,2026-10-05 22:27:06.642664,2026-10-06,1,Normal
ORD008227,SX00008227,11667,IL01,Delivered,2026-10-05 22:27:58.487848,2026-10-08,1,Normal
ORD008228,SX00008228,12691,NJ01,Delivered,2026-10-05 22:28:50.333033,2026-10-08,1,Normal
ORD008229,SX00008229,17756,NJ01,Delivered,2026-10-05 22:29:42.178217,2026-10-08,1,Normal
ORD008230,SX00008230,11996,IL01,Delivered,2026-10-05 22:30:34.023402,2026-10-08,1,Normal
ORD008231,SX00008231,11425,TX01,Delivered,2026-10-05 22:31:25.868586,2026-10-08,1,Normal
ORD008233,SX00008233,16849,IL01,Delivered,2026-10-05 22:33:09.558955,2026-10-07,1,Normal
ORD008234,SX00008234,13247,IL01,Delivered,2026-10-05 22:34:01.404140,2026-10-06,1,Normal
ORD008235,SX00008235,12592,CA01,Delivered,2026-10-05 22:34:53.249324,2026-10-07,1,Normal
ORD008236,SX00008236,11490,IL01,Delivered,2026-10-05 22:35:45.094509,2026-10-06,1,Normal
ORD008237,SX00008237,11224,CA01,Delivered,2026-10-05 22:36:36.939693,2026-10-06,1,Normal
ORD008238,SX00008238,12587,NJ01,Delivered,2026-10-05 22:37:28.784878,2026-10-06,1,Normal
ORD008240,SX00008240,13064,TX01,Delivered,2026-10-05 22:39:12.475247,2026-10-08,1,Normal
ORD008241,SX00008241,17804,IL01,Delivered,2026-10-05 22:40:04.320432,2026-10-08,1,Normal
ORD008242,SX00008242,10832,IL01,Delivered,2026-10-05 22:40:56.165616,2026-10-06,1,Normal
ORD008243,SX00008243,12440,IL01,Delivered,2026-10-05 22:41:48.010801,2026-10-06,1,Normal
ORD008244,SX00008244,14795,CA01,Delivered,2026-10-05 22:42:39.855985,2026-10-06,1,Normal
ORD008245,SX00008245,11646,NJ01,Delivered,2026-10-05 22:43:31.701170,2026-10-07,1,Normal
ORD008246,SX00008246,10440,IL01,Delivered,2026-10-05 22:44:23.546354,2026-10-08,1,Normal
ORD008247,SX00008247,15956,IL01,Delivered,2026-10-05 22:45:15.391539,2026-10-08,1,Normal
ORD008249,SX00008249,12367,IL01,Delivered,2026-10-05 22:46:59.081908,2026-10-07,1,Normal
ORD008251,SX00008251,15190,IL01,Delivered,2026-10-05 22:48:42.772277,2026-10-07,1,Normal
ORD008255,SX00008255,19496,TX01,Delivered,2026-10-05 22:52:10.153015,2026-10-06,1,Normal
ORD008256,SX00008256,13034,CA01,Delivered,2026-10-05 22:53:01.998199,2026-10-08,1,Normal
ORD008257,SX00008257,19377,TX01,Delivered,2026-10-05 22:53:53.843384,2026-10-08,1,Normal
ORD008258,SX00008258,13262,NJ01,Delivered,2026-10-05 22:54:45.688568,2026-10-07,1,Normal
ORD008259,SX00008259,12107,TX01,Delivered,2026-10-05 22:55:37.533753,2026-10-06,1,Normal
ORD008260,SX00008260,17036,CA01,Delivered,2026-10-05 22:56:29.378937,2026-10-06,1,Normal
ORD008261,SX00008261,14320,NJ01,Delivered,2026-10-05 22:57:21.224122,2026-10-06,1,Normal
ORD008262,SX00008262,15938,NJ01,Delivered,2026-10-05 22:58:13.069306,2026-10-08,1,Normal
ORD008263,SX00008263,12747,IL01,Delivered,2026-10-05 22:59:04.914491,2026-10-08,0,Missing Delivered Event
ORD008264,SX00008264,14677,CA01,Delivered,2026-10-05 22:59:56.759675,2026-10-08,1,Normal
ORD008265,SX00008265,17972,IL01,Delivered,2026-10-05 23:00:48.604860,2026-10-08,1,Normal
ORD008266,SX00008266,14264,IL01,Delivered,2026-10-05 23:01:40.450045,2026-10-08,1,Normal
ORD008268,SX00008268,11465,TX01,Delivered,2026-10-05 23:03:24.140414,2026-10-07,1,Normal
ORD008270,SX00008270,12211,TX01,Delivered,2026-10-05 23:05:07.830783,2026-10-07,1,Normal
ORD008272,SX00008272,19735,NJ01,Delivered,2026-10-05 23:06:51.521152,2026-10-06,1,Normal
ORD008274,SX00008274,19763,NJ01,Delivered,2026-10-05 23:08:35.211521,2026-10-08,1,Normal
ORD008276,SX00008276,17764,TX01,Delivered,2026-10-05 23:10:18.901890,2026-10-06,1,Normal
ORD008277,SX00008277,14541,CA01,Delivered,2026-10-05 23:11:10.747074,2026-10-07,1,Normal
ORD008278,SX00008278,13541,IL01,Delivered,2026-10-05 23:12:02.592259,2026-10-08,1,Normal
ORD008279,SX00008279,10818,IL01,Delivered,2026-10-05 23:12:54.437443,2026-10-07,1,Normal
ORD008280,SX00008280,14521,IL01,Delivered,2026-10-05 23:13:46.282628,2026-10-06,1,Normal
ORD008282,SX00008282,15660,CA01,Delivered,2026-10-05 23:15:29.972997,2026-10-06,1,Normal
ORD008283,SX00008283,15641,IL01,Delivered,2026-10-05 23:16:21.818181,2026-10-07,1,Normal
ORD008284,SX00008284,11129,IL01,Delivered,2026-10-05 23:17:13.663366,2026-10-08,1,Normal
ORD008285,SX00008285,11702,IL01,Delivered,2026-10-05 23:18:05.508550,2026-10-06,1,Normal
ORD008286,SX00008286,12001,NJ01,Delivered,2026-10-05 23:18:57.353735,2026-10-06,1,Normal
ORD008288,SX00008288,13878,IL01,Delivered,2026-10-05 23:20:41.044104,2026-10-08,1,Normal
ORD008289,SX00008289,17232,TX01,Delivered,2026-10-05 23:21:32.889288,2026-10-08,1,Normal
ORD008290,SX00008290,19998,IL01,Delivered,2026-10-05 23:22:24.734473,2026-10-07,2,Duplicate Delivered Event
ORD008291,SX00008291,16331,NJ01,Delivered,2026-10-05 23:23:16.579657,2026-10-07,1,Normal
ORD008292,SX00008292,16035,NJ01,Delivered,2026-10-05 23:24:08.424842,2026-10-08,1,Normal
ORD008293,SX00008293,16523,TX01,Delivered,2026-10-05 23:25:00.270027,2026-10-06,1,Normal
ORD008294,SX00008294,18111,IL01,Delivered,2026-10-05 23:25:52.115211,2026-10-08,1,Normal
ORD008296,SX00008296,12401,NJ01,Delivered,2026-10-05 23:27:35.805580,2026-10-08,1,Normal
ORD008298,SX00008298,18974,IL01,Delivered,2026-10-05 23:29:19.495949,2026-10-07,1,Normal
ORD008299,SX00008299,10539,IL01,Delivered,2026-10-05 23:30:11.341134,2026-10-07,1,Normal
ORD008300,SX00008300,15615,TX01,Delivered,2026-10-05 23:31:03.186318,2026-10-06,1,Normal
ORD008301,SX00008301,12956,NJ01,Delivered,2026-10-05 23:31:55.031503,2026-10-08,1,Normal
ORD008302,SX00008302,18077,IL01,Delivered,2026-10-05 23:32:46.876687,2026-10-08,1,Normal
ORD008303,SX00008303,13722,IL01,Delivered,2026-10-05 23:33:38.721872,2026-10-07,1,Normal
ORD008305,SX00008305,16460,CA01,Delivered,2026-10-05 23:35:22.412241,2026-10-08,1,Normal
ORD008307,SX00008307,13391,NJ01,Delivered,2026-10-05 23:37:06.102610,2026-10-08,1,Normal
ORD008308,SX00008308,16942,TX01,Delivered,2026-10-05 23:37:57.947794,2026-10-06,1,Normal
ORD008309,SX00008309,11616,TX01,Delivered,2026-10-05 23:38:49.792979,2026-10-06,1,Normal
ORD008310,SX00008310,19108,NJ01,Delivered,2026-10-05 23:39:41.638163,2026-10-06,1,Normal
ORD008311,SX00008311,16458,IL01,Delivered,2026-10-05 23:40:33.483348,2026-10-08,1,Normal
ORD008312,SX00008312,12756,TX01,Delivered,2026-10-05 23:41:25.328532,2026-10-07,1,Normal
ORD008313,SX00008313,16853,IL01,Delivered,2026-10-05 23:42:17.173717,2026-10-06,1,Normal
ORD008314,SX00008314,17709,IL01,Delivered,2026-10-05 23:43:09.018901,2026-10-08,1,Normal
ORD008315,SX00008315,11936,TX01,Delivered,2026-10-05 23:44:00.864086,2026-10-06,1,Normal
ORD008316,SX00008316,13091,NJ01,Delivered,2026-10-05 23:44:52.709270,2026-10-06,1,Normal
ORD008318,SX00008318,17297,NJ01,Delivered,2026-10-05 23:46:36.399639,2026-10-08,1,Normal
ORD008320,SX00008320,16499,IL01,Delivered,2026-10-05 23:48:20.090009,2026-10-07,1,Normal
ORD008321,SX00008321,15173,TX01,Delivered,2026-10-05 23:49:11.935193,2026-10-07,1,Normal
ORD008322,SX00008322,10889,IL01,Delivered,2026-10-05 23:50:03.780378,2026-10-06,2,Duplicate Delivered Event
ORD008323,SX00008323,18984,IL01,Delivered,2026-10-05 23:50:55.625562,2026-10-06,1,Normal
ORD008325,SX00008325,17382,TX01,Delivered,2026-10-05 23:52:39.315931,2026-10-08,1,Normal
ORD008326,SX00008326,13531,IL01,Delivered,2026-10-05 23:53:31.161116,2026-10-07,1,Normal
ORD008327,SX00008327,10801,NJ01,Delivered,2026-10-05 23:54:23.006300,2026-10-06,1,Normal
ORD008328,SX00008328,18234,IL01,Delivered,2026-10-05 23:55:14.851485,2026-10-07,1,Normal
ORD008331,SX00008331,19969,CA01,Delivered,2026-10-05 23:57:50.387038,2026-10-07,1,Normal
ORD008332,SX00008332,13201,IL01,Delivered,2026-10-05 23:58:42.232223,2026-10-07,1,Normal
ORD008334,SX00008334,19759,CA01,Delivered,2026-10-06 00:00:25.922592,2026-10-09,1,Normal
ORD008336,SX00008336,19972,TX01,Delivered,2026-10-06 00:02:09.612961,2026-10-09,1,Normal
ORD008337,SX00008337,10583,IL01,Delivered,2026-10-06 00:03:01.458145,2026-10-09,1,Normal
ORD008339,SX00008339,16028,IL01,Delivered,2026-10-06 00:04:45.148514,2026-10-07,1,Normal
ORD008340,SX00008340,17694,NJ01,Delivered,2026-10-06 00:05:36.993699,2026-10-07,1,Normal
ORD008341,SX00008341,16196,TX01,Delivered,2026-10-06 00:06:28.838883,2026-10-08,1,Normal
ORD008342,SX00008342,17083,NJ01,Delivered,2026-10-06 00:07:20.684068,2026-10-08,1,Normal
ORD008343,SX00008343,13401,IL01,Delivered,2026-10-06 00:08:12.529252,2026-10-07,1,Normal
ORD008344,SX00008344,13185,CA01,Delivered,2026-10-06 00:09:04.374437,2026-10-07,1,Normal
ORD008345,SX00008345,15285,NJ01,Delivered,2026-10-06 00:09:56.219621,2026-10-09,1,Normal
ORD008346,SX00008346,19354,CA01,Delivered,2026-10-06 00:10:48.064806,2026-10-09,1,Normal
ORD008347,SX00008347,16772,NJ01,Delivered,2026-10-06 00:11:39.909990,2026-10-09,1,Normal
ORD008350,SX00008350,10788,NJ01,Delivered,2026-10-06 00:14:15.445544,2026-10-07,1,Normal
ORD008351,SX00008351,14945,IL01,Delivered,2026-10-06 00:15:07.290729,2026-10-07,1,Normal
ORD008352,SX00008352,12889,NJ01,Delivered,2026-10-06 00:15:59.135913,2026-10-08,1,Normal
ORD008354,SX00008354,15273,NJ01,Delivered,2026-10-06 00:17:42.826282,2026-10-08,1,Normal
ORD008356,SX00008356,19069,NJ01,Delivered,2026-10-06 00:19:26.516651,2026-10-07,1,Normal
ORD008357,SX00008357,15234,IL01,Delivered,2026-10-06 00:20:18.361836,2026-10-07,1,Normal
ORD008358,SX00008358,19769,NJ01,Delivered,2026-10-06 00:21:10.207020,2026-10-09,1,Normal
ORD008359,SX00008359,16902,IL01,Delivered,2026-10-06 00:22:02.052205,2026-10-07,1,Normal
ORD008360,SX00008360,17612,IL01,Delivered,2026-10-06 00:22:53.897389,2026-10-09,1,Normal
ORD008361,SX00008361,12492,IL01,Delivered,2026-10-06 00:23:45.742574,2026-10-09,1,Normal
ORD008362,SX00008362,16745,IL01,Delivered,2026-10-06 00:24:37.587758,2026-10-07,1,Normal
ORD008363,SX00008363,19574,NJ01,Delivered,2026-10-06 00:25:29.432943,2026-10-09,1,Normal
ORD008364,SX00008364,14240,CA01,Delivered,2026-10-06 00:26:21.278127,2026-10-08,1,Normal
ORD008365,SX00008365,12322,NJ01,Delivered,2026-10-06 00:27:13.123312,2026-10-08,1,Normal
ORD008367,SX00008367,11861,CA01,Delivered,2026-10-06 00:28:56.813681,2026-10-07,1,Normal
ORD008369,SX00008369,14047,CA01,Delivered,2026-10-06 00:30:40.504050,2026-10-08,1,Normal
ORD008370,SX00008370,17581,IL01,Delivered,2026-10-06 00:31:32.349234,2026-10-09,1,Normal
ORD008371,SX00008371,17320,NJ01,Delivered,2026-10-06 00:32:24.194419,2026-10-08,1,Normal
ORD008373,SX00008373,15247,TX01,Delivered,2026-10-06 00:34:07.884788,2026-10-09,1,Normal
ORD008374,SX00008374,11734,NJ01,Delivered,2026-10-06 00:34:59.729972,2026-10-07,1,Normal
ORD008376,SX00008376,15909,CA01,Delivered,2026-10-06 00:36:43.420342,2026-10-07,1,Normal
ORD008377,SX00008377,13416,NJ01,Delivered,2026-10-06 00:37:35.265526,2026-10-08,1,Normal
ORD008378,SX00008378,16302,IL01,Delivered,2026-10-06 00:38:27.110711,2026-10-08,1,Normal
ORD008380,SX00008380,10680,NJ01,Delivered,2026-10-06 00:40:10.801080,2026-10-07,1,Normal
ORD008382,SX00008382,12070,IL01,Delivered,2026-10-06 00:41:54.491449,2026-10-09,1,Normal
ORD008384,SX00008384,18001,IL01,Delivered,2026-10-06 00:43:38.181818,2026-10-07,1,Normal
ORD008385,SX00008385,19921,NJ01,Delivered,2026-10-06 00:44:30.027002,2026-10-08,1,Normal
ORD008386,SX00008386,12191,TX01,Delivered,2026-10-06 00:45:21.872187,2026-10-07,1,Normal
ORD008388,SX00008388,19804,IL01,Delivered,2026-10-06 00:47:05.562556,2026-10-07,1,Normal
ORD008389,SX00008389,17586,NJ01,Delivered,2026-10-06 00:47:57.407740,2026-10-07,1,Normal
ORD008390,SX00008390,18872,IL01,Delivered,2026-10-06 00:48:49.252925,2026-10-09,1,Normal
ORD008391,SX00008391,19164,IL01,Delivered,2026-10-06 00:49:41.098109,2026-10-08,1,Normal
ORD008393,SX00008393,12463,CA01,Delivered,2026-10-06 00:51:24.788478,2026-10-07,1,Normal
ORD008394,SX00008394,16837,TX01,Delivered,2026-10-06 00:52:16.633663,2026-10-09,1,Normal
ORD008395,SX00008395,14922,IL01,Delivered,2026-10-06 00:53:08.478847,2026-10-07,1,Normal
ORD008399,SX00008399,12997,IL01,Delivered,2026-10-06 00:56:35.859585,2026-10-09,1,Normal
ORD008401,SX00008401,13227,IL01,Delivered,2026-10-06 00:58:19.549954,2026-10-09,1,Normal
ORD008402,SX00008402,16564,IL01,Delivered,2026-10-06 00:59:11.395139,2026-10-08,1,Normal
ORD008404,SX00008404,12024,IL01,Delivered,2026-10-06 01:00:55.085508,2026-10-07,1,Normal
ORD008406,SX00008406,12486,CA01,Delivered,2026-10-06 01:02:38.775877,2026-10-08,1,Normal
ORD008407,SX00008407,11155,IL01,Delivered,2026-10-06 01:03:30.621062,2026-10-09,1,Normal
ORD008408,SX00008408,14477,IL01,Delivered,2026-10-06 01:04:22.466246,2026-10-08,1,Normal
ORD008409,SX00008409,12185,CA01,Delivered,2026-10-06 01:05:14.311431,2026-10-08,1,Normal
ORD008410,SX00008410,17086,TX01,Delivered,2026-10-06 01:06:06.156615,2026-10-09,1,Normal
ORD008411,SX00008411,12317,CA01,Delivered,2026-10-06 01:06:58.001800,2026-10-09,1,Normal
ORD008414,SX00008414,12511,IL01,Delivered,2026-10-06 01:09:33.537353,2026-10-09,1,Normal
ORD008415,SX00008415,17842,IL01,Delivered,2026-10-06 01:10:25.382538,2026-10-07,1,Normal
ORD008416,SX00008416,18641,TX01,Delivered,2026-10-06 01:11:17.227722,2026-10-09,1,Normal
ORD008417,SX00008417,19546,IL01,Delivered,2026-10-06 01:12:09.072907,2026-10-08,1,Normal
ORD008418,SX00008418,17848,NJ01,Delivered,2026-10-06 01:13:00.918091,2026-10-09,1,Normal
ORD008419,SX00008419,15404,IL01,Delivered,2026-10-06 01:13:52.763276,2026-10-09,1,Normal
ORD008420,SX00008420,15393,TX01,Delivered,2026-10-06 01:14:44.608460,2026-10-09,1,Normal
ORD008422,SX00008422,12465,IL01,Delivered,2026-10-06 01:16:28.298829,2026-10-08,1,Normal
ORD008423,SX00008423,13175,NJ01,Delivered,2026-10-06 01:17:20.144014,2026-10-07,1,Normal
ORD008424,SX00008424,17849,IL01,Delivered,2026-10-06 01:18:11.989198,2026-10-07,1,Normal
ORD008425,SX00008425,19425,NJ01,Delivered,2026-10-06 01:19:03.834383,2026-10-08,1,Normal
ORD008426,SX00008426,19629,NJ01,Delivered,2026-10-06 01:19:55.679567,2026-10-08,1,Normal
ORD008427,SX00008427,18444,CA01,Delivered,2026-10-06 01:20:47.524752,2026-10-09,1,Normal
ORD008428,SX00008428,18210,NJ01,Delivered,2026-10-06 01:21:39.369936,2026-10-08,1,Normal
ORD008429,SX00008429,12759,NJ01,Delivered,2026-10-06 01:22:31.215121,2026-10-09,1,Normal
ORD008430,SX00008430,15255,CA01,Delivered,2026-10-06 01:23:23.060306,2026-10-07,1,Normal
ORD008431,SX00008431,18414,CA01,Delivered,2026-10-06 01:24:14.905490,2026-10-09,1,Normal
ORD008433,SX00008433,18130,NJ01,Delivered,2026-10-06 01:25:58.595859,2026-10-09,1,Normal
ORD008434,SX00008434,11259,NJ01,Delivered,2026-10-06 01:26:50.441044,2026-10-07,1,Normal
ORD008436,SX00008436,14323,CA01,Delivered,2026-10-06 01:28:34.131413,2026-10-08,1,Normal
ORD008437,SX00008437,15773,TX01,Delivered,2026-10-06 01:29:25.976597,2026-10-09,1,Normal
ORD008438,SX00008438,12568,IL01,Delivered,2026-10-06 01:30:17.821782,2026-10-09,1,Normal
ORD008439,SX00008439,11885,IL01,Delivered,2026-10-06 01:31:09.666966,2026-10-09,1,Normal
ORD008440,SX00008440,17060,IL01,Delivered,2026-10-06 01:32:01.512151,2026-10-07,1,Normal
ORD008441,SX00008441,17844,IL01,Delivered,2026-10-06 01:32:53.357335,2026-10-07,1,Normal
ORD008443,SX00008443,19491,NJ01,Delivered,2026-10-06 01:34:37.047704,2026-10-08,1,Normal
ORD008444,SX00008444,12338,IL01,Delivered,2026-10-06 01:35:28.892889,2026-10-07,1,Normal
ORD008445,SX00008445,19268,NJ01,Delivered,2026-10-06 01:36:20.738073,2026-10-09,1,Normal
ORD008446,SX00008446,13758,IL01,Delivered,2026-10-06 01:37:12.583258,2026-10-09,1,Normal
ORD008447,SX00008447,14810,IL01,Delivered,2026-10-06 01:38:04.428442,2026-10-07,0,Missing Delivered Event
ORD008449,SX00008449,16791,CA01,Delivered,2026-10-06 01:39:48.118811,2026-10-07,1,Normal
ORD008450,SX00008450,17171,NJ01,Delivered,2026-10-06 01:40:39.963996,2026-10-09,1,Normal
ORD008451,SX00008451,12731,NJ01,Delivered,2026-10-06 01:41:31.809180,2026-10-09,1,Normal
ORD008452,SX00008452,10869,NJ01,Delivered,2026-10-06 01:42:23.654365,2026-10-08,1,Normal
ORD008454,SX00008454,10093,IL01,Delivered,2026-10-06 01:44:07.344734,2026-10-09,1,Normal
ORD008455,SX00008455,12987,IL01,Delivered,2026-10-06 01:44:59.189918,2026-10-07,1,Normal
ORD008457,SX00008457,18627,TX01,Delivered,2026-10-06 01:46:42.880288,2026-10-07,1,Normal
ORD008458,SX00008458,14947,TX01,Delivered,2026-10-06 01:47:34.725472,2026-10-07,1,Normal
ORD008461,SX00008461,16794,IL01,Delivered,2026-10-06 01:50:10.261026,2026-10-08,1,Normal
ORD008462,SX00008462,16524,IL01,Delivered,2026-10-06 01:51:02.106210,2026-10-07,1,Normal
ORD008463,SX00008463,13144,IL01,Delivered,2026-10-06 01:51:53.951395,2026-10-09,1,Normal
ORD008464,SX00008464,13587,NJ01,Delivered,2026-10-06 01:52:45.796579,2026-10-08,1,Normal
ORD008465,SX00008465,10076,IL01,Delivered,2026-10-06 01:53:37.641764,2026-10-09,1,Normal
ORD008467,SX00008467,18959,CA01,Delivered,2026-10-06 01:55:21.332133,2026-10-08,1,Normal
ORD008468,SX00008468,16553,IL01,Delivered,2026-10-06 01:56:13.177317,2026-10-08,1,Normal
ORD008469,SX00008469,18297,NJ01,Delivered,2026-10-06 01:57:05.022502,2026-10-09,1,Normal
ORD008470,SX00008470,16694,IL01,Delivered,2026-10-06 01:57:56.867686,2026-10-08,1,Normal
ORD008471,SX00008471,12873,IL01,Delivered,2026-10-06 01:58:48.712871,2026-10-09,1,Normal
ORD008473,SX00008473,17024,CA01,Delivered,2026-10-06 02:00:32.403240,2026-10-07,1,Normal
ORD008474,SX00008474,13148,NJ01,Delivered,2026-10-06 02:01:24.248424,2026-10-07,1,Normal
ORD008475,SX00008475,19657,TX01,Delivered,2026-10-06 02:02:16.093609,2026-10-08,1,Normal
ORD008479,SX00008479,19597,TX01,Delivered,2026-10-06 02:05:43.474347,2026-10-09,1,Normal
ORD008481,SX00008481,17737,IL01,Delivered,2026-10-06 02:07:27.164716,2026-10-09,1,Normal
ORD008482,SX00008482,18333,NJ01,Delivered,2026-10-06 02:08:19.009900,2026-10-08,1,Normal
ORD008486,SX00008486,17310,IL01,Delivered,2026-10-06 02:11:46.390639,2026-10-09,1,Normal
ORD008487,SX00008487,12399,IL01,Delivered,2026-10-06 02:12:38.235823,2026-10-09,1,Normal
ORD008489,SX00008489,12960,CA01,Delivered,2026-10-06 02:14:21.926192,2026-10-08,1,Normal
ORD008490,SX00008490,17325,CA01,Delivered,2026-10-06 02:15:13.771377,2026-10-09,1,Normal
ORD008492,SX00008492,13374,NJ01,Delivered,2026-10-06 02:16:57.461746,2026-10-09,1,Normal
ORD008495,SX00008495,17923,IL01,Delivered,2026-10-06 02:19:32.997299,2026-10-07,1,Normal
ORD008496,SX00008496,15122,TX01,Delivered,2026-10-06 02:20:24.842484,2026-10-07,1,Normal
ORD008497,SX00008497,19852,NJ01,Delivered,2026-10-06 02:21:16.687668,2026-10-09,1,Normal
ORD008499,SX00008499,17631,IL01,Delivered,2026-10-06 02:23:00.378037,2026-10-09,1,Normal
ORD008500,SX00008500,17226,TX01,Delivered,2026-10-06 02:23:52.223222,2026-10-07,1,Normal
ORD008501,SX00008501,15108,TX01,Delivered,2026-10-06 02:24:44.068406,2026-10-07,1,Normal
ORD008502,SX00008502,12224,NJ01,Delivered,2026-10-06 02:25:35.913591,2026-10-09,1,Normal
ORD008503,SX00008503,12110,TX01,Delivered,2026-10-06 02:26:27.758775,2026-10-07,1,Normal
ORD008506,SX00008506,10560,IL01,Delivered,2026-10-06 02:29:03.294329,2026-10-08,1,Normal
ORD008507,SX00008507,19522,TX01,Delivered,2026-10-06 02:29:55.139513,2026-10-08,1,Normal
ORD008508,SX00008508,17413,NJ01,Delivered,2026-10-06 02:30:46.984698,2026-10-08,1,Normal
ORD008509,SX00008509,11312,TX01,Delivered,2026-10-06 02:31:38.829882,2026-10-09,1,Normal
ORD008510,SX00008510,11821,NJ01,Delivered,2026-10-06 02:32:30.675067,2026-10-09,1,Normal
ORD008512,SX00008512,14945,TX01,Delivered,2026-10-06 02:34:14.365436,2026-10-08,1,Normal
ORD008513,SX00008513,15374,NJ01,Delivered,2026-10-06 02:35:06.210621,2026-10-08,1,Normal
ORD008514,SX00008514,12651,TX01,Delivered,2026-10-06 02:35:58.055805,2026-10-07,1,Normal
ORD008516,SX00008516,14701,CA01,Delivered,2026-10-06 02:37:41.746174,2026-10-07,1,Normal
ORD008517,SX00008517,12877,TX01,Delivered,2026-10-06 02:38:33.591359,2026-10-08,1,Normal
ORD008518,SX00008518,15582,IL01,Delivered,2026-10-06 02:39:25.436543,2026-10-09,1,Normal
ORD008519,SX00008519,15390,TX01,Delivered,2026-10-06 02:40:17.281728,2026-10-08,1,Normal
ORD008520,SX00008520,14083,NJ01,Delivered,2026-10-06 02:41:09.126912,2026-10-07,1,Normal
ORD008521,SX00008521,10745,CA01,Delivered,2026-10-06 02:42:00.972097,2026-10-08,1,Normal
ORD008522,SX00008522,18749,TX01,Delivered,2026-10-06 02:42:52.817281,2026-10-07,1,Normal
ORD008525,SX00008525,12296,NJ01,Delivered,2026-10-06 02:45:28.352835,2026-10-07,1,Normal
ORD008527,SX00008527,11610,TX01,Delivered,2026-10-06 02:47:12.043204,2026-10-08,1,Normal
ORD008529,SX00008529,11725,TX01,Delivered,2026-10-06 02:48:55.733573,2026-10-09,1,Normal
ORD008530,SX00008530,19176,NJ01,Delivered,2026-10-06 02:49:47.578757,2026-10-09,1,Normal
ORD008531,SX00008531,19779,IL01,Delivered,2026-10-06 02:50:39.423942,2026-10-07,1,Normal
ORD008532,SX00008532,19528,IL01,Delivered,2026-10-06 02:51:31.269126,2026-10-07,1,Normal
ORD008533,SX00008533,18853,IL01,Delivered,2026-10-06 02:52:23.114311,2026-10-09,1,Normal
ORD008534,SX00008534,17187,IL01,Delivered,2026-10-06 02:53:14.959495,2026-10-09,1,Normal
ORD008535,SX00008535,10032,IL01,Delivered,2026-10-06 02:54:06.804680,2026-10-08,1,Normal
ORD008537,SX00008537,13414,CA01,Delivered,2026-10-06 02:55:50.495049,2026-10-07,1,Normal
ORD008540,SX00008540,18252,IL01,Delivered,2026-10-06 02:58:26.030603,2026-10-09,1,Normal
ORD008541,SX00008541,11543,NJ01,Delivered,2026-10-06 02:59:17.875787,2026-10-09,1,Normal
ORD008542,SX00008542,10271,NJ01,Delivered,2026-10-06 03:00:09.720972,2026-10-08,1,Normal
ORD008544,SX00008544,14076,NJ01,Delivered,2026-10-06 03:01:53.411341,2026-10-08,1,Normal
ORD008548,SX00008548,15221,NJ01,Delivered,2026-10-06 03:05:20.792079,2026-10-08,1,Normal
ORD008549,SX00008549,19937,IL01,Delivered,2026-10-06 03:06:12.637263,2026-10-08,1,Normal
ORD008552,SX00008552,18201,NJ01,Delivered,2026-10-06 03:08:48.172817,2026-10-08,1,Normal
ORD008553,SX00008553,14144,IL01,Delivered,2026-10-06 03:09:40.018001,2026-10-07,1,Normal
ORD008554,SX00008554,15606,CA01,Delivered,2026-10-06 03:10:31.863186,2026-10-07,1,Normal
ORD008555,SX00008555,16766,NJ01,Delivered,2026-10-06 03:11:23.708370,2026-10-09,1,Normal
ORD008557,SX00008557,14890,NJ01,Delivered,2026-10-06 03:13:07.398739,2026-10-08,1,Normal
ORD008558,SX00008558,11648,TX01,Delivered,2026-10-06 03:13:59.243924,2026-10-09,1,Normal
ORD008559,SX00008559,14228,TX01,Delivered,2026-10-06 03:14:51.089108,2026-10-09,1,Normal
ORD008561,SX00008561,14366,IL01,Delivered,2026-10-06 03:16:34.779477,2026-10-09,1,Normal
ORD008562,SX00008562,11506,NJ01,Delivered,2026-10-06 03:17:26.624662,2026-10-08,1,Normal
ORD008563,SX00008563,12158,CA01,Delivered,2026-10-06 03:18:18.469846,2026-10-07,1,Normal
ORD008564,SX00008564,12916,IL01,Delivered,2026-10-06 03:19:10.315031,2026-10-09,1,Normal
ORD008565,SX00008565,13229,TX01,Delivered,2026-10-06 03:20:02.160216,2026-10-07,1,Normal
ORD008566,SX00008566,19858,NJ01,Delivered,2026-10-06 03:20:54.005400,2026-10-07,1,Normal
ORD008567,SX00008567,16265,TX01,Delivered,2026-10-06 03:21:45.850585,2026-10-07,1,Normal
ORD008568,SX00008568,14136,NJ01,Delivered,2026-10-06 03:22:37.695769,2026-10-09,1,Normal
ORD008570,SX00008570,17190,TX01,Delivered,2026-10-06 03:24:21.386138,2026-10-08,1,Normal
ORD008571,SX00008571,12810,CA01,Delivered,2026-10-06 03:25:13.231323,2026-10-09,1,Normal
ORD008572,SX00008572,16152,IL01,Delivered,2026-10-06 03:26:05.076507,2026-10-09,1,Normal
ORD008573,SX00008573,10012,NJ01,Delivered,2026-10-06 03:26:56.921692,2026-10-09,1,Normal
ORD008574,SX00008574,15938,IL01,Delivered,2026-10-06 03:27:48.766876,2026-10-07,1,Normal
ORD008576,SX00008576,17219,TX01,Delivered,2026-10-06 03:29:32.457245,2026-10-07,1,Normal
ORD008578,SX00008578,13621,TX01,Delivered,2026-10-06 03:31:16.147614,2026-10-09,1,Normal
ORD008579,SX00008579,13683,NJ01,Delivered,2026-10-06 03:32:07.992799,2026-10-09,1,Normal
ORD008581,SX00008581,15310,IL01,Delivered,2026-10-06 03:33:51.683168,2026-10-07,1,Normal
ORD008582,SX00008582,10652,IL01,Delivered,2026-10-06 03:34:43.528352,2026-10-07,1,Normal
ORD008584,SX00008584,18812,TX01,Delivered,2026-10-06 03:36:27.218721,2026-10-07,1,Normal
ORD008585,SX00008585,13790,NJ01,Delivered,2026-10-06 03:37:19.063906,2026-10-09,1,Normal
ORD008586,SX00008586,11645,IL01,Delivered,2026-10-06 03:38:10.909090,2026-10-08,1,Normal
ORD008588,SX00008588,14759,CA01,Delivered,2026-10-06 03:39:54.599459,2026-10-09,1,Normal
ORD008589,SX00008589,15874,TX01,Delivered,2026-10-06 03:40:46.444644,2026-10-07,1,Normal
ORD008591,SX00008591,17689,IL01,Delivered,2026-10-06 03:42:30.135013,2026-10-09,1,Normal
ORD008592,SX00008592,11379,TX01,Delivered,2026-10-06 03:43:21.980198,2026-10-09,1,Normal
ORD008594,SX00008594,19580,IL01,Delivered,2026-10-06 03:45:05.670567,2026-10-09,1,Normal
ORD008595,SX00008595,16507,IL01,Delivered,2026-10-06 03:45:57.515751,2026-10-08,1,Normal
ORD008596,SX00008596,17819,CA01,Delivered,2026-10-06 03:46:49.360936,2026-10-08,1,Normal
ORD008598,SX00008598,12653,TX01,Delivered,2026-10-06 03:48:33.051305,2026-10-08,1,Normal
ORD008600,SX00008600,16127,TX01,Delivered,2026-10-06 03:50:16.741674,2026-10-08,1,Normal
ORD008601,SX00008601,13923,TX01,Delivered,2026-10-06 03:51:08.586858,2026-10-09,1,Normal
ORD008602,SX00008602,18459,NJ01,Delivered,2026-10-06 03:52:00.432043,2026-10-08,1,Normal
ORD008603,SX00008603,15912,IL01,Delivered,2026-10-06 03:52:52.277227,2026-10-07,1,Normal
ORD008604,SX00008604,15130,TX01,Delivered,2026-10-06 03:53:44.122412,2026-10-08,1,Normal
ORD008606,SX00008606,17880,TX01,Delivered,2026-10-06 03:55:27.812781,2026-10-08,1,Normal
ORD008607,SX00008607,16449,TX01,Delivered,2026-10-06 03:56:19.657965,2026-10-07,1,Normal
ORD008609,SX00008609,19304,IL01,Delivered,2026-10-06 03:58:03.348334,2026-10-07,1,Normal
ORD008611,SX00008611,14784,TX01,Delivered,2026-10-06 03:59:47.038703,2026-10-07,1,Normal
ORD008612,SX00008612,19472,IL01,Delivered,2026-10-06 04:00:38.883888,2026-10-07,1,Normal
ORD008615,SX00008615,18338,IL01,Delivered,2026-10-06 04:03:14.419441,2026-10-08,1,Normal
ORD008616,SX00008616,17446,IL01,Delivered,2026-10-06 04:04:06.264626,2026-10-08,1,Normal
ORD008617,SX00008617,14616,NJ01,Delivered,2026-10-06 04:04:58.109810,2026-10-07,1,Normal
ORD008618,SX00008618,14725,CA01,Delivered,2026-10-06 04:05:49.954995,2026-10-08,1,Normal
ORD008620,SX00008620,16287,IL01,Delivered,2026-10-06 04:07:33.645364,2026-10-09,1,Normal
ORD008622,SX00008622,11409,IL01,Delivered,2026-10-06 04:09:17.335733,2026-10-08,1,Normal
ORD008623,SX00008623,18205,IL01,Delivered,2026-10-06 04:10:09.180918,2026-10-07,1,Normal
ORD008625,SX00008625,11721,NJ01,Delivered,2026-10-06 04:11:52.871287,2026-10-08,1,Normal
ORD008627,SX00008627,14953,NJ01,Delivered,2026-10-06 04:13:36.561656,2026-10-09,1,Normal
ORD008628,SX00008628,12990,CA01,Delivered,2026-10-06 04:14:28.406840,2026-10-07,1,Normal
ORD008629,SX00008629,11195,NJ01,Delivered,2026-10-06 04:15:20.252025,2026-10-09,1,Normal
ORD008631,SX00008631,14365,IL01,Delivered,2026-10-06 04:17:03.942394,2026-10-08,1,Normal
ORD008632,SX00008632,11244,NJ01,Delivered,2026-10-06 04:17:55.787578,2026-10-09,1,Normal
ORD008633,SX00008633,16766,IL01,Delivered,2026-10-06 04:18:47.632763,2026-10-09,1,Normal
ORD008634,SX00008634,15302,NJ01,Delivered,2026-10-06 04:19:39.477947,2026-10-07,1,Normal
ORD008635,SX00008635,11306,IL01,Delivered,2026-10-06 04:20:31.323132,2026-10-09,1,Normal
ORD008636,SX00008636,12402,IL01,Delivered,2026-10-06 04:21:23.168316,2026-10-07,1,Normal
ORD008637,SX00008637,10496,IL01,Delivered,2026-10-06 04:22:15.013501,2026-10-08,1,Normal
ORD008638,SX00008638,13399,IL01,Delivered,2026-10-06 04:23:06.858685,2026-10-09,1,Normal
ORD008641,SX00008641,16236,IL01,Delivered,2026-10-06 04:25:42.394239,2026-10-07,1,Normal
ORD008642,SX00008642,11344,TX01,Delivered,2026-10-06 04:26:34.239423,2026-10-07,1,Normal
ORD008643,SX00008643,18515,NJ01,Delivered,2026-10-06 04:27:26.084608,2026-10-08,1,Normal
ORD008644,SX00008644,12431,NJ01,Delivered,2026-10-06 04:28:17.929792,2026-10-09,1,Normal
ORD008646,SX00008646,12784,IL01,Delivered,2026-10-06 04:30:01.620162,2026-10-09,1,Normal
ORD008647,SX00008647,19407,IL01,Delivered,2026-10-06 04:30:53.465346,2026-10-09,1,Normal
ORD008649,SX00008649,11907,CA01,Delivered,2026-10-06 04:32:37.155715,2026-10-09,1,Normal
ORD008650,SX00008650,14814,NJ01,Delivered,2026-10-06 04:33:29.000900,2026-10-08,1,Normal
ORD008651,SX00008651,10780,TX01,Delivered,2026-10-06 04:34:20.846084,2026-10-08,1,Normal
ORD008652,SX00008652,11019,TX01,Delivered,2026-10-06 04:35:12.691269,2026-10-07,1,Normal
ORD008653,SX00008653,11403,NJ01,Delivered,2026-10-06 04:36:04.536453,2026-10-08,1,Normal
ORD008654,SX00008654,11426,NJ01,Delivered,2026-10-06 04:36:56.381638,2026-10-07,1,Normal
ORD008655,SX00008655,18855,NJ01,Delivered,2026-10-06 04:37:48.226822,2026-10-08,1,Normal
ORD008657,SX00008657,10010,NJ01,Delivered,2026-10-06 04:39:31.917191,2026-10-09,1,Normal
ORD008658,SX00008658,16330,TX01,Delivered,2026-10-06 04:40:23.762376,2026-10-07,1,Normal
ORD008659,SX00008659,19230,NJ01,Delivered,2026-10-06 04:41:15.607560,2026-10-09,1,Normal
ORD008660,SX00008660,12825,IL01,Delivered,2026-10-06 04:42:07.452745,2026-10-08,1,Normal
ORD008661,SX00008661,17464,TX01,Delivered,2026-10-06 04:42:59.297929,2026-10-07,1,Normal
ORD008662,SX00008662,13003,TX01,Delivered,2026-10-06 04:43:51.143114,2026-10-08,1,Normal
ORD008663,SX00008663,19267,CA01,Delivered,2026-10-06 04:44:42.988298,2026-10-08,1,Normal
ORD008664,SX00008664,17195,NJ01,Delivered,2026-10-06 04:45:34.833483,2026-10-09,1,Normal
ORD008665,SX00008665,16720,IL01,Delivered,2026-10-06 04:46:26.678667,2026-10-07,0,Missing Delivered Event
ORD008667,SX00008667,11789,TX01,Delivered,2026-10-06 04:48:10.369036,2026-10-07,1,Normal
ORD008669,SX00008669,17377,CA01,Delivered,2026-10-06 04:49:54.059405,2026-10-07,1,Normal
ORD008670,SX00008670,17598,IL01,Delivered,2026-10-06 04:50:45.904590,2026-10-08,1,Normal
ORD008671,SX00008671,14838,CA01,Delivered,2026-10-06 04:51:37.749774,2026-10-08,1,Normal
ORD008676,SX00008676,10973,IL01,Delivered,2026-10-06 04:55:56.975697,2026-10-09,1,Normal
ORD008679,SX00008679,19491,TX01,Delivered,2026-10-06 04:58:32.511251,2026-10-07,1,Normal
ORD008681,SX00008681,15150,CA01,Delivered,2026-10-06 05:00:16.201620,2026-10-07,1,Normal
ORD008686,SX00008686,17689,IL01,Delivered,2026-10-06 05:04:35.427542,2026-10-07,1,Normal
ORD008687,SX00008687,13567,CA01,Delivered,2026-10-06 05:05:27.272727,2026-10-07,1,Normal
ORD008688,SX00008688,14348,NJ01,Delivered,2026-10-06 05:06:19.117911,2026-10-08,1,Normal
ORD008689,SX00008689,14390,CA01,Delivered,2026-10-06 05:07:10.963096,2026-10-08,1,Normal
ORD008690,SX00008690,16811,IL01,Delivered,2026-10-06 05:08:02.808280,2026-10-09,1,Normal
ORD008691,SX00008691,11181,NJ01,Delivered,2026-10-06 05:08:54.653465,2026-10-07,1,Normal
ORD008692,SX00008692,14644,TX01,Delivered,2026-10-06 05:09:46.498649,2026-10-09,1,Normal
ORD008695,SX00008695,13534,CA01,Delivered,2026-10-06 05:12:22.034203,2026-10-07,1,Normal
ORD008696,SX00008696,15844,IL01,Delivered,2026-10-06 05:13:13.879387,2026-10-08,2,Duplicate Delivered Event
ORD008697,SX00008697,15939,TX01,Delivered,2026-10-06 05:14:05.724572,2026-10-07,1,Normal
ORD008698,SX00008698,16475,IL01,Delivered,2026-10-06 05:14:57.569756,2026-10-08,2,Duplicate Delivered Event
ORD008699,SX00008699,11774,IL01,Delivered,2026-10-06 05:15:49.414941,2026-10-09,1,Normal
ORD008701,SX00008701,10446,CA01,Delivered,2026-10-06 05:17:33.105310,2026-10-08,1,Normal
ORD008703,SX00008703,13239,IL01,Delivered,2026-10-06 05:19:16.795679,2026-10-07,1,Normal
ORD008704,SX00008704,15931,CA01,Delivered,2026-10-06 05:20:08.640864,2026-10-08,1,Normal
ORD008706,SX00008706,14537,TX01,Delivered,2026-10-06 05:21:52.331233,2026-10-07,1,Normal
ORD008707,SX00008707,16361,IL01,Delivered,2026-10-06 05:22:44.176417,2026-10-09,1,Normal
ORD008709,SX00008709,12720,IL01,Delivered,2026-10-06 05:24:27.866786,2026-10-07,1,Normal
ORD008710,SX00008710,18469,IL01,Delivered,2026-10-06 05:25:19.711971,2026-10-07,1,Normal
ORD008711,SX00008711,17741,NJ01,Delivered,2026-10-06 05:26:11.557155,2026-10-08,1,Normal
ORD008713,SX00008713,12922,NJ01,Delivered,2026-10-06 05:27:55.247524,2026-10-07,1,Normal
ORD008715,SX00008715,19030,TX01,Delivered,2026-10-06 05:29:38.937893,2026-10-09,1,Normal
ORD008716,SX00008716,12801,IL01,Delivered,2026-10-06 05:30:30.783078,2026-10-08,1,Normal
ORD008717,SX00008717,16981,IL01,Delivered,2026-10-06 05:31:22.628262,2026-10-07,1,Normal
ORD008718,SX00008718,18221,TX01,Delivered,2026-10-06 05:32:14.473447,2026-10-07,1,Normal
ORD008719,SX00008719,16502,CA01,Delivered,2026-10-06 05:33:06.318631,2026-10-07,1,Normal
ORD008720,SX00008720,16038,CA01,Delivered,2026-10-06 05:33:58.163816,2026-10-08,1,Normal
ORD008721,SX00008721,16229,TX01,Delivered,2026-10-06 05:34:50.009000,2026-10-07,1,Normal
ORD008722,SX00008722,19449,NJ01,Delivered,2026-10-06 05:35:41.854185,2026-10-08,1,Normal
ORD008724,SX00008724,11800,IL01,Delivered,2026-10-06 05:37:25.544554,2026-10-09,1,Normal
ORD008727,SX00008727,17436,CA01,Delivered,2026-10-06 05:40:01.080108,2026-10-07,1,Normal
ORD008728,SX00008728,14793,CA01,Delivered,2026-10-06 05:40:52.925292,2026-10-07,1,Normal
ORD008729,SX00008729,18160,IL01,Delivered,2026-10-06 05:41:44.770477,2026-10-08,1,Normal
ORD008731,SX00008731,13873,CA01,Delivered,2026-10-06 05:43:28.460846,2026-10-09,1,Normal
ORD008733,SX00008733,11186,IL01,Delivered,2026-10-06 05:45:12.151215,2026-10-08,1,Normal
ORD008735,SX00008735,14460,NJ01,Delivered,2026-10-06 05:46:55.841584,2026-10-08,1,Normal
ORD008737,SX00008737,16943,NJ01,Delivered,2026-10-06 05:48:39.531953,2026-10-07,1,Normal
ORD008738,SX00008738,15202,TX01,Delivered,2026-10-06 05:49:31.377137,2026-10-09,1,Normal
ORD008739,SX00008739,15344,IL01,Delivered,2026-10-06 05:50:23.222322,2026-10-08,1,Normal
ORD008740,SX00008740,14507,IL01,Delivered,2026-10-06 05:51:15.067506,2026-10-07,1,Normal
ORD008741,SX00008741,14830,NJ01,Delivered,2026-10-06 05:52:06.912691,2026-10-09,1,Normal
ORD008742,SX00008742,10117,IL01,Delivered,2026-10-06 05:52:58.757875,2026-10-08,1,Normal
ORD008743,SX00008743,10481,CA01,Delivered,2026-10-06 05:53:50.603060,2026-10-07,1,Normal
ORD008744,SX00008744,14287,IL01,Delivered,2026-10-06 05:54:42.448244,2026-10-07,1,Normal
ORD008745,SX00008745,16802,NJ01,Delivered,2026-10-06 05:55:34.293429,2026-10-08,1,Normal
ORD008746,SX00008746,18298,CA01,Delivered,2026-10-06 05:56:26.138613,2026-10-07,1,Normal
ORD008748,SX00008748,16533,TX01,Delivered,2026-10-06 05:58:09.828982,2026-10-09,1,Normal
ORD008749,SX00008749,10243,NJ01,Delivered,2026-10-06 05:59:01.674167,2026-10-09,1,Normal
ORD008750,SX00008750,17012,IL01,Delivered,2026-10-06 05:59:53.519351,2026-10-07,1,Normal
ORD008752,SX00008752,19753,IL01,Delivered,2026-10-06 06:01:37.209720,2026-10-08,1,Normal
ORD008754,SX00008754,10603,IL01,Delivered,2026-10-06 06:03:20.900090,2026-10-07,1,Normal
ORD008756,SX00008756,14018,CA01,Delivered,2026-10-06 06:05:04.590459,2026-10-07,1,Normal
ORD008758,SX00008758,12015,IL01,Delivered,2026-10-06 06:06:48.280828,2026-10-08,1,Normal
ORD008759,SX00008759,19850,NJ01,Delivered,2026-10-06 06:07:40.126012,2026-10-07,1,Normal
ORD008760,SX00008760,13380,TX01,Delivered,2026-10-06 06:08:31.971197,2026-10-07,1,Normal
ORD008764,SX00008764,11879,NJ01,Delivered,2026-10-06 06:11:59.351935,2026-10-09,1,Normal
ORD008765,SX00008765,15372,TX01,Delivered,2026-10-06 06:12:51.197119,2026-10-08,1,Normal
ORD008766,SX00008766,14108,CA01,Delivered,2026-10-06 06:13:43.042304,2026-10-09,1,Normal
ORD008767,SX00008767,19291,IL01,Delivered,2026-10-06 06:14:34.887488,2026-10-08,1,Normal
ORD008769,SX00008769,18978,IL01,Delivered,2026-10-06 06:16:18.577857,2026-10-07,1,Normal
ORD008770,SX00008770,10148,IL01,Delivered,2026-10-06 06:17:10.423042,2026-10-09,1,Normal
ORD008771,SX00008771,11754,IL01,Delivered,2026-10-06 06:18:02.268226,2026-10-07,1,Normal
ORD008773,SX00008773,16681,NJ01,Delivered,2026-10-06 06:19:45.958595,2026-10-07,1,Normal
ORD008775,SX00008775,19371,IL01,Delivered,2026-10-06 06:21:29.648964,2026-10-07,2,Duplicate Delivered Event
ORD008777,SX00008777,15392,NJ01,Delivered,2026-10-06 06:23:13.339333,2026-10-08,1,Normal
ORD008778,SX00008778,19795,NJ01,Delivered,2026-10-06 06:24:05.184518,2026-10-09,1,Normal
ORD008780,SX00008780,15692,CA01,Delivered,2026-10-06 06:25:48.874887,2026-10-09,1,Normal
ORD008781,SX00008781,14218,NJ01,Delivered,2026-10-06 06:26:40.720072,2026-10-08,1,Normal
ORD008782,SX00008782,14803,CA01,Delivered,2026-10-06 06:27:32.565256,2026-10-08,1,Normal
ORD008783,SX00008783,12377,IL01,Delivered,2026-10-06 06:28:24.410441,2026-10-08,1,Normal
ORD008785,SX00008785,13182,NJ01,Delivered,2026-10-06 06:30:08.100810,2026-10-09,1,Normal
ORD008787,SX00008787,16576,NJ01,Delivered,2026-10-06 06:31:51.791179,2026-10-07,1,Normal
ORD008788,SX00008788,18903,CA01,Delivered,2026-10-06 06:32:43.636363,2026-10-07,1,Normal
ORD008789,SX00008789,12586,NJ01,Delivered,2026-10-06 06:33:35.481548,2026-10-09,1,Normal
ORD008792,SX00008792,11717,TX01,Delivered,2026-10-06 06:36:11.017101,2026-10-08,1,Normal
ORD008793,SX00008793,15308,NJ01,Delivered,2026-10-06 06:37:02.862286,2026-10-07,1,Normal
ORD008797,SX00008797,15827,NJ01,Delivered,2026-10-06 06:40:30.243024,2026-10-07,1,Normal
ORD008798,SX00008798,17986,IL01,Delivered,2026-10-06 06:41:22.088208,2026-10-07,1,Normal
ORD008799,SX00008799,18462,NJ01,Delivered,2026-10-06 06:42:13.933393,2026-10-08,1,Normal
ORD008800,SX00008800,19735,TX01,Delivered,2026-10-06 06:43:05.778577,2026-10-09,1,Normal
ORD008802,SX00008802,15769,NJ01,Delivered,2026-10-06 06:44:49.468946,2026-10-07,1,Normal
ORD008804,SX00008804,19904,IL01,Delivered,2026-10-06 06:46:33.159315,2026-10-09,1,Normal
ORD008805,SX00008805,13240,TX01,Delivered,2026-10-06 06:47:25.004500,2026-10-07,1,Normal
ORD008806,SX00008806,19554,IL01,Delivered,2026-10-06 06:48:16.849684,2026-10-08,1,Normal
ORD008807,SX00008807,14893,NJ01,Delivered,2026-10-06 06:49:08.694869,2026-10-07,1,Normal
ORD008808,SX00008808,19476,NJ01,Delivered,2026-10-06 06:50:00.540054,2026-10-08,1,Normal
ORD008809,SX00008809,10886,CA01,Delivered,2026-10-06 06:50:52.385238,2026-10-07,1,Normal
ORD008811,SX00008811,15318,IL01,Delivered,2026-10-06 06:52:36.075607,2026-10-09,1,Normal
ORD008816,SX00008816,10295,NJ01,Delivered,2026-10-06 06:56:55.301530,2026-10-09,1,Normal
ORD008817,SX00008817,12597,IL01,Delivered,2026-10-06 06:57:47.146714,2026-10-08,1,Normal
ORD008819,SX00008819,14890,CA01,Delivered,2026-10-06 06:59:30.837083,2026-10-08,1,Normal
ORD008820,SX00008820,14298,IL01,Delivered,2026-10-06 07:00:22.682268,2026-10-08,1,Normal
ORD008822,SX00008822,17952,IL01,Delivered,2026-10-06 07:02:06.372637,2026-10-07,1,Normal
ORD008824,SX00008824,13118,TX01,Delivered,2026-10-06 07:03:50.063006,2026-10-08,1,Normal
ORD008827,SX00008827,19228,IL01,Delivered,2026-10-06 07:06:25.598559,2026-10-07,1,Normal
ORD008828,SX00008828,10906,NJ01,Delivered,2026-10-06 07:07:17.443744,2026-10-08,1,Normal
ORD008829,SX00008829,15499,IL01,Delivered,2026-10-06 07:08:09.288928,2026-10-08,1,Normal
ORD008830,SX00008830,10364,CA01,Delivered,2026-10-06 07:09:01.134113,2026-10-09,1,Normal
ORD008832,SX00008832,13413,IL01,Delivered,2026-10-06 07:10:44.824482,2026-10-09,1,Normal
ORD008833,SX00008833,18027,IL01,Delivered,2026-10-06 07:11:36.669666,2026-10-08,1,Normal
ORD008834,SX00008834,17939,TX01,Delivered,2026-10-06 07:12:28.514851,2026-10-08,1,Normal
ORD008835,SX00008835,19261,TX01,Delivered,2026-10-06 07:13:20.360036,2026-10-07,1,Normal
ORD008836,SX00008836,13081,CA01,Delivered,2026-10-06 07:14:12.205220,2026-10-09,1,Normal
ORD008838,SX00008838,13258,IL01,Delivered,2026-10-06 07:15:55.895589,2026-10-09,1,Normal
ORD008839,SX00008839,12107,NJ01,Delivered,2026-10-06 07:16:47.740774,2026-10-09,1,Normal
ORD008840,SX00008840,17928,NJ01,Delivered,2026-10-06 07:17:39.585958,2026-10-09,1,Normal
ORD008842,SX00008842,12829,IL01,Delivered,2026-10-06 07:19:23.276327,2026-10-08,1,Normal
ORD008843,SX00008843,18633,IL01,Delivered,2026-10-06 07:20:15.121512,2026-10-09,1,Normal
ORD008844,SX00008844,15006,IL01,Delivered,2026-10-06 07:21:06.966696,2026-10-09,1,Normal
ORD008846,SX00008846,11741,NJ01,Delivered,2026-10-06 07:22:50.657065,2026-10-08,1,Normal
ORD008847,SX00008847,15830,TX01,Delivered,2026-10-06 07:23:42.502250,2026-10-07,1,Normal
ORD008848,SX00008848,17523,IL01,Delivered,2026-10-06 07:24:34.347434,2026-10-08,1,Normal
ORD008850,SX00008850,11690,NJ01,Delivered,2026-10-06 07:26:18.037803,2026-10-09,1,Normal
ORD008852,SX00008852,16310,CA01,Delivered,2026-10-06 07:28:01.728172,2026-10-09,1,Normal
ORD008853,SX00008853,13006,NJ01,Delivered,2026-10-06 07:28:53.573357,2026-10-08,1,Normal
ORD008855,SX00008855,11088,TX01,Delivered,2026-10-06 07:30:37.263726,2026-10-09,1,Normal
ORD008856,SX00008856,16007,IL01,Delivered,2026-10-06 07:31:29.108910,2026-10-09,0,Missing Delivered Event
ORD008857,SX00008857,14611,TX01,Delivered,2026-10-06 07:32:20.954095,2026-10-07,1,Normal
ORD008858,SX00008858,19372,CA01,Delivered,2026-10-06 07:33:12.799279,2026-10-08,1,Normal
ORD008865,SX00008865,18431,NJ01,Delivered,2026-10-06 07:39:15.715571,2026-10-09,1,Normal
ORD008866,SX00008866,12580,TX01,Delivered,2026-10-06 07:40:07.560756,2026-10-07,1,Normal
ORD008868,SX00008868,18330,IL01,Delivered,2026-10-06 07:41:51.251125,2026-10-07,0,Missing Delivered Event
ORD008870,SX00008870,14725,TX01,Delivered,2026-10-06 07:43:34.941494,2026-10-07,1,Normal
ORD008871,SX00008871,14300,IL01,Delivered,2026-10-06 07:44:26.786678,2026-10-08,1,Normal
ORD008872,SX00008872,19941,TX01,Delivered,2026-10-06 07:45:18.631863,2026-10-08,1,Normal
ORD008873,SX00008873,18759,TX01,Delivered,2026-10-06 07:46:10.477047,2026-10-09,1,Normal
ORD008875,SX00008875,19073,IL01,Delivered,2026-10-06 07:47:54.167416,2026-10-07,1,Normal
ORD008876,SX00008876,16131,NJ01,Delivered,2026-10-06 07:48:46.012601,2026-10-07,1,Normal
ORD008877,SX00008877,18831,TX01,Delivered,2026-10-06 07:49:37.857785,2026-10-08,1,Normal
ORD008878,SX00008878,14537,CA01,Delivered,2026-10-06 07:50:29.702970,2026-10-09,1,Normal
ORD008879,SX00008879,12335,NJ01,Delivered,2026-10-06 07:51:21.548154,2026-10-09,1,Normal
ORD008882,SX00008882,10559,TX01,Delivered,2026-10-06 07:53:57.083708,2026-10-07,1,Normal
ORD008885,SX00008885,13988,IL01,Delivered,2026-10-06 07:56:32.619261,2026-10-08,1,Normal
ORD008886,SX00008886,16203,IL01,Delivered,2026-10-06 07:57:24.464446,2026-10-08,1,Normal
ORD008887,SX00008887,10256,IL01,Delivered,2026-10-06 07:58:16.309630,2026-10-07,1,Normal
ORD008888,SX00008888,18768,IL01,Delivered,2026-10-06 07:59:08.154815,2026-10-09,1,Normal
ORD008889,SX00008889,10037,NJ01,Delivered,2026-10-06 08:00:00.000000,2026-10-07,1,Normal
ORD008890,SX00008890,18652,IL01,Delivered,2026-10-06 08:00:51.845184,2026-10-07,1,Normal
ORD008891,SX00008891,19632,CA01,Delivered,2026-10-06 08:01:43.690369,2026-10-09,1,Normal
ORD008894,SX00008894,15167,NJ01,Delivered,2026-10-06 08:04:19.225922,2026-10-08,1,Normal
ORD008897,SX00008897,16411,CA01,Delivered,2026-10-06 08:06:54.761476,2026-10-08,1,Normal
ORD008898,SX00008898,11751,NJ01,Delivered,2026-10-06 08:07:46.606660,2026-10-08,1,Normal
ORD008899,SX00008899,14997,IL01,Delivered,2026-10-06 08:08:38.451845,2026-10-08,1,Normal
ORD008900,SX00008900,15720,NJ01,Delivered,2026-10-06 08:09:30.297029,2026-10-07,1,Normal
ORD008901,SX00008901,17616,NJ01,Delivered,2026-10-06 08:10:22.142214,2026-10-08,1,Normal
ORD008902,SX00008902,10256,IL01,Delivered,2026-10-06 08:11:13.987398,2026-10-09,1,Normal
ORD008903,SX00008903,10671,CA01,Delivered,2026-10-06 08:12:05.832583,2026-10-07,1,Normal
ORD008904,SX00008904,10489,IL01,Delivered,2026-10-06 08:12:57.677767,2026-10-08,1,Normal
ORD008910,SX00008910,15121,IL01,Delivered,2026-10-06 08:18:08.748874,2026-10-07,1,Normal
ORD008913,SX00008913,19581,TX01,Delivered,2026-10-06 08:20:44.284428,2026-10-09,1,Normal
ORD008914,SX00008914,14515,TX01,Delivered,2026-10-06 08:21:36.129612,2026-10-09,1,Normal
ORD008915,SX00008915,15692,IL01,Delivered,2026-10-06 08:22:27.974797,2026-10-08,1,Normal
ORD008916,SX00008916,19776,TX01,Delivered,2026-10-06 08:23:19.819981,2026-10-08,1,Normal
ORD008917,SX00008917,14939,NJ01,Delivered,2026-10-06 08:24:11.665166,2026-10-08,1,Normal
ORD008918,SX00008918,15563,IL01,Delivered,2026-10-06 08:25:03.510351,2026-10-09,1,Normal
ORD008920,SX00008920,14529,IL01,Delivered,2026-10-06 08:26:47.200720,2026-10-08,1,Normal
ORD008921,SX00008921,16786,CA01,Delivered,2026-10-06 08:27:39.045904,2026-10-08,1,Normal
ORD008922,SX00008922,16200,NJ01,Delivered,2026-10-06 08:28:30.891089,2026-10-07,1,Normal
ORD008925,SX00008925,10045,TX01,Delivered,2026-10-06 08:31:06.426642,2026-10-08,1,Normal
ORD008926,SX00008926,11193,IL01,Delivered,2026-10-06 08:31:58.271827,2026-10-09,1,Normal
ORD008927,SX00008927,14512,NJ01,Delivered,2026-10-06 08:32:50.117011,2026-10-07,1,Normal
ORD008931,SX00008931,13219,NJ01,Delivered,2026-10-06 08:36:17.497749,2026-10-07,1,Normal
ORD008932,SX00008932,18983,IL01,Delivered,2026-10-06 08:37:09.342934,2026-10-08,1,Normal
ORD008933,SX00008933,10636,NJ01,Delivered,2026-10-06 08:38:01.188118,2026-10-09,1,Normal
ORD008935,SX00008935,12421,NJ01,Delivered,2026-10-06 08:39:44.878487,2026-10-07,1,Normal
ORD008939,SX00008939,15845,IL01,Delivered,2026-10-06 08:43:12.259225,2026-10-08,1,Normal
ORD008940,SX00008940,15323,IL01,Delivered,2026-10-06 08:44:04.104410,2026-10-07,1,Normal
ORD008943,SX00008943,17773,IL01,Delivered,2026-10-06 08:46:39.639963,2026-10-08,1,Normal
ORD008945,SX00008945,13614,NJ01,Delivered,2026-10-06 08:48:23.330333,2026-10-08,1,Normal
ORD008946,SX00008946,19434,IL01,Delivered,2026-10-06 08:49:15.175517,2026-10-07,1,Normal
ORD008947,SX00008947,16957,IL01,Delivered,2026-10-06 08:50:07.020702,2026-10-08,2,Duplicate Delivered Event
ORD008949,SX00008949,14332,IL01,Delivered,2026-10-06 08:51:50.711071,2026-10-09,1,Normal
ORD008950,SX00008950,13900,IL01,Delivered,2026-10-06 08:52:42.556255,2026-10-07,1,Normal
ORD008951,SX00008951,17939,NJ01,Delivered,2026-10-06 08:53:34.401440,2026-10-08,1,Normal
ORD008952,SX00008952,16963,IL01,Delivered,2026-10-06 08:54:26.246624,2026-10-09,1,Normal
ORD008954,SX00008954,17838,TX01,Delivered,2026-10-06 08:56:09.936993,2026-10-08,1,Normal
ORD008959,SX00008959,13810,IL01,Delivered,2026-10-06 09:00:29.162916,2026-10-09,1,Normal
ORD008960,SX00008960,11509,TX01,Delivered,2026-10-06 09:01:21.008100,2026-10-07,1,Normal
ORD008961,SX00008961,17573,IL01,Delivered,2026-10-06 09:02:12.853285,2026-10-08,1,Normal
ORD008962,SX00008962,11578,CA01,Delivered,2026-10-06 09:03:04.698469,2026-10-07,1,Normal
ORD008963,SX00008963,10879,IL01,Delivered,2026-10-06 09:03:56.543654,2026-10-07,1,Normal
ORD008964,SX00008964,12162,TX01,Delivered,2026-10-06 09:04:48.388838,2026-10-07,1,Normal
ORD008967,SX00008967,17714,IL01,Delivered,2026-10-06 09:07:23.924392,2026-10-09,1,Normal
ORD008968,SX00008968,11359,NJ01,Delivered,2026-10-06 09:08:15.769576,2026-10-09,1,Normal
ORD008969,SX00008969,14431,CA01,Delivered,2026-10-06 09:09:07.614761,2026-10-07,1,Normal
ORD008970,SX00008970,18148,IL01,Delivered,2026-10-06 09:09:59.459945,2026-10-09,1,Normal
ORD008972,SX00008972,13811,IL01,Delivered,2026-10-06 09:11:43.150315,2026-10-07,1,Normal
ORD008973,SX00008973,14242,IL01,Delivered,2026-10-06 09:12:34.995499,2026-10-09,2,Duplicate Delivered Event
ORD008974,SX00008974,14217,CA01,Delivered,2026-10-06 09:13:26.840684,2026-10-07,1,Normal
ORD008975,SX00008975,10080,TX01,Delivered,2026-10-06 09:14:18.685868,2026-10-09,1,Normal
ORD008976,SX00008976,12732,IL01,Delivered,2026-10-06 09:15:10.531053,2026-10-07,1,Normal
ORD008977,SX00008977,17833,IL01,Delivered,2026-10-06 09:16:02.376237,2026-10-08,1,Normal
ORD008978,SX00008978,12709,IL01,Delivered,2026-10-06 09:16:54.221422,2026-10-09,1,Normal
ORD008979,SX00008979,12422,TX01,Delivered,2026-10-06 09:17:46.066606,2026-10-07,1,Normal
ORD008980,SX00008980,13641,CA01,Delivered,2026-10-06 09:18:37.911791,2026-10-09,1,Normal
ORD008981,SX00008981,10667,IL01,Delivered,2026-10-06 09:19:29.756975,2026-10-07,1,Normal
ORD008983,SX00008983,13499,CA01,Delivered,2026-10-06 09:21:13.447344,2026-10-08,1,Normal
ORD008984,SX00008984,19636,IL01,Delivered,2026-10-06 09:22:05.292529,2026-10-08,1,Normal
ORD008985,SX00008985,19537,IL01,Delivered,2026-10-06 09:22:57.137713,2026-10-09,1,Normal
ORD008986,SX00008986,18080,IL01,Delivered,2026-10-06 09:23:48.982898,2026-10-09,1,Normal
ORD008987,SX00008987,16823,IL01,Delivered,2026-10-06 09:24:40.828082,2026-10-07,0,Missing Delivered Event
ORD008988,SX00008988,11189,IL01,Delivered,2026-10-06 09:25:32.673267,2026-10-07,1,Normal
ORD008989,SX00008989,16604,CA01,Delivered,2026-10-06 09:26:24.518451,2026-10-09,1,Normal
ORD008990,SX00008990,18650,NJ01,Delivered,2026-10-06 09:27:16.363636,2026-10-08,1,Normal
ORD008991,SX00008991,19404,IL01,Delivered,2026-10-06 09:28:08.208820,2026-10-08,1,Normal
ORD008992,SX00008992,19103,IL01,Delivered,2026-10-06 09:29:00.054005,2026-10-09,1,Normal
ORD008994,SX00008994,17785,IL01,Delivered,2026-10-06 09:30:43.744374,2026-10-09,1,Normal
ORD008995,SX00008995,10071,IL01,Delivered,2026-10-06 09:31:35.589558,2026-10-09,1,Normal
ORD008996,SX00008996,15546,IL01,Delivered,2026-10-06 09:32:27.434743,2026-10-08,1,Normal
ORD008997,SX00008997,12685,TX01,Delivered,2026-10-06 09:33:19.279927,2026-10-08,1,Normal
ORD008999,SX00008999,17372,IL01,Delivered,2026-10-06 09:35:02.970297,2026-10-07,1,Normal
ORD009001,SX00009001,12022,IL01,Delivered,2026-10-06 09:36:46.660666,2026-10-09,1,Normal
ORD009002,SX00009002,16338,CA01,Delivered,2026-10-06 09:37:38.505850,2026-10-09,1,Normal
ORD009003,SX00009003,13741,NJ01,Delivered,2026-10-06 09:38:30.351035,2026-10-09,1,Normal
ORD009005,SX00009005,14102,IL01,Delivered,2026-10-06 09:40:14.041404,2026-10-07,1,Normal
ORD009006,SX00009006,10904,NJ01,Delivered,2026-10-06 09:41:05.886588,2026-10-07,1,Normal
ORD009007,SX00009007,13026,IL01,Delivered,2026-10-06 09:41:57.731773,2026-10-07,1,Normal
ORD009008,SX00009008,16709,TX01,Delivered,2026-10-06 09:42:49.576957,2026-10-07,1,Normal
ORD009010,SX00009010,18021,NJ01,Delivered,2026-10-06 09:44:33.267326,2026-10-09,1,Normal
ORD009011,SX00009011,15969,CA01,Delivered,2026-10-06 09:45:25.112511,2026-10-07,1,Normal
ORD009012,SX00009012,12620,IL01,Delivered,2026-10-06 09:46:16.957695,2026-10-07,1,Normal
ORD009013,SX00009013,12646,NJ01,Delivered,2026-10-06 09:47:08.802880,2026-10-09,1,Normal
ORD009014,SX00009014,14865,TX01,Delivered,2026-10-06 09:48:00.648064,2026-10-08,1,Normal
ORD009015,SX00009015,17345,TX01,Delivered,2026-10-06 09:48:52.493249,2026-10-08,1,Normal
ORD009016,SX00009016,12289,NJ01,Delivered,2026-10-06 09:49:44.338433,2026-10-07,1,Normal
ORD009017,SX00009017,17370,TX01,Delivered,2026-10-06 09:50:36.183618,2026-10-07,1,Normal
ORD009019,SX00009019,19677,NJ01,Delivered,2026-10-06 09:52:19.873987,2026-10-08,1,Normal
ORD009020,SX00009020,17690,IL01,Delivered,2026-10-06 09:53:11.719171,2026-10-07,1,Normal
ORD009021,SX00009021,11440,TX01,Delivered,2026-10-06 09:54:03.564356,2026-10-09,1,Normal
ORD009022,SX00009022,10765,IL01,Delivered,2026-10-06 09:54:55.409540,2026-10-08,1,Normal
ORD009023,SX00009023,14092,IL01,Delivered,2026-10-06 09:55:47.254725,2026-10-08,1,Normal
ORD009025,SX00009025,12666,IL01,Delivered,2026-10-06 09:57:30.945094,2026-10-09,1,Normal
ORD009026,SX00009026,18655,IL01,Delivered,2026-10-06 09:58:22.790279,2026-10-08,1,Normal
ORD009027,SX00009027,15968,IL01,Delivered,2026-10-06 09:59:14.635463,2026-10-07,1,Normal
ORD009028,SX00009028,17641,IL01,Delivered,2026-10-06 10:00:06.480648,2026-10-08,1,Normal
ORD009029,SX00009029,12181,NJ01,Delivered,2026-10-06 10:00:58.325832,2026-10-07,1,Normal
ORD009032,SX00009032,10840,IL01,Delivered,2026-10-06 10:03:33.861386,2026-10-09,1,Normal
ORD009033,SX00009033,15899,IL01,Delivered,2026-10-06 10:04:25.706570,2026-10-07,1,Normal
ORD009034,SX00009034,14118,IL01,Delivered,2026-10-06 10:05:17.551755,2026-10-07,1,Normal
ORD009035,SX00009035,10565,NJ01,Delivered,2026-10-06 10:06:09.396939,2026-10-09,1,Normal
ORD009036,SX00009036,16005,IL01,Delivered,2026-10-06 10:07:01.242124,2026-10-07,1,Normal
ORD009037,SX00009037,19156,IL01,Delivered,2026-10-06 10:07:53.087308,2026-10-08,1,Normal
ORD009039,SX00009039,17226,CA01,Delivered,2026-10-06 10:09:36.777677,2026-10-08,1,Normal
ORD009040,SX00009040,19379,IL01,Delivered,2026-10-06 10:10:28.622862,2026-10-09,1,Normal
ORD009041,SX00009041,15890,IL01,Delivered,2026-10-06 10:11:20.468046,2026-10-07,1,Normal
ORD009043,SX00009043,17736,NJ01,Delivered,2026-10-06 10:13:04.158415,2026-10-08,1,Normal
ORD009044,SX00009044,18848,CA01,Delivered,2026-10-06 10:13:56.003600,2026-10-08,1,Normal
ORD009045,SX00009045,12982,IL01,Delivered,2026-10-06 10:14:47.848784,2026-10-09,0,Missing Delivered Event
ORD009047,SX00009047,16083,CA01,Delivered,2026-10-06 10:16:31.539153,2026-10-08,1,Normal
ORD009048,SX00009048,10556,NJ01,Delivered,2026-10-06 10:17:23.384338,2026-10-08,1,Normal
ORD009050,SX00009050,12580,IL01,Delivered,2026-10-06 10:19:07.074707,2026-10-07,1,Normal
ORD009051,SX00009051,18146,IL01,Delivered,2026-10-06 10:19:58.919891,2026-10-07,1,Normal
ORD009052,SX00009052,18243,IL01,Delivered,2026-10-06 10:20:50.765076,2026-10-07,1,Normal
ORD009053,SX00009053,19553,TX01,Delivered,2026-10-06 10:21:42.610261,2026-10-07,1,Normal
ORD009054,SX00009054,19386,IL01,Delivered,2026-10-06 10:22:34.455445,2026-10-08,1,Normal
ORD009056,SX00009056,13138,CA01,Delivered,2026-10-06 10:24:18.145814,2026-10-07,1,Normal
ORD009060,SX00009060,14927,IL01,Delivered,2026-10-06 10:27:45.526552,2026-10-08,1,Normal
ORD009061,SX00009061,13022,IL01,Delivered,2026-10-06 10:28:37.371737,2026-10-09,1,Normal
ORD009065,SX00009065,19908,IL01,Delivered,2026-10-06 10:32:04.752475,2026-10-07,1,Normal
ORD009066,SX00009066,19475,CA01,Delivered,2026-10-06 10:32:56.597659,2026-10-08,1,Normal
ORD009069,SX00009069,19193,IL01,Delivered,2026-10-06 10:35:32.133213,2026-10-08,0,Missing Delivered Event
ORD009070,SX00009070,16327,TX01,Delivered,2026-10-06 10:36:23.978397,2026-10-09,1,Normal
ORD009071,SX00009071,11046,CA01,Delivered,2026-10-06 10:37:15.823582,2026-10-07,1,Normal
ORD009072,SX00009072,12176,TX01,Delivered,2026-10-06 10:38:07.668766,2026-10-09,1,Normal
ORD009074,SX00009074,10500,IL01,Delivered,2026-10-06 10:39:51.359135,2026-10-07,0,Missing Delivered Event
ORD009075,SX00009075,12233,IL01,Delivered,2026-10-06 10:40:43.204320,2026-10-09,1,Normal
ORD009077,SX00009077,17234,TX01,Delivered,2026-10-06 10:42:26.894689,2026-10-09,1,Normal
ORD009081,SX00009081,14284,IL01,Delivered,2026-10-06 10:45:54.275427,2026-10-08,1,Normal
ORD009082,SX00009082,19180,IL01,Delivered,2026-10-06 10:46:46.120612,2026-10-07,1,Normal
ORD009083,SX00009083,14483,NJ01,Delivered,2026-10-06 10:47:37.965796,2026-10-09,1,Normal
ORD009084,SX00009084,15901,TX01,Delivered,2026-10-06 10:48:29.810981,2026-10-09,1,Normal
ORD009085,SX00009085,16129,IL01,Delivered,2026-10-06 10:49:21.656165,2026-10-07,1,Normal
ORD009086,SX00009086,11754,TX01,Delivered,2026-10-06 10:50:13.501350,2026-10-07,1,Normal
ORD009087,SX00009087,12464,NJ01,Delivered,2026-10-06 10:51:05.346534,2026-10-08,1,Normal
ORD009088,SX00009088,14482,CA01,Delivered,2026-10-06 10:51:57.191719,2026-10-09,1,Normal
ORD009091,SX00009091,17400,IL01,Delivered,2026-10-06 10:54:32.727272,2026-10-07,0,Missing Delivered Event
ORD009093,SX00009093,18643,NJ01,Delivered,2026-10-06 10:56:16.417641,2026-10-09,1,Normal
ORD009095,SX00009095,17338,IL01,Delivered,2026-10-06 10:58:00.108010,2026-10-07,1,Normal
ORD009096,SX00009096,19950,IL01,Delivered,2026-10-06 10:58:51.953195,2026-10-07,1,Normal
ORD009097,SX00009097,15241,NJ01,Delivered,2026-10-06 10:59:43.798379,2026-10-08,1,Normal
ORD009098,SX00009098,17394,IL01,Delivered,2026-10-06 11:00:35.643564,2026-10-09,2,Duplicate Delivered Event
ORD009099,SX00009099,16437,NJ01,Delivered,2026-10-06 11:01:27.488748,2026-10-07,1,Normal
ORD009100,SX00009100,14695,TX01,Delivered,2026-10-06 11:02:19.333933,2026-10-08,1,Normal
ORD009101,SX00009101,12588,NJ01,Delivered,2026-10-06 11:03:11.179117,2026-10-08,1,Normal
ORD009102,SX00009102,11782,TX01,Delivered,2026-10-06 11:04:03.024302,2026-10-09,1,Normal
ORD009103,SX00009103,15947,TX01,Delivered,2026-10-06 11:04:54.869486,2026-10-08,1,Normal
ORD009104,SX00009104,16594,TX01,Delivered,2026-10-06 11:05:46.714671,2026-10-09,1,Normal
ORD009105,SX00009105,13520,NJ01,Delivered,2026-10-06 11:06:38.559855,2026-10-08,1,Normal
ORD009106,SX00009106,19971,IL01,Delivered,2026-10-06 11:07:30.405040,2026-10-07,1,Normal
ORD009108,SX00009108,13757,CA01,Delivered,2026-10-06 11:09:14.095409,2026-10-08,1,Normal
ORD009110,SX00009110,12837,NJ01,Delivered,2026-10-06 11:10:57.785778,2026-10-08,1,Normal
ORD009112,SX00009112,17034,NJ01,Delivered,2026-10-06 11:12:41.476147,2026-10-09,1,Normal
ORD009113,SX00009113,17309,IL01,Delivered,2026-10-06 11:13:33.321332,2026-10-07,1,Normal
ORD009114,SX00009114,14239,IL01,Delivered,2026-10-06 11:14:25.166516,2026-10-08,1,Normal
ORD009115,SX00009115,14428,IL01,Delivered,2026-10-06 11:15:17.011701,2026-10-07,1,Normal
ORD009116,SX00009116,19611,IL01,Delivered,2026-10-06 11:16:08.856885,2026-10-07,1,Normal
ORD009119,SX00009119,11446,TX01,Delivered,2026-10-06 11:18:44.392439,2026-10-07,1,Normal
ORD009122,SX00009122,15790,IL01,Delivered,2026-10-06 11:21:19.927992,2026-10-09,1,Normal
ORD009124,SX00009124,15080,NJ01,Delivered,2026-10-06 11:23:03.618361,2026-10-09,1,Normal
ORD009125,SX00009125,10864,NJ01,Delivered,2026-10-06 11:23:55.463546,2026-10-08,1,Normal
ORD009126,SX00009126,16860,NJ01,Delivered,2026-10-06 11:24:47.308730,2026-10-07,1,Normal
ORD009128,SX00009128,16217,CA01,Delivered,2026-10-06 11:26:30.999099,2026-10-08,1,Normal
ORD009129,SX00009129,15672,IL01,Delivered,2026-10-06 11:27:22.844284,2026-10-08,1,Normal
ORD009130,SX00009130,11502,NJ01,Delivered,2026-10-06 11:28:14.689468,2026-10-09,1,Normal
ORD009131,SX00009131,14684,IL01,Delivered,2026-10-06 11:29:06.534653,2026-10-08,1,Normal
ORD009132,SX00009132,11410,NJ01,Delivered,2026-10-06 11:29:58.379837,2026-10-07,1,Normal
ORD009133,SX00009133,13770,IL01,Delivered,2026-10-06 11:30:50.225022,2026-10-08,1,Normal
ORD009134,SX00009134,14659,NJ01,Delivered,2026-10-06 11:31:42.070207,2026-10-08,1,Normal
ORD009135,SX00009135,14001,IL01,Delivered,2026-10-06 11:32:33.915391,2026-10-07,1,Normal
ORD009136,SX00009136,13483,IL01,Delivered,2026-10-06 11:33:25.760576,2026-10-09,1,Normal
ORD009139,SX00009139,19183,IL01,Delivered,2026-10-06 11:36:01.296129,2026-10-09,1,Normal
ORD009140,SX00009140,13041,NJ01,Delivered,2026-10-06 11:36:53.141314,2026-10-07,1,Normal
ORD009142,SX00009142,16391,TX01,Delivered,2026-10-06 11:38:36.831683,2026-10-07,1,Normal
ORD009144,SX00009144,10066,IL01,Delivered,2026-10-06 11:40:20.522052,2026-10-09,1,Normal
ORD009145,SX00009145,18123,IL01,Delivered,2026-10-06 11:41:12.367236,2026-10-09,1,Normal
ORD009146,SX00009146,12750,TX01,Delivered,2026-10-06 11:42:04.212421,2026-10-07,1,Normal
ORD009147,SX00009147,18661,IL01,Delivered,2026-10-06 11:42:56.057605,2026-10-07,1,Normal
ORD009148,SX00009148,19916,CA01,Delivered,2026-10-06 11:43:47.902790,2026-10-09,1,Normal
ORD009149,SX00009149,16806,IL01,Delivered,2026-10-06 11:44:39.747974,2026-10-09,1,Normal
ORD009151,SX00009151,18123,CA01,Delivered,2026-10-06 11:46:23.438343,2026-10-08,1,Normal
ORD009152,SX00009152,11631,TX01,Delivered,2026-10-06 11:47:15.283528,2026-10-08,1,Normal
ORD009153,SX00009153,16452,NJ01,Delivered,2026-10-06 11:48:07.128712,2026-10-08,1,Normal
ORD009154,SX00009154,10774,NJ01,Delivered,2026-10-06 11:48:58.973897,2026-10-09,1,Normal
ORD009155,SX00009155,16107,NJ01,Delivered,2026-10-06 11:49:50.819081,2026-10-08,1,Normal
ORD009156,SX00009156,17804,NJ01,Delivered,2026-10-06 11:50:42.664266,2026-10-09,1,Normal
ORD009157,SX00009157,19678,IL01,Delivered,2026-10-06 11:51:34.509450,2026-10-07,1,Normal
ORD009158,SX00009158,14019,TX01,Delivered,2026-10-06 11:52:26.354635,2026-10-09,1,Normal
ORD009159,SX00009159,10929,IL01,Delivered,2026-10-06 11:53:18.199819,2026-10-09,1,Normal
ORD009164,SX00009164,19697,CA01,Delivered,2026-10-06 11:57:37.425742,2026-10-08,1,Normal
ORD009166,SX00009166,17961,TX01,Delivered,2026-10-06 11:59:21.116111,2026-10-08,1,Normal
ORD009167,SX00009167,12819,NJ01,Delivered,2026-10-06 12:00:12.961296,2026-10-08,1,Normal
ORD009168,SX00009168,16655,IL01,Delivered,2026-10-06 12:01:04.806480,2026-10-08,1,Normal
ORD009170,SX00009170,18480,IL01,Delivered,2026-10-06 12:02:48.496849,2026-10-07,1,Normal
ORD009171,SX00009171,16343,IL01,Delivered,2026-10-06 12:03:40.342034,2026-10-08,1,Normal
ORD009173,SX00009173,10916,IL01,Delivered,2026-10-06 12:05:24.032403,2026-10-08,1,Normal
ORD009174,SX00009174,19900,IL01,Delivered,2026-10-06 12:06:15.877587,2026-10-09,1,Normal
ORD009175,SX00009175,13574,TX01,Delivered,2026-10-06 12:07:07.722772,2026-10-07,1,Normal
ORD009179,SX00009179,15206,TX01,Delivered,2026-10-06 12:10:35.103510,2026-10-07,1,Normal
ORD009180,SX00009180,17249,NJ01,Delivered,2026-10-06 12:11:26.948694,2026-10-08,1,Normal
ORD009181,SX00009181,13133,TX01,Delivered,2026-10-06 12:12:18.793879,2026-10-09,1,Normal
ORD009182,SX00009182,10798,IL01,Delivered,2026-10-06 12:13:10.639063,2026-10-09,0,Missing Delivered Event
ORD009183,SX00009183,11523,TX01,Delivered,2026-10-06 12:14:02.484248,2026-10-09,1,Normal
ORD009184,SX00009184,17209,NJ01,Delivered,2026-10-06 12:14:54.329432,2026-10-07,1,Normal
ORD009187,SX00009187,12690,NJ01,Delivered,2026-10-06 12:17:29.864986,2026-10-08,1,Normal
ORD009188,SX00009188,14091,NJ01,Delivered,2026-10-06 12:18:21.710171,2026-10-07,1,Normal
ORD009189,SX00009189,17282,NJ01,Delivered,2026-10-06 12:19:13.555355,2026-10-07,1,Normal
ORD009190,SX00009190,19433,IL01,Delivered,2026-10-06 12:20:05.400540,2026-10-07,0,Missing Delivered Event
ORD009191,SX00009191,16249,NJ01,Delivered,2026-10-06 12:20:57.245724,2026-10-09,1,Normal
ORD009192,SX00009192,10690,NJ01,Delivered,2026-10-06 12:21:49.090909,2026-10-07,1,Normal
ORD009194,SX00009194,11495,NJ01,Delivered,2026-10-06 12:23:32.781278,2026-10-09,1,Normal
ORD009195,SX00009195,10892,CA01,Delivered,2026-10-06 12:24:24.626462,2026-10-07,1,Normal
ORD009198,SX00009198,15873,TX01,Delivered,2026-10-06 12:27:00.162016,2026-10-08,1,Normal
ORD009200,SX00009200,10897,TX01,Delivered,2026-10-06 12:28:43.852385,2026-10-09,1,Normal
ORD009202,SX00009202,13695,IL01,Delivered,2026-10-06 12:30:27.542754,2026-10-08,1,Normal
ORD009203,SX00009203,12686,IL01,Delivered,2026-10-06 12:31:19.387938,2026-10-09,1,Normal
ORD009205,SX00009205,15778,IL01,Delivered,2026-10-06 12:33:03.078307,2026-10-08,1,Normal
ORD009206,SX00009206,17768,IL01,Delivered,2026-10-06 12:33:54.923492,2026-10-08,1,Normal
ORD009208,SX00009208,14512,TX01,Delivered,2026-10-06 12:35:38.613861,2026-10-07,1,Normal
ORD009209,SX00009209,10415,IL01,Delivered,2026-10-06 12:36:30.459045,2026-10-09,1,Normal
ORD009216,SX00009216,15640,IL01,Delivered,2026-10-06 12:42:33.375337,2026-10-08,1,Normal
ORD009217,SX00009217,16616,IL01,Delivered,2026-10-06 12:43:25.220522,2026-10-09,0,Missing Delivered Event
ORD009218,SX00009218,10992,IL01,Delivered,2026-10-06 12:44:17.065706,2026-10-07,1,Normal
ORD009219,SX00009219,19473,IL01,Delivered,2026-10-06 12:45:08.910891,2026-10-08,1,Normal
ORD009220,SX00009220,14370,IL01,Delivered,2026-10-06 12:46:00.756075,2026-10-09,1,Normal
ORD009222,SX00009222,13561,NJ01,Delivered,2026-10-06 12:47:44.446444,2026-10-07,1,Normal
ORD009224,SX00009224,16633,TX01,Delivered,2026-10-06 12:49:28.136813,2026-10-08,1,Normal
ORD009225,SX00009225,11756,IL01,Delivered,2026-10-06 12:50:19.981998,2026-10-08,1,Normal
ORD009226,SX00009226,12373,TX01,Delivered,2026-10-06 12:51:11.827182,2026-10-09,1,Normal
ORD009228,SX00009228,19083,TX01,Delivered,2026-10-06 12:52:55.517551,2026-10-08,1,Normal
ORD009229,SX00009229,14184,IL01,Delivered,2026-10-06 12:53:47.362736,2026-10-09,1,Normal
ORD009230,SX00009230,18899,NJ01,Delivered,2026-10-06 12:54:39.207920,2026-10-08,1,Normal
ORD009231,SX00009231,12397,IL01,Delivered,2026-10-06 12:55:31.053105,2026-10-09,1,Normal
ORD009232,SX00009232,15969,NJ01,Delivered,2026-10-06 12:56:22.898289,2026-10-08,1,Normal
ORD009233,SX00009233,14535,IL01,Delivered,2026-10-06 12:57:14.743474,2026-10-08,1,Normal
ORD009235,SX00009235,18127,IL01,Delivered,2026-10-06 12:58:58.433843,2026-10-09,1,Normal
ORD009236,SX00009236,19168,NJ01,Delivered,2026-10-06 12:59:50.279027,2026-10-09,1,Normal
ORD009240,SX00009240,14099,CA01,Delivered,2026-10-06 13:03:17.659765,2026-10-09,1,Normal
ORD009242,SX00009242,11663,TX01,Delivered,2026-10-06 13:05:01.350135,2026-10-09,1,Normal
ORD009243,SX00009243,15591,NJ01,Delivered,2026-10-06 13:05:53.195319,2026-10-07,1,Normal
ORD009244,SX00009244,13872,NJ01,Delivered,2026-10-06 13:06:45.040504,2026-10-08,1,Normal
ORD009245,SX00009245,11054,IL01,Delivered,2026-10-06 13:07:36.885688,2026-10-09,1,Normal
ORD009246,SX00009246,18572,IL01,Delivered,2026-10-06 13:08:28.730873,2026-10-09,1,Normal
ORD009250,SX00009250,14261,NJ01,Delivered,2026-10-06 13:11:56.111611,2026-10-08,1,Normal
ORD009252,SX00009252,13553,IL01,Delivered,2026-10-06 13:13:39.801980,2026-10-09,1,Normal
ORD009253,SX00009253,15138,NJ01,Delivered,2026-10-06 13:14:31.647164,2026-10-07,1,Normal
ORD009256,SX00009256,13663,NJ01,Delivered,2026-10-06 13:17:07.182718,2026-10-08,1,Normal
ORD009257,SX00009257,12239,CA01,Delivered,2026-10-06 13:17:59.027902,2026-10-08,1,Normal
ORD009258,SX00009258,13773,IL01,Delivered,2026-10-06 13:18:50.873087,2026-10-07,1,Normal
ORD009261,SX00009261,16780,IL01,Delivered,2026-10-06 13:21:26.408640,2026-10-09,0,Missing Delivered Event
ORD009262,SX00009262,18015,CA01,Delivered,2026-10-06 13:22:18.253825,2026-10-07,1,Normal
ORD009263,SX00009263,13130,TX01,Delivered,2026-10-06 13:23:10.099009,2026-10-07,1,Normal
ORD009264,SX00009264,10096,IL01,Delivered,2026-10-06 13:24:01.944194,2026-10-09,1,Normal
ORD009265,SX00009265,13858,NJ01,Delivered,2026-10-06 13:24:53.789378,2026-10-09,1,Normal
ORD009266,SX00009266,12708,IL01,Delivered,2026-10-06 13:25:45.634563,2026-10-08,1,Normal
ORD009268,SX00009268,16152,IL01,Delivered,2026-10-06 13:27:29.324932,2026-10-09,1,Normal
ORD009269,SX00009269,10456,TX01,Delivered,2026-10-06 13:28:21.170117,2026-10-09,1,Normal
ORD009271,SX00009271,14368,IL01,Delivered,2026-10-06 13:30:04.860486,2026-10-08,2,Duplicate Delivered Event
ORD009273,SX00009273,19223,CA01,Delivered,2026-10-06 13:31:48.550855,2026-10-09,1,Normal
ORD009274,SX00009274,18399,IL01,Delivered,2026-10-06 13:32:40.396039,2026-10-08,1,Normal
ORD009275,SX00009275,11937,TX01,Delivered,2026-10-06 13:33:32.241224,2026-10-07,1,Normal
ORD009276,SX00009276,11146,TX01,Delivered,2026-10-06 13:34:24.086408,2026-10-08,1,Normal
ORD009278,SX00009278,14299,CA01,Delivered,2026-10-06 13:36:07.776777,2026-10-09,1,Normal
ORD009281,SX00009281,17759,TX01,Delivered,2026-10-06 13:38:43.312331,2026-10-07,1,Normal
ORD009283,SX00009283,14784,NJ01,Delivered,2026-10-06 13:40:27.002700,2026-10-08,1,Normal
ORD009284,SX00009284,19024,IL01,Delivered,2026-10-06 13:41:18.847884,2026-10-07,1,Normal
ORD009286,SX00009286,11159,TX01,Delivered,2026-10-06 13:43:02.538253,2026-10-07,1,Normal
ORD009291,SX00009291,13409,NJ01,Delivered,2026-10-06 13:47:21.764176,2026-10-08,1,Normal
ORD009292,SX00009292,10689,NJ01,Delivered,2026-10-06 13:48:13.609360,2026-10-08,1,Normal
ORD009293,SX00009293,17028,TX01,Delivered,2026-10-06 13:49:05.454545,2026-10-09,1,Normal
ORD009295,SX00009295,15664,CA01,Delivered,2026-10-06 13:50:49.144914,2026-10-07,1,Normal
ORD009298,SX00009298,10952,IL01,Delivered,2026-10-06 13:53:24.680468,2026-10-07,1,Normal
ORD009299,SX00009299,16142,NJ01,Delivered,2026-10-06 13:54:16.525652,2026-10-09,1,Normal
ORD009300,SX00009300,15967,NJ01,Delivered,2026-10-06 13:55:08.370837,2026-10-07,1,Normal
ORD009303,SX00009303,11854,IL01,Delivered,2026-10-06 13:57:43.906390,2026-10-08,1,Normal
ORD009305,SX00009305,12597,IL01,Delivered,2026-10-06 13:59:27.596759,2026-10-09,1,Normal
ORD009306,SX00009306,17829,CA01,Delivered,2026-10-06 14:00:19.441944,2026-10-09,1,Normal
ORD009307,SX00009307,18186,IL01,Delivered,2026-10-06 14:01:11.287128,2026-10-09,1,Normal
ORD009308,SX00009308,13983,CA01,Delivered,2026-10-06 14:02:03.132313,2026-10-09,1,Normal
ORD009309,SX00009309,16963,IL01,Delivered,2026-10-06 14:02:54.977497,2026-10-07,1,Normal
ORD009312,SX00009312,17743,CA01,Delivered,2026-10-06 14:05:30.513051,2026-10-09,1,Normal
ORD009314,SX00009314,19988,IL01,Delivered,2026-10-06 14:07:14.203420,2026-10-08,1,Normal
ORD009316,SX00009316,17938,IL01,Delivered,2026-10-06 14:08:57.893789,2026-10-09,1,Normal
ORD009317,SX00009317,19954,NJ01,Delivered,2026-10-06 14:09:49.738973,2026-10-09,1,Normal
ORD009318,SX00009318,16176,IL01,Delivered,2026-10-06 14:10:41.584158,2026-10-08,0,Missing Delivered Event
ORD009320,SX00009320,19777,NJ01,Delivered,2026-10-06 14:12:25.274527,2026-10-08,1,Normal
ORD009321,SX00009321,15559,CA01,Delivered,2026-10-06 14:13:17.119711,2026-10-09,1,Normal
ORD009322,SX00009322,13563,NJ01,Delivered,2026-10-06 14:14:08.964896,2026-10-08,1,Normal
ORD009323,SX00009323,14584,IL01,Delivered,2026-10-06 14:15:00.810081,2026-10-09,1,Normal
ORD009324,SX00009324,14817,CA01,Delivered,2026-10-06 14:15:52.655265,2026-10-08,1,Normal
ORD009325,SX00009325,15041,IL01,Delivered,2026-10-06 14:16:44.500450,2026-10-09,1,Normal
ORD009326,SX00009326,16182,NJ01,Delivered,2026-10-06 14:17:36.345634,2026-10-09,1,Normal
ORD009327,SX00009327,18026,TX01,Delivered,2026-10-06 14:18:28.190819,2026-10-08,1,Normal
ORD009328,SX00009328,13244,IL01,Delivered,2026-10-06 14:19:20.036003,2026-10-07,1,Normal
ORD009329,SX00009329,11040,IL01,Delivered,2026-10-06 14:20:11.881188,2026-10-08,2,Duplicate Delivered Event
ORD009330,SX00009330,12273,IL01,Delivered,2026-10-06 14:21:03.726372,2026-10-08,1,Normal
ORD009331,SX00009331,13629,IL01,Delivered,2026-10-06 14:21:55.571557,2026-10-07,1,Normal
ORD009332,SX00009332,12114,IL01,Delivered,2026-10-06 14:22:47.416741,2026-10-09,1,Normal
ORD009333,SX00009333,17364,IL01,Delivered,2026-10-06 14:23:39.261926,2026-10-07,1,Normal
ORD009334,SX00009334,11677,IL01,Delivered,2026-10-06 14:24:31.107110,2026-10-08,1,Normal
ORD009335,SX00009335,13094,TX01,Delivered,2026-10-06 14:25:22.952295,2026-10-07,1,Normal
ORD009336,SX00009336,19190,NJ01,Delivered,2026-10-06 14:26:14.797479,2026-10-09,1,Normal
ORD009337,SX00009337,15873,NJ01,Delivered,2026-10-06 14:27:06.642664,2026-10-08,1,Normal
ORD009338,SX00009338,12284,NJ01,Delivered,2026-10-06 14:27:58.487848,2026-10-08,1,Normal
ORD009339,SX00009339,15052,TX01,Delivered,2026-10-06 14:28:50.333033,2026-10-09,1,Normal
ORD009340,SX00009340,17062,CA01,Delivered,2026-10-06 14:29:42.178217,2026-10-09,1,Normal
ORD009341,SX00009341,11589,TX01,Delivered,2026-10-06 14:30:34.023402,2026-10-08,1,Normal
ORD009342,SX00009342,19353,TX01,Delivered,2026-10-06 14:31:25.868586,2026-10-09,1,Normal
ORD009343,SX00009343,12520,IL01,Delivered,2026-10-06 14:32:17.713771,2026-10-07,1,Normal
ORD009345,SX00009345,15729,NJ01,Delivered,2026-10-06 14:34:01.404140,2026-10-07,1,Normal
ORD009346,SX00009346,10694,NJ01,Delivered,2026-10-06 14:34:53.249324,2026-10-07,1,Normal
ORD009347,SX00009347,17807,NJ01,Delivered,2026-10-06 14:35:45.094509,2026-10-09,1,Normal
ORD009348,SX00009348,13683,IL01,Delivered,2026-10-06 14:36:36.939693,2026-10-07,1,Normal
ORD009349,SX00009349,16704,IL01,Delivered,2026-10-06 14:37:28.784878,2026-10-07,2,Duplicate Delivered Event
ORD009350,SX00009350,17368,CA01,Delivered,2026-10-06 14:38:20.630063,2026-10-08,1,Normal
ORD009353,SX00009353,18055,IL01,Delivered,2026-10-06 14:40:56.165616,2026-10-09,1,Normal
ORD009354,SX00009354,14218,NJ01,Delivered,2026-10-06 14:41:48.010801,2026-10-08,1,Normal
ORD009355,SX00009355,11868,NJ01,Delivered,2026-10-06 14:42:39.855985,2026-10-08,1,Normal
ORD009356,SX00009356,11671,NJ01,Delivered,2026-10-06 14:43:31.701170,2026-10-09,1,Normal
ORD009357,SX00009357,19274,IL01,Delivered,2026-10-06 14:44:23.546354,2026-10-07,1,Normal
ORD009358,SX00009358,11728,IL01,Delivered,2026-10-06 14:45:15.391539,2026-10-08,1,Normal
ORD009359,SX00009359,17632,IL01,Delivered,2026-10-06 14:46:07.236723,2026-10-08,1,Normal
ORD009360,SX00009360,16403,TX01,Delivered,2026-10-06 14:46:59.081908,2026-10-08,1,Normal
ORD009361,SX00009361,16092,IL01,Delivered,2026-10-06 14:47:50.927092,2026-10-09,1,Normal
ORD009362,SX00009362,12142,IL01,Delivered,2026-10-06 14:48:42.772277,2026-10-07,1,Normal
ORD009366,SX00009366,10253,TX01,Delivered,2026-10-06 14:52:10.153015,2026-10-07,1,Normal
ORD009367,SX00009367,14102,CA01,Delivered,2026-10-06 14:53:01.998199,2026-10-08,1,Normal
ORD009368,SX00009368,13542,CA01,Delivered,2026-10-06 14:53:53.843384,2026-10-09,1,Normal
ORD009369,SX00009369,12775,TX01,Delivered,2026-10-06 14:54:45.688568,2026-10-09,1,Normal
ORD009370,SX00009370,17678,TX01,Delivered,2026-10-06 14:55:37.533753,2026-10-08,1,Normal
ORD009371,SX00009371,16212,IL01,Delivered,2026-10-06 14:56:29.378937,2026-10-09,1,Normal
ORD009372,SX00009372,14637,NJ01,Delivered,2026-10-06 14:57:21.224122,2026-10-09,1,Normal
ORD009373,SX00009373,16034,NJ01,Delivered,2026-10-06 14:58:13.069306,2026-10-08,1,Normal
ORD009374,SX00009374,18457,NJ01,Delivered,2026-10-06 14:59:04.914491,2026-10-09,1,Normal
ORD009375,SX00009375,16476,NJ01,Delivered,2026-10-06 14:59:56.759675,2026-10-07,1,Normal
ORD009376,SX00009376,13148,TX01,Delivered,2026-10-06 15:00:48.604860,2026-10-07,1,Normal
ORD009378,SX00009378,11004,IL01,Delivered,2026-10-06 15:02:32.295229,2026-10-07,1,Normal
ORD009379,SX00009379,14717,IL01,Delivered,2026-10-06 15:03:24.140414,2026-10-07,1,Normal
ORD009380,SX00009380,13271,NJ01,Delivered,2026-10-06 15:04:15.985598,2026-10-08,1,Normal
ORD009382,SX00009382,19079,NJ01,Delivered,2026-10-06 15:05:59.675967,2026-10-07,1,Normal
ORD009383,SX00009383,15539,IL01,Delivered,2026-10-06 15:06:51.521152,2026-10-09,1,Normal
ORD009384,SX00009384,10153,NJ01,Delivered,2026-10-06 15:07:43.366336,2026-10-08,1,Normal
ORD009386,SX00009386,18606,IL01,Delivered,2026-10-06 15:09:27.056705,2026-10-08,1,Normal
ORD009387,SX00009387,11284,IL01,Delivered,2026-10-06 15:10:18.901890,2026-10-09,1,Normal
ORD009388,SX00009388,13148,IL01,Delivered,2026-10-06 15:11:10.747074,2026-10-08,1,Normal
ORD009390,SX00009390,19174,TX01,Delivered,2026-10-06 15:12:54.437443,2026-10-08,1,Normal
ORD009391,SX00009391,15607,NJ01,Delivered,2026-10-06 15:13:46.282628,2026-10-08,1,Normal
ORD009392,SX00009392,13202,IL01,Delivered,2026-10-06 15:14:38.127812,2026-10-08,1,Normal
ORD009393,SX00009393,12787,NJ01,Delivered,2026-10-06 15:15:29.972997,2026-10-09,1,Normal
ORD009394,SX00009394,12210,IL01,Delivered,2026-10-06 15:16:21.818181,2026-10-09,1,Normal
ORD009395,SX00009395,19230,TX01,Delivered,2026-10-06 15:17:13.663366,2026-10-09,1,Normal
ORD009397,SX00009397,16338,TX01,Delivered,2026-10-06 15:18:57.353735,2026-10-07,1,Normal
ORD009398,SX00009398,18733,NJ01,Delivered,2026-10-06 15:19:49.198919,2026-10-09,1,Normal
ORD009399,SX00009399,10358,NJ01,Delivered,2026-10-06 15:20:41.044104,2026-10-09,1,Normal
ORD009400,SX00009400,10849,TX01,Delivered,2026-10-06 15:21:32.889288,2026-10-07,1,Normal
ORD009401,SX00009401,17498,CA01,Delivered,2026-10-06 15:22:24.734473,2026-10-09,1,Normal
ORD009402,SX00009402,14522,CA01,Delivered,2026-10-06 15:23:16.579657,2026-10-08,1,Normal
ORD009403,SX00009403,12544,NJ01,Delivered,2026-10-06 15:24:08.424842,2026-10-09,1,Normal
ORD009404,SX00009404,11831,IL01,Delivered,2026-10-06 15:25:00.270027,2026-10-07,1,Normal
ORD009407,SX00009407,10329,TX01,Delivered,2026-10-06 15:27:35.805580,2026-10-08,1,Normal
ORD009408,SX00009408,15851,TX01,Delivered,2026-10-06 15:28:27.650765,2026-10-08,1,Normal
ORD009410,SX00009410,15266,CA01,Delivered,2026-10-06 15:30:11.341134,2026-10-07,1,Normal
ORD009411,SX00009411,14354,IL01,Delivered,2026-10-06 15:31:03.186318,2026-10-08,1,Normal
ORD009412,SX00009412,16435,NJ01,Delivered,2026-10-06 15:31:55.031503,2026-10-08,1,Normal
ORD009413,SX00009413,17978,IL01,Delivered,2026-10-06 15:32:46.876687,2026-10-08,0,Missing Delivered Event
ORD009416,SX00009416,14722,IL01,Delivered,2026-10-06 15:35:22.412241,2026-10-09,1,Normal
ORD009417,SX00009417,11388,TX01,Delivered,2026-10-06 15:36:14.257425,2026-10-07,1,Normal
ORD009418,SX00009418,14185,CA01,Delivered,2026-10-06 15:37:06.102610,2026-10-08,1,Normal
ORD009419,SX00009419,18911,NJ01,Delivered,2026-10-06 15:37:57.947794,2026-10-08,1,Normal
ORD009420,SX00009420,13235,IL01,Delivered,2026-10-06 15:38:49.792979,2026-10-08,1,Normal
ORD009422,SX00009422,11100,CA01,Delivered,2026-10-06 15:40:33.483348,2026-10-08,1,Normal
ORD009423,SX00009423,18864,TX01,Delivered,2026-10-06 15:41:25.328532,2026-10-09,1,Normal
ORD009424,SX00009424,18708,NJ01,Delivered,2026-10-06 15:42:17.173717,2026-10-09,1,Normal
ORD009426,SX00009426,17770,IL01,Delivered,2026-10-06 15:44:00.864086,2026-10-08,1,Normal
ORD009427,SX00009427,13670,CA01,Delivered,2026-10-06 15:44:52.709270,2026-10-08,1,Normal
ORD009428,SX00009428,10781,CA01,Delivered,2026-10-06 15:45:44.554455,2026-10-07,1,Normal
ORD009430,SX00009430,16131,IL01,Delivered,2026-10-06 15:47:28.244824,2026-10-09,1,Normal
ORD009432,SX00009432,19781,NJ01,Delivered,2026-10-06 15:49:11.935193,2026-10-07,1,Normal
ORD009433,SX00009433,14995,NJ01,Delivered,2026-10-06 15:50:03.780378,2026-10-08,1,Normal
ORD009436,SX00009436,19268,IL01,Delivered,2026-10-06 15:52:39.315931,2026-10-08,0,Missing Delivered Event
ORD009437,SX00009437,19292,TX01,Delivered,2026-10-06 15:53:31.161116,2026-10-09,1,Normal
ORD009439,SX00009439,19531,TX01,Delivered,2026-10-06 15:55:14.851485,2026-10-07,1,Normal
ORD009440,SX00009440,13885,IL01,Delivered,2026-10-06 15:56:06.696669,2026-10-07,1,Normal
ORD009441,SX00009441,18009,TX01,Delivered,2026-10-06 15:56:58.541854,2026-10-08,1,Normal
ORD009442,SX00009442,10623,IL01,Delivered,2026-10-06 15:57:50.387038,2026-10-08,1,Normal
ORD009444,SX00009444,17385,IL01,Delivered,2026-10-06 15:59:34.077407,2026-10-07,1,Normal
ORD009445,SX00009445,16081,TX01,Delivered,2026-10-06 16:00:25.922592,2026-10-08,1,Normal
ORD009446,SX00009446,15484,NJ01,Delivered,2026-10-06 16:01:17.767776,2026-10-09,1,Normal
ORD009450,SX00009450,11329,IL01,Delivered,2026-10-06 16:04:45.148514,2026-10-08,1,Normal
ORD009451,SX00009451,14114,TX01,Delivered,2026-10-06 16:05:36.993699,2026-10-08,1,Normal
ORD009455,SX00009455,13951,TX01,Delivered,2026-10-06 16:09:04.374437,2026-10-07,1,Normal
ORD009456,SX00009456,15084,IL01,Delivered,2026-10-06 16:09:56.219621,2026-10-09,1,Normal
ORD009458,SX00009458,12634,NJ01,Delivered,2026-10-06 16:11:39.909990,2026-10-09,1,Normal
ORD009459,SX00009459,12768,TX01,Delivered,2026-10-06 16:12:31.755175,2026-10-09,1,Normal
ORD009460,SX00009460,15302,IL01,Delivered,2026-10-06 16:13:23.600360,2026-10-09,1,Normal
ORD009461,SX00009461,16250,CA01,Delivered,2026-10-06 16:14:15.445544,2026-10-08,1,Normal
ORD009463,SX00009463,18967,IL01,Delivered,2026-10-06 16:15:59.135913,2026-10-08,1,Normal
ORD009465,SX00009465,11160,TX01,Delivered,2026-10-06 16:17:42.826282,2026-10-08,1,Normal
ORD009467,SX00009467,17041,TX01,Delivered,2026-10-06 16:19:26.516651,2026-10-08,1,Normal
ORD009469,SX00009469,15876,IL01,Delivered,2026-10-06 16:21:10.207020,2026-10-07,1,Normal
ORD009470,SX00009470,13540,NJ01,Delivered,2026-10-06 16:22:02.052205,2026-10-09,1,Normal
ORD009471,SX00009471,14635,NJ01,Delivered,2026-10-06 16:22:53.897389,2026-10-08,1,Normal
ORD009473,SX00009473,15901,NJ01,Delivered,2026-10-06 16:24:37.587758,2026-10-08,1,Normal
ORD009474,SX00009474,18215,IL01,Delivered,2026-10-06 16:25:29.432943,2026-10-07,1,Normal
ORD009475,SX00009475,11079,NJ01,Delivered,2026-10-06 16:26:21.278127,2026-10-09,1,Normal
ORD009476,SX00009476,18370,IL01,Delivered,2026-10-06 16:27:13.123312,2026-10-07,0,Missing Delivered Event
ORD009478,SX00009478,11960,CA01,Delivered,2026-10-06 16:28:56.813681,2026-10-07,1,Normal
ORD009479,SX00009479,11473,IL01,Delivered,2026-10-06 16:29:48.658865,2026-10-09,1,Normal
ORD009480,SX00009480,14888,NJ01,Delivered,2026-10-06 16:30:40.504050,2026-10-07,1,Normal
ORD009481,SX00009481,14979,IL01,Delivered,2026-10-06 16:31:32.349234,2026-10-09,1,Normal
ORD009482,SX00009482,11212,IL01,Delivered,2026-10-06 16:32:24.194419,2026-10-07,1,Normal
ORD009483,SX00009483,15697,IL01,Delivered,2026-10-06 16:33:16.039603,2026-10-09,0,Missing Delivered Event
ORD009484,SX00009484,19001,IL01,Delivered,2026-10-06 16:34:07.884788,2026-10-09,1,Normal
ORD009485,SX00009485,10419,IL01,Delivered,2026-10-06 16:34:59.729972,2026-10-09,1,Normal
ORD009487,SX00009487,15283,IL01,Delivered,2026-10-06 16:36:43.420342,2026-10-08,1,Normal
ORD009488,SX00009488,19470,IL01,Delivered,2026-10-06 16:37:35.265526,2026-10-09,1,Normal
ORD009489,SX00009489,19632,TX01,Delivered,2026-10-06 16:38:27.110711,2026-10-08,1,Normal
ORD009490,SX00009490,11340,IL01,Delivered,2026-10-06 16:39:18.955895,2026-10-09,1,Normal
ORD009491,SX00009491,15137,TX01,Delivered,2026-10-06 16:40:10.801080,2026-10-07,1,Normal
ORD009492,SX00009492,15189,IL01,Delivered,2026-10-06 16:41:02.646264,2026-10-07,1,Normal
ORD009496,SX00009496,17855,IL01,Delivered,2026-10-06 16:44:30.027002,2026-10-07,1,Normal
ORD009497,SX00009497,11292,NJ01,Delivered,2026-10-06 16:45:21.872187,2026-10-08,1,Normal
ORD009499,SX00009499,10187,IL01,Delivered,2026-10-06 16:47:05.562556,2026-10-08,1,Normal
ORD009500,SX00009500,12758,CA01,Delivered,2026-10-06 16:47:57.407740,2026-10-09,1,Normal
ORD009501,SX00009501,18720,IL01,Delivered,2026-10-06 16:48:49.252925,2026-10-09,0,Missing Delivered Event
ORD009502,SX00009502,18625,CA01,Delivered,2026-10-06 16:49:41.098109,2026-10-07,1,Normal
ORD009503,SX00009503,16431,IL01,Delivered,2026-10-06 16:50:32.943294,2026-10-07,1,Normal
ORD009505,SX00009505,19996,NJ01,Delivered,2026-10-06 16:52:16.633663,2026-10-09,1,Normal
ORD009506,SX00009506,18494,CA01,Delivered,2026-10-06 16:53:08.478847,2026-10-07,1,Normal
ORD009507,SX00009507,14182,IL01,Delivered,2026-10-06 16:54:00.324032,2026-10-09,1,Normal
ORD009508,SX00009508,16973,TX01,Delivered,2026-10-06 16:54:52.169216,2026-10-08,1,Normal
ORD009509,SX00009509,10437,TX01,Delivered,2026-10-06 16:55:44.014401,2026-10-07,1,Normal
ORD009510,SX00009510,10832,NJ01,Delivered,2026-10-06 16:56:35.859585,2026-10-07,1,Normal
ORD009511,SX00009511,18988,TX01,Delivered,2026-10-06 16:57:27.704770,2026-10-08,1,Normal
ORD009512,SX00009512,18751,NJ01,Delivered,2026-10-06 16:58:19.549954,2026-10-08,1,Normal
ORD009513,SX00009513,18953,CA01,Delivered,2026-10-06 16:59:11.395139,2026-10-08,1,Normal
ORD009514,SX00009514,15794,IL01,Delivered,2026-10-06 17:00:03.240324,2026-10-08,1,Normal
ORD009515,SX00009515,13574,NJ01,Delivered,2026-10-06 17:00:55.085508,2026-10-09,1,Normal
ORD009516,SX00009516,13785,CA01,Delivered,2026-10-06 17:01:46.930693,2026-10-07,1,Normal
ORD009517,SX00009517,15220,IL01,Delivered,2026-10-06 17:02:38.775877,2026-10-09,0,Missing Delivered Event
ORD009518,SX00009518,17750,NJ01,Delivered,2026-10-06 17:03:30.621062,2026-10-09,1,Normal
ORD009519,SX00009519,16818,CA01,Delivered,2026-10-06 17:04:22.466246,2026-10-08,1,Normal
ORD009520,SX00009520,10684,NJ01,Delivered,2026-10-06 17:05:14.311431,2026-10-07,1,Normal
ORD009521,SX00009521,14233,IL01,Delivered,2026-10-06 17:06:06.156615,2026-10-09,1,Normal
ORD009523,SX00009523,18007,CA01,Delivered,2026-10-06 17:07:49.846984,2026-10-08,1,Normal
ORD009524,SX00009524,10227,CA01,Delivered,2026-10-06 17:08:41.692169,2026-10-07,1,Normal
ORD009526,SX00009526,12731,TX01,Delivered,2026-10-06 17:10:25.382538,2026-10-07,1,Normal
ORD009527,SX00009527,19019,NJ01,Delivered,2026-10-06 17:11:17.227722,2026-10-09,1,Normal
ORD009528,SX00009528,10430,IL01,Delivered,2026-10-06 17:12:09.072907,2026-10-08,1,Normal
ORD009529,SX00009529,19255,IL01,Delivered,2026-10-06 17:13:00.918091,2026-10-07,1,Normal
ORD009530,SX00009530,11709,IL01,Delivered,2026-10-06 17:13:52.763276,2026-10-09,1,Normal
ORD009532,SX00009532,11234,CA01,Delivered,2026-10-06 17:15:36.453645,2026-10-07,1,Normal
ORD009533,SX00009533,18493,TX01,Delivered,2026-10-06 17:16:28.298829,2026-10-08,1,Normal
ORD009534,SX00009534,15205,NJ01,Delivered,2026-10-06 17:17:20.144014,2026-10-08,1,Normal
ORD009535,SX00009535,11420,CA01,Delivered,2026-10-06 17:18:11.989198,2026-10-07,1,Normal
ORD009536,SX00009536,10768,CA01,Delivered,2026-10-06 17:19:03.834383,2026-10-09,1,Normal
ORD009537,SX00009537,16034,TX01,Delivered,2026-10-06 17:19:55.679567,2026-10-08,1,Normal
ORD009538,SX00009538,19596,NJ01,Delivered,2026-10-06 17:20:47.524752,2026-10-09,1,Normal
ORD009539,SX00009539,18635,IL01,Delivered,2026-10-06 17:21:39.369936,2026-10-09,1,Normal
ORD009540,SX00009540,13104,NJ01,Delivered,2026-10-06 17:22:31.215121,2026-10-08,1,Normal
ORD009541,SX00009541,14355,IL01,Delivered,2026-10-06 17:23:23.060306,2026-10-09,2,Duplicate Delivered Event
ORD009543,SX00009543,11538,CA01,Delivered,2026-10-06 17:25:06.750675,2026-10-07,1,Normal
ORD009544,SX00009544,11331,IL01,Delivered,2026-10-06 17:25:58.595859,2026-10-08,1,Normal
ORD009548,SX00009548,15558,IL01,Delivered,2026-10-06 17:29:25.976597,2026-10-09,1,Normal
ORD009550,SX00009550,17126,CA01,Delivered,2026-10-06 17:31:09.666966,2026-10-07,1,Normal
ORD009551,SX00009551,10480,IL01,Delivered,2026-10-06 17:32:01.512151,2026-10-07,1,Normal
ORD009554,SX00009554,16167,NJ01,Delivered,2026-10-06 17:34:37.047704,2026-10-09,1,Normal
ORD009556,SX00009556,12892,TX01,Delivered,2026-10-06 17:36:20.738073,2026-10-09,1,Normal
ORD009557,SX00009557,11198,CA01,Delivered,2026-10-06 17:37:12.583258,2026-10-09,1,Normal
ORD009558,SX00009558,18011,IL01,Delivered,2026-10-06 17:38:04.428442,2026-10-08,1,Normal
ORD009560,SX00009560,11892,IL01,Delivered,2026-10-06 17:39:48.118811,2026-10-09,1,Normal
ORD009562,SX00009562,11883,NJ01,Delivered,2026-10-06 17:41:31.809180,2026-10-08,1,Normal
ORD009564,SX00009564,10797,IL01,Delivered,2026-10-06 17:43:15.499549,2026-10-08,1,Normal
ORD009565,SX00009565,18209,NJ01,Delivered,2026-10-06 17:44:07.344734,2026-10-07,1,Normal
ORD009567,SX00009567,10154,NJ01,Delivered,2026-10-06 17:45:51.035103,2026-10-09,1,Normal
ORD009568,SX00009568,14962,IL01,Delivered,2026-10-06 17:46:42.880288,2026-10-07,1,Normal
ORD009569,SX00009569,14080,IL01,Delivered,2026-10-06 17:47:34.725472,2026-10-09,1,Normal
ORD009570,SX00009570,18050,NJ01,Delivered,2026-10-06 17:48:26.570657,2026-10-07,1,Normal
ORD009571,SX00009571,15947,IL01,Delivered,2026-10-06 17:49:18.415841,2026-10-08,1,Normal
ORD009572,SX00009572,19617,TX01,Delivered,2026-10-06 17:50:10.261026,2026-10-08,1,Normal
ORD009573,SX00009573,14320,NJ01,Delivered,2026-10-06 17:51:02.106210,2026-10-09,1,Normal
ORD009577,SX00009577,19450,NJ01,Delivered,2026-10-06 17:54:29.486948,2026-10-07,1,Normal
ORD009579,SX00009579,16673,NJ01,Delivered,2026-10-06 17:56:13.177317,2026-10-07,1,Normal
ORD009581,SX00009581,14833,TX01,Delivered,2026-10-06 17:57:56.867686,2026-10-08,1,Normal
ORD009582,SX00009582,19894,IL01,Delivered,2026-10-06 17:58:48.712871,2026-10-08,1,Normal
ORD009583,SX00009583,19065,IL01,Delivered,2026-10-06 17:59:40.558055,2026-10-08,1,Normal
ORD009584,SX00009584,10565,CA01,Delivered,2026-10-06 18:00:32.403240,2026-10-09,1,Normal
ORD009587,SX00009587,12314,TX01,Delivered,2026-10-06 18:03:07.938793,2026-10-07,1,Normal
ORD009589,SX00009589,13883,NJ01,Delivered,2026-10-06 18:04:51.629162,2026-10-07,1,Normal
ORD009590,SX00009590,18216,CA01,Delivered,2026-10-06 18:05:43.474347,2026-10-08,1,Normal
ORD009591,SX00009591,16739,CA01,Delivered,2026-10-06 18:06:35.319531,2026-10-09,1,Normal
ORD009592,SX00009592,19329,IL01,Delivered,2026-10-06 18:07:27.164716,2026-10-09,1,Normal
ORD009593,SX00009593,17902,IL01,Delivered,2026-10-06 18:08:19.009900,2026-10-08,1,Normal
ORD009594,SX00009594,11189,NJ01,Delivered,2026-10-06 18:09:10.855085,2026-10-08,1,Normal
ORD009595,SX00009595,17156,NJ01,Delivered,2026-10-06 18:10:02.700270,2026-10-08,1,Normal
ORD009596,SX00009596,17342,IL01,Delivered,2026-10-06 18:10:54.545454,2026-10-09,1,Normal
ORD009598,SX00009598,13157,IL01,Delivered,2026-10-06 18:12:38.235823,2026-10-07,1,Normal
ORD009599,SX00009599,15520,TX01,Delivered,2026-10-06 18:13:30.081008,2026-10-08,1,Normal
ORD009600,SX00009600,11741,TX01,Delivered,2026-10-06 18:14:21.926192,2026-10-09,1,Normal
ORD009601,SX00009601,13688,TX01,Delivered,2026-10-06 18:15:13.771377,2026-10-07,1,Normal
ORD009603,SX00009603,15369,NJ01,Delivered,2026-10-06 18:16:57.461746,2026-10-09,1,Normal
ORD009605,SX00009605,19089,NJ01,Delivered,2026-10-06 18:18:41.152115,2026-10-07,1,Normal
ORD009608,SX00009608,13967,CA01,Delivered,2026-10-06 18:21:16.687668,2026-10-08,1,Normal
ORD009609,SX00009609,17423,IL01,Delivered,2026-10-06 18:22:08.532853,2026-10-07,1,Normal
ORD009610,SX00009610,16450,IL01,Delivered,2026-10-06 18:23:00.378037,2026-10-09,1,Normal
ORD009612,SX00009612,17825,NJ01,Delivered,2026-10-06 18:24:44.068406,2026-10-07,1,Normal
ORD009613,SX00009613,10390,IL01,Delivered,2026-10-06 18:25:35.913591,2026-10-09,1,Normal
ORD009614,SX00009614,19891,NJ01,Delivered,2026-10-06 18:26:27.758775,2026-10-07,1,Normal
ORD009616,SX00009616,10232,IL01,Delivered,2026-10-06 18:28:11.449144,2026-10-08,1,Normal
ORD009619,SX00009619,10233,NJ01,Delivered,2026-10-06 18:30:46.984698,2026-10-09,1,Normal
ORD009620,SX00009620,11391,TX01,Delivered,2026-10-06 18:31:38.829882,2026-10-09,1,Normal
ORD009621,SX00009621,19447,IL01,Delivered,2026-10-06 18:32:30.675067,2026-10-07,1,Normal
ORD009622,SX00009622,10889,CA01,Delivered,2026-10-06 18:33:22.520252,2026-10-08,1,Normal
ORD009623,SX00009623,17902,NJ01,Delivered,2026-10-06 18:34:14.365436,2026-10-07,1,Normal
ORD009624,SX00009624,10745,TX01,Delivered,2026-10-06 18:35:06.210621,2026-10-08,1,Normal
ORD009625,SX00009625,19911,TX01,Delivered,2026-10-06 18:35:58.055805,2026-10-07,1,Normal
ORD009627,SX00009627,10731,IL01,Delivered,2026-10-06 18:37:41.746174,2026-10-07,1,Normal
ORD009629,SX00009629,16507,NJ01,Delivered,2026-10-06 18:39:25.436543,2026-10-09,1,Normal
ORD009630,SX00009630,17025,CA01,Delivered,2026-10-06 18:40:17.281728,2026-10-07,1,Normal
ORD009631,SX00009631,19027,IL01,Delivered,2026-10-06 18:41:09.126912,2026-10-07,1,Normal
ORD009632,SX00009632,17624,CA01,Delivered,2026-10-06 18:42:00.972097,2026-10-08,1,Normal
ORD009633,SX00009633,18326,IL01,Delivered,2026-10-06 18:42:52.817281,2026-10-07,1,Normal
ORD009634,SX00009634,15383,IL01,Delivered,2026-10-06 18:43:44.662466,2026-10-09,1,Normal
ORD009635,SX00009635,16207,IL01,Delivered,2026-10-06 18:44:36.507650,2026-10-09,0,Missing Delivered Event
ORD009637,SX00009637,13718,CA01,Delivered,2026-10-06 18:46:20.198019,2026-10-08,1,Normal
ORD009640,SX00009640,15008,IL01,Delivered,2026-10-06 18:48:55.733573,2026-10-09,1,Normal
ORD009641,SX00009641,15229,NJ01,Delivered,2026-10-06 18:49:47.578757,2026-10-08,1,Normal
ORD009642,SX00009642,17388,IL01,Delivered,2026-10-06 18:50:39.423942,2026-10-09,1,Normal
ORD009643,SX00009643,12415,NJ01,Delivered,2026-10-06 18:51:31.269126,2026-10-09,1,Normal
ORD009644,SX00009644,17171,TX01,Delivered,2026-10-06 18:52:23.114311,2026-10-09,1,Normal
ORD009646,SX00009646,14261,IL01,Delivered,2026-10-06 18:54:06.804680,2026-10-08,0,Missing Delivered Event
ORD009648,SX00009648,13466,TX01,Delivered,2026-10-06 18:55:50.495049,2026-10-08,1,Normal
ORD009649,SX00009649,13088,TX01,Delivered,2026-10-06 18:56:42.340234,2026-10-08,1,Normal
ORD009651,SX00009651,14578,TX01,Delivered,2026-10-06 18:58:26.030603,2026-10-07,1,Normal
ORD009653,SX00009653,17372,NJ01,Delivered,2026-10-06 19:00:09.720972,2026-10-07,1,Normal
ORD009656,SX00009656,19422,NJ01,Delivered,2026-10-06 19:02:45.256525,2026-10-08,1,Normal
ORD009658,SX00009658,17022,TX01,Delivered,2026-10-06 19:04:28.946894,2026-10-07,1,Normal
ORD009659,SX00009659,14975,IL01,Delivered,2026-10-06 19:05:20.792079,2026-10-09,1,Normal
ORD009660,SX00009660,14925,NJ01,Delivered,2026-10-06 19:06:12.637263,2026-10-08,1,Normal
ORD009661,SX00009661,18047,TX01,Delivered,2026-10-06 19:07:04.482448,2026-10-08,1,Normal
ORD009662,SX00009662,18090,NJ01,Delivered,2026-10-06 19:07:56.327632,2026-10-09,1,Normal
ORD009664,SX00009664,15292,TX01,Delivered,2026-10-06 19:09:40.018001,2026-10-09,1,Normal
ORD009670,SX00009670,13891,TX01,Delivered,2026-10-06 19:14:51.089108,2026-10-07,1,Normal
ORD009671,SX00009671,17145,NJ01,Delivered,2026-10-06 19:15:42.934293,2026-10-09,1,Normal
ORD009672,SX00009672,18498,IL01,Delivered,2026-10-06 19:16:34.779477,2026-10-08,1,Normal
ORD009673,SX00009673,19554,CA01,Delivered,2026-10-06 19:17:26.624662,2026-10-09,1,Normal
ORD009674,SX00009674,12102,NJ01,Delivered,2026-10-06 19:18:18.469846,2026-10-07,1,Normal
ORD009675,SX00009675,13030,IL01,Delivered,2026-10-06 19:19:10.315031,2026-10-09,1,Normal
ORD009676,SX00009676,18524,NJ01,Delivered,2026-10-06 19:20:02.160216,2026-10-07,1,Normal
ORD009678,SX00009678,10242,IL01,Delivered,2026-10-06 19:21:45.850585,2026-10-08,1,Normal
ORD009679,SX00009679,11884,NJ01,Delivered,2026-10-06 19:22:37.695769,2026-10-08,1,Normal
ORD009680,SX00009680,18015,IL01,Delivered,2026-10-06 19:23:29.540954,2026-10-07,1,Normal
ORD009681,SX00009681,19624,NJ01,Delivered,2026-10-06 19:24:21.386138,2026-10-08,1,Normal
ORD009682,SX00009682,16747,CA01,Delivered,2026-10-06 19:25:13.231323,2026-10-09,1,Normal
ORD009683,SX00009683,18494,CA01,Delivered,2026-10-06 19:26:05.076507,2026-10-09,1,Normal
ORD009685,SX00009685,17863,IL01,Delivered,2026-10-06 19:27:48.766876,2026-10-07,1,Normal
ORD009686,SX00009686,13109,NJ01,Delivered,2026-10-06 19:28:40.612061,2026-10-09,1,Normal
ORD009687,SX00009687,12186,NJ01,Delivered,2026-10-06 19:29:32.457245,2026-10-07,1,Normal
ORD009689,SX00009689,19984,NJ01,Delivered,2026-10-06 19:31:16.147614,2026-10-07,1,Normal
ORD009690,SX00009690,10646,IL01,Delivered,2026-10-06 19:32:07.992799,2026-10-07,1,Normal
ORD009692,SX00009692,14656,TX01,Delivered,2026-10-06 19:33:51.683168,2026-10-09,1,Normal
ORD009693,SX00009693,18904,CA01,Delivered,2026-10-06 19:34:43.528352,2026-10-07,1,Normal
ORD009694,SX00009694,10537,IL01,Delivered,2026-10-06 19:35:35.373537,2026-10-09,1,Normal
ORD009695,SX00009695,16572,NJ01,Delivered,2026-10-06 19:36:27.218721,2026-10-08,1,Normal
ORD009696,SX00009696,10234,IL01,Delivered,2026-10-06 19:37:19.063906,2026-10-09,1,Normal
ORD009697,SX00009697,19696,NJ01,Delivered,2026-10-06 19:38:10.909090,2026-10-07,1,Normal
ORD009699,SX00009699,11374,CA01,Delivered,2026-10-06 19:39:54.599459,2026-10-09,1,Normal
ORD009700,SX00009700,11909,NJ01,Delivered,2026-10-06 19:40:46.444644,2026-10-07,1,Normal
ORD009704,SX00009704,12083,TX01,Delivered,2026-10-06 19:44:13.825382,2026-10-07,1,Normal
ORD009705,SX00009705,11690,CA01,Delivered,2026-10-06 19:45:05.670567,2026-10-07,1,Normal
ORD009707,SX00009707,12670,NJ01,Delivered,2026-10-06 19:46:49.360936,2026-10-08,1,Normal
ORD009708,SX00009708,13751,NJ01,Delivered,2026-10-06 19:47:41.206120,2026-10-07,1,Normal
ORD009709,SX00009709,18659,TX01,Delivered,2026-10-06 19:48:33.051305,2026-10-09,1,Normal
ORD009710,SX00009710,15261,IL01,Delivered,2026-10-06 19:49:24.896489,2026-10-08,1,Normal
ORD009711,SX00009711,16852,NJ01,Delivered,2026-10-06 19:50:16.741674,2026-10-07,1,Normal
ORD009713,SX00009713,15740,IL01,Delivered,2026-10-06 19:52:00.432043,2026-10-07,1,Normal
ORD009714,SX00009714,19211,IL01,Delivered,2026-10-06 19:52:52.277227,2026-10-08,1,Normal
ORD009715,SX00009715,18055,IL01,Delivered,2026-10-06 19:53:44.122412,2026-10-07,1,Normal
ORD009716,SX00009716,10901,NJ01,Delivered,2026-10-06 19:54:35.967596,2026-10-08,1,Normal
ORD009719,SX00009719,10444,TX01,Delivered,2026-10-06 19:57:11.503150,2026-10-08,1,Normal
ORD009721,SX00009721,18655,TX01,Delivered,2026-10-06 19:58:55.193519,2026-10-08,1,Normal
ORD009722,SX00009722,12198,CA01,Delivered,2026-10-06 19:59:47.038703,2026-10-07,1,Normal
ORD009725,SX00009725,19104,IL01,Delivered,2026-10-06 20:02:22.574257,2026-10-09,1,Normal
ORD009726,SX00009726,10496,CA01,Delivered,2026-10-06 20:03:14.419441,2026-10-07,1,Normal
ORD009727,SX00009727,11463,TX01,Delivered,2026-10-06 20:04:06.264626,2026-10-07,1,Normal
ORD009728,SX00009728,16828,IL01,Delivered,2026-10-06 20:04:58.109810,2026-10-07,1,Normal
ORD009729,SX00009729,14253,IL01,Delivered,2026-10-06 20:05:49.954995,2026-10-07,1,Normal
ORD009730,SX00009730,10493,NJ01,Delivered,2026-10-06 20:06:41.800180,2026-10-07,1,Normal
ORD009732,SX00009732,15430,NJ01,Delivered,2026-10-06 20:08:25.490549,2026-10-09,1,Normal
ORD009733,SX00009733,11426,CA01,Delivered,2026-10-06 20:09:17.335733,2026-10-08,1,Normal
ORD009735,SX00009735,11793,CA01,Delivered,2026-10-06 20:11:01.026102,2026-10-07,1,Normal
ORD009739,SX00009739,17630,NJ01,Delivered,2026-10-06 20:14:28.406840,2026-10-07,1,Normal
ORD009740,SX00009740,18741,NJ01,Delivered,2026-10-06 20:15:20.252025,2026-10-07,1,Normal
ORD009741,SX00009741,18834,TX01,Delivered,2026-10-06 20:16:12.097209,2026-10-08,1,Normal
ORD009744,SX00009744,14190,IL01,Delivered,2026-10-06 20:18:47.632763,2026-10-07,1,Normal
ORD009745,SX00009745,11883,IL01,Delivered,2026-10-06 20:19:39.477947,2026-10-07,1,Normal
ORD009747,SX00009747,10477,CA01,Delivered,2026-10-06 20:21:23.168316,2026-10-08,1,Normal
ORD009748,SX00009748,18953,IL01,Delivered,2026-10-06 20:22:15.013501,2026-10-09,0,Missing Delivered Event
ORD009750,SX00009750,16854,CA01,Delivered,2026-10-06 20:23:58.703870,2026-10-07,1,Normal
ORD009751,SX00009751,10755,IL01,Delivered,2026-10-06 20:24:50.549054,2026-10-08,1,Normal
ORD009752,SX00009752,19638,IL01,Delivered,2026-10-06 20:25:42.394239,2026-10-09,1,Normal
ORD009754,SX00009754,19855,IL01,Delivered,2026-10-06 20:27:26.084608,2026-10-07,1,Normal
ORD009755,SX00009755,15724,TX01,Delivered,2026-10-06 20:28:17.929792,2026-10-07,1,Normal
ORD009756,SX00009756,14150,NJ01,Delivered,2026-10-06 20:29:09.774977,2026-10-08,1,Normal
ORD009757,SX00009757,14060,NJ01,Delivered,2026-10-06 20:30:01.620162,2026-10-07,1,Normal
ORD009758,SX00009758,14765,CA01,Delivered,2026-10-06 20:30:53.465346,2026-10-08,1,Normal
ORD009759,SX00009759,13612,IL01,Delivered,2026-10-06 20:31:45.310531,2026-10-07,1,Normal
ORD009760,SX00009760,16553,IL01,Delivered,2026-10-06 20:32:37.155715,2026-10-07,1,Normal
ORD009765,SX00009765,13186,IL01,Delivered,2026-10-06 20:36:56.381638,2026-10-09,0,Missing Delivered Event
ORD009768,SX00009768,14394,NJ01,Delivered,2026-10-06 20:39:31.917191,2026-10-09,1,Normal
ORD009769,SX00009769,17942,IL01,Delivered,2026-10-06 20:40:23.762376,2026-10-09,1,Normal
ORD009770,SX00009770,17548,TX01,Delivered,2026-10-06 20:41:15.607560,2026-10-09,1,Normal
ORD009771,SX00009771,10560,IL01,Delivered,2026-10-06 20:42:07.452745,2026-10-09,1,Normal
ORD009772,SX00009772,11912,NJ01,Delivered,2026-10-06 20:42:59.297929,2026-10-08,1,Normal
ORD009773,SX00009773,11864,IL01,Delivered,2026-10-06 20:43:51.143114,2026-10-07,1,Normal
ORD009776,SX00009776,17630,TX01,Delivered,2026-10-06 20:46:26.678667,2026-10-09,1,Normal
ORD009777,SX00009777,11461,TX01,Delivered,2026-10-06 20:47:18.523852,2026-10-08,1,Normal
ORD009778,SX00009778,14292,TX01,Delivered,2026-10-06 20:48:10.369036,2026-10-09,1,Normal
ORD009780,SX00009780,10994,TX01,Delivered,2026-10-06 20:49:54.059405,2026-10-09,1,Normal
ORD009782,SX00009782,10007,IL01,Delivered,2026-10-06 20:51:37.749774,2026-10-09,1,Normal
ORD009783,SX00009783,12515,TX01,Delivered,2026-10-06 20:52:29.594959,2026-10-07,1,Normal
ORD009785,SX00009785,12316,TX01,Delivered,2026-10-06 20:54:13.285328,2026-10-09,1,Normal
ORD009787,SX00009787,13932,CA01,Delivered,2026-10-06 20:55:56.975697,2026-10-08,1,Normal
ORD009789,SX00009789,11287,CA01,Delivered,2026-10-06 20:57:40.666066,2026-10-09,1,Normal
ORD009790,SX00009790,11118,NJ01,Delivered,2026-10-06 20:58:32.511251,2026-10-09,1,Normal
ORD009791,SX00009791,18744,TX01,Delivered,2026-10-06 20:59:24.356435,2026-10-08,1,Normal
ORD009792,SX00009792,17637,TX01,Delivered,2026-10-06 21:00:16.201620,2026-10-08,1,Normal
ORD009793,SX00009793,10660,NJ01,Delivered,2026-10-06 21:01:08.046804,2026-10-07,1,Normal
ORD009796,SX00009796,18104,CA01,Delivered,2026-10-06 21:03:43.582358,2026-10-09,1,Normal
ORD009797,SX00009797,16337,IL01,Delivered,2026-10-06 21:04:35.427542,2026-10-09,1,Normal
ORD009799,SX00009799,13970,IL01,Delivered,2026-10-06 21:06:19.117911,2026-10-08,1,Normal
ORD009803,SX00009803,17416,NJ01,Delivered,2026-10-06 21:09:46.498649,2026-10-08,1,Normal
ORD009805,SX00009805,11897,IL01,Delivered,2026-10-06 21:11:30.189018,2026-10-08,1,Normal
ORD009806,SX00009806,16364,IL01,Delivered,2026-10-06 21:12:22.034203,2026-10-09,1,Normal
ORD009807,SX00009807,18464,CA01,Delivered,2026-10-06 21:13:13.879387,2026-10-07,1,Normal
ORD009808,SX00009808,14087,IL01,Delivered,2026-10-06 21:14:05.724572,2026-10-09,1,Normal
ORD009809,SX00009809,19464,IL01,Delivered,2026-10-06 21:14:57.569756,2026-10-08,1,Normal
ORD009811,SX00009811,17607,IL01,Delivered,2026-10-06 21:16:41.260126,2026-10-08,1,Normal
ORD009812,SX00009812,14019,TX01,Delivered,2026-10-06 21:17:33.105310,2026-10-08,1,Normal
ORD009815,SX00009815,10922,IL01,Delivered,2026-10-06 21:20:08.640864,2026-10-07,1,Normal
ORD009818,SX00009818,13724,IL01,Delivered,2026-10-06 21:22:44.176417,2026-10-08,0,Missing Delivered Event
ORD009820,SX00009820,15355,IL01,Delivered,2026-10-06 21:24:27.866786,2026-10-09,1,Normal
ORD009822,SX00009822,15319,IL01,Delivered,2026-10-06 21:26:11.557155,2026-10-08,1,Normal
ORD009823,SX00009823,16686,NJ01,Delivered,2026-10-06 21:27:03.402340,2026-10-08,1,Normal
ORD009824,SX00009824,11673,IL01,Delivered,2026-10-06 21:27:55.247524,2026-10-08,1,Normal
ORD009825,SX00009825,14587,IL01,Delivered,2026-10-06 21:28:47.092709,2026-10-08,1,Normal
ORD009826,SX00009826,15353,IL01,Delivered,2026-10-06 21:29:38.937893,2026-10-09,0,Missing Delivered Event
ORD009828,SX00009828,11666,IL01,Delivered,2026-10-06 21:31:22.628262,2026-10-08,1,Normal
ORD009829,SX00009829,14511,IL01,Delivered,2026-10-06 21:32:14.473447,2026-10-08,1,Normal
ORD009830,SX00009830,16172,NJ01,Delivered,2026-10-06 21:33:06.318631,2026-10-09,1,Normal
ORD009835,SX00009835,18252,CA01,Delivered,2026-10-06 21:37:25.544554,2026-10-08,1,Normal
ORD009837,SX00009837,16981,IL01,Delivered,2026-10-06 21:39:09.234923,2026-10-08,1,Normal
ORD009839,SX00009839,16609,NJ01,Delivered,2026-10-06 21:40:52.925292,2026-10-09,1,Normal
ORD009841,SX00009841,10958,IL01,Delivered,2026-10-06 21:42:36.615661,2026-10-09,1,Normal
ORD009842,SX00009842,18724,NJ01,Delivered,2026-10-06 21:43:28.460846,2026-10-07,1,Normal
ORD009843,SX00009843,10493,CA01,Delivered,2026-10-06 21:44:20.306030,2026-10-07,1,Normal
ORD009844,SX00009844,17042,IL01,Delivered,2026-10-06 21:45:12.151215,2026-10-09,1,Normal
ORD009845,SX00009845,10081,CA01,Delivered,2026-10-06 21:46:03.996399,2026-10-09,1,Normal
ORD009846,SX00009846,16999,IL01,Delivered,2026-10-06 21:46:55.841584,2026-10-09,1,Normal
ORD009848,SX00009848,10011,IL01,Delivered,2026-10-06 21:48:39.531953,2026-10-08,1,Normal
ORD009849,SX00009849,17824,NJ01,Delivered,2026-10-06 21:49:31.377137,2026-10-08,1,Normal
ORD009851,SX00009851,13185,NJ01,Delivered,2026-10-06 21:51:15.067506,2026-10-07,1,Normal
ORD009853,SX00009853,11806,IL01,Delivered,2026-10-06 21:52:58.757875,2026-10-09,1,Normal
ORD009854,SX00009854,16651,IL01,Delivered,2026-10-06 21:53:50.603060,2026-10-08,1,Normal
ORD009855,SX00009855,15664,IL01,Delivered,2026-10-06 21:54:42.448244,2026-10-08,0,Missing Delivered Event
ORD009856,SX00009856,15154,CA01,Delivered,2026-10-06 21:55:34.293429,2026-10-08,1,Normal
ORD009858,SX00009858,13659,CA01,Delivered,2026-10-06 21:57:17.983798,2026-10-09,1,Normal
ORD009860,SX00009860,10760,IL01,Delivered,2026-10-06 21:59:01.674167,2026-10-09,1,Normal
ORD009863,SX00009863,11055,CA01,Delivered,2026-10-06 22:01:37.209720,2026-10-09,1,Normal
ORD009865,SX00009865,13675,CA01,Delivered,2026-10-06 22:03:20.900090,2026-10-09,1,Normal
ORD009866,SX00009866,19650,TX01,Delivered,2026-10-06 22:04:12.745274,2026-10-07,1,Normal
ORD009868,SX00009868,15255,TX01,Delivered,2026-10-06 22:05:56.435643,2026-10-08,1,Normal
ORD009869,SX00009869,19411,NJ01,Delivered,2026-10-06 22:06:48.280828,2026-10-07,1,Normal
ORD009870,SX00009870,14228,TX01,Delivered,2026-10-06 22:07:40.126012,2026-10-08,1,Normal
ORD009874,SX00009874,13395,IL01,Delivered,2026-10-06 22:11:07.506750,2026-10-08,1,Normal
ORD009877,SX00009877,13092,NJ01,Delivered,2026-10-06 22:13:43.042304,2026-10-09,1,Normal
ORD009878,SX00009878,13044,NJ01,Delivered,2026-10-06 22:14:34.887488,2026-10-09,1,Normal
ORD009881,SX00009881,14673,IL01,Delivered,2026-10-06 22:17:10.423042,2026-10-09,1,Normal
ORD009883,SX00009883,19990,CA01,Delivered,2026-10-06 22:18:54.113411,2026-10-09,1,Normal
ORD009885,SX00009885,10144,IL01,Delivered,2026-10-06 22:20:37.803780,2026-10-08,1,Normal
ORD009886,SX00009886,17507,IL01,Delivered,2026-10-06 22:21:29.648964,2026-10-08,1,Normal
ORD009887,SX00009887,14857,CA01,Delivered,2026-10-06 22:22:21.494149,2026-10-09,1,Normal
ORD009889,SX00009889,13146,CA01,Delivered,2026-10-06 22:24:05.184518,2026-10-09,1,Normal
ORD009891,SX00009891,10793,NJ01,Delivered,2026-10-06 22:25:48.874887,2026-10-09,1,Normal
ORD009893,SX00009893,15756,TX01,Delivered,2026-10-06 22:27:32.565256,2026-10-07,1,Normal
ORD009894,SX00009894,14414,TX01,Delivered,2026-10-06 22:28:24.410441,2026-10-09,1,Normal
ORD009895,SX00009895,11110,IL01,Delivered,2026-10-06 22:29:16.255625,2026-10-09,0,Missing Delivered Event
ORD009896,SX00009896,15672,IL01,Delivered,2026-10-06 22:30:08.100810,2026-10-07,1,Normal
ORD009898,SX00009898,13937,TX01,Delivered,2026-10-06 22:31:51.791179,2026-10-07,1,Normal
ORD009899,SX00009899,13963,IL01,Delivered,2026-10-06 22:32:43.636363,2026-10-09,1,Normal
ORD009900,SX00009900,14942,IL01,Delivered,2026-10-06 22:33:35.481548,2026-10-07,1,Normal
ORD009901,SX00009901,15897,IL01,Delivered,2026-10-06 22:34:27.326732,2026-10-09,1,Normal
ORD009902,SX00009902,18974,IL01,Delivered,2026-10-06 22:35:19.171917,2026-10-08,1,Normal
ORD009903,SX00009903,11116,CA01,Delivered,2026-10-06 22:36:11.017101,2026-10-08,1,Normal
ORD009904,SX00009904,11750,TX01,Delivered,2026-10-06 22:37:02.862286,2026-10-08,1,Normal
ORD009905,SX00009905,14027,TX01,Delivered,2026-10-06 22:37:54.707470,2026-10-09,1,Normal
ORD009906,SX00009906,15745,TX01,Delivered,2026-10-06 22:38:46.552655,2026-10-08,1,Normal
ORD009907,SX00009907,15064,IL01,Delivered,2026-10-06 22:39:38.397839,2026-10-07,1,Normal
ORD009908,SX00009908,19679,TX01,Delivered,2026-10-06 22:40:30.243024,2026-10-08,1,Normal
ORD009911,SX00009911,18265,NJ01,Delivered,2026-10-06 22:43:05.778577,2026-10-07,1,Normal
ORD009912,SX00009912,11359,TX01,Delivered,2026-10-06 22:43:57.623762,2026-10-07,1,Normal
ORD009913,SX00009913,19283,CA01,Delivered,2026-10-06 22:44:49.468946,2026-10-07,1,Normal
ORD009915,SX00009915,11941,IL01,Delivered,2026-10-06 22:46:33.159315,2026-10-08,1,Normal
ORD009917,SX00009917,17933,CA01,Delivered,2026-10-06 22:48:16.849684,2026-10-08,1,Normal
ORD009919,SX00009919,11285,IL01,Delivered,2026-10-06 22:50:00.540054,2026-10-08,1,Normal
ORD009920,SX00009920,16474,IL01,Delivered,2026-10-06 22:50:52.385238,2026-10-08,1,Normal
ORD009921,SX00009921,10770,NJ01,Delivered,2026-10-06 22:51:44.230423,2026-10-09,1,Normal
ORD009922,SX00009922,11843,CA01,Delivered,2026-10-06 22:52:36.075607,2026-10-07,1,Normal
ORD009925,SX00009925,14349,CA01,Delivered,2026-10-06 22:55:11.611161,2026-10-07,1,Normal
ORD009926,SX00009926,17102,IL01,Delivered,2026-10-06 22:56:03.456345,2026-10-08,1,Normal
ORD009928,SX00009928,19011,IL01,Delivered,2026-10-06 22:57:47.146714,2026-10-07,1,Normal
ORD009929,SX00009929,13818,TX01,Delivered,2026-10-06 22:58:38.991899,2026-10-08,1,Normal
ORD009930,SX00009930,10331,CA01,Delivered,2026-10-06 22:59:30.837083,2026-10-07,1,Normal
ORD009931,SX00009931,11421,IL01,Delivered,2026-10-06 23:00:22.682268,2026-10-08,1,Normal
ORD009933,SX00009933,16890,CA01,Delivered,2026-10-06 23:02:06.372637,2026-10-09,1,Normal
ORD009934,SX00009934,14931,CA01,Delivered,2026-10-06 23:02:58.217821,2026-10-07,1,Normal
ORD009935,SX00009935,19883,NJ01,Delivered,2026-10-06 23:03:50.063006,2026-10-09,1,Normal
ORD009936,SX00009936,16025,NJ01,Delivered,2026-10-06 23:04:41.908190,2026-10-09,1,Normal
ORD009938,SX00009938,15113,IL01,Delivered,2026-10-06 23:06:25.598559,2026-10-08,1,Normal
ORD009939,SX00009939,18419,NJ01,Delivered,2026-10-06 23:07:17.443744,2026-10-07,1,Normal
ORD009941,SX00009941,12865,TX01,Delivered,2026-10-06 23:09:01.134113,2026-10-08,1,Normal
ORD009942,SX00009942,12575,NJ01,Delivered,2026-10-06 23:09:52.979297,2026-10-09,1,Normal
ORD009943,SX00009943,16185,CA01,Delivered,2026-10-06 23:10:44.824482,2026-10-09,1,Normal
ORD009944,SX00009944,18656,TX01,Delivered,2026-10-06 23:11:36.669666,2026-10-09,1,Normal
ORD009945,SX00009945,15741,IL01,Delivered,2026-10-06 23:12:28.514851,2026-10-07,1,Normal
ORD009946,SX00009946,10277,NJ01,Delivered,2026-10-06 23:13:20.360036,2026-10-09,1,Normal
ORD009947,SX00009947,10065,TX01,Delivered,2026-10-06 23:14:12.205220,2026-10-09,1,Normal
ORD009949,SX00009949,15704,IL01,Delivered,2026-10-06 23:15:55.895589,2026-10-07,1,Normal
ORD009951,SX00009951,17989,IL01,Delivered,2026-10-06 23:17:39.585958,2026-10-09,1,Normal
ORD009954,SX00009954,14692,NJ01,Delivered,2026-10-06 23:20:15.121512,2026-10-07,1,Normal
ORD009956,SX00009956,17960,IL01,Delivered,2026-10-06 23:21:58.811881,2026-10-07,1,Normal
ORD009959,SX00009959,18620,IL01,Delivered,2026-10-06 23:24:34.347434,2026-10-07,1,Normal
ORD009960,SX00009960,17032,NJ01,Delivered,2026-10-06 23:25:26.192619,2026-10-08,1,Normal
ORD009961,SX00009961,15731,NJ01,Delivered,2026-10-06 23:26:18.037803,2026-10-09,1,Normal
ORD009962,SX00009962,13378,IL01,Delivered,2026-10-06 23:27:09.882988,2026-10-09,1,Normal
ORD009963,SX00009963,18584,CA01,Delivered,2026-10-06 23:28:01.728172,2026-10-09,1,Normal
ORD009964,SX00009964,16347,NJ01,Delivered,2026-10-06 23:28:53.573357,2026-10-09,1,Normal
ORD009965,SX00009965,16401,NJ01,Delivered,2026-10-06 23:29:45.418541,2026-10-09,1,Normal
ORD009966,SX00009966,16629,IL01,Delivered,2026-10-06 23:30:37.263726,2026-10-07,1,Normal
ORD009967,SX00009967,14541,NJ01,Delivered,2026-10-06 23:31:29.108910,2026-10-09,1,Normal
ORD009968,SX00009968,17876,TX01,Delivered,2026-10-06 23:32:20.954095,2026-10-07,1,Normal
ORD009969,SX00009969,18533,NJ01,Delivered,2026-10-06 23:33:12.799279,2026-10-09,1,Normal
ORD009972,SX00009972,19877,IL01,Delivered,2026-10-06 23:35:48.334833,2026-10-09,1,Normal
ORD009976,SX00009976,11660,IL01,Delivered,2026-10-06 23:39:15.715571,2026-10-08,1,Normal
ORD009977,SX00009977,15692,CA01,Delivered,2026-10-06 23:40:07.560756,2026-10-09,1,Normal
ORD009978,SX00009978,12354,CA01,Delivered,2026-10-06 23:40:59.405940,2026-10-09,1,Normal
ORD009979,SX00009979,18457,IL01,Delivered,2026-10-06 23:41:51.251125,2026-10-09,1,Normal
ORD009980,SX00009980,16461,IL01,Delivered,2026-10-06 23:42:43.096309,2026-10-09,1,Normal
ORD009981,SX00009981,19328,IL01,Delivered,2026-10-06 23:43:34.941494,2026-10-07,1,Normal
ORD009982,SX00009982,17044,TX01,Delivered,2026-10-06 23:44:26.786678,2026-10-08,1,Normal
ORD009983,SX00009983,15497,NJ01,Delivered,2026-10-06 23:45:18.631863,2026-10-07,1,Normal
ORD009984,SX00009984,14549,NJ01,Delivered,2026-10-06 23:46:10.477047,2026-10-08,1,Normal
ORD009988,SX00009988,19582,IL01,Delivered,2026-10-06 23:49:37.857785,2026-10-07,1,Normal
ORD009990,SX00009990,16065,NJ01,Delivered,2026-10-06 23:51:21.548154,2026-10-07,1,Normal
ORD009992,SX00009992,14967,IL01,Delivered,2026-10-06 23:53:05.238523,2026-10-07,1,Normal
ORD009993,SX00009993,10634,IL01,Delivered,2026-10-06 23:53:57.083708,2026-10-08,1,Normal
ORD009998,SX00009998,11389,TX01,Delivered,2026-10-06 23:58:16.309630,2026-10-08,1,Normal
ORD009999,SX00009999,14276,NJ01,Delivered,2026-10-06 23:59:08.154815,2026-10-07,1,Normal
ORD010000,SX00010000,11249,TX01,Delivered,2026-10-07 00:00:00.000000,2026-10-10,1,Normal
