order_id,tracking_number,customer_id,hub_id,order_status,created_at,estimated_delivery_date
ORD000001,SX00000001,17270,NJ01,In Transit,2026-10-01 00:00:00.000000,2026-10-03
ORD000002,SX00000002,10860,TX01,Delivered,2026-10-01 00:00:51.845184,2026-10-04
ORD000003,SX00000003,15390,CA01,Delivered,2026-10-01 00:01:43.690369,2026-10-04
ORD000004,SX00000004,15191,IL01,Delivered,2026-10-01 00:02:35.535553,2026-10-03
ORD000005,SX00000005,15734,IL01,Exception,2026-10-01 00:03:27.380738,2026-10-02
ORD000006,SX00000006,16265,TX01,Exception,2026-10-01 00:04:19.225922,2026-10-02
ORD000007,SX00000007,10466,IL01,Delivered,2026-10-01 00:05:11.071107,2026-10-03
ORD000008,SX00000008,14426,CA01,Delivered,2026-10-01 00:06:02.916291,2026-10-02
ORD000009,SX00000009,15578,NJ01,Delivered,2026-10-01 00:06:54.761476,2026-10-02
ORD000010,SX00000010,18322,TX01,Delivered,2026-10-01 00:07:46.606660,2026-10-02
ORD000011,SX00000011,11685,IL01,Delivered,2026-10-01 00:08:38.451845,2026-10-02
ORD000012,SX00000012,10769,IL01,Delivered,2026-10-01 00:09:30.297029,2026-10-04
ORD000013,SX00000013,16949,TX01,Delivered,2026-10-01 00:10:22.142214,2026-10-03
ORD000014,SX00000014,12433,CA01,Delivered,2026-10-01 00:11:13.987398,2026-10-02
ORD000015,SX00000015,15311,CA01,In Transit,2026-10-01 00:12:05.832583,2026-10-02
ORD000016,SX00000016,15051,IL01,In Transit,2026-10-01 00:12:57.677767,2026-10-03
ORD000017,SX00000017,16420,IL01,In Transit,2026-10-01 00:13:49.522952,2026-10-04
ORD000018,SX00000018,11184,IL01,Delivered,2026-10-01 00:14:41.368136,2026-10-02
ORD000019,SX00000019,14555,CA01,In Transit,2026-10-01 00:15:33.213321,2026-10-02
ORD000020,SX00000020,13385,IL01,Out for Delivery,2026-10-01 00:16:25.058505,2026-10-04
ORD000021,SX00000021,16396,IL01,Delivered,2026-10-01 00:17:16.903690,2026-10-03
ORD000022,SX00000022,18666,IL01,Delivered,2026-10-01 00:18:08.748874,2026-10-02
ORD000023,SX00000023,19274,IL01,Exception,2026-10-01 00:19:00.594059,2026-10-02
ORD000024,SX00000024,12558,CA01,Delivered,2026-10-01 00:19:52.439243,2026-10-03
ORD000025,SX00000025,17849,NJ01,Delivered,2026-10-01 00:20:44.284428,2026-10-04
ORD000026,SX00000026,12047,IL01,Delivered,2026-10-01 00:21:36.129612,2026-10-03
ORD000027,SX00000027,12747,IL01,Delivered,2026-10-01 00:22:27.974797,2026-10-02
ORD000028,SX00000028,19167,IL01,Delivered,2026-10-01 00:23:19.819981,2026-10-04
ORD000029,SX00000029,19998,IL01,Delivered,2026-10-01 00:24:11.665166,2026-10-04
ORD000030,SX00000030,10189,IL01,Delivered,2026-10-01 00:25:03.510351,2026-10-04
ORD000031,SX00000031,12734,TX01,Delivered,2026-10-01 00:25:55.355535,2026-10-03
ORD000032,SX00000032,13005,IL01,In Transit,2026-10-01 00:26:47.200720,2026-10-03
ORD000033,SX00000033,14658,IL01,Exception,2026-10-01 00:27:39.045904,2026-10-03
ORD000034,SX00000034,11899,IL01,Delivered,2026-10-01 00:28:30.891089,2026-10-02
ORD000035,SX00000035,17734,TX01,Delivered,2026-10-01 00:29:22.736273,2026-10-03
ORD000036,SX00000036,11267,NJ01,Delivered,2026-10-01 00:30:14.581458,2026-10-04
ORD000037,SX00000037,11528,TX01,Delivered,2026-10-01 00:31:06.426642,2026-10-02
ORD000038,SX00000038,13556,NJ01,Exception,2026-10-01 00:31:58.271827,2026-10-02
ORD000039,SX00000039,13890,TX01,Delivered,2026-10-01 00:32:50.117011,2026-10-02
ORD000040,SX00000040,18838,IL01,Delivered,2026-10-01 00:33:41.962196,2026-10-04
ORD000041,SX00000041,15393,CA01,Delivered,2026-10-01 00:34:33.807380,2026-10-03
ORD000042,SX00000042,18792,IL01,Delivered,2026-10-01 00:35:25.652565,2026-10-04
ORD000043,SX00000043,18433,NJ01,Delivered,2026-10-01 00:36:17.497749,2026-10-03
ORD000044,SX00000044,17513,TX01,Delivered,2026-10-01 00:37:09.342934,2026-10-02
ORD000045,SX00000045,12612,NJ01,In Transit,2026-10-01 00:38:01.188118,2026-10-02
ORD000046,SX00000046,17041,CA01,Delivered,2026-10-01 00:38:53.033303,2026-10-04
ORD000047,SX00000047,19555,NJ01,Delivered,2026-10-01 00:39:44.878487,2026-10-03
ORD000048,SX00000048,16235,CA01,Delivered,2026-10-01 00:40:36.723672,2026-10-02
ORD000049,SX00000049,15486,TX01,Delivered,2026-10-01 00:41:28.568856,2026-10-04
ORD000050,SX00000050,17099,CA01,Delivered,2026-10-01 00:42:20.414041,2026-10-04
ORD000051,SX00000051,19670,CA01,Delivered,2026-10-01 00:43:12.259225,2026-10-03
ORD000052,SX00000052,10775,CA01,In Transit,2026-10-01 00:44:04.104410,2026-10-03
ORD000053,SX00000053,18226,TX01,Delivered,2026-10-01 00:44:55.949594,2026-10-03
ORD000054,SX00000054,13152,IL01,Delivered,2026-10-01 00:45:47.794779,2026-10-02
ORD000055,SX00000055,11585,IL01,Delivered,2026-10-01 00:46:39.639963,2026-10-04
ORD000056,SX00000056,13943,TX01,Delivered,2026-10-01 00:47:31.485148,2026-10-03
ORD000057,SX00000057,17555,CA01,Delivered,2026-10-01 00:48:23.330333,2026-10-04
ORD000058,SX00000058,13073,TX01,Delivered,2026-10-01 00:49:15.175517,2026-10-02
ORD000059,SX00000059,11021,CA01,Delivered,2026-10-01 00:50:07.020702,2026-10-02
ORD000060,SX00000060,13843,TX01,Delivered,2026-10-01 00:50:58.865886,2026-10-03
ORD000061,SX00000061,17989,IL01,Delivered,2026-10-01 00:51:50.711071,2026-10-02
ORD000062,SX00000062,19692,IL01,Delivered,2026-10-01 00:52:42.556255,2026-10-04
ORD000063,SX00000063,16873,IL01,Delivered,2026-10-01 00:53:34.401440,2026-10-04
ORD000064,SX00000064,15675,IL01,Delivered,2026-10-01 00:54:26.246624,2026-10-02
ORD000065,SX00000065,10161,NJ01,Delivered,2026-10-01 00:55:18.091809,2026-10-02
ORD000066,SX00000066,14297,CA01,Delivered,2026-10-01 00:56:09.936993,2026-10-02
ORD000067,SX00000067,10995,TX01,Delivered,2026-10-01 00:57:01.782178,2026-10-04
ORD000068,SX00000068,17629,NJ01,Delivered,2026-10-01 00:57:53.627362,2026-10-02
ORD000069,SX00000069,19467,IL01,Delivered,2026-10-01 00:58:45.472547,2026-10-03
ORD000070,SX00000070,11016,IL01,In Transit,2026-10-01 00:59:37.317731,2026-10-03
ORD000071,SX00000071,17869,NJ01,Exception,2026-10-01 01:00:29.162916,2026-10-04
ORD000072,SX00000072,16439,IL01,Delivered,2026-10-01 01:01:21.008100,2026-10-02
ORD000073,SX00000073,17892,IL01,Delivered,2026-10-01 01:02:12.853285,2026-10-02
ORD000074,SX00000074,16863,NJ01,Delivered,2026-10-01 01:03:04.698469,2026-10-02
ORD000075,SX00000075,17916,IL01,Delivered,2026-10-01 01:03:56.543654,2026-10-03
ORD000076,SX00000076,18529,CA01,Delivered,2026-10-01 01:04:48.388838,2026-10-03
ORD000077,SX00000077,10878,IL01,Out for Delivery,2026-10-01 01:05:40.234023,2026-10-03
ORD000078,SX00000078,19268,IL01,Delivered,2026-10-01 01:06:32.079207,2026-10-03
ORD000079,SX00000079,14887,IL01,Exception,2026-10-01 01:07:23.924392,2026-10-03
ORD000080,SX00000080,14859,IL01,Delivered,2026-10-01 01:08:15.769576,2026-10-04
ORD000081,SX00000081,16331,TX01,Delivered,2026-10-01 01:09:07.614761,2026-10-04
ORD000082,SX00000082,18571,TX01,In Transit,2026-10-01 01:09:59.459945,2026-10-02
ORD000083,SX00000083,18684,NJ01,Out for Delivery,2026-10-01 01:10:51.305130,2026-10-02
ORD000084,SX00000084,17208,TX01,In Transit,2026-10-01 01:11:43.150315,2026-10-03
ORD000085,SX00000085,15276,IL01,In Transit,2026-10-01 01:12:34.995499,2026-10-02
ORD000086,SX00000086,12062,TX01,Delivered,2026-10-01 01:13:26.840684,2026-10-04
ORD000087,SX00000087,10064,IL01,Delivered,2026-10-01 01:14:18.685868,2026-10-04
ORD000088,SX00000088,18006,IL01,Delivered,2026-10-01 01:15:10.531053,2026-10-02
ORD000089,SX00000089,12568,TX01,Delivered,2026-10-01 01:16:02.376237,2026-10-03
ORD000090,SX00000090,15463,TX01,Out for Delivery,2026-10-01 01:16:54.221422,2026-10-04
ORD000091,SX00000091,12027,TX01,In Transit,2026-10-01 01:17:46.066606,2026-10-02
ORD000092,SX00000092,12695,IL01,In Transit,2026-10-01 01:18:37.911791,2026-10-03
ORD000093,SX00000093,19687,IL01,Delivered,2026-10-01 01:19:29.756975,2026-10-02
ORD000094,SX00000094,15258,CA01,Delivered,2026-10-01 01:20:21.602160,2026-10-03
ORD000095,SX00000095,15618,IL01,In Transit,2026-10-01 01:21:13.447344,2026-10-03
ORD000096,SX00000096,16736,IL01,Delivered,2026-10-01 01:22:05.292529,2026-10-04
ORD000097,SX00000097,10391,IL01,Delivered,2026-10-01 01:22:57.137713,2026-10-04
ORD000098,SX00000098,15892,IL01,In Transit,2026-10-01 01:23:48.982898,2026-10-02
ORD000099,SX00000099,13561,IL01,Delivered,2026-10-01 01:24:40.828082,2026-10-02
ORD000100,SX00000100,16184,NJ01,Exception,2026-10-01 01:25:32.673267,2026-10-03
ORD000101,SX00000101,13099,NJ01,Delivered,2026-10-01 01:26:24.518451,2026-10-04
ORD000102,SX00000102,16278,CA01,Delivered,2026-10-01 01:27:16.363636,2026-10-03
ORD000103,SX00000103,18392,IL01,Delivered,2026-10-01 01:28:08.208820,2026-10-03
ORD000104,SX00000104,13104,IL01,Delivered,2026-10-01 01:29:00.054005,2026-10-03
ORD000105,SX00000105,17215,NJ01,Delivered,2026-10-01 01:29:51.899189,2026-10-03
ORD000106,SX00000106,12454,NJ01,Delivered,2026-10-01 01:30:43.744374,2026-10-03
ORD000107,SX00000107,18996,NJ01,Out for Delivery,2026-10-01 01:31:35.589558,2026-10-03
ORD000108,SX00000108,12731,TX01,In Transit,2026-10-01 01:32:27.434743,2026-10-02
ORD000109,SX00000109,18154,IL01,Delivered,2026-10-01 01:33:19.279927,2026-10-04
ORD000110,SX00000110,19762,TX01,Delivered,2026-10-01 01:34:11.125112,2026-10-04
ORD000111,SX00000111,15056,NJ01,Delivered,2026-10-01 01:35:02.970297,2026-10-03
ORD000112,SX00000112,18110,IL01,In Transit,2026-10-01 01:35:54.815481,2026-10-03
ORD000113,SX00000113,13840,CA01,Delivered,2026-10-01 01:36:46.660666,2026-10-03
ORD000114,SX00000114,11028,NJ01,Delivered,2026-10-01 01:37:38.505850,2026-10-04
ORD000115,SX00000115,17385,IL01,Delivered,2026-10-01 01:38:30.351035,2026-10-04
ORD000116,SX00000116,10502,IL01,Delivered,2026-10-01 01:39:22.196219,2026-10-03
ORD000117,SX00000117,16910,IL01,Delivered,2026-10-01 01:40:14.041404,2026-10-04
ORD000118,SX00000118,19062,NJ01,In Transit,2026-10-01 01:41:05.886588,2026-10-03
ORD000119,SX00000119,16938,IL01,Out for Delivery,2026-10-01 01:41:57.731773,2026-10-03
ORD000120,SX00000120,14488,IL01,Delivered,2026-10-01 01:42:49.576957,2026-10-03
ORD000121,SX00000121,10206,IL01,Delivered,2026-10-01 01:43:41.422142,2026-10-02
ORD000122,SX00000122,15134,TX01,Delivered,2026-10-01 01:44:33.267326,2026-10-04
ORD000123,SX00000123,15977,TX01,Delivered,2026-10-01 01:45:25.112511,2026-10-04
ORD000124,SX00000124,17721,TX01,Delivered,2026-10-01 01:46:16.957695,2026-10-04
ORD000125,SX00000125,17035,IL01,Delivered,2026-10-01 01:47:08.802880,2026-10-03
ORD000126,SX00000126,11484,CA01,In Transit,2026-10-01 01:48:00.648064,2026-10-02
ORD000127,SX00000127,17858,TX01,Delivered,2026-10-01 01:48:52.493249,2026-10-03
ORD000128,SX00000128,10863,CA01,Delivered,2026-10-01 01:49:44.338433,2026-10-03
ORD000129,SX00000129,12790,NJ01,Delivered,2026-10-01 01:50:36.183618,2026-10-03
ORD000130,SX00000130,17408,NJ01,Delivered,2026-10-01 01:51:28.028802,2026-10-02
ORD000131,SX00000131,18755,TX01,Delivered,2026-10-01 01:52:19.873987,2026-10-03
ORD000132,SX00000132,15116,IL01,Delivered,2026-10-01 01:53:11.719171,2026-10-03
ORD000133,SX00000133,16019,NJ01,Delivered,2026-10-01 01:54:03.564356,2026-10-02
ORD000134,SX00000134,11757,TX01,Out for Delivery,2026-10-01 01:54:55.409540,2026-10-03
ORD000135,SX00000135,17574,TX01,Delivered,2026-10-01 01:55:47.254725,2026-10-03
ORD000136,SX00000136,16374,CA01,Delivered,2026-10-01 01:56:39.099909,2026-10-04
ORD000137,SX00000137,16892,TX01,Delivered,2026-10-01 01:57:30.945094,2026-10-02
ORD000138,SX00000138,11678,IL01,Delivered,2026-10-01 01:58:22.790279,2026-10-04
ORD000139,SX00000139,13242,IL01,Delivered,2026-10-01 01:59:14.635463,2026-10-03
ORD000140,SX00000140,14636,NJ01,In Transit,2026-10-01 02:00:06.480648,2026-10-02
ORD000141,SX00000141,11059,NJ01,Delivered,2026-10-01 02:00:58.325832,2026-10-02
ORD000142,SX00000142,16668,IL01,Delivered,2026-10-01 02:01:50.171017,2026-10-03
ORD000143,SX00000143,19914,IL01,Delivered,2026-10-01 02:02:42.016201,2026-10-04
ORD000144,SX00000144,13157,NJ01,Delivered,2026-10-01 02:03:33.861386,2026-10-03
ORD000145,SX00000145,15915,TX01,Delivered,2026-10-01 02:04:25.706570,2026-10-02
ORD000146,SX00000146,19789,CA01,Out for Delivery,2026-10-01 02:05:17.551755,2026-10-02
ORD000147,SX00000147,12693,TX01,Delivered,2026-10-01 02:06:09.396939,2026-10-03
ORD000148,SX00000148,13627,TX01,In Transit,2026-10-01 02:07:01.242124,2026-10-03
ORD000149,SX00000149,19555,NJ01,Delivered,2026-10-01 02:07:53.087308,2026-10-03
ORD000150,SX00000150,15450,CA01,Delivered,2026-10-01 02:08:44.932493,2026-10-03
ORD000151,SX00000151,11663,NJ01,Delivered,2026-10-01 02:09:36.777677,2026-10-04
ORD000152,SX00000152,19721,CA01,Delivered,2026-10-01 02:10:28.622862,2026-10-04
ORD000153,SX00000153,15592,CA01,Delivered,2026-10-01 02:11:20.468046,2026-10-04
ORD000154,SX00000154,17392,CA01,In Transit,2026-10-01 02:12:12.313231,2026-10-04
ORD000155,SX00000155,11306,IL01,Delivered,2026-10-01 02:13:04.158415,2026-10-02
ORD000156,SX00000156,16776,IL01,Delivered,2026-10-01 02:13:56.003600,2026-10-02
ORD000157,SX00000157,15864,IL01,In Transit,2026-10-01 02:14:47.848784,2026-10-04
ORD000158,SX00000158,19474,IL01,Delivered,2026-10-01 02:15:39.693969,2026-10-03
ORD000159,SX00000159,17526,IL01,In Transit,2026-10-01 02:16:31.539153,2026-10-02
ORD000160,SX00000160,18901,IL01,Delivered,2026-10-01 02:17:23.384338,2026-10-03
ORD000161,SX00000161,15575,IL01,Delivered,2026-10-01 02:18:15.229522,2026-10-04
ORD000162,SX00000162,15530,NJ01,Delivered,2026-10-01 02:19:07.074707,2026-10-02
ORD000163,SX00000163,14413,TX01,Delivered,2026-10-01 02:19:58.919891,2026-10-02
ORD000164,SX00000164,13748,IL01,In Transit,2026-10-01 02:20:50.765076,2026-10-02
ORD000165,SX00000165,10663,TX01,Out for Delivery,2026-10-01 02:21:42.610261,2026-10-02
ORD000166,SX00000166,11998,TX01,Delivered,2026-10-01 02:22:34.455445,2026-10-04
ORD000167,SX00000167,17994,NJ01,Delivered,2026-10-01 02:23:26.300630,2026-10-02
ORD000168,SX00000168,11495,CA01,Delivered,2026-10-01 02:24:18.145814,2026-10-04
ORD000169,SX00000169,13304,IL01,Delivered,2026-10-01 02:25:09.990999,2026-10-02
ORD000170,SX00000170,13763,IL01,Delivered,2026-10-01 02:26:01.836183,2026-10-04
ORD000171,SX00000171,15232,NJ01,Delivered,2026-10-01 02:26:53.681368,2026-10-04
ORD000172,SX00000172,11853,IL01,In Transit,2026-10-01 02:27:45.526552,2026-10-03
ORD000173,SX00000173,16585,NJ01,Delivered,2026-10-01 02:28:37.371737,2026-10-04
ORD000174,SX00000174,11291,IL01,Exception,2026-10-01 02:29:29.216921,2026-10-03
ORD000175,SX00000175,13581,IL01,Delivered,2026-10-01 02:30:21.062106,2026-10-02
ORD000176,SX00000176,17554,IL01,Exception,2026-10-01 02:31:12.907290,2026-10-03
ORD000177,SX00000177,17280,IL01,Delivered,2026-10-01 02:32:04.752475,2026-10-04
ORD000178,SX00000178,11636,NJ01,Delivered,2026-10-01 02:32:56.597659,2026-10-03
ORD000179,SX00000179,13696,NJ01,In Transit,2026-10-01 02:33:48.442844,2026-10-02
ORD000180,SX00000180,10698,IL01,In Transit,2026-10-01 02:34:40.288028,2026-10-03
ORD000181,SX00000181,14737,IL01,In Transit,2026-10-01 02:35:32.133213,2026-10-04
ORD000182,SX00000182,10854,IL01,Delivered,2026-10-01 02:36:23.978397,2026-10-04
ORD000183,SX00000183,18164,IL01,Out for Delivery,2026-10-01 02:37:15.823582,2026-10-02
ORD000184,SX00000184,15855,CA01,Delivered,2026-10-01 02:38:07.668766,2026-10-02
ORD000185,SX00000185,17392,IL01,Delivered,2026-10-01 02:38:59.513951,2026-10-03
ORD000186,SX00000186,16528,TX01,Delivered,2026-10-01 02:39:51.359135,2026-10-02
ORD000187,SX00000187,15249,CA01,In Transit,2026-10-01 02:40:43.204320,2026-10-04
ORD000188,SX00000188,15172,IL01,Delivered,2026-10-01 02:41:35.049504,2026-10-03
ORD000189,SX00000189,11707,NJ01,Delivered,2026-10-01 02:42:26.894689,2026-10-03
ORD000190,SX00000190,15791,CA01,Delivered,2026-10-01 02:43:18.739873,2026-10-03
ORD000191,SX00000191,19925,TX01,Delivered,2026-10-01 02:44:10.585058,2026-10-03
ORD000192,SX00000192,15535,NJ01,Delivered,2026-10-01 02:45:02.430243,2026-10-02
ORD000193,SX00000193,14931,TX01,Delivered,2026-10-01 02:45:54.275427,2026-10-03
ORD000194,SX00000194,13510,TX01,Delivered,2026-10-01 02:46:46.120612,2026-10-03
ORD000195,SX00000195,10202,IL01,Delivered,2026-10-01 02:47:37.965796,2026-10-03
ORD000196,SX00000196,14218,CA01,Out for Delivery,2026-10-01 02:48:29.810981,2026-10-04
ORD000197,SX00000197,18958,NJ01,Delivered,2026-10-01 02:49:21.656165,2026-10-04
ORD000198,SX00000198,14389,NJ01,Delivered,2026-10-01 02:50:13.501350,2026-10-02
ORD000199,SX00000199,12327,CA01,Delivered,2026-10-01 02:51:05.346534,2026-10-04
ORD000200,SX00000200,18004,TX01,Delivered,2026-10-01 02:51:57.191719,2026-10-04
ORD000201,SX00000201,12931,IL01,Delivered,2026-10-01 02:52:49.036903,2026-10-02
ORD000202,SX00000202,17777,IL01,Out for Delivery,2026-10-01 02:53:40.882088,2026-10-02
ORD000203,SX00000203,10197,NJ01,Delivered,2026-10-01 02:54:32.727272,2026-10-03
ORD000204,SX00000204,17125,TX01,Delivered,2026-10-01 02:55:24.572457,2026-10-03
ORD000205,SX00000205,11930,TX01,Delivered,2026-10-01 02:56:16.417641,2026-10-02
ORD000206,SX00000206,16287,CA01,In Transit,2026-10-01 02:57:08.262826,2026-10-03
ORD000207,SX00000207,18800,CA01,In Transit,2026-10-01 02:58:00.108010,2026-10-03
ORD000208,SX00000208,19339,NJ01,Delivered,2026-10-01 02:58:51.953195,2026-10-03
ORD000209,SX00000209,14282,IL01,Delivered,2026-10-01 02:59:43.798379,2026-10-02
ORD000210,SX00000210,12511,NJ01,Delivered,2026-10-01 03:00:35.643564,2026-10-04
ORD000211,SX00000211,19986,TX01,Delivered,2026-10-01 03:01:27.488748,2026-10-04
ORD000212,SX00000212,10659,NJ01,Delivered,2026-10-01 03:02:19.333933,2026-10-02
ORD000213,SX00000213,12811,NJ01,Delivered,2026-10-01 03:03:11.179117,2026-10-02
ORD000214,SX00000214,17098,NJ01,Delivered,2026-10-01 03:04:03.024302,2026-10-03
ORD000215,SX00000215,16546,IL01,Out for Delivery,2026-10-01 03:04:54.869486,2026-10-02
ORD000216,SX00000216,19561,IL01,Delivered,2026-10-01 03:05:46.714671,2026-10-02
ORD000217,SX00000217,11986,NJ01,In Transit,2026-10-01 03:06:38.559855,2026-10-02
ORD000218,SX00000218,18338,IL01,Delivered,2026-10-01 03:07:30.405040,2026-10-02
ORD000219,SX00000219,12911,IL01,Delivered,2026-10-01 03:08:22.250225,2026-10-03
ORD000220,SX00000220,11734,IL01,Delivered,2026-10-01 03:09:14.095409,2026-10-03
ORD000221,SX00000221,11843,NJ01,Delivered,2026-10-01 03:10:05.940594,2026-10-02
ORD000222,SX00000222,18680,IL01,Delivered,2026-10-01 03:10:57.785778,2026-10-02
ORD000223,SX00000223,12976,TX01,Delivered,2026-10-01 03:11:49.630963,2026-10-04
ORD000224,SX00000224,11959,NJ01,Delivered,2026-10-01 03:12:41.476147,2026-10-04
ORD000225,SX00000225,15759,TX01,Delivered,2026-10-01 03:13:33.321332,2026-10-02
ORD000226,SX00000226,16694,TX01,In Transit,2026-10-01 03:14:25.166516,2026-10-04
ORD000227,SX00000227,12385,IL01,Delivered,2026-10-01 03:15:17.011701,2026-10-04
ORD000228,SX00000228,14736,NJ01,Delivered,2026-10-01 03:16:08.856885,2026-10-03
ORD000229,SX00000229,11802,CA01,Delivered,2026-10-01 03:17:00.702070,2026-10-03
ORD000230,SX00000230,18155,TX01,Out for Delivery,2026-10-01 03:17:52.547254,2026-10-03
ORD000231,SX00000231,18120,CA01,Delivered,2026-10-01 03:18:44.392439,2026-10-04
ORD000232,SX00000232,16616,TX01,Delivered,2026-10-01 03:19:36.237623,2026-10-02
ORD000233,SX00000233,15534,IL01,Delivered,2026-10-01 03:20:28.082808,2026-10-03
ORD000234,SX00000234,14061,IL01,Delivered,2026-10-01 03:21:19.927992,2026-10-04
ORD000235,SX00000235,10262,NJ01,Delivered,2026-10-01 03:22:11.773177,2026-10-02
ORD000236,SX00000236,16287,IL01,Delivered,2026-10-01 03:23:03.618361,2026-10-03
ORD000237,SX00000237,18815,IL01,Delivered,2026-10-01 03:23:55.463546,2026-10-04
ORD000238,SX00000238,19208,TX01,Delivered,2026-10-01 03:24:47.308730,2026-10-03
ORD000239,SX00000239,12049,IL01,Delivered,2026-10-01 03:25:39.153915,2026-10-04
ORD000240,SX00000240,15423,IL01,Delivered,2026-10-01 03:26:30.999099,2026-10-03
ORD000241,SX00000241,14548,TX01,Delivered,2026-10-01 03:27:22.844284,2026-10-04
ORD000242,SX00000242,13108,TX01,Delivered,2026-10-01 03:28:14.689468,2026-10-02
ORD000243,SX00000243,17158,IL01,In Transit,2026-10-01 03:29:06.534653,2026-10-03
ORD000244,SX00000244,17400,TX01,Delivered,2026-10-01 03:29:58.379837,2026-10-03
ORD000245,SX00000245,13170,CA01,Delivered,2026-10-01 03:30:50.225022,2026-10-04
ORD000246,SX00000246,19874,NJ01,Delivered,2026-10-01 03:31:42.070207,2026-10-02
ORD000247,SX00000247,12255,IL01,Delivered,2026-10-01 03:32:33.915391,2026-10-02
ORD000248,SX00000248,11154,IL01,Delivered,2026-10-01 03:33:25.760576,2026-10-03
ORD000249,SX00000249,14499,NJ01,In Transit,2026-10-01 03:34:17.605760,2026-10-04
ORD000250,SX00000250,16295,IL01,Delivered,2026-10-01 03:35:09.450945,2026-10-03
ORD000251,SX00000251,16197,CA01,Delivered,2026-10-01 03:36:01.296129,2026-10-04
ORD000252,SX00000252,19888,TX01,In Transit,2026-10-01 03:36:53.141314,2026-10-02
ORD000253,SX00000253,11648,TX01,Delivered,2026-10-01 03:37:44.986498,2026-10-03
ORD000254,SX00000254,15539,CA01,In Transit,2026-10-01 03:38:36.831683,2026-10-04
ORD000255,SX00000255,19637,CA01,Delivered,2026-10-01 03:39:28.676867,2026-10-02
ORD000256,SX00000256,14199,IL01,Delivered,2026-10-01 03:40:20.522052,2026-10-04
ORD000257,SX00000257,18445,IL01,Delivered,2026-10-01 03:41:12.367236,2026-10-03
ORD000258,SX00000258,12557,TX01,Delivered,2026-10-01 03:42:04.212421,2026-10-04
ORD000259,SX00000259,15592,IL01,In Transit,2026-10-01 03:42:56.057605,2026-10-03
ORD000260,SX00000260,10098,NJ01,In Transit,2026-10-01 03:43:47.902790,2026-10-02
ORD000261,SX00000261,12200,NJ01,Delivered,2026-10-01 03:44:39.747974,2026-10-04
ORD000262,SX00000262,12961,CA01,Out for Delivery,2026-10-01 03:45:31.593159,2026-10-02
ORD000263,SX00000263,14973,NJ01,Delivered,2026-10-01 03:46:23.438343,2026-10-02
ORD000264,SX00000264,14433,TX01,Out for Delivery,2026-10-01 03:47:15.283528,2026-10-03
ORD000265,SX00000265,12869,IL01,Out for Delivery,2026-10-01 03:48:07.128712,2026-10-03
ORD000266,SX00000266,10956,TX01,Delivered,2026-10-01 03:48:58.973897,2026-10-02
ORD000267,SX00000267,18352,IL01,Delivered,2026-10-01 03:49:50.819081,2026-10-03
ORD000268,SX00000268,15699,CA01,In Transit,2026-10-01 03:50:42.664266,2026-10-02
ORD000269,SX00000269,16944,IL01,Delivered,2026-10-01 03:51:34.509450,2026-10-03
ORD000270,SX00000270,14493,TX01,In Transit,2026-10-01 03:52:26.354635,2026-10-03
ORD000271,SX00000271,19492,IL01,Delivered,2026-10-01 03:53:18.199819,2026-10-04
ORD000272,SX00000272,14911,IL01,Delivered,2026-10-01 03:54:10.045004,2026-10-04
ORD000273,SX00000273,13987,NJ01,Delivered,2026-10-01 03:55:01.890189,2026-10-03
ORD000274,SX00000274,19719,NJ01,Delivered,2026-10-01 03:55:53.735373,2026-10-02
ORD000275,SX00000275,16015,IL01,Delivered,2026-10-01 03:56:45.580558,2026-10-02
ORD000276,SX00000276,11218,IL01,Delivered,2026-10-01 03:57:37.425742,2026-10-02
ORD000277,SX00000277,14496,TX01,Delivered,2026-10-01 03:58:29.270927,2026-10-03
ORD000278,SX00000278,14735,TX01,In Transit,2026-10-01 03:59:21.116111,2026-10-03
ORD000279,SX00000279,14555,IL01,Delivered,2026-10-01 04:00:12.961296,2026-10-02
ORD000280,SX00000280,19146,TX01,In Transit,2026-10-01 04:01:04.806480,2026-10-04
ORD000281,SX00000281,18050,IL01,Delivered,2026-10-01 04:01:56.651665,2026-10-04
ORD000282,SX00000282,13446,NJ01,Delivered,2026-10-01 04:02:48.496849,2026-10-02
ORD000283,SX00000283,11045,IL01,Out for Delivery,2026-10-01 04:03:40.342034,2026-10-03
ORD000284,SX00000284,16893,NJ01,Delivered,2026-10-01 04:04:32.187218,2026-10-03
ORD000285,SX00000285,11693,IL01,Out for Delivery,2026-10-01 04:05:24.032403,2026-10-02
ORD000286,SX00000286,13436,CA01,Delivered,2026-10-01 04:06:15.877587,2026-10-04
ORD000287,SX00000287,18754,IL01,Delivered,2026-10-01 04:07:07.722772,2026-10-02
ORD000288,SX00000288,15895,IL01,Out for Delivery,2026-10-01 04:07:59.567956,2026-10-02
ORD000289,SX00000289,13354,IL01,Delivered,2026-10-01 04:08:51.413141,2026-10-02
ORD000290,SX00000290,10225,CA01,Delivered,2026-10-01 04:09:43.258325,2026-10-04
ORD000291,SX00000291,14893,NJ01,Delivered,2026-10-01 04:10:35.103510,2026-10-02
ORD000292,SX00000292,17022,TX01,In Transit,2026-10-01 04:11:26.948694,2026-10-04
ORD000293,SX00000293,19151,CA01,In Transit,2026-10-01 04:12:18.793879,2026-10-03
ORD000294,SX00000294,15600,CA01,Delivered,2026-10-01 04:13:10.639063,2026-10-04
ORD000295,SX00000295,17996,TX01,Out for Delivery,2026-10-01 04:14:02.484248,2026-10-04
ORD000296,SX00000296,19007,IL01,In Transit,2026-10-01 04:14:54.329432,2026-10-02
ORD000297,SX00000297,17683,TX01,Out for Delivery,2026-10-01 04:15:46.174617,2026-10-03
ORD000298,SX00000298,14642,IL01,Delivered,2026-10-01 04:16:38.019801,2026-10-02
ORD000299,SX00000299,17679,TX01,Delivered,2026-10-01 04:17:29.864986,2026-10-04
ORD000300,SX00000300,18208,TX01,In Transit,2026-10-01 04:18:21.710171,2026-10-04
ORD000301,SX00000301,17339,TX01,Delivered,2026-10-01 04:19:13.555355,2026-10-02
ORD000302,SX00000302,19435,NJ01,Exception,2026-10-01 04:20:05.400540,2026-10-03
ORD000303,SX00000303,12205,NJ01,Delivered,2026-10-01 04:20:57.245724,2026-10-04
ORD000304,SX00000304,11069,CA01,Delivered,2026-10-01 04:21:49.090909,2026-10-04
ORD000305,SX00000305,13444,IL01,Out for Delivery,2026-10-01 04:22:40.936093,2026-10-04
ORD000306,SX00000306,11060,IL01,Exception,2026-10-01 04:23:32.781278,2026-10-03
ORD000307,SX00000307,12327,NJ01,Delivered,2026-10-01 04:24:24.626462,2026-10-02
ORD000308,SX00000308,13420,CA01,Delivered,2026-10-01 04:25:16.471647,2026-10-03
ORD000309,SX00000309,10301,IL01,In Transit,2026-10-01 04:26:08.316831,2026-10-03
ORD000310,SX00000310,10606,IL01,Out for Delivery,2026-10-01 04:27:00.162016,2026-10-04
ORD000311,SX00000311,13170,IL01,Delivered,2026-10-01 04:27:52.007200,2026-10-03
ORD000312,SX00000312,10699,IL01,Delivered,2026-10-01 04:28:43.852385,2026-10-04
ORD000313,SX00000313,15088,CA01,In Transit,2026-10-01 04:29:35.697569,2026-10-03
ORD000314,SX00000314,19331,TX01,Delivered,2026-10-01 04:30:27.542754,2026-10-03
ORD000315,SX00000315,10190,TX01,Exception,2026-10-01 04:31:19.387938,2026-10-02
ORD000316,SX00000316,10980,NJ01,Delivered,2026-10-01 04:32:11.233123,2026-10-03
ORD000317,SX00000317,12975,TX01,Delivered,2026-10-01 04:33:03.078307,2026-10-02
ORD000318,SX00000318,16102,IL01,Delivered,2026-10-01 04:33:54.923492,2026-10-04
ORD000319,SX00000319,11184,IL01,Delivered,2026-10-01 04:34:46.768676,2026-10-04
ORD000320,SX00000320,13327,NJ01,In Transit,2026-10-01 04:35:38.613861,2026-10-02
ORD000321,SX00000321,13394,IL01,Exception,2026-10-01 04:36:30.459045,2026-10-04
ORD000322,SX00000322,18319,NJ01,Delivered,2026-10-01 04:37:22.304230,2026-10-04
ORD000323,SX00000323,11816,IL01,In Transit,2026-10-01 04:38:14.149414,2026-10-03
ORD000324,SX00000324,15854,IL01,Delivered,2026-10-01 04:39:05.994599,2026-10-02
ORD000325,SX00000325,16709,IL01,In Transit,2026-10-01 04:39:57.839783,2026-10-04
ORD000326,SX00000326,10569,TX01,Delivered,2026-10-01 04:40:49.684968,2026-10-02
ORD000327,SX00000327,15442,IL01,Delivered,2026-10-01 04:41:41.530153,2026-10-03
ORD000328,SX00000328,11895,CA01,Delivered,2026-10-01 04:42:33.375337,2026-10-04
ORD000329,SX00000329,12733,IL01,Delivered,2026-10-01 04:43:25.220522,2026-10-04
ORD000330,SX00000330,13863,TX01,Exception,2026-10-01 04:44:17.065706,2026-10-02
ORD000331,SX00000331,17455,CA01,Delivered,2026-10-01 04:45:08.910891,2026-10-04
ORD000332,SX00000332,14014,CA01,Delivered,2026-10-01 04:46:00.756075,2026-10-02
ORD000333,SX00000333,11686,CA01,Delivered,2026-10-01 04:46:52.601260,2026-10-04
ORD000334,SX00000334,13009,IL01,Delivered,2026-10-01 04:47:44.446444,2026-10-03
ORD000335,SX00000335,17806,IL01,Delivered,2026-10-01 04:48:36.291629,2026-10-03
ORD000336,SX00000336,10154,NJ01,Delivered,2026-10-01 04:49:28.136813,2026-10-02
ORD000337,SX00000337,11409,IL01,Delivered,2026-10-01 04:50:19.981998,2026-10-04
ORD000338,SX00000338,10784,IL01,Exception,2026-10-01 04:51:11.827182,2026-10-04
ORD000339,SX00000339,18096,CA01,Delivered,2026-10-01 04:52:03.672367,2026-10-02
ORD000340,SX00000340,17560,NJ01,Delivered,2026-10-01 04:52:55.517551,2026-10-03
ORD000341,SX00000341,17343,NJ01,In Transit,2026-10-01 04:53:47.362736,2026-10-03
ORD000342,SX00000342,17206,CA01,In Transit,2026-10-01 04:54:39.207920,2026-10-03
ORD000343,SX00000343,15596,TX01,In Transit,2026-10-01 04:55:31.053105,2026-10-02
ORD000344,SX00000344,15801,TX01,Delivered,2026-10-01 04:56:22.898289,2026-10-03
ORD000345,SX00000345,12806,TX01,Delivered,2026-10-01 04:57:14.743474,2026-10-02
ORD000346,SX00000346,10537,IL01,Exception,2026-10-01 04:58:06.588658,2026-10-03
ORD000347,SX00000347,15986,IL01,Delivered,2026-10-01 04:58:58.433843,2026-10-03
ORD000348,SX00000348,11841,CA01,Delivered,2026-10-01 04:59:50.279027,2026-10-02
ORD000349,SX00000349,18716,CA01,Delivered,2026-10-01 05:00:42.124212,2026-10-04
ORD000350,SX00000350,16971,CA01,Delivered,2026-10-01 05:01:33.969396,2026-10-04
ORD000351,SX00000351,15625,NJ01,In Transit,2026-10-01 05:02:25.814581,2026-10-04
ORD000352,SX00000352,12950,CA01,Delivered,2026-10-01 05:03:17.659765,2026-10-03
ORD000353,SX00000353,17992,IL01,In Transit,2026-10-01 05:04:09.504950,2026-10-03
ORD000354,SX00000354,14780,IL01,Delivered,2026-10-01 05:05:01.350135,2026-10-04
ORD000355,SX00000355,12368,NJ01,Exception,2026-10-01 05:05:53.195319,2026-10-03
ORD000356,SX00000356,16655,NJ01,Delivered,2026-10-01 05:06:45.040504,2026-10-03
ORD000357,SX00000357,18173,IL01,Delivered,2026-10-01 05:07:36.885688,2026-10-04
ORD000358,SX00000358,14495,IL01,Delivered,2026-10-01 05:08:28.730873,2026-10-02
ORD000359,SX00000359,19163,IL01,In Transit,2026-10-01 05:09:20.576057,2026-10-04
ORD000360,SX00000360,16002,NJ01,In Transit,2026-10-01 05:10:12.421242,2026-10-04
ORD000361,SX00000361,16614,TX01,Delivered,2026-10-01 05:11:04.266426,2026-10-02
ORD000362,SX00000362,19358,TX01,Delivered,2026-10-01 05:11:56.111611,2026-10-03
ORD000363,SX00000363,15919,IL01,In Transit,2026-10-01 05:12:47.956795,2026-10-04
ORD000364,SX00000364,10853,NJ01,In Transit,2026-10-01 05:13:39.801980,2026-10-04
ORD000365,SX00000365,14146,TX01,Delivered,2026-10-01 05:14:31.647164,2026-10-03
ORD000366,SX00000366,13769,NJ01,In Transit,2026-10-01 05:15:23.492349,2026-10-03
ORD000367,SX00000367,10574,IL01,Delivered,2026-10-01 05:16:15.337533,2026-10-02
ORD000368,SX00000368,11148,NJ01,Delivered,2026-10-01 05:17:07.182718,2026-10-03
ORD000369,SX00000369,16293,CA01,Delivered,2026-10-01 05:17:59.027902,2026-10-04
ORD000370,SX00000370,16457,IL01,Exception,2026-10-01 05:18:50.873087,2026-10-03
ORD000371,SX00000371,17509,IL01,Delivered,2026-10-01 05:19:42.718271,2026-10-03
ORD000372,SX00000372,19907,NJ01,Delivered,2026-10-01 05:20:34.563456,2026-10-02
ORD000373,SX00000373,14777,NJ01,Out for Delivery,2026-10-01 05:21:26.408640,2026-10-02
ORD000374,SX00000374,13854,IL01,Delivered,2026-10-01 05:22:18.253825,2026-10-04
ORD000375,SX00000375,12491,IL01,In Transit,2026-10-01 05:23:10.099009,2026-10-04
ORD000376,SX00000376,13124,IL01,In Transit,2026-10-01 05:24:01.944194,2026-10-03
ORD000377,SX00000377,15691,CA01,Exception,2026-10-01 05:24:53.789378,2026-10-04
ORD000378,SX00000378,13051,TX01,Delivered,2026-10-01 05:25:45.634563,2026-10-04
ORD000379,SX00000379,10004,TX01,Delivered,2026-10-01 05:26:37.479747,2026-10-03
ORD000380,SX00000380,15222,TX01,Out for Delivery,2026-10-01 05:27:29.324932,2026-10-03
ORD000381,SX00000381,15315,IL01,Delivered,2026-10-01 05:28:21.170117,2026-10-03
ORD000382,SX00000382,14869,CA01,Delivered,2026-10-01 05:29:13.015301,2026-10-02
ORD000383,SX00000383,10876,NJ01,In Transit,2026-10-01 05:30:04.860486,2026-10-02
ORD000384,SX00000384,19183,IL01,Delivered,2026-10-01 05:30:56.705670,2026-10-03
ORD000385,SX00000385,17027,TX01,Out for Delivery,2026-10-01 05:31:48.550855,2026-10-02
ORD000386,SX00000386,14142,TX01,Delivered,2026-10-01 05:32:40.396039,2026-10-02
ORD000387,SX00000387,16966,TX01,Delivered,2026-10-01 05:33:32.241224,2026-10-02
ORD000388,SX00000388,17079,IL01,Delivered,2026-10-01 05:34:24.086408,2026-10-04
ORD000389,SX00000389,17987,CA01,Delivered,2026-10-01 05:35:15.931593,2026-10-03
ORD000390,SX00000390,16799,CA01,Delivered,2026-10-01 05:36:07.776777,2026-10-03
ORD000391,SX00000391,14465,IL01,In Transit,2026-10-01 05:36:59.621962,2026-10-04
ORD000392,SX00000392,10635,IL01,Delivered,2026-10-01 05:37:51.467146,2026-10-02
ORD000393,SX00000393,11693,IL01,Delivered,2026-10-01 05:38:43.312331,2026-10-03
ORD000394,SX00000394,19874,CA01,Out for Delivery,2026-10-01 05:39:35.157515,2026-10-02
ORD000395,SX00000395,14752,NJ01,Delivered,2026-10-01 05:40:27.002700,2026-10-04
ORD000396,SX00000396,18311,IL01,Delivered,2026-10-01 05:41:18.847884,2026-10-02
ORD000397,SX00000397,10830,IL01,Out for Delivery,2026-10-01 05:42:10.693069,2026-10-04
ORD000398,SX00000398,15177,IL01,Delivered,2026-10-01 05:43:02.538253,2026-10-04
ORD000399,SX00000399,19561,TX01,Out for Delivery,2026-10-01 05:43:54.383438,2026-10-02
ORD000400,SX00000400,18932,NJ01,In Transit,2026-10-01 05:44:46.228622,2026-10-02
ORD000401,SX00000401,18308,CA01,In Transit,2026-10-01 05:45:38.073807,2026-10-03
ORD000402,SX00000402,15949,TX01,In Transit,2026-10-01 05:46:29.918991,2026-10-04
ORD000403,SX00000403,12838,TX01,Delivered,2026-10-01 05:47:21.764176,2026-10-02
ORD000404,SX00000404,11150,IL01,In Transit,2026-10-01 05:48:13.609360,2026-10-02
ORD000405,SX00000405,17560,IL01,In Transit,2026-10-01 05:49:05.454545,2026-10-03
ORD000406,SX00000406,11931,NJ01,Delivered,2026-10-01 05:49:57.299729,2026-10-03
ORD000407,SX00000407,19204,IL01,Delivered,2026-10-01 05:50:49.144914,2026-10-03
ORD000408,SX00000408,11664,IL01,Out for Delivery,2026-10-01 05:51:40.990099,2026-10-04
ORD000409,SX00000409,11081,CA01,Delivered,2026-10-01 05:52:32.835283,2026-10-03
ORD000410,SX00000410,10512,NJ01,In Transit,2026-10-01 05:53:24.680468,2026-10-04
ORD000411,SX00000411,17805,IL01,Delivered,2026-10-01 05:54:16.525652,2026-10-03
ORD000412,SX00000412,15237,IL01,Delivered,2026-10-01 05:55:08.370837,2026-10-04
ORD000413,SX00000413,10559,IL01,Delivered,2026-10-01 05:56:00.216021,2026-10-03
ORD000414,SX00000414,13672,CA01,Delivered,2026-10-01 05:56:52.061206,2026-10-04
ORD000415,SX00000415,17404,IL01,Delivered,2026-10-01 05:57:43.906390,2026-10-03
ORD000416,SX00000416,13343,IL01,Delivered,2026-10-01 05:58:35.751575,2026-10-03
ORD000417,SX00000417,14070,TX01,Delivered,2026-10-01 05:59:27.596759,2026-10-02
ORD000418,SX00000418,19662,IL01,In Transit,2026-10-01 06:00:19.441944,2026-10-04
ORD000419,SX00000419,10580,IL01,Delivered,2026-10-01 06:01:11.287128,2026-10-02
ORD000420,SX00000420,17004,IL01,In Transit,2026-10-01 06:02:03.132313,2026-10-04
ORD000421,SX00000421,18130,IL01,Delivered,2026-10-01 06:02:54.977497,2026-10-02
ORD000422,SX00000422,13147,IL01,Delivered,2026-10-01 06:03:46.822682,2026-10-03
ORD000423,SX00000423,14249,IL01,Delivered,2026-10-01 06:04:38.667866,2026-10-02
ORD000424,SX00000424,11679,TX01,Delivered,2026-10-01 06:05:30.513051,2026-10-03
ORD000425,SX00000425,13506,IL01,Delivered,2026-10-01 06:06:22.358235,2026-10-04
ORD000426,SX00000426,17253,TX01,Delivered,2026-10-01 06:07:14.203420,2026-10-03
ORD000427,SX00000427,12744,TX01,Delivered,2026-10-01 06:08:06.048604,2026-10-02
ORD000428,SX00000428,19435,NJ01,Delivered,2026-10-01 06:08:57.893789,2026-10-04
ORD000429,SX00000429,15188,IL01,Delivered,2026-10-01 06:09:49.738973,2026-10-02
ORD000430,SX00000430,12141,IL01,Exception,2026-10-01 06:10:41.584158,2026-10-03
ORD000431,SX00000431,16617,TX01,Delivered,2026-10-01 06:11:33.429342,2026-10-03
ORD000432,SX00000432,12479,NJ01,In Transit,2026-10-01 06:12:25.274527,2026-10-02
ORD000433,SX00000433,16484,TX01,Delivered,2026-10-01 06:13:17.119711,2026-10-04
ORD000434,SX00000434,19827,IL01,Delivered,2026-10-01 06:14:08.964896,2026-10-02
ORD000435,SX00000435,17421,CA01,Delivered,2026-10-01 06:15:00.810081,2026-10-03
ORD000436,SX00000436,19949,IL01,Delivered,2026-10-01 06:15:52.655265,2026-10-04
ORD000437,SX00000437,14452,IL01,In Transit,2026-10-01 06:16:44.500450,2026-10-02
ORD000438,SX00000438,15881,NJ01,Delivered,2026-10-01 06:17:36.345634,2026-10-03
ORD000439,SX00000439,16665,IL01,Delivered,2026-10-01 06:18:28.190819,2026-10-04
ORD000440,SX00000440,12849,NJ01,Delivered,2026-10-01 06:19:20.036003,2026-10-02
ORD000441,SX00000441,17390,TX01,Delivered,2026-10-01 06:20:11.881188,2026-10-04
ORD000442,SX00000442,16905,TX01,In Transit,2026-10-01 06:21:03.726372,2026-10-03
ORD000443,SX00000443,12489,CA01,Delivered,2026-10-01 06:21:55.571557,2026-10-02
ORD000444,SX00000444,19823,NJ01,Delivered,2026-10-01 06:22:47.416741,2026-10-02
ORD000445,SX00000445,19207,NJ01,Delivered,2026-10-01 06:23:39.261926,2026-10-03
ORD000446,SX00000446,19540,IL01,Delivered,2026-10-01 06:24:31.107110,2026-10-03
ORD000447,SX00000447,14611,NJ01,Delivered,2026-10-01 06:25:22.952295,2026-10-03
ORD000448,SX00000448,12839,IL01,Delivered,2026-10-01 06:26:14.797479,2026-10-02
ORD000449,SX00000449,18527,IL01,Delivered,2026-10-01 06:27:06.642664,2026-10-03
ORD000450,SX00000450,15878,IL01,In Transit,2026-10-01 06:27:58.487848,2026-10-02
ORD000451,SX00000451,19087,NJ01,Delivered,2026-10-01 06:28:50.333033,2026-10-02
ORD000452,SX00000452,16303,NJ01,Delivered,2026-10-01 06:29:42.178217,2026-10-04
ORD000453,SX00000453,10851,CA01,Delivered,2026-10-01 06:30:34.023402,2026-10-03
ORD000454,SX00000454,11687,IL01,Delivered,2026-10-01 06:31:25.868586,2026-10-03
ORD000455,SX00000455,16833,CA01,In Transit,2026-10-01 06:32:17.713771,2026-10-04
ORD000456,SX00000456,12427,TX01,Delivered,2026-10-01 06:33:09.558955,2026-10-02
ORD000457,SX00000457,19760,NJ01,Out for Delivery,2026-10-01 06:34:01.404140,2026-10-02
ORD000458,SX00000458,14000,NJ01,Delivered,2026-10-01 06:34:53.249324,2026-10-02
ORD000459,SX00000459,15052,IL01,Delivered,2026-10-01 06:35:45.094509,2026-10-03
ORD000460,SX00000460,12738,TX01,Delivered,2026-10-01 06:36:36.939693,2026-10-02
ORD000461,SX00000461,15732,NJ01,Delivered,2026-10-01 06:37:28.784878,2026-10-04
ORD000462,SX00000462,15387,CA01,Delivered,2026-10-01 06:38:20.630063,2026-10-02
ORD000463,SX00000463,18002,NJ01,Delivered,2026-10-01 06:39:12.475247,2026-10-03
ORD000464,SX00000464,15536,TX01,Delivered,2026-10-01 06:40:04.320432,2026-10-03
ORD000465,SX00000465,13913,TX01,In Transit,2026-10-01 06:40:56.165616,2026-10-02
ORD000466,SX00000466,11066,IL01,In Transit,2026-10-01 06:41:48.010801,2026-10-02
ORD000467,SX00000467,17723,IL01,Delivered,2026-10-01 06:42:39.855985,2026-10-03
ORD000468,SX00000468,14380,NJ01,Delivered,2026-10-01 06:43:31.701170,2026-10-02
ORD000469,SX00000469,14107,NJ01,Delivered,2026-10-01 06:44:23.546354,2026-10-04
ORD000470,SX00000470,15726,IL01,In Transit,2026-10-01 06:45:15.391539,2026-10-03
ORD000471,SX00000471,13373,CA01,Delivered,2026-10-01 06:46:07.236723,2026-10-02
ORD000472,SX00000472,18945,NJ01,Delivered,2026-10-01 06:46:59.081908,2026-10-02
ORD000473,SX00000473,12082,CA01,Delivered,2026-10-01 06:47:50.927092,2026-10-02
ORD000474,SX00000474,18967,TX01,Delivered,2026-10-01 06:48:42.772277,2026-10-04
ORD000475,SX00000475,16748,NJ01,In Transit,2026-10-01 06:49:34.617461,2026-10-03
ORD000476,SX00000476,19817,CA01,In Transit,2026-10-01 06:50:26.462646,2026-10-04
ORD000477,SX00000477,10417,NJ01,Delivered,2026-10-01 06:51:18.307830,2026-10-02
ORD000478,SX00000478,18306,CA01,Delivered,2026-10-01 06:52:10.153015,2026-10-04
ORD000479,SX00000479,18808,IL01,Delivered,2026-10-01 06:53:01.998199,2026-10-02
ORD000480,SX00000480,13974,IL01,Delivered,2026-10-01 06:53:53.843384,2026-10-02
ORD000481,SX00000481,13267,NJ01,Delivered,2026-10-01 06:54:45.688568,2026-10-03
ORD000482,SX00000482,10825,NJ01,Delivered,2026-10-01 06:55:37.533753,2026-10-03
ORD000483,SX00000483,17668,NJ01,In Transit,2026-10-01 06:56:29.378937,2026-10-02
ORD000484,SX00000484,15745,NJ01,Out for Delivery,2026-10-01 06:57:21.224122,2026-10-02
ORD000485,SX00000485,19708,IL01,Delivered,2026-10-01 06:58:13.069306,2026-10-02
ORD000486,SX00000486,10412,CA01,Delivered,2026-10-01 06:59:04.914491,2026-10-03
ORD000487,SX00000487,17543,NJ01,Delivered,2026-10-01 06:59:56.759675,2026-10-03
ORD000488,SX00000488,17587,NJ01,In Transit,2026-10-01 07:00:48.604860,2026-10-02
ORD000489,SX00000489,10728,TX01,In Transit,2026-10-01 07:01:40.450045,2026-10-03
ORD000490,SX00000490,17164,TX01,Delivered,2026-10-01 07:02:32.295229,2026-10-02
ORD000491,SX00000491,18867,CA01,In Transit,2026-10-01 07:03:24.140414,2026-10-04
ORD000492,SX00000492,15988,NJ01,In Transit,2026-10-01 07:04:15.985598,2026-10-03
ORD000493,SX00000493,12504,IL01,Delivered,2026-10-01 07:05:07.830783,2026-10-02
ORD000494,SX00000494,12967,NJ01,Delivered,2026-10-01 07:05:59.675967,2026-10-04
ORD000495,SX00000495,12786,NJ01,Delivered,2026-10-01 07:06:51.521152,2026-10-02
ORD000496,SX00000496,11122,CA01,Delivered,2026-10-01 07:07:43.366336,2026-10-04
ORD000497,SX00000497,14079,IL01,Delivered,2026-10-01 07:08:35.211521,2026-10-03
ORD000498,SX00000498,11571,CA01,Delivered,2026-10-01 07:09:27.056705,2026-10-03
ORD000499,SX00000499,15073,NJ01,Delivered,2026-10-01 07:10:18.901890,2026-10-02
ORD000500,SX00000500,15104,CA01,In Transit,2026-10-01 07:11:10.747074,2026-10-03
ORD000501,SX00000501,12143,IL01,Delivered,2026-10-01 07:12:02.592259,2026-10-03
ORD000502,SX00000502,19879,CA01,Delivered,2026-10-01 07:12:54.437443,2026-10-04
ORD000503,SX00000503,16806,CA01,Delivered,2026-10-01 07:13:46.282628,2026-10-03
ORD000504,SX00000504,17357,CA01,Delivered,2026-10-01 07:14:38.127812,2026-10-04
ORD000505,SX00000505,13440,IL01,Delivered,2026-10-01 07:15:29.972997,2026-10-04
ORD000506,SX00000506,13766,IL01,Delivered,2026-10-01 07:16:21.818181,2026-10-04
ORD000507,SX00000507,15644,TX01,Delivered,2026-10-01 07:17:13.663366,2026-10-03
ORD000508,SX00000508,12914,IL01,In Transit,2026-10-01 07:18:05.508550,2026-10-02
ORD000509,SX00000509,14968,IL01,In Transit,2026-10-01 07:18:57.353735,2026-10-02
ORD000510,SX00000510,15917,IL01,Out for Delivery,2026-10-01 07:19:49.198919,2026-10-03
ORD000511,SX00000511,18787,NJ01,Delivered,2026-10-01 07:20:41.044104,2026-10-04
ORD000512,SX00000512,10728,NJ01,Delivered,2026-10-01 07:21:32.889288,2026-10-03
ORD000513,SX00000513,11365,IL01,Delivered,2026-10-01 07:22:24.734473,2026-10-02
ORD000514,SX00000514,14492,IL01,In Transit,2026-10-01 07:23:16.579657,2026-10-04
ORD000515,SX00000515,10698,NJ01,Delivered,2026-10-01 07:24:08.424842,2026-10-03
ORD000516,SX00000516,17186,NJ01,In Transit,2026-10-01 07:25:00.270027,2026-10-04
ORD000517,SX00000517,10395,IL01,Delivered,2026-10-01 07:25:52.115211,2026-10-04
ORD000518,SX00000518,17400,IL01,In Transit,2026-10-01 07:26:43.960396,2026-10-02
ORD000519,SX00000519,18082,CA01,In Transit,2026-10-01 07:27:35.805580,2026-10-04
ORD000520,SX00000520,14171,CA01,Delivered,2026-10-01 07:28:27.650765,2026-10-03
ORD000521,SX00000521,14360,CA01,Out for Delivery,2026-10-01 07:29:19.495949,2026-10-04
ORD000522,SX00000522,12502,CA01,Delivered,2026-10-01 07:30:11.341134,2026-10-04
ORD000523,SX00000523,10717,IL01,Exception,2026-10-01 07:31:03.186318,2026-10-03
ORD000524,SX00000524,12782,TX01,In Transit,2026-10-01 07:31:55.031503,2026-10-02
ORD000525,SX00000525,14946,NJ01,Exception,2026-10-01 07:32:46.876687,2026-10-02
ORD000526,SX00000526,15486,NJ01,Delivered,2026-10-01 07:33:38.721872,2026-10-03
ORD000527,SX00000527,18335,IL01,Delivered,2026-10-01 07:34:30.567056,2026-10-04
ORD000528,SX00000528,14980,NJ01,In Transit,2026-10-01 07:35:22.412241,2026-10-03
ORD000529,SX00000529,17266,NJ01,Out for Delivery,2026-10-01 07:36:14.257425,2026-10-03
ORD000530,SX00000530,14491,IL01,Delivered,2026-10-01 07:37:06.102610,2026-10-03
ORD000531,SX00000531,17192,TX01,Delivered,2026-10-01 07:37:57.947794,2026-10-02
ORD000532,SX00000532,15588,IL01,Delivered,2026-10-01 07:38:49.792979,2026-10-04
ORD000533,SX00000533,17651,IL01,In Transit,2026-10-01 07:39:41.638163,2026-10-03
ORD000534,SX00000534,13636,IL01,In Transit,2026-10-01 07:40:33.483348,2026-10-02
ORD000535,SX00000535,11167,IL01,Delivered,2026-10-01 07:41:25.328532,2026-10-02
ORD000536,SX00000536,11062,IL01,Delivered,2026-10-01 07:42:17.173717,2026-10-04
ORD000537,SX00000537,12156,CA01,Delivered,2026-10-01 07:43:09.018901,2026-10-03
ORD000538,SX00000538,17860,NJ01,Delivered,2026-10-01 07:44:00.864086,2026-10-04
ORD000539,SX00000539,15161,NJ01,In Transit,2026-10-01 07:44:52.709270,2026-10-03
ORD000540,SX00000540,15305,IL01,Delivered,2026-10-01 07:45:44.554455,2026-10-02
ORD000541,SX00000541,16541,NJ01,Delivered,2026-10-01 07:46:36.399639,2026-10-02
ORD000542,SX00000542,14729,TX01,In Transit,2026-10-01 07:47:28.244824,2026-10-04
ORD000543,SX00000543,19348,NJ01,Delivered,2026-10-01 07:48:20.090009,2026-10-03
ORD000544,SX00000544,17330,TX01,Delivered,2026-10-01 07:49:11.935193,2026-10-04
ORD000545,SX00000545,15334,CA01,In Transit,2026-10-01 07:50:03.780378,2026-10-03
ORD000546,SX00000546,18924,CA01,Delivered,2026-10-01 07:50:55.625562,2026-10-04
ORD000547,SX00000547,14330,TX01,Out for Delivery,2026-10-01 07:51:47.470747,2026-10-02
ORD000548,SX00000548,18010,IL01,Delivered,2026-10-01 07:52:39.315931,2026-10-04
ORD000549,SX00000549,16801,NJ01,In Transit,2026-10-01 07:53:31.161116,2026-10-03
ORD000550,SX00000550,14846,NJ01,Delivered,2026-10-01 07:54:23.006300,2026-10-04
ORD000551,SX00000551,16731,TX01,Delivered,2026-10-01 07:55:14.851485,2026-10-03
ORD000552,SX00000552,17241,TX01,Delivered,2026-10-01 07:56:06.696669,2026-10-04
ORD000553,SX00000553,10953,TX01,Out for Delivery,2026-10-01 07:56:58.541854,2026-10-03
ORD000554,SX00000554,12539,TX01,Exception,2026-10-01 07:57:50.387038,2026-10-03
ORD000555,SX00000555,17056,IL01,Delivered,2026-10-01 07:58:42.232223,2026-10-03
ORD000556,SX00000556,11542,IL01,Delivered,2026-10-01 07:59:34.077407,2026-10-04
ORD000557,SX00000557,15293,IL01,Delivered,2026-10-01 08:00:25.922592,2026-10-04
ORD000558,SX00000558,11191,CA01,Delivered,2026-10-01 08:01:17.767776,2026-10-02
ORD000559,SX00000559,16313,TX01,In Transit,2026-10-01 08:02:09.612961,2026-10-03
ORD000560,SX00000560,16938,TX01,Delivered,2026-10-01 08:03:01.458145,2026-10-02
ORD000561,SX00000561,12681,TX01,In Transit,2026-10-01 08:03:53.303330,2026-10-02
ORD000562,SX00000562,19409,TX01,In Transit,2026-10-01 08:04:45.148514,2026-10-03
ORD000563,SX00000563,11540,CA01,Delivered,2026-10-01 08:05:36.993699,2026-10-02
ORD000564,SX00000564,16172,TX01,In Transit,2026-10-01 08:06:28.838883,2026-10-04
ORD000565,SX00000565,15541,NJ01,Delivered,2026-10-01 08:07:20.684068,2026-10-02
ORD000566,SX00000566,19580,TX01,Delivered,2026-10-01 08:08:12.529252,2026-10-04
ORD000567,SX00000567,11365,IL01,In Transit,2026-10-01 08:09:04.374437,2026-10-03
ORD000568,SX00000568,18691,TX01,Delivered,2026-10-01 08:09:56.219621,2026-10-03
ORD000569,SX00000569,19872,NJ01,Delivered,2026-10-01 08:10:48.064806,2026-10-03
ORD000570,SX00000570,18702,IL01,Out for Delivery,2026-10-01 08:11:39.909990,2026-10-02
ORD000571,SX00000571,17494,TX01,Delivered,2026-10-01 08:12:31.755175,2026-10-03
ORD000572,SX00000572,14312,NJ01,Delivered,2026-10-01 08:13:23.600360,2026-10-03
ORD000573,SX00000573,11324,CA01,In Transit,2026-10-01 08:14:15.445544,2026-10-04
ORD000574,SX00000574,19347,IL01,Delivered,2026-10-01 08:15:07.290729,2026-10-02
ORD000575,SX00000575,13141,NJ01,Out for Delivery,2026-10-01 08:15:59.135913,2026-10-02
ORD000576,SX00000576,17419,NJ01,Delivered,2026-10-01 08:16:50.981098,2026-10-03
ORD000577,SX00000577,13486,IL01,Delivered,2026-10-01 08:17:42.826282,2026-10-02
ORD000578,SX00000578,11810,NJ01,In Transit,2026-10-01 08:18:34.671467,2026-10-03
ORD000579,SX00000579,16588,IL01,Delivered,2026-10-01 08:19:26.516651,2026-10-04
ORD000580,SX00000580,12923,IL01,In Transit,2026-10-01 08:20:18.361836,2026-10-02
ORD000581,SX00000581,15301,IL01,Out for Delivery,2026-10-01 08:21:10.207020,2026-10-02
ORD000582,SX00000582,14186,IL01,In Transit,2026-10-01 08:22:02.052205,2026-10-04
ORD000583,SX00000583,18905,TX01,Delivered,2026-10-01 08:22:53.897389,2026-10-02
ORD000584,SX00000584,15977,IL01,Delivered,2026-10-01 08:23:45.742574,2026-10-03
ORD000585,SX00000585,14268,NJ01,Out for Delivery,2026-10-01 08:24:37.587758,2026-10-02
ORD000586,SX00000586,14748,TX01,Delivered,2026-10-01 08:25:29.432943,2026-10-02
ORD000587,SX00000587,14849,NJ01,Delivered,2026-10-01 08:26:21.278127,2026-10-04
ORD000588,SX00000588,19435,CA01,Delivered,2026-10-01 08:27:13.123312,2026-10-04
ORD000589,SX00000589,13709,TX01,Delivered,2026-10-01 08:28:04.968496,2026-10-03
ORD000590,SX00000590,19273,TX01,Delivered,2026-10-01 08:28:56.813681,2026-10-02
ORD000591,SX00000591,16619,IL01,Out for Delivery,2026-10-01 08:29:48.658865,2026-10-02
ORD000592,SX00000592,18647,TX01,Delivered,2026-10-01 08:30:40.504050,2026-10-04
ORD000593,SX00000593,19086,TX01,Delivered,2026-10-01 08:31:32.349234,2026-10-03
ORD000594,SX00000594,19576,IL01,In Transit,2026-10-01 08:32:24.194419,2026-10-02
ORD000595,SX00000595,13072,IL01,Delivered,2026-10-01 08:33:16.039603,2026-10-03
ORD000596,SX00000596,16530,IL01,In Transit,2026-10-01 08:34:07.884788,2026-10-02
ORD000597,SX00000597,10504,TX01,Delivered,2026-10-01 08:34:59.729972,2026-10-04
ORD000598,SX00000598,11214,NJ01,Out for Delivery,2026-10-01 08:35:51.575157,2026-10-04
ORD000599,SX00000599,11531,TX01,Delivered,2026-10-01 08:36:43.420342,2026-10-04
ORD000600,SX00000600,17576,IL01,In Transit,2026-10-01 08:37:35.265526,2026-10-04
ORD000601,SX00000601,10823,TX01,Delivered,2026-10-01 08:38:27.110711,2026-10-04
ORD000602,SX00000602,10928,IL01,Delivered,2026-10-01 08:39:18.955895,2026-10-04
ORD000603,SX00000603,15029,IL01,Delivered,2026-10-01 08:40:10.801080,2026-10-03
ORD000604,SX00000604,10133,NJ01,Out for Delivery,2026-10-01 08:41:02.646264,2026-10-04
ORD000605,SX00000605,12105,IL01,Delivered,2026-10-01 08:41:54.491449,2026-10-03
ORD000606,SX00000606,13627,IL01,In Transit,2026-10-01 08:42:46.336633,2026-10-04
ORD000607,SX00000607,16316,IL01,Delivered,2026-10-01 08:43:38.181818,2026-10-02
ORD000608,SX00000608,11852,NJ01,Delivered,2026-10-01 08:44:30.027002,2026-10-02
ORD000609,SX00000609,14910,CA01,Delivered,2026-10-01 08:45:21.872187,2026-10-02
ORD000610,SX00000610,14175,TX01,In Transit,2026-10-01 08:46:13.717371,2026-10-03
ORD000611,SX00000611,15348,NJ01,In Transit,2026-10-01 08:47:05.562556,2026-10-04
ORD000612,SX00000612,19442,IL01,Out for Delivery,2026-10-01 08:47:57.407740,2026-10-03
ORD000613,SX00000613,16190,NJ01,Out for Delivery,2026-10-01 08:48:49.252925,2026-10-04
ORD000614,SX00000614,11256,TX01,Delivered,2026-10-01 08:49:41.098109,2026-10-02
ORD000615,SX00000615,13376,IL01,In Transit,2026-10-01 08:50:32.943294,2026-10-03
ORD000616,SX00000616,15645,IL01,Delivered,2026-10-01 08:51:24.788478,2026-10-04
ORD000617,SX00000617,13486,IL01,In Transit,2026-10-01 08:52:16.633663,2026-10-03
ORD000618,SX00000618,13584,TX01,Delivered,2026-10-01 08:53:08.478847,2026-10-03
ORD000619,SX00000619,19588,IL01,In Transit,2026-10-01 08:54:00.324032,2026-10-02
ORD000620,SX00000620,18053,TX01,Delivered,2026-10-01 08:54:52.169216,2026-10-02
ORD000621,SX00000621,13330,IL01,Delivered,2026-10-01 08:55:44.014401,2026-10-02
ORD000622,SX00000622,12703,IL01,Delivered,2026-10-01 08:56:35.859585,2026-10-02
ORD000623,SX00000623,18662,NJ01,Delivered,2026-10-01 08:57:27.704770,2026-10-02
ORD000624,SX00000624,18120,NJ01,Delivered,2026-10-01 08:58:19.549954,2026-10-04
ORD000625,SX00000625,17114,IL01,In Transit,2026-10-01 08:59:11.395139,2026-10-04
ORD000626,SX00000626,11353,IL01,In Transit,2026-10-01 09:00:03.240324,2026-10-02
ORD000627,SX00000627,15063,IL01,Delivered,2026-10-01 09:00:55.085508,2026-10-02
ORD000628,SX00000628,18549,IL01,Delivered,2026-10-01 09:01:46.930693,2026-10-02
ORD000629,SX00000629,17575,IL01,Delivered,2026-10-01 09:02:38.775877,2026-10-03
ORD000630,SX00000630,10667,CA01,Out for Delivery,2026-10-01 09:03:30.621062,2026-10-02
ORD000631,SX00000631,14468,NJ01,Delivered,2026-10-01 09:04:22.466246,2026-10-04
ORD000632,SX00000632,19337,NJ01,Delivered,2026-10-01 09:05:14.311431,2026-10-04
ORD000633,SX00000633,16819,IL01,Delivered,2026-10-01 09:06:06.156615,2026-10-03
ORD000634,SX00000634,13719,IL01,Delivered,2026-10-01 09:06:58.001800,2026-10-04
ORD000635,SX00000635,12745,IL01,Delivered,2026-10-01 09:07:49.846984,2026-10-02
ORD000636,SX00000636,17483,NJ01,Delivered,2026-10-01 09:08:41.692169,2026-10-03
ORD000637,SX00000637,10539,NJ01,Delivered,2026-10-01 09:09:33.537353,2026-10-03
ORD000638,SX00000638,14964,IL01,Delivered,2026-10-01 09:10:25.382538,2026-10-04
ORD000639,SX00000639,14835,TX01,Delivered,2026-10-01 09:11:17.227722,2026-10-02
ORD000640,SX00000640,13775,NJ01,Delivered,2026-10-01 09:12:09.072907,2026-10-02
ORD000641,SX00000641,16042,IL01,Delivered,2026-10-01 09:13:00.918091,2026-10-02
ORD000642,SX00000642,17102,IL01,Delivered,2026-10-01 09:13:52.763276,2026-10-03
ORD000643,SX00000643,17312,NJ01,Delivered,2026-10-01 09:14:44.608460,2026-10-04
ORD000644,SX00000644,15320,TX01,In Transit,2026-10-01 09:15:36.453645,2026-10-04
ORD000645,SX00000645,16132,IL01,Delivered,2026-10-01 09:16:28.298829,2026-10-04
ORD000646,SX00000646,17891,IL01,In Transit,2026-10-01 09:17:20.144014,2026-10-02
ORD000647,SX00000647,12779,NJ01,Delivered,2026-10-01 09:18:11.989198,2026-10-03
ORD000648,SX00000648,10924,IL01,Delivered,2026-10-01 09:19:03.834383,2026-10-03
ORD000649,SX00000649,11581,TX01,Delivered,2026-10-01 09:19:55.679567,2026-10-04
ORD000650,SX00000650,17714,NJ01,Delivered,2026-10-01 09:20:47.524752,2026-10-04
ORD000651,SX00000651,13324,IL01,Delivered,2026-10-01 09:21:39.369936,2026-10-03
ORD000652,SX00000652,15713,IL01,Out for Delivery,2026-10-01 09:22:31.215121,2026-10-04
ORD000653,SX00000653,17026,NJ01,Out for Delivery,2026-10-01 09:23:23.060306,2026-10-03
ORD000654,SX00000654,10255,IL01,Delivered,2026-10-01 09:24:14.905490,2026-10-03
ORD000655,SX00000655,14804,IL01,Delivered,2026-10-01 09:25:06.750675,2026-10-04
ORD000656,SX00000656,11838,TX01,Delivered,2026-10-01 09:25:58.595859,2026-10-03
ORD000657,SX00000657,10009,IL01,Delivered,2026-10-01 09:26:50.441044,2026-10-03
ORD000658,SX00000658,12871,NJ01,Out for Delivery,2026-10-01 09:27:42.286228,2026-10-04
ORD000659,SX00000659,18989,IL01,Delivered,2026-10-01 09:28:34.131413,2026-10-04
ORD000660,SX00000660,17409,NJ01,Exception,2026-10-01 09:29:25.976597,2026-10-04
ORD000661,SX00000661,17418,IL01,Delivered,2026-10-01 09:30:17.821782,2026-10-03
ORD000662,SX00000662,15124,CA01,Delivered,2026-10-01 09:31:09.666966,2026-10-04
ORD000663,SX00000663,11015,TX01,Delivered,2026-10-01 09:32:01.512151,2026-10-04
ORD000664,SX00000664,12193,IL01,Delivered,2026-10-01 09:32:53.357335,2026-10-03
ORD000665,SX00000665,18415,NJ01,Delivered,2026-10-01 09:33:45.202520,2026-10-03
ORD000666,SX00000666,17449,IL01,Delivered,2026-10-01 09:34:37.047704,2026-10-04
ORD000667,SX00000667,14158,NJ01,Delivered,2026-10-01 09:35:28.892889,2026-10-04
ORD000668,SX00000668,13925,TX01,Delivered,2026-10-01 09:36:20.738073,2026-10-03
ORD000669,SX00000669,16970,NJ01,Delivered,2026-10-01 09:37:12.583258,2026-10-03
ORD000670,SX00000670,16938,IL01,Delivered,2026-10-01 09:38:04.428442,2026-10-02
ORD000671,SX00000671,14784,TX01,In Transit,2026-10-01 09:38:56.273627,2026-10-03
ORD000672,SX00000672,14000,IL01,In Transit,2026-10-01 09:39:48.118811,2026-10-03
ORD000673,SX00000673,11633,TX01,Delivered,2026-10-01 09:40:39.963996,2026-10-02
ORD000674,SX00000674,17266,TX01,Delivered,2026-10-01 09:41:31.809180,2026-10-04
ORD000675,SX00000675,18702,IL01,Delivered,2026-10-01 09:42:23.654365,2026-10-02
ORD000676,SX00000676,10384,IL01,In Transit,2026-10-01 09:43:15.499549,2026-10-03
ORD000677,SX00000677,10404,TX01,Delivered,2026-10-01 09:44:07.344734,2026-10-02
ORD000678,SX00000678,18175,TX01,Delivered,2026-10-01 09:44:59.189918,2026-10-02
ORD000679,SX00000679,12000,IL01,Delivered,2026-10-01 09:45:51.035103,2026-10-02
ORD000680,SX00000680,19860,IL01,In Transit,2026-10-01 09:46:42.880288,2026-10-02
ORD000681,SX00000681,15989,NJ01,Delivered,2026-10-01 09:47:34.725472,2026-10-02
ORD000682,SX00000682,11460,IL01,Delivered,2026-10-01 09:48:26.570657,2026-10-02
ORD000683,SX00000683,17190,IL01,Delivered,2026-10-01 09:49:18.415841,2026-10-04
ORD000684,SX00000684,17140,IL01,Delivered,2026-10-01 09:50:10.261026,2026-10-02
ORD000685,SX00000685,13636,IL01,In Transit,2026-10-01 09:51:02.106210,2026-10-02
ORD000686,SX00000686,14809,NJ01,Delivered,2026-10-01 09:51:53.951395,2026-10-02
ORD000687,SX00000687,14178,CA01,Out for Delivery,2026-10-01 09:52:45.796579,2026-10-02
ORD000688,SX00000688,17245,TX01,Delivered,2026-10-01 09:53:37.641764,2026-10-03
ORD000689,SX00000689,16600,IL01,Delivered,2026-10-01 09:54:29.486948,2026-10-02
ORD000690,SX00000690,15997,NJ01,In Transit,2026-10-01 09:55:21.332133,2026-10-02
ORD000691,SX00000691,12048,NJ01,Delivered,2026-10-01 09:56:13.177317,2026-10-02
ORD000692,SX00000692,14780,IL01,Delivered,2026-10-01 09:57:05.022502,2026-10-04
ORD000693,SX00000693,10716,CA01,Delivered,2026-10-01 09:57:56.867686,2026-10-02
ORD000694,SX00000694,17939,NJ01,In Transit,2026-10-01 09:58:48.712871,2026-10-03
ORD000695,SX00000695,15565,CA01,Delivered,2026-10-01 09:59:40.558055,2026-10-04
ORD000696,SX00000696,14544,NJ01,In Transit,2026-10-01 10:00:32.403240,2026-10-03
ORD000697,SX00000697,14976,NJ01,Delivered,2026-10-01 10:01:24.248424,2026-10-04
ORD000698,SX00000698,13419,IL01,Out for Delivery,2026-10-01 10:02:16.093609,2026-10-04
ORD000699,SX00000699,17239,NJ01,Delivered,2026-10-01 10:03:07.938793,2026-10-02
ORD000700,SX00000700,19766,IL01,Delivered,2026-10-01 10:03:59.783978,2026-10-02
ORD000701,SX00000701,10249,TX01,Delivered,2026-10-01 10:04:51.629162,2026-10-04
ORD000702,SX00000702,18865,TX01,Exception,2026-10-01 10:05:43.474347,2026-10-02
ORD000703,SX00000703,10770,TX01,In Transit,2026-10-01 10:06:35.319531,2026-10-02
ORD000704,SX00000704,14363,TX01,Delivered,2026-10-01 10:07:27.164716,2026-10-04
ORD000705,SX00000705,11077,TX01,Delivered,2026-10-01 10:08:19.009900,2026-10-04
ORD000706,SX00000706,18427,IL01,Delivered,2026-10-01 10:09:10.855085,2026-10-03
ORD000707,SX00000707,18580,NJ01,Delivered,2026-10-01 10:10:02.700270,2026-10-04
ORD000708,SX00000708,17901,TX01,Delivered,2026-10-01 10:10:54.545454,2026-10-03
ORD000709,SX00000709,14858,NJ01,Delivered,2026-10-01 10:11:46.390639,2026-10-03
ORD000710,SX00000710,16544,TX01,Delivered,2026-10-01 10:12:38.235823,2026-10-02
ORD000711,SX00000711,14719,IL01,Delivered,2026-10-01 10:13:30.081008,2026-10-02
ORD000712,SX00000712,12814,IL01,In Transit,2026-10-01 10:14:21.926192,2026-10-04
ORD000713,SX00000713,13374,CA01,Delivered,2026-10-01 10:15:13.771377,2026-10-04
ORD000714,SX00000714,11252,NJ01,Delivered,2026-10-01 10:16:05.616561,2026-10-03
ORD000715,SX00000715,16996,IL01,Delivered,2026-10-01 10:16:57.461746,2026-10-03
ORD000716,SX00000716,14673,TX01,Delivered,2026-10-01 10:17:49.306930,2026-10-02
ORD000717,SX00000717,14530,CA01,Delivered,2026-10-01 10:18:41.152115,2026-10-04
ORD000718,SX00000718,16881,IL01,Delivered,2026-10-01 10:19:32.997299,2026-10-04
ORD000719,SX00000719,16949,TX01,Delivered,2026-10-01 10:20:24.842484,2026-10-04
ORD000720,SX00000720,19521,CA01,Delivered,2026-10-01 10:21:16.687668,2026-10-04
ORD000721,SX00000721,16241,CA01,Out for Delivery,2026-10-01 10:22:08.532853,2026-10-02
ORD000722,SX00000722,18017,CA01,Delivered,2026-10-01 10:23:00.378037,2026-10-02
ORD000723,SX00000723,16941,NJ01,Delivered,2026-10-01 10:23:52.223222,2026-10-03
ORD000724,SX00000724,19550,IL01,In Transit,2026-10-01 10:24:44.068406,2026-10-02
ORD000725,SX00000725,17002,IL01,Delivered,2026-10-01 10:25:35.913591,2026-10-03
ORD000726,SX00000726,11331,IL01,Delivered,2026-10-01 10:26:27.758775,2026-10-02
ORD000727,SX00000727,14261,NJ01,Delivered,2026-10-01 10:27:19.603960,2026-10-02
ORD000728,SX00000728,17648,IL01,Delivered,2026-10-01 10:28:11.449144,2026-10-04
ORD000729,SX00000729,19550,IL01,Delivered,2026-10-01 10:29:03.294329,2026-10-03
ORD000730,SX00000730,15115,IL01,Delivered,2026-10-01 10:29:55.139513,2026-10-03
ORD000731,SX00000731,14637,IL01,In Transit,2026-10-01 10:30:46.984698,2026-10-03
ORD000732,SX00000732,14854,TX01,Delivered,2026-10-01 10:31:38.829882,2026-10-02
ORD000733,SX00000733,13177,IL01,Delivered,2026-10-01 10:32:30.675067,2026-10-04
ORD000734,SX00000734,17730,NJ01,Delivered,2026-10-01 10:33:22.520252,2026-10-02
ORD000735,SX00000735,12180,NJ01,Delivered,2026-10-01 10:34:14.365436,2026-10-04
ORD000736,SX00000736,14892,IL01,Delivered,2026-10-01 10:35:06.210621,2026-10-02
ORD000737,SX00000737,17043,CA01,In Transit,2026-10-01 10:35:58.055805,2026-10-03
ORD000738,SX00000738,10137,NJ01,In Transit,2026-10-01 10:36:49.900990,2026-10-02
ORD000739,SX00000739,16327,IL01,Delivered,2026-10-01 10:37:41.746174,2026-10-03
ORD000740,SX00000740,13472,IL01,Delivered,2026-10-01 10:38:33.591359,2026-10-04
ORD000741,SX00000741,15449,IL01,In Transit,2026-10-01 10:39:25.436543,2026-10-03
ORD000742,SX00000742,12832,IL01,Delivered,2026-10-01 10:40:17.281728,2026-10-03
ORD000743,SX00000743,13579,IL01,Delivered,2026-10-01 10:41:09.126912,2026-10-03
ORD000744,SX00000744,15971,NJ01,Delivered,2026-10-01 10:42:00.972097,2026-10-03
ORD000745,SX00000745,14164,CA01,Out for Delivery,2026-10-01 10:42:52.817281,2026-10-04
ORD000746,SX00000746,17941,TX01,Delivered,2026-10-01 10:43:44.662466,2026-10-02
ORD000747,SX00000747,15569,IL01,In Transit,2026-10-01 10:44:36.507650,2026-10-02
ORD000748,SX00000748,14300,IL01,Delivered,2026-10-01 10:45:28.352835,2026-10-02
ORD000749,SX00000749,16269,NJ01,Delivered,2026-10-01 10:46:20.198019,2026-10-02
ORD000750,SX00000750,13818,IL01,Delivered,2026-10-01 10:47:12.043204,2026-10-03
ORD000751,SX00000751,11906,IL01,Delivered,2026-10-01 10:48:03.888388,2026-10-04
ORD000752,SX00000752,16254,TX01,In Transit,2026-10-01 10:48:55.733573,2026-10-04
ORD000753,SX00000753,10760,IL01,Delivered,2026-10-01 10:49:47.578757,2026-10-02
ORD000754,SX00000754,17830,TX01,Delivered,2026-10-01 10:50:39.423942,2026-10-02
ORD000755,SX00000755,17350,IL01,Delivered,2026-10-01 10:51:31.269126,2026-10-04
ORD000756,SX00000756,16238,CA01,Delivered,2026-10-01 10:52:23.114311,2026-10-04
ORD000757,SX00000757,16090,NJ01,Delivered,2026-10-01 10:53:14.959495,2026-10-03
ORD000758,SX00000758,16031,TX01,Delivered,2026-10-01 10:54:06.804680,2026-10-04
ORD000759,SX00000759,17687,IL01,Delivered,2026-10-01 10:54:58.649864,2026-10-04
ORD000760,SX00000760,19091,CA01,Out for Delivery,2026-10-01 10:55:50.495049,2026-10-03
ORD000761,SX00000761,19911,TX01,Delivered,2026-10-01 10:56:42.340234,2026-10-03
ORD000762,SX00000762,18472,TX01,In Transit,2026-10-01 10:57:34.185418,2026-10-03
ORD000763,SX00000763,11887,NJ01,Delivered,2026-10-01 10:58:26.030603,2026-10-04
ORD000764,SX00000764,13266,TX01,Delivered,2026-10-01 10:59:17.875787,2026-10-04
ORD000765,SX00000765,10666,IL01,Delivered,2026-10-01 11:00:09.720972,2026-10-04
ORD000766,SX00000766,14188,NJ01,In Transit,2026-10-01 11:01:01.566156,2026-10-03
ORD000767,SX00000767,10671,TX01,Delivered,2026-10-01 11:01:53.411341,2026-10-04
ORD000768,SX00000768,16777,IL01,In Transit,2026-10-01 11:02:45.256525,2026-10-04
ORD000769,SX00000769,17570,IL01,Delivered,2026-10-01 11:03:37.101710,2026-10-03
ORD000770,SX00000770,17956,NJ01,Delivered,2026-10-01 11:04:28.946894,2026-10-02
ORD000771,SX00000771,15124,TX01,Delivered,2026-10-01 11:05:20.792079,2026-10-02
ORD000772,SX00000772,15585,IL01,Delivered,2026-10-01 11:06:12.637263,2026-10-04
ORD000773,SX00000773,14777,IL01,Delivered,2026-10-01 11:07:04.482448,2026-10-03
ORD000774,SX00000774,13900,IL01,In Transit,2026-10-01 11:07:56.327632,2026-10-03
ORD000775,SX00000775,16677,TX01,Out for Delivery,2026-10-01 11:08:48.172817,2026-10-04
ORD000776,SX00000776,16981,IL01,In Transit,2026-10-01 11:09:40.018001,2026-10-04
ORD000777,SX00000777,16376,TX01,In Transit,2026-10-01 11:10:31.863186,2026-10-02
ORD000778,SX00000778,10523,IL01,Out for Delivery,2026-10-01 11:11:23.708370,2026-10-03
ORD000779,SX00000779,12393,TX01,Out for Delivery,2026-10-01 11:12:15.553555,2026-10-04
ORD000780,SX00000780,12593,CA01,Delivered,2026-10-01 11:13:07.398739,2026-10-03
ORD000781,SX00000781,19945,IL01,Delivered,2026-10-01 11:13:59.243924,2026-10-04
ORD000782,SX00000782,17240,IL01,Delivered,2026-10-01 11:14:51.089108,2026-10-02
ORD000783,SX00000783,16937,TX01,Delivered,2026-10-01 11:15:42.934293,2026-10-04
ORD000784,SX00000784,16190,IL01,Out for Delivery,2026-10-01 11:16:34.779477,2026-10-02
ORD000785,SX00000785,15240,IL01,Delivered,2026-10-01 11:17:26.624662,2026-10-02
ORD000786,SX00000786,16493,TX01,Delivered,2026-10-01 11:18:18.469846,2026-10-04
ORD000787,SX00000787,12878,CA01,Delivered,2026-10-01 11:19:10.315031,2026-10-04
ORD000788,SX00000788,14143,NJ01,Delivered,2026-10-01 11:20:02.160216,2026-10-02
ORD000789,SX00000789,13644,IL01,Delivered,2026-10-01 11:20:54.005400,2026-10-03
ORD000790,SX00000790,14432,IL01,Delivered,2026-10-01 11:21:45.850585,2026-10-03
ORD000791,SX00000791,11276,IL01,Delivered,2026-10-01 11:22:37.695769,2026-10-02
ORD000792,SX00000792,15811,TX01,Delivered,2026-10-01 11:23:29.540954,2026-10-02
ORD000793,SX00000793,10302,TX01,Delivered,2026-10-01 11:24:21.386138,2026-10-04
ORD000794,SX00000794,10638,CA01,Delivered,2026-10-01 11:25:13.231323,2026-10-04
ORD000795,SX00000795,10055,IL01,Delivered,2026-10-01 11:26:05.076507,2026-10-02
ORD000796,SX00000796,18717,NJ01,Delivered,2026-10-01 11:26:56.921692,2026-10-02
ORD000797,SX00000797,18150,IL01,Delivered,2026-10-01 11:27:48.766876,2026-10-03
ORD000798,SX00000798,12125,IL01,Out for Delivery,2026-10-01 11:28:40.612061,2026-10-03
ORD000799,SX00000799,10364,TX01,Delivered,2026-10-01 11:29:32.457245,2026-10-03
ORD000800,SX00000800,16809,IL01,In Transit,2026-10-01 11:30:24.302430,2026-10-02
ORD000801,SX00000801,14621,NJ01,In Transit,2026-10-01 11:31:16.147614,2026-10-02
ORD000802,SX00000802,15126,TX01,In Transit,2026-10-01 11:32:07.992799,2026-10-03
ORD000803,SX00000803,15122,CA01,Delivered,2026-10-01 11:32:59.837983,2026-10-03
ORD000804,SX00000804,11646,TX01,Delivered,2026-10-01 11:33:51.683168,2026-10-04
ORD000805,SX00000805,10918,TX01,Delivered,2026-10-01 11:34:43.528352,2026-10-04
ORD000806,SX00000806,12797,NJ01,Delivered,2026-10-01 11:35:35.373537,2026-10-02
ORD000807,SX00000807,16506,IL01,Out for Delivery,2026-10-01 11:36:27.218721,2026-10-04
ORD000808,SX00000808,15870,NJ01,Delivered,2026-10-01 11:37:19.063906,2026-10-02
ORD000809,SX00000809,11531,NJ01,Exception,2026-10-01 11:38:10.909090,2026-10-02
ORD000810,SX00000810,18172,TX01,In Transit,2026-10-01 11:39:02.754275,2026-10-02
ORD000811,SX00000811,13345,NJ01,Delivered,2026-10-01 11:39:54.599459,2026-10-03
ORD000812,SX00000812,17673,IL01,Delivered,2026-10-01 11:40:46.444644,2026-10-04
ORD000813,SX00000813,16949,IL01,Delivered,2026-10-01 11:41:38.289828,2026-10-04
ORD000814,SX00000814,16882,IL01,Delivered,2026-10-01 11:42:30.135013,2026-10-04
ORD000815,SX00000815,11906,TX01,Delivered,2026-10-01 11:43:21.980198,2026-10-04
ORD000816,SX00000816,13086,NJ01,Out for Delivery,2026-10-01 11:44:13.825382,2026-10-03
ORD000817,SX00000817,18152,TX01,Delivered,2026-10-01 11:45:05.670567,2026-10-04
ORD000818,SX00000818,15750,IL01,Delivered,2026-10-01 11:45:57.515751,2026-10-04
ORD000819,SX00000819,18905,IL01,Delivered,2026-10-01 11:46:49.360936,2026-10-03
ORD000820,SX00000820,11062,TX01,Delivered,2026-10-01 11:47:41.206120,2026-10-04
ORD000821,SX00000821,11976,TX01,Delivered,2026-10-01 11:48:33.051305,2026-10-04
ORD000822,SX00000822,11296,NJ01,Delivered,2026-10-01 11:49:24.896489,2026-10-03
ORD000823,SX00000823,16229,NJ01,Delivered,2026-10-01 11:50:16.741674,2026-10-03
ORD000824,SX00000824,17641,IL01,Delivered,2026-10-01 11:51:08.586858,2026-10-03
ORD000825,SX00000825,10125,TX01,Delivered,2026-10-01 11:52:00.432043,2026-10-03
ORD000826,SX00000826,14632,TX01,Delivered,2026-10-01 11:52:52.277227,2026-10-02
ORD000827,SX00000827,16288,TX01,Exception,2026-10-01 11:53:44.122412,2026-10-03
ORD000828,SX00000828,13596,NJ01,Delivered,2026-10-01 11:54:35.967596,2026-10-04
ORD000829,SX00000829,16168,NJ01,Delivered,2026-10-01 11:55:27.812781,2026-10-04
ORD000830,SX00000830,19795,NJ01,Delivered,2026-10-01 11:56:19.657965,2026-10-04
ORD000831,SX00000831,17561,TX01,Delivered,2026-10-01 11:57:11.503150,2026-10-04
ORD000832,SX00000832,18258,NJ01,Out for Delivery,2026-10-01 11:58:03.348334,2026-10-02
ORD000833,SX00000833,10232,NJ01,In Transit,2026-10-01 11:58:55.193519,2026-10-02
ORD000834,SX00000834,19361,IL01,Delivered,2026-10-01 11:59:47.038703,2026-10-02
ORD000835,SX00000835,16371,CA01,In Transit,2026-10-01 12:00:38.883888,2026-10-04
ORD000836,SX00000836,14206,TX01,In Transit,2026-10-01 12:01:30.729072,2026-10-04
ORD000837,SX00000837,19685,IL01,Delivered,2026-10-01 12:02:22.574257,2026-10-03
ORD000838,SX00000838,17943,NJ01,In Transit,2026-10-01 12:03:14.419441,2026-10-03
ORD000839,SX00000839,16891,IL01,Delivered,2026-10-01 12:04:06.264626,2026-10-04
ORD000840,SX00000840,16738,IL01,Delivered,2026-10-01 12:04:58.109810,2026-10-03
ORD000841,SX00000841,12472,IL01,In Transit,2026-10-01 12:05:49.954995,2026-10-03
ORD000842,SX00000842,12739,TX01,Delivered,2026-10-01 12:06:41.800180,2026-10-04
ORD000843,SX00000843,15401,CA01,In Transit,2026-10-01 12:07:33.645364,2026-10-02
ORD000844,SX00000844,11761,NJ01,Delivered,2026-10-01 12:08:25.490549,2026-10-04
ORD000845,SX00000845,10876,NJ01,In Transit,2026-10-01 12:09:17.335733,2026-10-04
ORD000846,SX00000846,13812,NJ01,Delivered,2026-10-01 12:10:09.180918,2026-10-03
ORD000847,SX00000847,19504,IL01,Delivered,2026-10-01 12:11:01.026102,2026-10-03
ORD000848,SX00000848,11460,IL01,Delivered,2026-10-01 12:11:52.871287,2026-10-04
ORD000849,SX00000849,11733,TX01,Out for Delivery,2026-10-01 12:12:44.716471,2026-10-02
ORD000850,SX00000850,11605,CA01,Delivered,2026-10-01 12:13:36.561656,2026-10-04
ORD000851,SX00000851,15622,NJ01,Delivered,2026-10-01 12:14:28.406840,2026-10-02
ORD000852,SX00000852,16767,TX01,Delivered,2026-10-01 12:15:20.252025,2026-10-02
ORD000853,SX00000853,16986,CA01,Delivered,2026-10-01 12:16:12.097209,2026-10-04
ORD000854,SX00000854,13517,IL01,Exception,2026-10-01 12:17:03.942394,2026-10-04
ORD000855,SX00000855,13735,TX01,Delivered,2026-10-01 12:17:55.787578,2026-10-04
ORD000856,SX00000856,19352,NJ01,Delivered,2026-10-01 12:18:47.632763,2026-10-02
ORD000857,SX00000857,18434,NJ01,Delivered,2026-10-01 12:19:39.477947,2026-10-03
ORD000858,SX00000858,12590,IL01,Delivered,2026-10-01 12:20:31.323132,2026-10-02
ORD000859,SX00000859,11063,TX01,Delivered,2026-10-01 12:21:23.168316,2026-10-02
ORD000860,SX00000860,14324,TX01,In Transit,2026-10-01 12:22:15.013501,2026-10-02
ORD000861,SX00000861,19111,IL01,Out for Delivery,2026-10-01 12:23:06.858685,2026-10-03
ORD000862,SX00000862,15342,NJ01,Delivered,2026-10-01 12:23:58.703870,2026-10-02
ORD000863,SX00000863,10005,IL01,Delivered,2026-10-01 12:24:50.549054,2026-10-02
ORD000864,SX00000864,17489,CA01,Exception,2026-10-01 12:25:42.394239,2026-10-02
ORD000865,SX00000865,18659,NJ01,Delivered,2026-10-01 12:26:34.239423,2026-10-03
ORD000866,SX00000866,18195,TX01,Delivered,2026-10-01 12:27:26.084608,2026-10-02
ORD000867,SX00000867,15966,IL01,Delivered,2026-10-01 12:28:17.929792,2026-10-03
ORD000868,SX00000868,18837,IL01,Delivered,2026-10-01 12:29:09.774977,2026-10-03
ORD000869,SX00000869,10117,IL01,Delivered,2026-10-01 12:30:01.620162,2026-10-04
ORD000870,SX00000870,12551,IL01,Out for Delivery,2026-10-01 12:30:53.465346,2026-10-04
ORD000871,SX00000871,15560,IL01,Delivered,2026-10-01 12:31:45.310531,2026-10-04
ORD000872,SX00000872,14289,NJ01,In Transit,2026-10-01 12:32:37.155715,2026-10-03
ORD000873,SX00000873,10846,IL01,Delivered,2026-10-01 12:33:29.000900,2026-10-04
ORD000874,SX00000874,16316,NJ01,Delivered,2026-10-01 12:34:20.846084,2026-10-04
ORD000875,SX00000875,16469,IL01,Delivered,2026-10-01 12:35:12.691269,2026-10-04
ORD000876,SX00000876,19333,NJ01,In Transit,2026-10-01 12:36:04.536453,2026-10-03
ORD000877,SX00000877,18915,TX01,Delivered,2026-10-01 12:36:56.381638,2026-10-02
ORD000878,SX00000878,10224,NJ01,Delivered,2026-10-01 12:37:48.226822,2026-10-04
ORD000879,SX00000879,14208,CA01,Out for Delivery,2026-10-01 12:38:40.072007,2026-10-04
ORD000880,SX00000880,16283,IL01,In Transit,2026-10-01 12:39:31.917191,2026-10-04
ORD000881,SX00000881,12048,NJ01,Exception,2026-10-01 12:40:23.762376,2026-10-04
ORD000882,SX00000882,16233,NJ01,Delivered,2026-10-01 12:41:15.607560,2026-10-03
ORD000883,SX00000883,19765,NJ01,In Transit,2026-10-01 12:42:07.452745,2026-10-02
ORD000884,SX00000884,11828,TX01,Delivered,2026-10-01 12:42:59.297929,2026-10-02
ORD000885,SX00000885,11917,NJ01,Exception,2026-10-01 12:43:51.143114,2026-10-04
ORD000886,SX00000886,14234,NJ01,Out for Delivery,2026-10-01 12:44:42.988298,2026-10-02
ORD000887,SX00000887,16988,NJ01,Exception,2026-10-01 12:45:34.833483,2026-10-04
ORD000888,SX00000888,12026,CA01,Out for Delivery,2026-10-01 12:46:26.678667,2026-10-04
ORD000889,SX00000889,13744,CA01,Delivered,2026-10-01 12:47:18.523852,2026-10-02
ORD000890,SX00000890,19093,IL01,In Transit,2026-10-01 12:48:10.369036,2026-10-02
ORD000891,SX00000891,10009,IL01,Delivered,2026-10-01 12:49:02.214221,2026-10-03
ORD000892,SX00000892,10260,TX01,In Transit,2026-10-01 12:49:54.059405,2026-10-04
ORD000893,SX00000893,16038,CA01,Exception,2026-10-01 12:50:45.904590,2026-10-02
ORD000894,SX00000894,19865,IL01,Delivered,2026-10-01 12:51:37.749774,2026-10-03
ORD000895,SX00000895,12219,IL01,Delivered,2026-10-01 12:52:29.594959,2026-10-02
ORD000896,SX00000896,17041,CA01,In Transit,2026-10-01 12:53:21.440144,2026-10-02
ORD000897,SX00000897,12060,TX01,Delivered,2026-10-01 12:54:13.285328,2026-10-04
ORD000898,SX00000898,15287,IL01,Delivered,2026-10-01 12:55:05.130513,2026-10-03
ORD000899,SX00000899,11619,NJ01,Delivered,2026-10-01 12:55:56.975697,2026-10-04
ORD000900,SX00000900,18512,CA01,Delivered,2026-10-01 12:56:48.820882,2026-10-02
ORD000901,SX00000901,11342,TX01,Delivered,2026-10-01 12:57:40.666066,2026-10-03
ORD000902,SX00000902,12832,TX01,Delivered,2026-10-01 12:58:32.511251,2026-10-04
ORD000903,SX00000903,12824,TX01,Delivered,2026-10-01 12:59:24.356435,2026-10-03
ORD000904,SX00000904,11994,IL01,Exception,2026-10-01 13:00:16.201620,2026-10-02
ORD000905,SX00000905,13490,TX01,Delivered,2026-10-01 13:01:08.046804,2026-10-03
ORD000906,SX00000906,19310,IL01,Delivered,2026-10-01 13:01:59.891989,2026-10-02
ORD000907,SX00000907,17984,CA01,Delivered,2026-10-01 13:02:51.737173,2026-10-04
ORD000908,SX00000908,11604,IL01,Delivered,2026-10-01 13:03:43.582358,2026-10-02
ORD000909,SX00000909,10235,CA01,Delivered,2026-10-01 13:04:35.427542,2026-10-02
ORD000910,SX00000910,11908,IL01,In Transit,2026-10-01 13:05:27.272727,2026-10-03
ORD000911,SX00000911,18567,NJ01,Delivered,2026-10-01 13:06:19.117911,2026-10-03
ORD000912,SX00000912,13530,IL01,Delivered,2026-10-01 13:07:10.963096,2026-10-04
ORD000913,SX00000913,15256,TX01,Out for Delivery,2026-10-01 13:08:02.808280,2026-10-03
ORD000914,SX00000914,12635,TX01,Delivered,2026-10-01 13:08:54.653465,2026-10-04
ORD000915,SX00000915,18162,TX01,Delivered,2026-10-01 13:09:46.498649,2026-10-02
ORD000916,SX00000916,19762,NJ01,Out for Delivery,2026-10-01 13:10:38.343834,2026-10-02
ORD000917,SX00000917,12560,IL01,Delivered,2026-10-01 13:11:30.189018,2026-10-03
ORD000918,SX00000918,15415,CA01,In Transit,2026-10-01 13:12:22.034203,2026-10-02
ORD000919,SX00000919,13391,TX01,Delivered,2026-10-01 13:13:13.879387,2026-10-02
ORD000920,SX00000920,15951,TX01,Delivered,2026-10-01 13:14:05.724572,2026-10-04
ORD000921,SX00000921,15468,TX01,Exception,2026-10-01 13:14:57.569756,2026-10-03
ORD000922,SX00000922,18007,TX01,Delivered,2026-10-01 13:15:49.414941,2026-10-04
ORD000923,SX00000923,19064,NJ01,Delivered,2026-10-01 13:16:41.260126,2026-10-02
ORD000924,SX00000924,19444,TX01,Out for Delivery,2026-10-01 13:17:33.105310,2026-10-02
ORD000925,SX00000925,16413,NJ01,Delivered,2026-10-01 13:18:24.950495,2026-10-02
ORD000926,SX00000926,16941,CA01,In Transit,2026-10-01 13:19:16.795679,2026-10-03
ORD000927,SX00000927,19506,TX01,In Transit,2026-10-01 13:20:08.640864,2026-10-02
ORD000928,SX00000928,14820,IL01,Delivered,2026-10-01 13:21:00.486048,2026-10-02
ORD000929,SX00000929,12898,IL01,Delivered,2026-10-01 13:21:52.331233,2026-10-04
ORD000930,SX00000930,17546,IL01,Delivered,2026-10-01 13:22:44.176417,2026-10-03
ORD000931,SX00000931,10077,IL01,Out for Delivery,2026-10-01 13:23:36.021602,2026-10-02
ORD000932,SX00000932,17577,NJ01,Delivered,2026-10-01 13:24:27.866786,2026-10-04
ORD000933,SX00000933,14227,CA01,Delivered,2026-10-01 13:25:19.711971,2026-10-02
ORD000934,SX00000934,10600,IL01,Delivered,2026-10-01 13:26:11.557155,2026-10-04
ORD000935,SX00000935,11065,NJ01,Delivered,2026-10-01 13:27:03.402340,2026-10-02
ORD000936,SX00000936,12136,CA01,Delivered,2026-10-01 13:27:55.247524,2026-10-03
ORD000937,SX00000937,19510,TX01,Out for Delivery,2026-10-01 13:28:47.092709,2026-10-03
ORD000938,SX00000938,16943,NJ01,Delivered,2026-10-01 13:29:38.937893,2026-10-04
ORD000939,SX00000939,17804,TX01,Delivered,2026-10-01 13:30:30.783078,2026-10-02
ORD000940,SX00000940,16565,NJ01,In Transit,2026-10-01 13:31:22.628262,2026-10-03
ORD000941,SX00000941,15984,IL01,Delivered,2026-10-01 13:32:14.473447,2026-10-02
ORD000942,SX00000942,15142,IL01,Out for Delivery,2026-10-01 13:33:06.318631,2026-10-03
ORD000943,SX00000943,14670,IL01,Delivered,2026-10-01 13:33:58.163816,2026-10-04
ORD000944,SX00000944,12190,IL01,Delivered,2026-10-01 13:34:50.009000,2026-10-03
ORD000945,SX00000945,19184,CA01,Exception,2026-10-01 13:35:41.854185,2026-10-02
ORD000946,SX00000946,12712,TX01,Delivered,2026-10-01 13:36:33.699369,2026-10-02
ORD000947,SX00000947,12192,NJ01,Delivered,2026-10-01 13:37:25.544554,2026-10-02
ORD000948,SX00000948,11248,NJ01,Delivered,2026-10-01 13:38:17.389738,2026-10-04
ORD000949,SX00000949,14033,IL01,Exception,2026-10-01 13:39:09.234923,2026-10-04
ORD000950,SX00000950,11997,TX01,In Transit,2026-10-01 13:40:01.080108,2026-10-02
ORD000951,SX00000951,13687,TX01,Delivered,2026-10-01 13:40:52.925292,2026-10-02
ORD000952,SX00000952,14018,IL01,In Transit,2026-10-01 13:41:44.770477,2026-10-03
ORD000953,SX00000953,11970,IL01,Delivered,2026-10-01 13:42:36.615661,2026-10-03
ORD000954,SX00000954,18389,NJ01,Delivered,2026-10-01 13:43:28.460846,2026-10-03
ORD000955,SX00000955,15765,NJ01,In Transit,2026-10-01 13:44:20.306030,2026-10-02
ORD000956,SX00000956,11202,NJ01,In Transit,2026-10-01 13:45:12.151215,2026-10-03
ORD000957,SX00000957,18135,NJ01,Delivered,2026-10-01 13:46:03.996399,2026-10-02
ORD000958,SX00000958,15567,NJ01,Delivered,2026-10-01 13:46:55.841584,2026-10-04
ORD000959,SX00000959,17667,IL01,Delivered,2026-10-01 13:47:47.686768,2026-10-03
ORD000960,SX00000960,15742,IL01,In Transit,2026-10-01 13:48:39.531953,2026-10-02
ORD000961,SX00000961,15788,NJ01,In Transit,2026-10-01 13:49:31.377137,2026-10-02
ORD000962,SX00000962,15408,CA01,Delivered,2026-10-01 13:50:23.222322,2026-10-04
ORD000963,SX00000963,18669,CA01,In Transit,2026-10-01 13:51:15.067506,2026-10-04
ORD000964,SX00000964,19446,CA01,In Transit,2026-10-01 13:52:06.912691,2026-10-04
ORD000965,SX00000965,10922,TX01,Out for Delivery,2026-10-01 13:52:58.757875,2026-10-04
ORD000966,SX00000966,10419,NJ01,Delivered,2026-10-01 13:53:50.603060,2026-10-03
ORD000967,SX00000967,12204,TX01,Delivered,2026-10-01 13:54:42.448244,2026-10-04
ORD000968,SX00000968,11120,CA01,Delivered,2026-10-01 13:55:34.293429,2026-10-02
ORD000969,SX00000969,10950,IL01,Delivered,2026-10-01 13:56:26.138613,2026-10-02
ORD000970,SX00000970,12336,NJ01,In Transit,2026-10-01 13:57:17.983798,2026-10-02
ORD000971,SX00000971,15373,TX01,Out for Delivery,2026-10-01 13:58:09.828982,2026-10-02
ORD000972,SX00000972,12243,TX01,Delivered,2026-10-01 13:59:01.674167,2026-10-02
ORD000973,SX00000973,12645,IL01,Out for Delivery,2026-10-01 13:59:53.519351,2026-10-04
ORD000974,SX00000974,14612,NJ01,Delivered,2026-10-01 14:00:45.364536,2026-10-02
ORD000975,SX00000975,11865,TX01,Delivered,2026-10-01 14:01:37.209720,2026-10-04
ORD000976,SX00000976,16028,NJ01,Delivered,2026-10-01 14:02:29.054905,2026-10-04
ORD000977,SX00000977,17326,TX01,Delivered,2026-10-01 14:03:20.900090,2026-10-04
ORD000978,SX00000978,16371,IL01,Delivered,2026-10-01 14:04:12.745274,2026-10-04
ORD000979,SX00000979,16359,CA01,Delivered,2026-10-01 14:05:04.590459,2026-10-03
ORD000980,SX00000980,17863,NJ01,Out for Delivery,2026-10-01 14:05:56.435643,2026-10-03
ORD000981,SX00000981,13228,NJ01,Delivered,2026-10-01 14:06:48.280828,2026-10-03
ORD000982,SX00000982,13719,IL01,Delivered,2026-10-01 14:07:40.126012,2026-10-03
ORD000983,SX00000983,12371,IL01,Delivered,2026-10-01 14:08:31.971197,2026-10-03
ORD000984,SX00000984,12891,NJ01,Exception,2026-10-01 14:09:23.816381,2026-10-02
ORD000985,SX00000985,13756,NJ01,Delivered,2026-10-01 14:10:15.661566,2026-10-03
ORD000986,SX00000986,14225,NJ01,Out for Delivery,2026-10-01 14:11:07.506750,2026-10-02
ORD000987,SX00000987,10094,IL01,Delivered,2026-10-01 14:11:59.351935,2026-10-02
ORD000988,SX00000988,12674,TX01,Delivered,2026-10-01 14:12:51.197119,2026-10-04
ORD000989,SX00000989,16898,TX01,In Transit,2026-10-01 14:13:43.042304,2026-10-04
ORD000990,SX00000990,10793,IL01,Delivered,2026-10-01 14:14:34.887488,2026-10-04
ORD000991,SX00000991,12116,NJ01,Delivered,2026-10-01 14:15:26.732673,2026-10-03
ORD000992,SX00000992,15779,TX01,Delivered,2026-10-01 14:16:18.577857,2026-10-02
ORD000993,SX00000993,16166,NJ01,Delivered,2026-10-01 14:17:10.423042,2026-10-03
ORD000994,SX00000994,10814,IL01,In Transit,2026-10-01 14:18:02.268226,2026-10-04
ORD000995,SX00000995,10345,TX01,Delivered,2026-10-01 14:18:54.113411,2026-10-04
ORD000996,SX00000996,18554,IL01,Delivered,2026-10-01 14:19:45.958595,2026-10-02
ORD000997,SX00000997,12443,IL01,Delivered,2026-10-01 14:20:37.803780,2026-10-02
ORD000998,SX00000998,17783,IL01,Delivered,2026-10-01 14:21:29.648964,2026-10-04
ORD000999,SX00000999,10984,NJ01,Delivered,2026-10-01 14:22:21.494149,2026-10-03
ORD001000,SX00001000,17790,IL01,Delivered,2026-10-01 14:23:13.339333,2026-10-03
ORD001001,SX00001001,19831,CA01,Delivered,2026-10-01 14:24:05.184518,2026-10-02
ORD001002,SX00001002,10827,IL01,Delivered,2026-10-01 14:24:57.029702,2026-10-04
ORD001003,SX00001003,13531,IL01,Delivered,2026-10-01 14:25:48.874887,2026-10-03
ORD001004,SX00001004,17147,NJ01,Delivered,2026-10-01 14:26:40.720072,2026-10-02
ORD001005,SX00001005,14451,IL01,Delivered,2026-10-01 14:27:32.565256,2026-10-02
ORD001006,SX00001006,13876,NJ01,In Transit,2026-10-01 14:28:24.410441,2026-10-02
ORD001007,SX00001007,15959,IL01,Delivered,2026-10-01 14:29:16.255625,2026-10-03
ORD001008,SX00001008,10126,IL01,Out for Delivery,2026-10-01 14:30:08.100810,2026-10-02
ORD001009,SX00001009,13177,IL01,Delivered,2026-10-01 14:30:59.945994,2026-10-03
ORD001010,SX00001010,18795,NJ01,In Transit,2026-10-01 14:31:51.791179,2026-10-02
ORD001011,SX00001011,16024,IL01,Delivered,2026-10-01 14:32:43.636363,2026-10-03
ORD001012,SX00001012,15109,TX01,Delivered,2026-10-01 14:33:35.481548,2026-10-04
ORD001013,SX00001013,14146,NJ01,In Transit,2026-10-01 14:34:27.326732,2026-10-03
ORD001014,SX00001014,17196,NJ01,In Transit,2026-10-01 14:35:19.171917,2026-10-04
ORD001015,SX00001015,13368,NJ01,Delivered,2026-10-01 14:36:11.017101,2026-10-02
ORD001016,SX00001016,13797,NJ01,Delivered,2026-10-01 14:37:02.862286,2026-10-03
ORD001017,SX00001017,11792,CA01,Delivered,2026-10-01 14:37:54.707470,2026-10-02
ORD001018,SX00001018,15732,IL01,Delivered,2026-10-01 14:38:46.552655,2026-10-04
ORD001019,SX00001019,13476,IL01,Delivered,2026-10-01 14:39:38.397839,2026-10-02
ORD001020,SX00001020,13417,IL01,Out for Delivery,2026-10-01 14:40:30.243024,2026-10-02
ORD001021,SX00001021,11645,IL01,Delivered,2026-10-01 14:41:22.088208,2026-10-02
ORD001022,SX00001022,19397,IL01,Delivered,2026-10-01 14:42:13.933393,2026-10-04
ORD001023,SX00001023,13030,TX01,Delivered,2026-10-01 14:43:05.778577,2026-10-04
ORD001024,SX00001024,12872,NJ01,In Transit,2026-10-01 14:43:57.623762,2026-10-03
ORD001025,SX00001025,13072,CA01,In Transit,2026-10-01 14:44:49.468946,2026-10-03
ORD001026,SX00001026,11854,IL01,Delivered,2026-10-01 14:45:41.314131,2026-10-03
ORD001027,SX00001027,14021,IL01,Delivered,2026-10-01 14:46:33.159315,2026-10-03
ORD001028,SX00001028,14662,CA01,Delivered,2026-10-01 14:47:25.004500,2026-10-02
ORD001029,SX00001029,16514,TX01,Delivered,2026-10-01 14:48:16.849684,2026-10-04
ORD001030,SX00001030,15031,NJ01,Delivered,2026-10-01 14:49:08.694869,2026-10-04
ORD001031,SX00001031,12708,NJ01,In Transit,2026-10-01 14:50:00.540054,2026-10-02
ORD001032,SX00001032,17112,TX01,In Transit,2026-10-01 14:50:52.385238,2026-10-03
ORD001033,SX00001033,19524,NJ01,Delivered,2026-10-01 14:51:44.230423,2026-10-04
ORD001034,SX00001034,18393,IL01,Delivered,2026-10-01 14:52:36.075607,2026-10-02
ORD001035,SX00001035,13507,TX01,Delivered,2026-10-01 14:53:27.920792,2026-10-02
ORD001036,SX00001036,16456,NJ01,Delivered,2026-10-01 14:54:19.765976,2026-10-03
ORD001037,SX00001037,14212,IL01,Out for Delivery,2026-10-01 14:55:11.611161,2026-10-03
ORD001038,SX00001038,17970,NJ01,Delivered,2026-10-01 14:56:03.456345,2026-10-04
ORD001039,SX00001039,18766,NJ01,Delivered,2026-10-01 14:56:55.301530,2026-10-04
ORD001040,SX00001040,10536,CA01,In Transit,2026-10-01 14:57:47.146714,2026-10-03
ORD001041,SX00001041,11625,IL01,Delivered,2026-10-01 14:58:38.991899,2026-10-04
ORD001042,SX00001042,17973,CA01,In Transit,2026-10-01 14:59:30.837083,2026-10-03
ORD001043,SX00001043,18577,NJ01,In Transit,2026-10-01 15:00:22.682268,2026-10-02
ORD001044,SX00001044,18070,NJ01,In Transit,2026-10-01 15:01:14.527452,2026-10-02
ORD001045,SX00001045,18666,IL01,Delivered,2026-10-01 15:02:06.372637,2026-10-02
ORD001046,SX00001046,18609,TX01,Delivered,2026-10-01 15:02:58.217821,2026-10-04
ORD001047,SX00001047,16490,CA01,Delivered,2026-10-01 15:03:50.063006,2026-10-03
ORD001048,SX00001048,13600,IL01,Delivered,2026-10-01 15:04:41.908190,2026-10-02
ORD001049,SX00001049,16783,IL01,In Transit,2026-10-01 15:05:33.753375,2026-10-02
ORD001050,SX00001050,19146,NJ01,Delivered,2026-10-01 15:06:25.598559,2026-10-04
ORD001051,SX00001051,14971,TX01,Delivered,2026-10-01 15:07:17.443744,2026-10-04
ORD001052,SX00001052,11205,IL01,Delivered,2026-10-01 15:08:09.288928,2026-10-02
ORD001053,SX00001053,11990,NJ01,In Transit,2026-10-01 15:09:01.134113,2026-10-04
ORD001054,SX00001054,15299,NJ01,Delivered,2026-10-01 15:09:52.979297,2026-10-04
ORD001055,SX00001055,13572,IL01,Delivered,2026-10-01 15:10:44.824482,2026-10-04
ORD001056,SX00001056,15975,NJ01,Delivered,2026-10-01 15:11:36.669666,2026-10-04
ORD001057,SX00001057,16320,IL01,Out for Delivery,2026-10-01 15:12:28.514851,2026-10-03
ORD001058,SX00001058,14380,TX01,Delivered,2026-10-01 15:13:20.360036,2026-10-04
ORD001059,SX00001059,14757,NJ01,Delivered,2026-10-01 15:14:12.205220,2026-10-04
ORD001060,SX00001060,12713,NJ01,Delivered,2026-10-01 15:15:04.050405,2026-10-03
ORD001061,SX00001061,15588,IL01,Delivered,2026-10-01 15:15:55.895589,2026-10-04
ORD001062,SX00001062,10966,IL01,In Transit,2026-10-01 15:16:47.740774,2026-10-04
ORD001063,SX00001063,14944,TX01,In Transit,2026-10-01 15:17:39.585958,2026-10-02
ORD001064,SX00001064,13432,NJ01,Delivered,2026-10-01 15:18:31.431143,2026-10-02
ORD001065,SX00001065,10688,NJ01,Delivered,2026-10-01 15:19:23.276327,2026-10-02
ORD001066,SX00001066,14243,NJ01,Delivered,2026-10-01 15:20:15.121512,2026-10-03
ORD001067,SX00001067,13701,NJ01,Out for Delivery,2026-10-01 15:21:06.966696,2026-10-04
ORD001068,SX00001068,18533,IL01,Delivered,2026-10-01 15:21:58.811881,2026-10-03
ORD001069,SX00001069,15182,IL01,In Transit,2026-10-01 15:22:50.657065,2026-10-03
ORD001070,SX00001070,19916,IL01,In Transit,2026-10-01 15:23:42.502250,2026-10-04
ORD001071,SX00001071,16704,TX01,In Transit,2026-10-01 15:24:34.347434,2026-10-04
ORD001072,SX00001072,14422,IL01,Out for Delivery,2026-10-01 15:25:26.192619,2026-10-02
ORD001073,SX00001073,19984,IL01,Delivered,2026-10-01 15:26:18.037803,2026-10-04
ORD001074,SX00001074,11759,TX01,Exception,2026-10-01 15:27:09.882988,2026-10-03
ORD001075,SX00001075,19181,IL01,In Transit,2026-10-01 15:28:01.728172,2026-10-02
ORD001076,SX00001076,12482,NJ01,Delivered,2026-10-01 15:28:53.573357,2026-10-03
ORD001077,SX00001077,18058,IL01,In Transit,2026-10-01 15:29:45.418541,2026-10-04
ORD001078,SX00001078,10951,IL01,In Transit,2026-10-01 15:30:37.263726,2026-10-02
ORD001079,SX00001079,18914,NJ01,In Transit,2026-10-01 15:31:29.108910,2026-10-04
ORD001080,SX00001080,12079,IL01,Delivered,2026-10-01 15:32:20.954095,2026-10-02
ORD001081,SX00001081,12717,TX01,Delivered,2026-10-01 15:33:12.799279,2026-10-02
ORD001082,SX00001082,14524,NJ01,Delivered,2026-10-01 15:34:04.644464,2026-10-02
ORD001083,SX00001083,19692,IL01,In Transit,2026-10-01 15:34:56.489648,2026-10-04
ORD001084,SX00001084,18477,IL01,Out for Delivery,2026-10-01 15:35:48.334833,2026-10-02
ORD001085,SX00001085,17311,NJ01,Delivered,2026-10-01 15:36:40.180018,2026-10-02
ORD001086,SX00001086,17186,IL01,Delivered,2026-10-01 15:37:32.025202,2026-10-04
ORD001087,SX00001087,12065,IL01,In Transit,2026-10-01 15:38:23.870387,2026-10-03
ORD001088,SX00001088,10768,NJ01,Delivered,2026-10-01 15:39:15.715571,2026-10-04
ORD001089,SX00001089,15490,TX01,Delivered,2026-10-01 15:40:07.560756,2026-10-04
ORD001090,SX00001090,16645,NJ01,In Transit,2026-10-01 15:40:59.405940,2026-10-02
ORD001091,SX00001091,15083,TX01,Delivered,2026-10-01 15:41:51.251125,2026-10-04
ORD001092,SX00001092,15232,CA01,Delivered,2026-10-01 15:42:43.096309,2026-10-04
ORD001093,SX00001093,15797,IL01,In Transit,2026-10-01 15:43:34.941494,2026-10-04
ORD001094,SX00001094,19138,TX01,Delivered,2026-10-01 15:44:26.786678,2026-10-02
ORD001095,SX00001095,14926,TX01,Out for Delivery,2026-10-01 15:45:18.631863,2026-10-04
ORD001096,SX00001096,16016,IL01,Delivered,2026-10-01 15:46:10.477047,2026-10-02
ORD001097,SX00001097,13335,CA01,Delivered,2026-10-01 15:47:02.322232,2026-10-04
ORD001098,SX00001098,18038,IL01,Delivered,2026-10-01 15:47:54.167416,2026-10-02
ORD001099,SX00001099,14873,IL01,Delivered,2026-10-01 15:48:46.012601,2026-10-02
ORD001100,SX00001100,11481,TX01,Delivered,2026-10-01 15:49:37.857785,2026-10-04
ORD001101,SX00001101,16305,NJ01,Delivered,2026-10-01 15:50:29.702970,2026-10-03
ORD001102,SX00001102,13451,IL01,Delivered,2026-10-01 15:51:21.548154,2026-10-04
ORD001103,SX00001103,10054,IL01,Delivered,2026-10-01 15:52:13.393339,2026-10-03
ORD001104,SX00001104,17643,TX01,Delivered,2026-10-01 15:53:05.238523,2026-10-02
ORD001105,SX00001105,13462,TX01,Delivered,2026-10-01 15:53:57.083708,2026-10-03
ORD001106,SX00001106,10832,NJ01,Delivered,2026-10-01 15:54:48.928892,2026-10-03
ORD001107,SX00001107,15954,CA01,Delivered,2026-10-01 15:55:40.774077,2026-10-02
ORD001108,SX00001108,18519,IL01,Delivered,2026-10-01 15:56:32.619261,2026-10-03
ORD001109,SX00001109,17221,IL01,Delivered,2026-10-01 15:57:24.464446,2026-10-04
ORD001110,SX00001110,13310,TX01,Exception,2026-10-01 15:58:16.309630,2026-10-03
ORD001111,SX00001111,13300,TX01,Delivered,2026-10-01 15:59:08.154815,2026-10-02
ORD001112,SX00001112,16722,IL01,Delivered,2026-10-01 16:00:00.000000,2026-10-03
ORD001113,SX00001113,17218,IL01,In Transit,2026-10-01 16:00:51.845184,2026-10-02
ORD001114,SX00001114,17776,TX01,Delivered,2026-10-01 16:01:43.690369,2026-10-02
ORD001115,SX00001115,13675,CA01,Delivered,2026-10-01 16:02:35.535553,2026-10-04
ORD001116,SX00001116,13054,NJ01,Delivered,2026-10-01 16:03:27.380738,2026-10-02
ORD001117,SX00001117,17970,IL01,Delivered,2026-10-01 16:04:19.225922,2026-10-03
ORD001118,SX00001118,12143,CA01,Delivered,2026-10-01 16:05:11.071107,2026-10-04
ORD001119,SX00001119,15207,CA01,Delivered,2026-10-01 16:06:02.916291,2026-10-04
ORD001120,SX00001120,19503,NJ01,Out for Delivery,2026-10-01 16:06:54.761476,2026-10-03
ORD001121,SX00001121,12538,TX01,Delivered,2026-10-01 16:07:46.606660,2026-10-03
ORD001122,SX00001122,14547,TX01,Delivered,2026-10-01 16:08:38.451845,2026-10-04
ORD001123,SX00001123,15619,CA01,Delivered,2026-10-01 16:09:30.297029,2026-10-02
ORD001124,SX00001124,18356,TX01,Delivered,2026-10-01 16:10:22.142214,2026-10-04
ORD001125,SX00001125,16612,NJ01,Delivered,2026-10-01 16:11:13.987398,2026-10-04
ORD001126,SX00001126,15005,NJ01,In Transit,2026-10-01 16:12:05.832583,2026-10-04
ORD001127,SX00001127,10822,NJ01,Out for Delivery,2026-10-01 16:12:57.677767,2026-10-02
ORD001128,SX00001128,10943,NJ01,In Transit,2026-10-01 16:13:49.522952,2026-10-03
ORD001129,SX00001129,16150,TX01,Delivered,2026-10-01 16:14:41.368136,2026-10-03
ORD001130,SX00001130,14425,CA01,Exception,2026-10-01 16:15:33.213321,2026-10-03
ORD001131,SX00001131,18966,NJ01,Delivered,2026-10-01 16:16:25.058505,2026-10-02
ORD001132,SX00001132,12198,NJ01,Delivered,2026-10-01 16:17:16.903690,2026-10-02
ORD001133,SX00001133,14242,NJ01,Delivered,2026-10-01 16:18:08.748874,2026-10-03
ORD001134,SX00001134,13695,TX01,In Transit,2026-10-01 16:19:00.594059,2026-10-03
ORD001135,SX00001135,13452,NJ01,Delivered,2026-10-01 16:19:52.439243,2026-10-03
ORD001136,SX00001136,19106,IL01,Delivered,2026-10-01 16:20:44.284428,2026-10-03
ORD001137,SX00001137,11308,NJ01,In Transit,2026-10-01 16:21:36.129612,2026-10-02
ORD001138,SX00001138,14177,IL01,Delivered,2026-10-01 16:22:27.974797,2026-10-03
ORD001139,SX00001139,18705,IL01,Delivered,2026-10-01 16:23:19.819981,2026-10-04
ORD001140,SX00001140,16852,TX01,Delivered,2026-10-01 16:24:11.665166,2026-10-03
ORD001141,SX00001141,16035,IL01,Delivered,2026-10-01 16:25:03.510351,2026-10-02
ORD001142,SX00001142,13594,IL01,Delivered,2026-10-01 16:25:55.355535,2026-10-04
ORD001143,SX00001143,14841,IL01,Delivered,2026-10-01 16:26:47.200720,2026-10-04
ORD001144,SX00001144,11409,IL01,Delivered,2026-10-01 16:27:39.045904,2026-10-04
ORD001145,SX00001145,14566,TX01,In Transit,2026-10-01 16:28:30.891089,2026-10-02
ORD001146,SX00001146,14491,NJ01,Exception,2026-10-01 16:29:22.736273,2026-10-03
ORD001147,SX00001147,11555,CA01,Out for Delivery,2026-10-01 16:30:14.581458,2026-10-02
ORD001148,SX00001148,10804,IL01,Delivered,2026-10-01 16:31:06.426642,2026-10-02
ORD001149,SX00001149,11279,IL01,Delivered,2026-10-01 16:31:58.271827,2026-10-04
ORD001150,SX00001150,17083,IL01,Delivered,2026-10-01 16:32:50.117011,2026-10-04
ORD001151,SX00001151,15986,TX01,In Transit,2026-10-01 16:33:41.962196,2026-10-02
ORD001152,SX00001152,15619,NJ01,Exception,2026-10-01 16:34:33.807380,2026-10-04
ORD001153,SX00001153,11387,CA01,In Transit,2026-10-01 16:35:25.652565,2026-10-02
ORD001154,SX00001154,12679,NJ01,Delivered,2026-10-01 16:36:17.497749,2026-10-04
ORD001155,SX00001155,12106,NJ01,Delivered,2026-10-01 16:37:09.342934,2026-10-03
ORD001156,SX00001156,18173,TX01,In Transit,2026-10-01 16:38:01.188118,2026-10-03
ORD001157,SX00001157,14223,CA01,Delivered,2026-10-01 16:38:53.033303,2026-10-03
ORD001158,SX00001158,14831,IL01,Delivered,2026-10-01 16:39:44.878487,2026-10-04
ORD001159,SX00001159,12768,IL01,In Transit,2026-10-01 16:40:36.723672,2026-10-04
ORD001160,SX00001160,13186,NJ01,Delivered,2026-10-01 16:41:28.568856,2026-10-03
ORD001161,SX00001161,12573,NJ01,Delivered,2026-10-01 16:42:20.414041,2026-10-02
ORD001162,SX00001162,12599,CA01,Delivered,2026-10-01 16:43:12.259225,2026-10-02
ORD001163,SX00001163,14033,NJ01,Delivered,2026-10-01 16:44:04.104410,2026-10-03
ORD001164,SX00001164,18428,IL01,Delivered,2026-10-01 16:44:55.949594,2026-10-04
ORD001165,SX00001165,11304,CA01,Delivered,2026-10-01 16:45:47.794779,2026-10-02
ORD001166,SX00001166,17368,TX01,In Transit,2026-10-01 16:46:39.639963,2026-10-02
ORD001167,SX00001167,15877,IL01,Delivered,2026-10-01 16:47:31.485148,2026-10-02
ORD001168,SX00001168,11301,CA01,Delivered,2026-10-01 16:48:23.330333,2026-10-04
ORD001169,SX00001169,12541,IL01,Delivered,2026-10-01 16:49:15.175517,2026-10-02
ORD001170,SX00001170,12051,IL01,Delivered,2026-10-01 16:50:07.020702,2026-10-02
ORD001171,SX00001171,16809,CA01,Delivered,2026-10-01 16:50:58.865886,2026-10-03
ORD001172,SX00001172,18633,NJ01,In Transit,2026-10-01 16:51:50.711071,2026-10-04
ORD001173,SX00001173,18996,IL01,Delivered,2026-10-01 16:52:42.556255,2026-10-03
ORD001174,SX00001174,10074,IL01,Delivered,2026-10-01 16:53:34.401440,2026-10-02
ORD001175,SX00001175,16981,TX01,In Transit,2026-10-01 16:54:26.246624,2026-10-04
ORD001176,SX00001176,15475,IL01,Delivered,2026-10-01 16:55:18.091809,2026-10-04
ORD001177,SX00001177,18232,NJ01,Delivered,2026-10-01 16:56:09.936993,2026-10-03
ORD001178,SX00001178,17184,TX01,Delivered,2026-10-01 16:57:01.782178,2026-10-03
ORD001179,SX00001179,15796,IL01,Delivered,2026-10-01 16:57:53.627362,2026-10-04
ORD001180,SX00001180,17141,TX01,Delivered,2026-10-01 16:58:45.472547,2026-10-04
ORD001181,SX00001181,11622,CA01,Delivered,2026-10-01 16:59:37.317731,2026-10-03
ORD001182,SX00001182,18041,NJ01,Delivered,2026-10-01 17:00:29.162916,2026-10-02
ORD001183,SX00001183,10341,IL01,Out for Delivery,2026-10-01 17:01:21.008100,2026-10-04
ORD001184,SX00001184,12074,IL01,Delivered,2026-10-01 17:02:12.853285,2026-10-02
ORD001185,SX00001185,17992,NJ01,Delivered,2026-10-01 17:03:04.698469,2026-10-03
ORD001186,SX00001186,10645,CA01,Delivered,2026-10-01 17:03:56.543654,2026-10-04
ORD001187,SX00001187,14263,IL01,Delivered,2026-10-01 17:04:48.388838,2026-10-03
ORD001188,SX00001188,18801,IL01,Delivered,2026-10-01 17:05:40.234023,2026-10-04
ORD001189,SX00001189,16136,NJ01,Delivered,2026-10-01 17:06:32.079207,2026-10-04
ORD001190,SX00001190,18646,NJ01,Out for Delivery,2026-10-01 17:07:23.924392,2026-10-03
ORD001191,SX00001191,19900,IL01,In Transit,2026-10-01 17:08:15.769576,2026-10-03
ORD001192,SX00001192,12969,TX01,Delivered,2026-10-01 17:09:07.614761,2026-10-02
ORD001193,SX00001193,13028,IL01,In Transit,2026-10-01 17:09:59.459945,2026-10-03
ORD001194,SX00001194,17643,TX01,Delivered,2026-10-01 17:10:51.305130,2026-10-03
ORD001195,SX00001195,12681,NJ01,Delivered,2026-10-01 17:11:43.150315,2026-10-02
ORD001196,SX00001196,13629,NJ01,Out for Delivery,2026-10-01 17:12:34.995499,2026-10-03
ORD001197,SX00001197,14225,IL01,Out for Delivery,2026-10-01 17:13:26.840684,2026-10-02
ORD001198,SX00001198,13067,TX01,Delivered,2026-10-01 17:14:18.685868,2026-10-02
ORD001199,SX00001199,15941,IL01,Delivered,2026-10-01 17:15:10.531053,2026-10-03
ORD001200,SX00001200,11386,IL01,Delivered,2026-10-01 17:16:02.376237,2026-10-02
ORD001201,SX00001201,12866,NJ01,Delivered,2026-10-01 17:16:54.221422,2026-10-02
ORD001202,SX00001202,14788,TX01,In Transit,2026-10-01 17:17:46.066606,2026-10-02
ORD001203,SX00001203,15490,IL01,Delivered,2026-10-01 17:18:37.911791,2026-10-03
ORD001204,SX00001204,14124,IL01,Delivered,2026-10-01 17:19:29.756975,2026-10-03
ORD001205,SX00001205,18340,TX01,Delivered,2026-10-01 17:20:21.602160,2026-10-02
ORD001206,SX00001206,13850,TX01,Delivered,2026-10-01 17:21:13.447344,2026-10-03
ORD001207,SX00001207,15415,IL01,In Transit,2026-10-01 17:22:05.292529,2026-10-04
ORD001208,SX00001208,17679,NJ01,In Transit,2026-10-01 17:22:57.137713,2026-10-02
ORD001209,SX00001209,16819,NJ01,Delivered,2026-10-01 17:23:48.982898,2026-10-04
ORD001210,SX00001210,19328,NJ01,Delivered,2026-10-01 17:24:40.828082,2026-10-03
ORD001211,SX00001211,18378,CA01,Delivered,2026-10-01 17:25:32.673267,2026-10-04
ORD001212,SX00001212,19442,IL01,Delivered,2026-10-01 17:26:24.518451,2026-10-03
ORD001213,SX00001213,11333,TX01,Delivered,2026-10-01 17:27:16.363636,2026-10-03
ORD001214,SX00001214,14150,NJ01,Delivered,2026-10-01 17:28:08.208820,2026-10-02
ORD001215,SX00001215,16766,NJ01,Delivered,2026-10-01 17:29:00.054005,2026-10-04
ORD001216,SX00001216,12711,TX01,Delivered,2026-10-01 17:29:51.899189,2026-10-02
ORD001217,SX00001217,14853,CA01,In Transit,2026-10-01 17:30:43.744374,2026-10-04
ORD001218,SX00001218,16212,IL01,Delivered,2026-10-01 17:31:35.589558,2026-10-03
ORD001219,SX00001219,17479,IL01,In Transit,2026-10-01 17:32:27.434743,2026-10-03
ORD001220,SX00001220,15408,IL01,Delivered,2026-10-01 17:33:19.279927,2026-10-02
ORD001221,SX00001221,19977,CA01,In Transit,2026-10-01 17:34:11.125112,2026-10-04
ORD001222,SX00001222,17715,TX01,Delivered,2026-10-01 17:35:02.970297,2026-10-04
ORD001223,SX00001223,18942,NJ01,In Transit,2026-10-01 17:35:54.815481,2026-10-03
ORD001224,SX00001224,11762,IL01,Delivered,2026-10-01 17:36:46.660666,2026-10-02
ORD001225,SX00001225,17101,CA01,Out for Delivery,2026-10-01 17:37:38.505850,2026-10-03
ORD001226,SX00001226,17674,TX01,In Transit,2026-10-01 17:38:30.351035,2026-10-03
ORD001227,SX00001227,16122,TX01,Delivered,2026-10-01 17:39:22.196219,2026-10-02
ORD001228,SX00001228,10481,IL01,Delivered,2026-10-01 17:40:14.041404,2026-10-04
ORD001229,SX00001229,10153,IL01,In Transit,2026-10-01 17:41:05.886588,2026-10-04
ORD001230,SX00001230,17617,NJ01,Out for Delivery,2026-10-01 17:41:57.731773,2026-10-03
ORD001231,SX00001231,11524,TX01,Out for Delivery,2026-10-01 17:42:49.576957,2026-10-04
ORD001232,SX00001232,12120,IL01,In Transit,2026-10-01 17:43:41.422142,2026-10-02
ORD001233,SX00001233,12343,NJ01,In Transit,2026-10-01 17:44:33.267326,2026-10-04
ORD001234,SX00001234,15136,IL01,Delivered,2026-10-01 17:45:25.112511,2026-10-04
ORD001235,SX00001235,15760,TX01,Delivered,2026-10-01 17:46:16.957695,2026-10-03
ORD001236,SX00001236,11240,NJ01,Delivered,2026-10-01 17:47:08.802880,2026-10-04
ORD001237,SX00001237,10060,IL01,Delivered,2026-10-01 17:48:00.648064,2026-10-02
ORD001238,SX00001238,19130,NJ01,Delivered,2026-10-01 17:48:52.493249,2026-10-03
ORD001239,SX00001239,11639,IL01,Delivered,2026-10-01 17:49:44.338433,2026-10-02
ORD001240,SX00001240,16185,IL01,Delivered,2026-10-01 17:50:36.183618,2026-10-04
ORD001241,SX00001241,17970,TX01,Delivered,2026-10-01 17:51:28.028802,2026-10-04
ORD001242,SX00001242,11252,IL01,Delivered,2026-10-01 17:52:19.873987,2026-10-03
ORD001243,SX00001243,14203,IL01,Delivered,2026-10-01 17:53:11.719171,2026-10-02
ORD001244,SX00001244,18363,IL01,Delivered,2026-10-01 17:54:03.564356,2026-10-04
ORD001245,SX00001245,19650,IL01,Delivered,2026-10-01 17:54:55.409540,2026-10-04
ORD001246,SX00001246,13549,IL01,In Transit,2026-10-01 17:55:47.254725,2026-10-03
ORD001247,SX00001247,14197,IL01,Delivered,2026-10-01 17:56:39.099909,2026-10-04
ORD001248,SX00001248,17009,NJ01,In Transit,2026-10-01 17:57:30.945094,2026-10-04
ORD001249,SX00001249,16667,IL01,Delivered,2026-10-01 17:58:22.790279,2026-10-04
ORD001250,SX00001250,12322,TX01,Delivered,2026-10-01 17:59:14.635463,2026-10-02
ORD001251,SX00001251,19828,IL01,Delivered,2026-10-01 18:00:06.480648,2026-10-02
ORD001252,SX00001252,14090,IL01,Delivered,2026-10-01 18:00:58.325832,2026-10-02
ORD001253,SX00001253,16960,IL01,Delivered,2026-10-01 18:01:50.171017,2026-10-04
ORD001254,SX00001254,13004,CA01,Delivered,2026-10-01 18:02:42.016201,2026-10-03
ORD001255,SX00001255,15136,NJ01,Out for Delivery,2026-10-01 18:03:33.861386,2026-10-03
ORD001256,SX00001256,10329,TX01,Out for Delivery,2026-10-01 18:04:25.706570,2026-10-03
ORD001257,SX00001257,13640,IL01,Out for Delivery,2026-10-01 18:05:17.551755,2026-10-02
ORD001258,SX00001258,17982,TX01,Out for Delivery,2026-10-01 18:06:09.396939,2026-10-02
ORD001259,SX00001259,14107,IL01,Delivered,2026-10-01 18:07:01.242124,2026-10-02
ORD001260,SX00001260,11341,IL01,Delivered,2026-10-01 18:07:53.087308,2026-10-02
ORD001261,SX00001261,18407,NJ01,Delivered,2026-10-01 18:08:44.932493,2026-10-04
ORD001262,SX00001262,10338,IL01,Delivered,2026-10-01 18:09:36.777677,2026-10-03
ORD001263,SX00001263,15895,CA01,In Transit,2026-10-01 18:10:28.622862,2026-10-03
ORD001264,SX00001264,12708,IL01,In Transit,2026-10-01 18:11:20.468046,2026-10-02
ORD001265,SX00001265,11750,CA01,In Transit,2026-10-01 18:12:12.313231,2026-10-03
ORD001266,SX00001266,15604,NJ01,In Transit,2026-10-01 18:13:04.158415,2026-10-03
ORD001267,SX00001267,12421,NJ01,Delivered,2026-10-01 18:13:56.003600,2026-10-02
ORD001268,SX00001268,17119,IL01,Delivered,2026-10-01 18:14:47.848784,2026-10-02
ORD001269,SX00001269,18901,IL01,Delivered,2026-10-01 18:15:39.693969,2026-10-02
ORD001270,SX00001270,15319,CA01,Exception,2026-10-01 18:16:31.539153,2026-10-02
ORD001271,SX00001271,16609,IL01,Out for Delivery,2026-10-01 18:17:23.384338,2026-10-04
ORD001272,SX00001272,15387,TX01,Delivered,2026-10-01 18:18:15.229522,2026-10-03
ORD001273,SX00001273,13993,CA01,Delivered,2026-10-01 18:19:07.074707,2026-10-04
ORD001274,SX00001274,18680,IL01,Delivered,2026-10-01 18:19:58.919891,2026-10-03
ORD001275,SX00001275,18044,NJ01,Delivered,2026-10-01 18:20:50.765076,2026-10-04
ORD001276,SX00001276,18238,TX01,In Transit,2026-10-01 18:21:42.610261,2026-10-02
ORD001277,SX00001277,14873,IL01,Delivered,2026-10-01 18:22:34.455445,2026-10-04
ORD001278,SX00001278,14806,IL01,Delivered,2026-10-01 18:23:26.300630,2026-10-02
ORD001279,SX00001279,18592,NJ01,Delivered,2026-10-01 18:24:18.145814,2026-10-02
ORD001280,SX00001280,15913,IL01,Out for Delivery,2026-10-01 18:25:09.990999,2026-10-04
ORD001281,SX00001281,17124,TX01,Delivered,2026-10-01 18:26:01.836183,2026-10-03
ORD001282,SX00001282,13157,IL01,Delivered,2026-10-01 18:26:53.681368,2026-10-04
ORD001283,SX00001283,10390,CA01,Delivered,2026-10-01 18:27:45.526552,2026-10-02
ORD001284,SX00001284,14430,IL01,Delivered,2026-10-01 18:28:37.371737,2026-10-02
ORD001285,SX00001285,18820,NJ01,Delivered,2026-10-01 18:29:29.216921,2026-10-03
ORD001286,SX00001286,17686,NJ01,In Transit,2026-10-01 18:30:21.062106,2026-10-03
ORD001287,SX00001287,14232,IL01,Out for Delivery,2026-10-01 18:31:12.907290,2026-10-03
ORD001288,SX00001288,18007,IL01,Delivered,2026-10-01 18:32:04.752475,2026-10-02
ORD001289,SX00001289,11521,TX01,Delivered,2026-10-01 18:32:56.597659,2026-10-04
ORD001290,SX00001290,19018,CA01,In Transit,2026-10-01 18:33:48.442844,2026-10-03
ORD001291,SX00001291,11500,IL01,Delivered,2026-10-01 18:34:40.288028,2026-10-02
ORD001292,SX00001292,16737,NJ01,Delivered,2026-10-01 18:35:32.133213,2026-10-04
ORD001293,SX00001293,13294,IL01,Delivered,2026-10-01 18:36:23.978397,2026-10-03
ORD001294,SX00001294,15085,IL01,Delivered,2026-10-01 18:37:15.823582,2026-10-04
ORD001295,SX00001295,12419,TX01,Delivered,2026-10-01 18:38:07.668766,2026-10-04
ORD001296,SX00001296,19126,TX01,Exception,2026-10-01 18:38:59.513951,2026-10-02
ORD001297,SX00001297,13042,IL01,In Transit,2026-10-01 18:39:51.359135,2026-10-02
ORD001298,SX00001298,14497,CA01,Delivered,2026-10-01 18:40:43.204320,2026-10-02
ORD001299,SX00001299,11466,IL01,In Transit,2026-10-01 18:41:35.049504,2026-10-04
ORD001300,SX00001300,13561,TX01,Delivered,2026-10-01 18:42:26.894689,2026-10-03
ORD001301,SX00001301,10614,NJ01,Delivered,2026-10-01 18:43:18.739873,2026-10-03
ORD001302,SX00001302,15392,NJ01,Delivered,2026-10-01 18:44:10.585058,2026-10-03
ORD001303,SX00001303,17693,NJ01,Delivered,2026-10-01 18:45:02.430243,2026-10-02
ORD001304,SX00001304,19374,IL01,In Transit,2026-10-01 18:45:54.275427,2026-10-03
ORD001305,SX00001305,13223,TX01,In Transit,2026-10-01 18:46:46.120612,2026-10-03
ORD001306,SX00001306,17138,TX01,Out for Delivery,2026-10-01 18:47:37.965796,2026-10-02
ORD001307,SX00001307,12667,IL01,Delivered,2026-10-01 18:48:29.810981,2026-10-03
ORD001308,SX00001308,17980,TX01,Delivered,2026-10-01 18:49:21.656165,2026-10-03
ORD001309,SX00001309,10130,IL01,Delivered,2026-10-01 18:50:13.501350,2026-10-03
ORD001310,SX00001310,12983,TX01,Exception,2026-10-01 18:51:05.346534,2026-10-04
ORD001311,SX00001311,14278,IL01,Delivered,2026-10-01 18:51:57.191719,2026-10-04
ORD001312,SX00001312,17126,IL01,Delivered,2026-10-01 18:52:49.036903,2026-10-02
ORD001313,SX00001313,18230,IL01,Delivered,2026-10-01 18:53:40.882088,2026-10-02
ORD001314,SX00001314,17694,NJ01,Delivered,2026-10-01 18:54:32.727272,2026-10-04
ORD001315,SX00001315,16640,NJ01,In Transit,2026-10-01 18:55:24.572457,2026-10-02
ORD001316,SX00001316,15468,IL01,In Transit,2026-10-01 18:56:16.417641,2026-10-02
ORD001317,SX00001317,10920,IL01,Exception,2026-10-01 18:57:08.262826,2026-10-03
ORD001318,SX00001318,17564,IL01,In Transit,2026-10-01 18:58:00.108010,2026-10-02
ORD001319,SX00001319,18684,TX01,Delivered,2026-10-01 18:58:51.953195,2026-10-02
ORD001320,SX00001320,19323,TX01,Delivered,2026-10-01 18:59:43.798379,2026-10-03
ORD001321,SX00001321,18502,IL01,Delivered,2026-10-01 19:00:35.643564,2026-10-03
ORD001322,SX00001322,18930,IL01,Exception,2026-10-01 19:01:27.488748,2026-10-04
ORD001323,SX00001323,13241,TX01,Delivered,2026-10-01 19:02:19.333933,2026-10-02
ORD001324,SX00001324,10545,IL01,Delivered,2026-10-01 19:03:11.179117,2026-10-03
ORD001325,SX00001325,14346,IL01,Delivered,2026-10-01 19:04:03.024302,2026-10-02
ORD001326,SX00001326,19996,IL01,Delivered,2026-10-01 19:04:54.869486,2026-10-02
ORD001327,SX00001327,13810,NJ01,Delivered,2026-10-01 19:05:46.714671,2026-10-04
ORD001328,SX00001328,17206,NJ01,Delivered,2026-10-01 19:06:38.559855,2026-10-04
ORD001329,SX00001329,19005,NJ01,In Transit,2026-10-01 19:07:30.405040,2026-10-04
ORD001330,SX00001330,12032,IL01,Delivered,2026-10-01 19:08:22.250225,2026-10-04
ORD001331,SX00001331,18436,TX01,Delivered,2026-10-01 19:09:14.095409,2026-10-04
ORD001332,SX00001332,10271,IL01,Out for Delivery,2026-10-01 19:10:05.940594,2026-10-03
ORD001333,SX00001333,13511,TX01,Delivered,2026-10-01 19:10:57.785778,2026-10-04
ORD001334,SX00001334,11771,NJ01,Delivered,2026-10-01 19:11:49.630963,2026-10-03
ORD001335,SX00001335,19454,NJ01,Delivered,2026-10-01 19:12:41.476147,2026-10-04
ORD001336,SX00001336,14361,IL01,Delivered,2026-10-01 19:13:33.321332,2026-10-03
ORD001337,SX00001337,17069,IL01,Delivered,2026-10-01 19:14:25.166516,2026-10-02
ORD001338,SX00001338,10920,NJ01,Delivered,2026-10-01 19:15:17.011701,2026-10-04
ORD001339,SX00001339,18190,NJ01,Exception,2026-10-01 19:16:08.856885,2026-10-03
ORD001340,SX00001340,13430,IL01,Delivered,2026-10-01 19:17:00.702070,2026-10-04
ORD001341,SX00001341,14435,CA01,Delivered,2026-10-01 19:17:52.547254,2026-10-03
ORD001342,SX00001342,13760,CA01,Delivered,2026-10-01 19:18:44.392439,2026-10-03
ORD001343,SX00001343,12050,NJ01,Out for Delivery,2026-10-01 19:19:36.237623,2026-10-04
ORD001344,SX00001344,11165,CA01,In Transit,2026-10-01 19:20:28.082808,2026-10-03
ORD001345,SX00001345,18567,IL01,Delivered,2026-10-01 19:21:19.927992,2026-10-02
ORD001346,SX00001346,12033,IL01,Delivered,2026-10-01 19:22:11.773177,2026-10-04
ORD001347,SX00001347,16467,IL01,In Transit,2026-10-01 19:23:03.618361,2026-10-02
ORD001348,SX00001348,10145,NJ01,Delivered,2026-10-01 19:23:55.463546,2026-10-03
ORD001349,SX00001349,14388,IL01,Delivered,2026-10-01 19:24:47.308730,2026-10-03
ORD001350,SX00001350,17832,CA01,Delivered,2026-10-01 19:25:39.153915,2026-10-04
ORD001351,SX00001351,18623,IL01,Delivered,2026-10-01 19:26:30.999099,2026-10-02
ORD001352,SX00001352,18896,IL01,Delivered,2026-10-01 19:27:22.844284,2026-10-02
ORD001353,SX00001353,18173,TX01,Delivered,2026-10-01 19:28:14.689468,2026-10-04
ORD001354,SX00001354,12632,IL01,Delivered,2026-10-01 19:29:06.534653,2026-10-02
ORD001355,SX00001355,14494,IL01,Delivered,2026-10-01 19:29:58.379837,2026-10-04
ORD001356,SX00001356,18056,NJ01,Delivered,2026-10-01 19:30:50.225022,2026-10-04
ORD001357,SX00001357,17511,IL01,Delivered,2026-10-01 19:31:42.070207,2026-10-03
ORD001358,SX00001358,19155,IL01,Out for Delivery,2026-10-01 19:32:33.915391,2026-10-03
ORD001359,SX00001359,11828,IL01,Delivered,2026-10-01 19:33:25.760576,2026-10-02
ORD001360,SX00001360,19130,NJ01,Delivered,2026-10-01 19:34:17.605760,2026-10-04
ORD001361,SX00001361,14805,CA01,Delivered,2026-10-01 19:35:09.450945,2026-10-04
ORD001362,SX00001362,10806,TX01,Delivered,2026-10-01 19:36:01.296129,2026-10-04
ORD001363,SX00001363,19655,IL01,Delivered,2026-10-01 19:36:53.141314,2026-10-04
ORD001364,SX00001364,17486,IL01,Delivered,2026-10-01 19:37:44.986498,2026-10-03
ORD001365,SX00001365,18202,NJ01,Delivered,2026-10-01 19:38:36.831683,2026-10-02
ORD001366,SX00001366,11868,CA01,Delivered,2026-10-01 19:39:28.676867,2026-10-03
ORD001367,SX00001367,17878,IL01,In Transit,2026-10-01 19:40:20.522052,2026-10-04
ORD001368,SX00001368,15690,IL01,In Transit,2026-10-01 19:41:12.367236,2026-10-02
ORD001369,SX00001369,17827,TX01,Out for Delivery,2026-10-01 19:42:04.212421,2026-10-02
ORD001370,SX00001370,15429,CA01,Delivered,2026-10-01 19:42:56.057605,2026-10-04
ORD001371,SX00001371,19076,IL01,Delivered,2026-10-01 19:43:47.902790,2026-10-04
ORD001372,SX00001372,13564,IL01,Exception,2026-10-01 19:44:39.747974,2026-10-03
ORD001373,SX00001373,11389,IL01,Delivered,2026-10-01 19:45:31.593159,2026-10-03
ORD001374,SX00001374,17274,IL01,In Transit,2026-10-01 19:46:23.438343,2026-10-04
ORD001375,SX00001375,10824,NJ01,Delivered,2026-10-01 19:47:15.283528,2026-10-04
ORD001376,SX00001376,12265,TX01,Delivered,2026-10-01 19:48:07.128712,2026-10-03
ORD001377,SX00001377,10936,NJ01,Delivered,2026-10-01 19:48:58.973897,2026-10-02
ORD001378,SX00001378,16402,IL01,Delivered,2026-10-01 19:49:50.819081,2026-10-02
ORD001379,SX00001379,13845,IL01,Delivered,2026-10-01 19:50:42.664266,2026-10-02
ORD001380,SX00001380,11796,IL01,Delivered,2026-10-01 19:51:34.509450,2026-10-03
ORD001381,SX00001381,18245,IL01,Delivered,2026-10-01 19:52:26.354635,2026-10-04
ORD001382,SX00001382,17214,TX01,Delivered,2026-10-01 19:53:18.199819,2026-10-02
ORD001383,SX00001383,10726,IL01,Delivered,2026-10-01 19:54:10.045004,2026-10-04
ORD001384,SX00001384,12736,IL01,Delivered,2026-10-01 19:55:01.890189,2026-10-03
ORD001385,SX00001385,11913,IL01,Delivered,2026-10-01 19:55:53.735373,2026-10-03
ORD001386,SX00001386,19788,NJ01,Delivered,2026-10-01 19:56:45.580558,2026-10-04
ORD001387,SX00001387,17657,NJ01,Delivered,2026-10-01 19:57:37.425742,2026-10-04
ORD001388,SX00001388,12466,TX01,Delivered,2026-10-01 19:58:29.270927,2026-10-04
ORD001389,SX00001389,19041,IL01,In Transit,2026-10-01 19:59:21.116111,2026-10-04
ORD001390,SX00001390,17312,TX01,Delivered,2026-10-01 20:00:12.961296,2026-10-02
ORD001391,SX00001391,18194,IL01,In Transit,2026-10-01 20:01:04.806480,2026-10-04
ORD001392,SX00001392,17906,IL01,In Transit,2026-10-01 20:01:56.651665,2026-10-02
ORD001393,SX00001393,14876,CA01,Delivered,2026-10-01 20:02:48.496849,2026-10-03
ORD001394,SX00001394,17287,IL01,Delivered,2026-10-01 20:03:40.342034,2026-10-02
ORD001395,SX00001395,10892,NJ01,Delivered,2026-10-01 20:04:32.187218,2026-10-04
ORD001396,SX00001396,14675,IL01,Delivered,2026-10-01 20:05:24.032403,2026-10-02
ORD001397,SX00001397,11933,NJ01,Exception,2026-10-01 20:06:15.877587,2026-10-03
ORD001398,SX00001398,11380,TX01,Out for Delivery,2026-10-01 20:07:07.722772,2026-10-04
ORD001399,SX00001399,11290,CA01,Delivered,2026-10-01 20:07:59.567956,2026-10-03
ORD001400,SX00001400,11640,TX01,Delivered,2026-10-01 20:08:51.413141,2026-10-03
ORD001401,SX00001401,17490,NJ01,Out for Delivery,2026-10-01 20:09:43.258325,2026-10-04
ORD001402,SX00001402,19179,IL01,In Transit,2026-10-01 20:10:35.103510,2026-10-02
ORD001403,SX00001403,11218,TX01,Delivered,2026-10-01 20:11:26.948694,2026-10-03
ORD001404,SX00001404,15016,TX01,Delivered,2026-10-01 20:12:18.793879,2026-10-04
ORD001405,SX00001405,16881,IL01,Delivered,2026-10-01 20:13:10.639063,2026-10-03
ORD001406,SX00001406,19547,NJ01,Delivered,2026-10-01 20:14:02.484248,2026-10-02
ORD001407,SX00001407,19752,TX01,In Transit,2026-10-01 20:14:54.329432,2026-10-03
ORD001408,SX00001408,19610,NJ01,Exception,2026-10-01 20:15:46.174617,2026-10-03
ORD001409,SX00001409,10954,IL01,In Transit,2026-10-01 20:16:38.019801,2026-10-03
ORD001410,SX00001410,19175,CA01,Delivered,2026-10-01 20:17:29.864986,2026-10-03
ORD001411,SX00001411,17291,IL01,In Transit,2026-10-01 20:18:21.710171,2026-10-02
ORD001412,SX00001412,10974,IL01,Delivered,2026-10-01 20:19:13.555355,2026-10-04
ORD001413,SX00001413,14133,TX01,Delivered,2026-10-01 20:20:05.400540,2026-10-03
ORD001414,SX00001414,15370,IL01,Delivered,2026-10-01 20:20:57.245724,2026-10-02
ORD001415,SX00001415,13972,TX01,Delivered,2026-10-01 20:21:49.090909,2026-10-03
ORD001416,SX00001416,15295,IL01,Delivered,2026-10-01 20:22:40.936093,2026-10-03
ORD001417,SX00001417,19105,IL01,Delivered,2026-10-01 20:23:32.781278,2026-10-03
ORD001418,SX00001418,18228,IL01,Delivered,2026-10-01 20:24:24.626462,2026-10-02
ORD001419,SX00001419,19903,CA01,In Transit,2026-10-01 20:25:16.471647,2026-10-03
ORD001420,SX00001420,13020,NJ01,Delivered,2026-10-01 20:26:08.316831,2026-10-03
ORD001421,SX00001421,18987,IL01,Delivered,2026-10-01 20:27:00.162016,2026-10-04
ORD001422,SX00001422,14036,IL01,Delivered,2026-10-01 20:27:52.007200,2026-10-02
ORD001423,SX00001423,15068,IL01,Out for Delivery,2026-10-01 20:28:43.852385,2026-10-04
ORD001424,SX00001424,15233,NJ01,Delivered,2026-10-01 20:29:35.697569,2026-10-04
ORD001425,SX00001425,19516,IL01,Delivered,2026-10-01 20:30:27.542754,2026-10-04
ORD001426,SX00001426,10317,NJ01,In Transit,2026-10-01 20:31:19.387938,2026-10-04
ORD001427,SX00001427,12396,NJ01,Delivered,2026-10-01 20:32:11.233123,2026-10-03
ORD001428,SX00001428,12162,TX01,Delivered,2026-10-01 20:33:03.078307,2026-10-04
ORD001429,SX00001429,12745,TX01,In Transit,2026-10-01 20:33:54.923492,2026-10-02
ORD001430,SX00001430,11591,NJ01,Delivered,2026-10-01 20:34:46.768676,2026-10-03
ORD001431,SX00001431,16183,IL01,Out for Delivery,2026-10-01 20:35:38.613861,2026-10-04
ORD001432,SX00001432,13930,TX01,Delivered,2026-10-01 20:36:30.459045,2026-10-04
ORD001433,SX00001433,11312,TX01,Delivered,2026-10-01 20:37:22.304230,2026-10-02
ORD001434,SX00001434,19477,IL01,Delivered,2026-10-01 20:38:14.149414,2026-10-02
ORD001435,SX00001435,14311,CA01,In Transit,2026-10-01 20:39:05.994599,2026-10-04
ORD001436,SX00001436,17314,IL01,Delivered,2026-10-01 20:39:57.839783,2026-10-04
ORD001437,SX00001437,12383,IL01,Delivered,2026-10-01 20:40:49.684968,2026-10-04
ORD001438,SX00001438,13239,IL01,Delivered,2026-10-01 20:41:41.530153,2026-10-04
ORD001439,SX00001439,12139,CA01,Delivered,2026-10-01 20:42:33.375337,2026-10-04
ORD001440,SX00001440,11704,NJ01,In Transit,2026-10-01 20:43:25.220522,2026-10-02
ORD001441,SX00001441,16924,TX01,Out for Delivery,2026-10-01 20:44:17.065706,2026-10-02
ORD001442,SX00001442,10362,IL01,Delivered,2026-10-01 20:45:08.910891,2026-10-03
ORD001443,SX00001443,12604,NJ01,Delivered,2026-10-01 20:46:00.756075,2026-10-03
ORD001444,SX00001444,19908,IL01,Delivered,2026-10-01 20:46:52.601260,2026-10-02
ORD001445,SX00001445,14286,TX01,Delivered,2026-10-01 20:47:44.446444,2026-10-03
ORD001446,SX00001446,13738,IL01,Exception,2026-10-01 20:48:36.291629,2026-10-04
ORD001447,SX00001447,12469,IL01,Delivered,2026-10-01 20:49:28.136813,2026-10-03
ORD001448,SX00001448,14795,IL01,Delivered,2026-10-01 20:50:19.981998,2026-10-04
ORD001449,SX00001449,16150,CA01,Delivered,2026-10-01 20:51:11.827182,2026-10-04
ORD001450,SX00001450,10556,NJ01,Delivered,2026-10-01 20:52:03.672367,2026-10-03
ORD001451,SX00001451,19017,NJ01,Delivered,2026-10-01 20:52:55.517551,2026-10-03
ORD001452,SX00001452,12808,NJ01,Out for Delivery,2026-10-01 20:53:47.362736,2026-10-04
ORD001453,SX00001453,15150,CA01,Delivered,2026-10-01 20:54:39.207920,2026-10-02
ORD001454,SX00001454,17561,CA01,Delivered,2026-10-01 20:55:31.053105,2026-10-03
ORD001455,SX00001455,12719,TX01,Delivered,2026-10-01 20:56:22.898289,2026-10-03
ORD001456,SX00001456,16506,IL01,Out for Delivery,2026-10-01 20:57:14.743474,2026-10-02
ORD001457,SX00001457,13741,IL01,Delivered,2026-10-01 20:58:06.588658,2026-10-03
ORD001458,SX00001458,19766,CA01,Delivered,2026-10-01 20:58:58.433843,2026-10-04
ORD001459,SX00001459,13998,NJ01,Delivered,2026-10-01 20:59:50.279027,2026-10-02
ORD001460,SX00001460,12403,IL01,Delivered,2026-10-01 21:00:42.124212,2026-10-02
ORD001461,SX00001461,18780,NJ01,In Transit,2026-10-01 21:01:33.969396,2026-10-04
ORD001462,SX00001462,19739,CA01,Delivered,2026-10-01 21:02:25.814581,2026-10-04
ORD001463,SX00001463,10294,IL01,Delivered,2026-10-01 21:03:17.659765,2026-10-04
ORD001464,SX00001464,15343,NJ01,Delivered,2026-10-01 21:04:09.504950,2026-10-02
ORD001465,SX00001465,19882,TX01,Delivered,2026-10-01 21:05:01.350135,2026-10-04
ORD001466,SX00001466,11136,NJ01,Delivered,2026-10-01 21:05:53.195319,2026-10-03
ORD001467,SX00001467,12064,IL01,Out for Delivery,2026-10-01 21:06:45.040504,2026-10-03
ORD001468,SX00001468,17009,CA01,Delivered,2026-10-01 21:07:36.885688,2026-10-04
ORD001469,SX00001469,14543,CA01,In Transit,2026-10-01 21:08:28.730873,2026-10-03
ORD001470,SX00001470,11007,TX01,Delivered,2026-10-01 21:09:20.576057,2026-10-03
ORD001471,SX00001471,15445,TX01,Exception,2026-10-01 21:10:12.421242,2026-10-02
ORD001472,SX00001472,15352,IL01,Delivered,2026-10-01 21:11:04.266426,2026-10-04
ORD001473,SX00001473,19439,CA01,Delivered,2026-10-01 21:11:56.111611,2026-10-03
ORD001474,SX00001474,11435,IL01,Delivered,2026-10-01 21:12:47.956795,2026-10-04
ORD001475,SX00001475,10571,TX01,Delivered,2026-10-01 21:13:39.801980,2026-10-04
ORD001476,SX00001476,12382,CA01,Delivered,2026-10-01 21:14:31.647164,2026-10-03
ORD001477,SX00001477,19437,NJ01,Exception,2026-10-01 21:15:23.492349,2026-10-03
ORD001478,SX00001478,15084,TX01,In Transit,2026-10-01 21:16:15.337533,2026-10-02
ORD001479,SX00001479,10277,TX01,Delivered,2026-10-01 21:17:07.182718,2026-10-02
ORD001480,SX00001480,17059,IL01,Delivered,2026-10-01 21:17:59.027902,2026-10-02
ORD001481,SX00001481,11887,TX01,Delivered,2026-10-01 21:18:50.873087,2026-10-03
ORD001482,SX00001482,11265,IL01,In Transit,2026-10-01 21:19:42.718271,2026-10-02
ORD001483,SX00001483,17491,NJ01,Delivered,2026-10-01 21:20:34.563456,2026-10-04
ORD001484,SX00001484,11040,IL01,Delivered,2026-10-01 21:21:26.408640,2026-10-02
ORD001485,SX00001485,19109,NJ01,Out for Delivery,2026-10-01 21:22:18.253825,2026-10-02
ORD001486,SX00001486,18073,TX01,Delivered,2026-10-01 21:23:10.099009,2026-10-02
ORD001487,SX00001487,19077,CA01,In Transit,2026-10-01 21:24:01.944194,2026-10-04
ORD001488,SX00001488,12752,IL01,Delivered,2026-10-01 21:24:53.789378,2026-10-04
ORD001489,SX00001489,18213,NJ01,In Transit,2026-10-01 21:25:45.634563,2026-10-03
ORD001490,SX00001490,14569,NJ01,Delivered,2026-10-01 21:26:37.479747,2026-10-02
ORD001491,SX00001491,16353,CA01,Delivered,2026-10-01 21:27:29.324932,2026-10-04
ORD001492,SX00001492,12353,NJ01,Exception,2026-10-01 21:28:21.170117,2026-10-04
ORD001493,SX00001493,17437,TX01,Delivered,2026-10-01 21:29:13.015301,2026-10-04
ORD001494,SX00001494,14799,CA01,Delivered,2026-10-01 21:30:04.860486,2026-10-03
ORD001495,SX00001495,10686,IL01,Delivered,2026-10-01 21:30:56.705670,2026-10-03
ORD001496,SX00001496,18476,CA01,Delivered,2026-10-01 21:31:48.550855,2026-10-03
ORD001497,SX00001497,14811,CA01,In Transit,2026-10-01 21:32:40.396039,2026-10-02
ORD001498,SX00001498,18954,CA01,Delivered,2026-10-01 21:33:32.241224,2026-10-04
ORD001499,SX00001499,15346,IL01,In Transit,2026-10-01 21:34:24.086408,2026-10-03
ORD001500,SX00001500,15043,NJ01,Delivered,2026-10-01 21:35:15.931593,2026-10-03
ORD001501,SX00001501,12428,CA01,Delivered,2026-10-01 21:36:07.776777,2026-10-04
ORD001502,SX00001502,15126,IL01,In Transit,2026-10-01 21:36:59.621962,2026-10-04
ORD001503,SX00001503,18220,NJ01,Delivered,2026-10-01 21:37:51.467146,2026-10-02
ORD001504,SX00001504,19098,IL01,Out for Delivery,2026-10-01 21:38:43.312331,2026-10-02
ORD001505,SX00001505,17813,IL01,Delivered,2026-10-01 21:39:35.157515,2026-10-02
ORD001506,SX00001506,19645,NJ01,Delivered,2026-10-01 21:40:27.002700,2026-10-03
ORD001507,SX00001507,13356,NJ01,Delivered,2026-10-01 21:41:18.847884,2026-10-03
ORD001508,SX00001508,18707,IL01,Delivered,2026-10-01 21:42:10.693069,2026-10-04
ORD001509,SX00001509,17266,NJ01,Delivered,2026-10-01 21:43:02.538253,2026-10-02
ORD001510,SX00001510,16540,NJ01,Delivered,2026-10-01 21:43:54.383438,2026-10-04
ORD001511,SX00001511,10038,TX01,Delivered,2026-10-01 21:44:46.228622,2026-10-02
ORD001512,SX00001512,13342,NJ01,Delivered,2026-10-01 21:45:38.073807,2026-10-02
ORD001513,SX00001513,19078,NJ01,Delivered,2026-10-01 21:46:29.918991,2026-10-02
ORD001514,SX00001514,12844,NJ01,Delivered,2026-10-01 21:47:21.764176,2026-10-02
ORD001515,SX00001515,11098,IL01,Delivered,2026-10-01 21:48:13.609360,2026-10-04
ORD001516,SX00001516,17027,NJ01,Delivered,2026-10-01 21:49:05.454545,2026-10-04
ORD001517,SX00001517,11823,NJ01,Delivered,2026-10-01 21:49:57.299729,2026-10-03
ORD001518,SX00001518,13155,NJ01,Delivered,2026-10-01 21:50:49.144914,2026-10-02
ORD001519,SX00001519,13093,IL01,Delivered,2026-10-01 21:51:40.990099,2026-10-04
ORD001520,SX00001520,15658,TX01,Delivered,2026-10-01 21:52:32.835283,2026-10-02
ORD001521,SX00001521,13778,IL01,In Transit,2026-10-01 21:53:24.680468,2026-10-02
ORD001522,SX00001522,12896,CA01,Delivered,2026-10-01 21:54:16.525652,2026-10-03
ORD001523,SX00001523,10988,IL01,Delivered,2026-10-01 21:55:08.370837,2026-10-03
ORD001524,SX00001524,14116,CA01,Out for Delivery,2026-10-01 21:56:00.216021,2026-10-04
ORD001525,SX00001525,16446,NJ01,Delivered,2026-10-01 21:56:52.061206,2026-10-04
ORD001526,SX00001526,14179,NJ01,Delivered,2026-10-01 21:57:43.906390,2026-10-03
ORD001527,SX00001527,11682,IL01,In Transit,2026-10-01 21:58:35.751575,2026-10-04
ORD001528,SX00001528,15626,IL01,Delivered,2026-10-01 21:59:27.596759,2026-10-04
ORD001529,SX00001529,17424,IL01,Exception,2026-10-01 22:00:19.441944,2026-10-03
ORD001530,SX00001530,10933,IL01,Out for Delivery,2026-10-01 22:01:11.287128,2026-10-02
ORD001531,SX00001531,13598,TX01,Delivered,2026-10-01 22:02:03.132313,2026-10-02
ORD001532,SX00001532,11980,IL01,Exception,2026-10-01 22:02:54.977497,2026-10-03
ORD001533,SX00001533,13056,TX01,Out for Delivery,2026-10-01 22:03:46.822682,2026-10-02
ORD001534,SX00001534,18984,IL01,Delivered,2026-10-01 22:04:38.667866,2026-10-02
ORD001535,SX00001535,10791,CA01,Exception,2026-10-01 22:05:30.513051,2026-10-03
ORD001536,SX00001536,15390,NJ01,Delivered,2026-10-01 22:06:22.358235,2026-10-04
ORD001537,SX00001537,16635,IL01,Delivered,2026-10-01 22:07:14.203420,2026-10-03
ORD001538,SX00001538,12255,NJ01,Delivered,2026-10-01 22:08:06.048604,2026-10-03
ORD001539,SX00001539,13610,IL01,Delivered,2026-10-01 22:08:57.893789,2026-10-02
ORD001540,SX00001540,11607,IL01,Delivered,2026-10-01 22:09:49.738973,2026-10-03
ORD001541,SX00001541,15179,NJ01,Delivered,2026-10-01 22:10:41.584158,2026-10-02
ORD001542,SX00001542,16573,TX01,Delivered,2026-10-01 22:11:33.429342,2026-10-03
ORD001543,SX00001543,10984,CA01,Delivered,2026-10-01 22:12:25.274527,2026-10-04
ORD001544,SX00001544,15776,NJ01,Delivered,2026-10-01 22:13:17.119711,2026-10-02
ORD001545,SX00001545,13676,CA01,Delivered,2026-10-01 22:14:08.964896,2026-10-03
ORD001546,SX00001546,13380,CA01,Delivered,2026-10-01 22:15:00.810081,2026-10-02
ORD001547,SX00001547,18711,CA01,In Transit,2026-10-01 22:15:52.655265,2026-10-03
ORD001548,SX00001548,18782,NJ01,Delivered,2026-10-01 22:16:44.500450,2026-10-03
ORD001549,SX00001549,11050,IL01,Delivered,2026-10-01 22:17:36.345634,2026-10-03
ORD001550,SX00001550,13633,IL01,Delivered,2026-10-01 22:18:28.190819,2026-10-02
ORD001551,SX00001551,16342,NJ01,Delivered,2026-10-01 22:19:20.036003,2026-10-02
ORD001552,SX00001552,10959,NJ01,Delivered,2026-10-01 22:20:11.881188,2026-10-04
ORD001553,SX00001553,16059,IL01,Exception,2026-10-01 22:21:03.726372,2026-10-04
ORD001554,SX00001554,18884,NJ01,In Transit,2026-10-01 22:21:55.571557,2026-10-04
ORD001555,SX00001555,15655,IL01,Delivered,2026-10-01 22:22:47.416741,2026-10-04
ORD001556,SX00001556,14473,TX01,Delivered,2026-10-01 22:23:39.261926,2026-10-03
ORD001557,SX00001557,12946,IL01,Delivered,2026-10-01 22:24:31.107110,2026-10-02
ORD001558,SX00001558,17725,NJ01,Delivered,2026-10-01 22:25:22.952295,2026-10-03
ORD001559,SX00001559,10526,TX01,Delivered,2026-10-01 22:26:14.797479,2026-10-02
ORD001560,SX00001560,13224,IL01,Delivered,2026-10-01 22:27:06.642664,2026-10-02
ORD001561,SX00001561,11875,NJ01,Delivered,2026-10-01 22:27:58.487848,2026-10-03
ORD001562,SX00001562,11763,TX01,Delivered,2026-10-01 22:28:50.333033,2026-10-03
ORD001563,SX00001563,18712,IL01,In Transit,2026-10-01 22:29:42.178217,2026-10-02
ORD001564,SX00001564,15797,IL01,Delivered,2026-10-01 22:30:34.023402,2026-10-04
ORD001565,SX00001565,19208,IL01,Exception,2026-10-01 22:31:25.868586,2026-10-04
ORD001566,SX00001566,17099,NJ01,Delivered,2026-10-01 22:32:17.713771,2026-10-02
ORD001567,SX00001567,15109,NJ01,Delivered,2026-10-01 22:33:09.558955,2026-10-03
ORD001568,SX00001568,16644,IL01,Delivered,2026-10-01 22:34:01.404140,2026-10-03
ORD001569,SX00001569,10116,NJ01,In Transit,2026-10-01 22:34:53.249324,2026-10-02
ORD001570,SX00001570,12433,IL01,In Transit,2026-10-01 22:35:45.094509,2026-10-03
ORD001571,SX00001571,15463,TX01,Delivered,2026-10-01 22:36:36.939693,2026-10-02
ORD001572,SX00001572,10583,IL01,Delivered,2026-10-01 22:37:28.784878,2026-10-02
ORD001573,SX00001573,18586,TX01,Delivered,2026-10-01 22:38:20.630063,2026-10-02
ORD001574,SX00001574,13788,NJ01,Delivered,2026-10-01 22:39:12.475247,2026-10-03
ORD001575,SX00001575,14167,TX01,Delivered,2026-10-01 22:40:04.320432,2026-10-04
ORD001576,SX00001576,18465,NJ01,Delivered,2026-10-01 22:40:56.165616,2026-10-02
ORD001577,SX00001577,11389,NJ01,Delivered,2026-10-01 22:41:48.010801,2026-10-03
ORD001578,SX00001578,18357,IL01,Delivered,2026-10-01 22:42:39.855985,2026-10-04
ORD001579,SX00001579,19759,TX01,Delivered,2026-10-01 22:43:31.701170,2026-10-02
ORD001580,SX00001580,16154,NJ01,Delivered,2026-10-01 22:44:23.546354,2026-10-04
ORD001581,SX00001581,15420,NJ01,Delivered,2026-10-01 22:45:15.391539,2026-10-03
ORD001582,SX00001582,18920,NJ01,Delivered,2026-10-01 22:46:07.236723,2026-10-04
ORD001583,SX00001583,12043,TX01,In Transit,2026-10-01 22:46:59.081908,2026-10-04
ORD001584,SX00001584,14197,TX01,Delivered,2026-10-01 22:47:50.927092,2026-10-03
ORD001585,SX00001585,13496,IL01,Delivered,2026-10-01 22:48:42.772277,2026-10-02
ORD001586,SX00001586,10778,TX01,Delivered,2026-10-01 22:49:34.617461,2026-10-03
ORD001587,SX00001587,10213,NJ01,In Transit,2026-10-01 22:50:26.462646,2026-10-03
ORD001588,SX00001588,13762,CA01,Delivered,2026-10-01 22:51:18.307830,2026-10-02
ORD001589,SX00001589,19768,TX01,Exception,2026-10-01 22:52:10.153015,2026-10-02
ORD001590,SX00001590,16731,NJ01,Delivered,2026-10-01 22:53:01.998199,2026-10-03
ORD001591,SX00001591,13117,IL01,Delivered,2026-10-01 22:53:53.843384,2026-10-02
ORD001592,SX00001592,15791,TX01,Delivered,2026-10-01 22:54:45.688568,2026-10-02
ORD001593,SX00001593,18783,NJ01,Delivered,2026-10-01 22:55:37.533753,2026-10-03
ORD001594,SX00001594,12720,CA01,Delivered,2026-10-01 22:56:29.378937,2026-10-03
ORD001595,SX00001595,18905,IL01,Delivered,2026-10-01 22:57:21.224122,2026-10-03
ORD001596,SX00001596,19127,IL01,Delivered,2026-10-01 22:58:13.069306,2026-10-03
ORD001597,SX00001597,16047,IL01,Delivered,2026-10-01 22:59:04.914491,2026-10-04
ORD001598,SX00001598,18032,NJ01,Delivered,2026-10-01 22:59:56.759675,2026-10-04
ORD001599,SX00001599,10001,CA01,Delivered,2026-10-01 23:00:48.604860,2026-10-02
ORD001600,SX00001600,16368,IL01,Delivered,2026-10-01 23:01:40.450045,2026-10-04
ORD001601,SX00001601,11949,TX01,Delivered,2026-10-01 23:02:32.295229,2026-10-04
ORD001602,SX00001602,16732,TX01,Delivered,2026-10-01 23:03:24.140414,2026-10-04
ORD001603,SX00001603,17833,TX01,Delivered,2026-10-01 23:04:15.985598,2026-10-02
ORD001604,SX00001604,10917,IL01,Delivered,2026-10-01 23:05:07.830783,2026-10-04
ORD001605,SX00001605,13174,TX01,Delivered,2026-10-01 23:05:59.675967,2026-10-03
ORD001606,SX00001606,17014,IL01,Delivered,2026-10-01 23:06:51.521152,2026-10-03
ORD001607,SX00001607,10089,TX01,Delivered,2026-10-01 23:07:43.366336,2026-10-02
ORD001608,SX00001608,11709,IL01,Delivered,2026-10-01 23:08:35.211521,2026-10-02
ORD001609,SX00001609,13041,NJ01,Out for Delivery,2026-10-01 23:09:27.056705,2026-10-02
ORD001610,SX00001610,10105,TX01,Delivered,2026-10-01 23:10:18.901890,2026-10-04
ORD001611,SX00001611,19078,IL01,Delivered,2026-10-01 23:11:10.747074,2026-10-02
ORD001612,SX00001612,18619,IL01,In Transit,2026-10-01 23:12:02.592259,2026-10-02
ORD001613,SX00001613,11895,TX01,Delivered,2026-10-01 23:12:54.437443,2026-10-02
ORD001614,SX00001614,16090,NJ01,In Transit,2026-10-01 23:13:46.282628,2026-10-03
ORD001615,SX00001615,18508,NJ01,Delivered,2026-10-01 23:14:38.127812,2026-10-02
ORD001616,SX00001616,16082,IL01,Delivered,2026-10-01 23:15:29.972997,2026-10-03
ORD001617,SX00001617,10634,IL01,Delivered,2026-10-01 23:16:21.818181,2026-10-03
ORD001618,SX00001618,11925,NJ01,Out for Delivery,2026-10-01 23:17:13.663366,2026-10-02
ORD001619,SX00001619,12056,IL01,Delivered,2026-10-01 23:18:05.508550,2026-10-02
ORD001620,SX00001620,16917,CA01,Delivered,2026-10-01 23:18:57.353735,2026-10-04
ORD001621,SX00001621,13144,IL01,Delivered,2026-10-01 23:19:49.198919,2026-10-02
ORD001622,SX00001622,19631,NJ01,Delivered,2026-10-01 23:20:41.044104,2026-10-02
ORD001623,SX00001623,10552,IL01,Delivered,2026-10-01 23:21:32.889288,2026-10-02
ORD001624,SX00001624,18907,IL01,Delivered,2026-10-01 23:22:24.734473,2026-10-02
ORD001625,SX00001625,15383,TX01,Delivered,2026-10-01 23:23:16.579657,2026-10-02
ORD001626,SX00001626,13911,NJ01,Delivered,2026-10-01 23:24:08.424842,2026-10-02
ORD001627,SX00001627,19905,IL01,Out for Delivery,2026-10-01 23:25:00.270027,2026-10-04
ORD001628,SX00001628,13389,IL01,Delivered,2026-10-01 23:25:52.115211,2026-10-04
ORD001629,SX00001629,19299,IL01,In Transit,2026-10-01 23:26:43.960396,2026-10-02
ORD001630,SX00001630,18442,TX01,Delivered,2026-10-01 23:27:35.805580,2026-10-04
ORD001631,SX00001631,12430,NJ01,Delivered,2026-10-01 23:28:27.650765,2026-10-03
ORD001632,SX00001632,10458,IL01,Delivered,2026-10-01 23:29:19.495949,2026-10-04
ORD001633,SX00001633,10207,NJ01,Delivered,2026-10-01 23:30:11.341134,2026-10-03
ORD001634,SX00001634,10899,TX01,Delivered,2026-10-01 23:31:03.186318,2026-10-02
ORD001635,SX00001635,10021,CA01,In Transit,2026-10-01 23:31:55.031503,2026-10-03
ORD001636,SX00001636,18601,CA01,Delivered,2026-10-01 23:32:46.876687,2026-10-02
ORD001637,SX00001637,10894,IL01,Delivered,2026-10-01 23:33:38.721872,2026-10-04
ORD001638,SX00001638,10514,IL01,Delivered,2026-10-01 23:34:30.567056,2026-10-03
ORD001639,SX00001639,17294,IL01,Delivered,2026-10-01 23:35:22.412241,2026-10-03
ORD001640,SX00001640,14904,TX01,Delivered,2026-10-01 23:36:14.257425,2026-10-03
ORD001641,SX00001641,17867,CA01,In Transit,2026-10-01 23:37:06.102610,2026-10-02
ORD001642,SX00001642,14109,NJ01,Delivered,2026-10-01 23:37:57.947794,2026-10-02
ORD001643,SX00001643,17179,IL01,Delivered,2026-10-01 23:38:49.792979,2026-10-04
ORD001644,SX00001644,11560,NJ01,Delivered,2026-10-01 23:39:41.638163,2026-10-04
ORD001645,SX00001645,11266,IL01,Delivered,2026-10-01 23:40:33.483348,2026-10-02
ORD001646,SX00001646,13638,IL01,In Transit,2026-10-01 23:41:25.328532,2026-10-04
ORD001647,SX00001647,18941,NJ01,Delivered,2026-10-01 23:42:17.173717,2026-10-03
ORD001648,SX00001648,13427,IL01,Delivered,2026-10-01 23:43:09.018901,2026-10-03
ORD001649,SX00001649,14780,IL01,Exception,2026-10-01 23:44:00.864086,2026-10-03
ORD001650,SX00001650,11927,TX01,Delivered,2026-10-01 23:44:52.709270,2026-10-04
ORD001651,SX00001651,12356,IL01,Delivered,2026-10-01 23:45:44.554455,2026-10-03
ORD001652,SX00001652,14790,IL01,Delivered,2026-10-01 23:46:36.399639,2026-10-03
ORD001653,SX00001653,10306,IL01,Delivered,2026-10-01 23:47:28.244824,2026-10-02
ORD001654,SX00001654,17979,CA01,Delivered,2026-10-01 23:48:20.090009,2026-10-02
ORD001655,SX00001655,13665,TX01,Delivered,2026-10-01 23:49:11.935193,2026-10-04
ORD001656,SX00001656,17057,IL01,In Transit,2026-10-01 23:50:03.780378,2026-10-02
ORD001657,SX00001657,10661,NJ01,Delivered,2026-10-01 23:50:55.625562,2026-10-04
ORD001658,SX00001658,14644,IL01,Delivered,2026-10-01 23:51:47.470747,2026-10-04
ORD001659,SX00001659,18503,NJ01,Delivered,2026-10-01 23:52:39.315931,2026-10-02
ORD001660,SX00001660,12920,TX01,Delivered,2026-10-01 23:53:31.161116,2026-10-02
ORD001661,SX00001661,19274,CA01,Delivered,2026-10-01 23:54:23.006300,2026-10-04
ORD001662,SX00001662,18946,NJ01,Out for Delivery,2026-10-01 23:55:14.851485,2026-10-04
ORD001663,SX00001663,16236,CA01,Delivered,2026-10-01 23:56:06.696669,2026-10-04
ORD001664,SX00001664,16078,CA01,Delivered,2026-10-01 23:56:58.541854,2026-10-03
ORD001665,SX00001665,10352,CA01,Delivered,2026-10-01 23:57:50.387038,2026-10-03
ORD001666,SX00001666,19094,NJ01,Out for Delivery,2026-10-01 23:58:42.232223,2026-10-02
ORD001667,SX00001667,17005,IL01,Delivered,2026-10-01 23:59:34.077407,2026-10-03
ORD001668,SX00001668,10158,IL01,Delivered,2026-10-02 00:00:25.922592,2026-10-04
ORD001669,SX00001669,10956,IL01,Delivered,2026-10-02 00:01:17.767776,2026-10-05
ORD001670,SX00001670,12071,IL01,In Transit,2026-10-02 00:02:09.612961,2026-10-04
ORD001671,SX00001671,18595,TX01,In Transit,2026-10-02 00:03:01.458145,2026-10-03
ORD001672,SX00001672,19579,NJ01,In Transit,2026-10-02 00:03:53.303330,2026-10-04
ORD001673,SX00001673,13453,CA01,Out for Delivery,2026-10-02 00:04:45.148514,2026-10-04
ORD001674,SX00001674,16675,IL01,Delivered,2026-10-02 00:05:36.993699,2026-10-04
ORD001675,SX00001675,10955,IL01,Delivered,2026-10-02 00:06:28.838883,2026-10-03
ORD001676,SX00001676,16295,TX01,Delivered,2026-10-02 00:07:20.684068,2026-10-03
ORD001677,SX00001677,11712,IL01,Delivered,2026-10-02 00:08:12.529252,2026-10-05
ORD001678,SX00001678,14703,IL01,Delivered,2026-10-02 00:09:04.374437,2026-10-04
ORD001679,SX00001679,16563,CA01,In Transit,2026-10-02 00:09:56.219621,2026-10-05
ORD001680,SX00001680,19465,TX01,Delivered,2026-10-02 00:10:48.064806,2026-10-05
ORD001681,SX00001681,15631,NJ01,Delivered,2026-10-02 00:11:39.909990,2026-10-03
ORD001682,SX00001682,19633,TX01,In Transit,2026-10-02 00:12:31.755175,2026-10-05
ORD001683,SX00001683,19989,TX01,Delivered,2026-10-02 00:13:23.600360,2026-10-04
ORD001684,SX00001684,11394,TX01,Delivered,2026-10-02 00:14:15.445544,2026-10-05
ORD001685,SX00001685,19461,TX01,Delivered,2026-10-02 00:15:07.290729,2026-10-03
ORD001686,SX00001686,14732,IL01,Delivered,2026-10-02 00:15:59.135913,2026-10-03
ORD001687,SX00001687,13714,NJ01,Out for Delivery,2026-10-02 00:16:50.981098,2026-10-03
ORD001688,SX00001688,10529,IL01,Delivered,2026-10-02 00:17:42.826282,2026-10-04
ORD001689,SX00001689,12958,IL01,In Transit,2026-10-02 00:18:34.671467,2026-10-05
ORD001690,SX00001690,17904,CA01,Delivered,2026-10-02 00:19:26.516651,2026-10-04
ORD001691,SX00001691,13591,NJ01,Delivered,2026-10-02 00:20:18.361836,2026-10-03
ORD001692,SX00001692,16895,TX01,Delivered,2026-10-02 00:21:10.207020,2026-10-04
ORD001693,SX00001693,19131,TX01,Delivered,2026-10-02 00:22:02.052205,2026-10-03
ORD001694,SX00001694,10525,CA01,Delivered,2026-10-02 00:22:53.897389,2026-10-04
ORD001695,SX00001695,16477,CA01,Delivered,2026-10-02 00:23:45.742574,2026-10-04
ORD001696,SX00001696,10001,NJ01,Delivered,2026-10-02 00:24:37.587758,2026-10-05
ORD001697,SX00001697,10374,IL01,Delivered,2026-10-02 00:25:29.432943,2026-10-05
ORD001698,SX00001698,14648,IL01,Delivered,2026-10-02 00:26:21.278127,2026-10-03
ORD001699,SX00001699,12365,NJ01,Delivered,2026-10-02 00:27:13.123312,2026-10-05
ORD001700,SX00001700,11525,IL01,Delivered,2026-10-02 00:28:04.968496,2026-10-05
ORD001701,SX00001701,11646,NJ01,Delivered,2026-10-02 00:28:56.813681,2026-10-04
ORD001702,SX00001702,10013,TX01,Out for Delivery,2026-10-02 00:29:48.658865,2026-10-03
ORD001703,SX00001703,14599,CA01,Out for Delivery,2026-10-02 00:30:40.504050,2026-10-04
ORD001704,SX00001704,12278,TX01,In Transit,2026-10-02 00:31:32.349234,2026-10-04
ORD001705,SX00001705,13155,NJ01,In Transit,2026-10-02 00:32:24.194419,2026-10-05
ORD001706,SX00001706,18321,IL01,Delivered,2026-10-02 00:33:16.039603,2026-10-05
ORD001707,SX00001707,13814,IL01,Delivered,2026-10-02 00:34:07.884788,2026-10-03
ORD001708,SX00001708,13216,IL01,In Transit,2026-10-02 00:34:59.729972,2026-10-05
ORD001709,SX00001709,18219,TX01,Delivered,2026-10-02 00:35:51.575157,2026-10-04
ORD001710,SX00001710,12113,IL01,Delivered,2026-10-02 00:36:43.420342,2026-10-05
ORD001711,SX00001711,19444,TX01,In Transit,2026-10-02 00:37:35.265526,2026-10-03
ORD001712,SX00001712,14356,NJ01,Delivered,2026-10-02 00:38:27.110711,2026-10-03
ORD001713,SX00001713,15543,IL01,Delivered,2026-10-02 00:39:18.955895,2026-10-04
ORD001714,SX00001714,14555,IL01,Delivered,2026-10-02 00:40:10.801080,2026-10-04
ORD001715,SX00001715,17062,NJ01,Delivered,2026-10-02 00:41:02.646264,2026-10-05
ORD001716,SX00001716,13374,NJ01,In Transit,2026-10-02 00:41:54.491449,2026-10-03
ORD001717,SX00001717,16430,TX01,Delivered,2026-10-02 00:42:46.336633,2026-10-04
ORD001718,SX00001718,13466,TX01,Out for Delivery,2026-10-02 00:43:38.181818,2026-10-05
ORD001719,SX00001719,13081,NJ01,In Transit,2026-10-02 00:44:30.027002,2026-10-05
ORD001720,SX00001720,10629,TX01,Delivered,2026-10-02 00:45:21.872187,2026-10-05
ORD001721,SX00001721,10269,NJ01,Delivered,2026-10-02 00:46:13.717371,2026-10-04
ORD001722,SX00001722,15724,CA01,Delivered,2026-10-02 00:47:05.562556,2026-10-04
ORD001723,SX00001723,15897,IL01,Out for Delivery,2026-10-02 00:47:57.407740,2026-10-05
ORD001724,SX00001724,13432,TX01,Delivered,2026-10-02 00:48:49.252925,2026-10-05
ORD001725,SX00001725,19472,IL01,In Transit,2026-10-02 00:49:41.098109,2026-10-04
ORD001726,SX00001726,16276,IL01,Delivered,2026-10-02 00:50:32.943294,2026-10-03
ORD001727,SX00001727,15895,IL01,Delivered,2026-10-02 00:51:24.788478,2026-10-05
ORD001728,SX00001728,17115,NJ01,Out for Delivery,2026-10-02 00:52:16.633663,2026-10-03
ORD001729,SX00001729,16656,IL01,Delivered,2026-10-02 00:53:08.478847,2026-10-03
ORD001730,SX00001730,10575,IL01,Delivered,2026-10-02 00:54:00.324032,2026-10-04
ORD001731,SX00001731,17029,CA01,Delivered,2026-10-02 00:54:52.169216,2026-10-04
ORD001732,SX00001732,16099,TX01,In Transit,2026-10-02 00:55:44.014401,2026-10-03
ORD001733,SX00001733,19499,TX01,In Transit,2026-10-02 00:56:35.859585,2026-10-04
ORD001734,SX00001734,13192,TX01,Out for Delivery,2026-10-02 00:57:27.704770,2026-10-03
ORD001735,SX00001735,13178,CA01,Delivered,2026-10-02 00:58:19.549954,2026-10-03
ORD001736,SX00001736,16052,NJ01,Delivered,2026-10-02 00:59:11.395139,2026-10-04
ORD001737,SX00001737,12734,IL01,Delivered,2026-10-02 01:00:03.240324,2026-10-04
ORD001738,SX00001738,16116,CA01,Delivered,2026-10-02 01:00:55.085508,2026-10-05
ORD001739,SX00001739,13568,TX01,Delivered,2026-10-02 01:01:46.930693,2026-10-04
ORD001740,SX00001740,19847,NJ01,Delivered,2026-10-02 01:02:38.775877,2026-10-05
ORD001741,SX00001741,19771,NJ01,Delivered,2026-10-02 01:03:30.621062,2026-10-04
ORD001742,SX00001742,12203,NJ01,In Transit,2026-10-02 01:04:22.466246,2026-10-04
ORD001743,SX00001743,11390,CA01,In Transit,2026-10-02 01:05:14.311431,2026-10-04
ORD001744,SX00001744,11742,IL01,Exception,2026-10-02 01:06:06.156615,2026-10-04
ORD001745,SX00001745,11925,CA01,Delivered,2026-10-02 01:06:58.001800,2026-10-03
ORD001746,SX00001746,10619,CA01,Delivered,2026-10-02 01:07:49.846984,2026-10-04
ORD001747,SX00001747,11274,NJ01,Delivered,2026-10-02 01:08:41.692169,2026-10-03
ORD001748,SX00001748,10956,NJ01,Delivered,2026-10-02 01:09:33.537353,2026-10-04
ORD001749,SX00001749,11939,IL01,Delivered,2026-10-02 01:10:25.382538,2026-10-04
ORD001750,SX00001750,13953,IL01,Exception,2026-10-02 01:11:17.227722,2026-10-03
ORD001751,SX00001751,10968,IL01,Delivered,2026-10-02 01:12:09.072907,2026-10-04
ORD001752,SX00001752,19508,TX01,Delivered,2026-10-02 01:13:00.918091,2026-10-05
ORD001753,SX00001753,19235,NJ01,Delivered,2026-10-02 01:13:52.763276,2026-10-05
ORD001754,SX00001754,10281,IL01,Delivered,2026-10-02 01:14:44.608460,2026-10-04
ORD001755,SX00001755,16262,IL01,Delivered,2026-10-02 01:15:36.453645,2026-10-05
ORD001756,SX00001756,11058,CA01,Delivered,2026-10-02 01:16:28.298829,2026-10-05
ORD001757,SX00001757,14293,IL01,Delivered,2026-10-02 01:17:20.144014,2026-10-05
ORD001758,SX00001758,15178,CA01,Delivered,2026-10-02 01:18:11.989198,2026-10-05
ORD001759,SX00001759,16980,IL01,Delivered,2026-10-02 01:19:03.834383,2026-10-03
ORD001760,SX00001760,19200,NJ01,Delivered,2026-10-02 01:19:55.679567,2026-10-03
ORD001761,SX00001761,11229,IL01,Delivered,2026-10-02 01:20:47.524752,2026-10-03
ORD001762,SX00001762,19227,NJ01,Delivered,2026-10-02 01:21:39.369936,2026-10-05
ORD001763,SX00001763,14585,NJ01,Out for Delivery,2026-10-02 01:22:31.215121,2026-10-05
ORD001764,SX00001764,18467,IL01,Delivered,2026-10-02 01:23:23.060306,2026-10-03
ORD001765,SX00001765,12740,NJ01,Delivered,2026-10-02 01:24:14.905490,2026-10-05
ORD001766,SX00001766,12289,NJ01,Out for Delivery,2026-10-02 01:25:06.750675,2026-10-03
ORD001767,SX00001767,11239,TX01,Delivered,2026-10-02 01:25:58.595859,2026-10-03
ORD001768,SX00001768,15370,TX01,In Transit,2026-10-02 01:26:50.441044,2026-10-03
ORD001769,SX00001769,10125,IL01,Out for Delivery,2026-10-02 01:27:42.286228,2026-10-05
ORD001770,SX00001770,17473,NJ01,Delivered,2026-10-02 01:28:34.131413,2026-10-03
ORD001771,SX00001771,19400,CA01,Out for Delivery,2026-10-02 01:29:25.976597,2026-10-04
ORD001772,SX00001772,15342,CA01,Delivered,2026-10-02 01:30:17.821782,2026-10-03
ORD001773,SX00001773,17351,CA01,Delivered,2026-10-02 01:31:09.666966,2026-10-03
ORD001774,SX00001774,16638,IL01,In Transit,2026-10-02 01:32:01.512151,2026-10-04
ORD001775,SX00001775,16570,TX01,Out for Delivery,2026-10-02 01:32:53.357335,2026-10-05
ORD001776,SX00001776,13249,NJ01,Delivered,2026-10-02 01:33:45.202520,2026-10-03
ORD001777,SX00001777,19110,IL01,Delivered,2026-10-02 01:34:37.047704,2026-10-04
ORD001778,SX00001778,17595,TX01,Delivered,2026-10-02 01:35:28.892889,2026-10-05
ORD001779,SX00001779,16294,TX01,Delivered,2026-10-02 01:36:20.738073,2026-10-04
ORD001780,SX00001780,16527,IL01,Delivered,2026-10-02 01:37:12.583258,2026-10-03
ORD001781,SX00001781,15757,IL01,Exception,2026-10-02 01:38:04.428442,2026-10-04
ORD001782,SX00001782,11969,TX01,Delivered,2026-10-02 01:38:56.273627,2026-10-05
ORD001783,SX00001783,10891,IL01,Delivered,2026-10-02 01:39:48.118811,2026-10-03
ORD001784,SX00001784,14470,IL01,Delivered,2026-10-02 01:40:39.963996,2026-10-04
ORD001785,SX00001785,17175,NJ01,Delivered,2026-10-02 01:41:31.809180,2026-10-05
ORD001786,SX00001786,19556,IL01,Delivered,2026-10-02 01:42:23.654365,2026-10-05
ORD001787,SX00001787,18320,CA01,Delivered,2026-10-02 01:43:15.499549,2026-10-03
ORD001788,SX00001788,19206,NJ01,In Transit,2026-10-02 01:44:07.344734,2026-10-03
ORD001789,SX00001789,19991,NJ01,Delivered,2026-10-02 01:44:59.189918,2026-10-03
ORD001790,SX00001790,16812,CA01,Delivered,2026-10-02 01:45:51.035103,2026-10-03
ORD001791,SX00001791,17519,NJ01,In Transit,2026-10-02 01:46:42.880288,2026-10-04
ORD001792,SX00001792,14612,IL01,Delivered,2026-10-02 01:47:34.725472,2026-10-05
ORD001793,SX00001793,19710,TX01,Delivered,2026-10-02 01:48:26.570657,2026-10-03
ORD001794,SX00001794,11198,NJ01,In Transit,2026-10-02 01:49:18.415841,2026-10-03
ORD001795,SX00001795,15238,IL01,Delivered,2026-10-02 01:50:10.261026,2026-10-03
ORD001796,SX00001796,16089,TX01,Delivered,2026-10-02 01:51:02.106210,2026-10-04
ORD001797,SX00001797,16257,TX01,In Transit,2026-10-02 01:51:53.951395,2026-10-05
ORD001798,SX00001798,17705,TX01,Exception,2026-10-02 01:52:45.796579,2026-10-05
ORD001799,SX00001799,13719,CA01,Delivered,2026-10-02 01:53:37.641764,2026-10-03
ORD001800,SX00001800,10302,TX01,Delivered,2026-10-02 01:54:29.486948,2026-10-05
ORD001801,SX00001801,10986,TX01,Delivered,2026-10-02 01:55:21.332133,2026-10-04
ORD001802,SX00001802,14440,CA01,Delivered,2026-10-02 01:56:13.177317,2026-10-05
ORD001803,SX00001803,14909,IL01,Delivered,2026-10-02 01:57:05.022502,2026-10-03
ORD001804,SX00001804,13072,IL01,Exception,2026-10-02 01:57:56.867686,2026-10-05
ORD001805,SX00001805,13124,TX01,Delivered,2026-10-02 01:58:48.712871,2026-10-04
ORD001806,SX00001806,19519,NJ01,Delivered,2026-10-02 01:59:40.558055,2026-10-04
ORD001807,SX00001807,18125,IL01,Delivered,2026-10-02 02:00:32.403240,2026-10-05
ORD001808,SX00001808,13291,IL01,Out for Delivery,2026-10-02 02:01:24.248424,2026-10-05
ORD001809,SX00001809,14033,IL01,Delivered,2026-10-02 02:02:16.093609,2026-10-03
ORD001810,SX00001810,15105,NJ01,Delivered,2026-10-02 02:03:07.938793,2026-10-03
ORD001811,SX00001811,10703,TX01,In Transit,2026-10-02 02:03:59.783978,2026-10-03
ORD001812,SX00001812,18133,CA01,Delivered,2026-10-02 02:04:51.629162,2026-10-05
ORD001813,SX00001813,10574,TX01,Delivered,2026-10-02 02:05:43.474347,2026-10-04
ORD001814,SX00001814,15704,TX01,Delivered,2026-10-02 02:06:35.319531,2026-10-04
ORD001815,SX00001815,17848,NJ01,Out for Delivery,2026-10-02 02:07:27.164716,2026-10-05
ORD001816,SX00001816,15208,IL01,Out for Delivery,2026-10-02 02:08:19.009900,2026-10-04
ORD001817,SX00001817,16924,IL01,Delivered,2026-10-02 02:09:10.855085,2026-10-04
ORD001818,SX00001818,13828,NJ01,Delivered,2026-10-02 02:10:02.700270,2026-10-05
ORD001819,SX00001819,13230,IL01,Delivered,2026-10-02 02:10:54.545454,2026-10-04
ORD001820,SX00001820,10488,NJ01,Delivered,2026-10-02 02:11:46.390639,2026-10-05
ORD001821,SX00001821,17114,TX01,In Transit,2026-10-02 02:12:38.235823,2026-10-03
ORD001822,SX00001822,19539,NJ01,Delivered,2026-10-02 02:13:30.081008,2026-10-04
ORD001823,SX00001823,13173,CA01,In Transit,2026-10-02 02:14:21.926192,2026-10-05
ORD001824,SX00001824,11667,NJ01,Delivered,2026-10-02 02:15:13.771377,2026-10-04
ORD001825,SX00001825,19829,IL01,In Transit,2026-10-02 02:16:05.616561,2026-10-04
ORD001826,SX00001826,14114,NJ01,Out for Delivery,2026-10-02 02:16:57.461746,2026-10-03
ORD001827,SX00001827,13553,TX01,Delivered,2026-10-02 02:17:49.306930,2026-10-05
ORD001828,SX00001828,17761,IL01,Delivered,2026-10-02 02:18:41.152115,2026-10-03
ORD001829,SX00001829,11000,IL01,Delivered,2026-10-02 02:19:32.997299,2026-10-04
ORD001830,SX00001830,19042,NJ01,In Transit,2026-10-02 02:20:24.842484,2026-10-04
ORD001831,SX00001831,11388,CA01,Delivered,2026-10-02 02:21:16.687668,2026-10-04
ORD001832,SX00001832,15450,NJ01,In Transit,2026-10-02 02:22:08.532853,2026-10-05
ORD001833,SX00001833,13712,CA01,Delivered,2026-10-02 02:23:00.378037,2026-10-03
ORD001834,SX00001834,11367,TX01,Delivered,2026-10-02 02:23:52.223222,2026-10-05
ORD001835,SX00001835,18189,IL01,Delivered,2026-10-02 02:24:44.068406,2026-10-04
ORD001836,SX00001836,19013,TX01,Exception,2026-10-02 02:25:35.913591,2026-10-03
ORD001837,SX00001837,10454,NJ01,Delivered,2026-10-02 02:26:27.758775,2026-10-04
ORD001838,SX00001838,19816,IL01,Delivered,2026-10-02 02:27:19.603960,2026-10-03
ORD001839,SX00001839,12772,TX01,Exception,2026-10-02 02:28:11.449144,2026-10-05
ORD001840,SX00001840,13726,TX01,In Transit,2026-10-02 02:29:03.294329,2026-10-05
ORD001841,SX00001841,17232,IL01,In Transit,2026-10-02 02:29:55.139513,2026-10-05
ORD001842,SX00001842,14806,CA01,Delivered,2026-10-02 02:30:46.984698,2026-10-05
ORD001843,SX00001843,12190,TX01,Delivered,2026-10-02 02:31:38.829882,2026-10-05
ORD001844,SX00001844,19108,CA01,Delivered,2026-10-02 02:32:30.675067,2026-10-03
ORD001845,SX00001845,12875,IL01,In Transit,2026-10-02 02:33:22.520252,2026-10-03
ORD001846,SX00001846,15592,CA01,Delivered,2026-10-02 02:34:14.365436,2026-10-04
ORD001847,SX00001847,11440,IL01,Delivered,2026-10-02 02:35:06.210621,2026-10-03
ORD001848,SX00001848,18927,IL01,In Transit,2026-10-02 02:35:58.055805,2026-10-04
ORD001849,SX00001849,16059,TX01,Delivered,2026-10-02 02:36:49.900990,2026-10-05
ORD001850,SX00001850,17010,TX01,Delivered,2026-10-02 02:37:41.746174,2026-10-03
ORD001851,SX00001851,17117,NJ01,Delivered,2026-10-02 02:38:33.591359,2026-10-03
ORD001852,SX00001852,19153,NJ01,Delivered,2026-10-02 02:39:25.436543,2026-10-05
ORD001853,SX00001853,12989,IL01,Delivered,2026-10-02 02:40:17.281728,2026-10-05
ORD001854,SX00001854,19218,NJ01,In Transit,2026-10-02 02:41:09.126912,2026-10-05
ORD001855,SX00001855,16228,NJ01,Out for Delivery,2026-10-02 02:42:00.972097,2026-10-04
ORD001856,SX00001856,16471,NJ01,Delivered,2026-10-02 02:42:52.817281,2026-10-04
ORD001857,SX00001857,12863,NJ01,Delivered,2026-10-02 02:43:44.662466,2026-10-03
ORD001858,SX00001858,11177,CA01,Delivered,2026-10-02 02:44:36.507650,2026-10-05
ORD001859,SX00001859,14760,NJ01,Out for Delivery,2026-10-02 02:45:28.352835,2026-10-03
ORD001860,SX00001860,10011,TX01,Delivered,2026-10-02 02:46:20.198019,2026-10-05
ORD001861,SX00001861,15252,CA01,Out for Delivery,2026-10-02 02:47:12.043204,2026-10-05
ORD001862,SX00001862,14399,NJ01,In Transit,2026-10-02 02:48:03.888388,2026-10-05
ORD001863,SX00001863,18234,IL01,Delivered,2026-10-02 02:48:55.733573,2026-10-05
ORD001864,SX00001864,19135,IL01,Delivered,2026-10-02 02:49:47.578757,2026-10-05
ORD001865,SX00001865,15445,TX01,Delivered,2026-10-02 02:50:39.423942,2026-10-04
ORD001866,SX00001866,16570,IL01,Delivered,2026-10-02 02:51:31.269126,2026-10-03
ORD001867,SX00001867,19196,NJ01,Delivered,2026-10-02 02:52:23.114311,2026-10-05
ORD001868,SX00001868,18212,IL01,Delivered,2026-10-02 02:53:14.959495,2026-10-04
ORD001869,SX00001869,10406,IL01,Delivered,2026-10-02 02:54:06.804680,2026-10-04
ORD001870,SX00001870,19206,NJ01,Delivered,2026-10-02 02:54:58.649864,2026-10-05
ORD001871,SX00001871,14431,CA01,Delivered,2026-10-02 02:55:50.495049,2026-10-05
ORD001872,SX00001872,15243,NJ01,Delivered,2026-10-02 02:56:42.340234,2026-10-04
ORD001873,SX00001873,16542,CA01,Delivered,2026-10-02 02:57:34.185418,2026-10-05
ORD001874,SX00001874,16936,CA01,In Transit,2026-10-02 02:58:26.030603,2026-10-04
ORD001875,SX00001875,18906,IL01,In Transit,2026-10-02 02:59:17.875787,2026-10-05
ORD001876,SX00001876,14146,IL01,Delivered,2026-10-02 03:00:09.720972,2026-10-04
ORD001877,SX00001877,10140,TX01,Delivered,2026-10-02 03:01:01.566156,2026-10-05
ORD001878,SX00001878,14882,CA01,Delivered,2026-10-02 03:01:53.411341,2026-10-04
ORD001879,SX00001879,16012,NJ01,Delivered,2026-10-02 03:02:45.256525,2026-10-03
ORD001880,SX00001880,10963,CA01,Delivered,2026-10-02 03:03:37.101710,2026-10-05
ORD001881,SX00001881,17151,IL01,Exception,2026-10-02 03:04:28.946894,2026-10-05
ORD001882,SX00001882,18564,IL01,Delivered,2026-10-02 03:05:20.792079,2026-10-04
ORD001883,SX00001883,13610,NJ01,Delivered,2026-10-02 03:06:12.637263,2026-10-05
ORD001884,SX00001884,19884,NJ01,In Transit,2026-10-02 03:07:04.482448,2026-10-03
ORD001885,SX00001885,16894,IL01,Delivered,2026-10-02 03:07:56.327632,2026-10-03
ORD001886,SX00001886,17311,IL01,Delivered,2026-10-02 03:08:48.172817,2026-10-04
ORD001887,SX00001887,10105,IL01,Out for Delivery,2026-10-02 03:09:40.018001,2026-10-04
ORD001888,SX00001888,15539,NJ01,Delivered,2026-10-02 03:10:31.863186,2026-10-05
ORD001889,SX00001889,19873,CA01,Delivered,2026-10-02 03:11:23.708370,2026-10-04
ORD001890,SX00001890,16787,CA01,In Transit,2026-10-02 03:12:15.553555,2026-10-03
ORD001891,SX00001891,12137,TX01,In Transit,2026-10-02 03:13:07.398739,2026-10-03
ORD001892,SX00001892,14445,NJ01,Exception,2026-10-02 03:13:59.243924,2026-10-05
ORD001893,SX00001893,13530,NJ01,In Transit,2026-10-02 03:14:51.089108,2026-10-03
ORD001894,SX00001894,11286,IL01,Delivered,2026-10-02 03:15:42.934293,2026-10-04
ORD001895,SX00001895,17052,IL01,Out for Delivery,2026-10-02 03:16:34.779477,2026-10-05
ORD001896,SX00001896,13654,IL01,Out for Delivery,2026-10-02 03:17:26.624662,2026-10-05
ORD001897,SX00001897,17102,TX01,Exception,2026-10-02 03:18:18.469846,2026-10-05
ORD001898,SX00001898,12359,CA01,In Transit,2026-10-02 03:19:10.315031,2026-10-04
ORD001899,SX00001899,18105,NJ01,Delivered,2026-10-02 03:20:02.160216,2026-10-05
ORD001900,SX00001900,18636,TX01,In Transit,2026-10-02 03:20:54.005400,2026-10-05
ORD001901,SX00001901,16441,IL01,Delivered,2026-10-02 03:21:45.850585,2026-10-03
ORD001902,SX00001902,15047,NJ01,Delivered,2026-10-02 03:22:37.695769,2026-10-03
ORD001903,SX00001903,18227,TX01,Delivered,2026-10-02 03:23:29.540954,2026-10-05
ORD001904,SX00001904,15203,NJ01,Out for Delivery,2026-10-02 03:24:21.386138,2026-10-04
ORD001905,SX00001905,19667,IL01,Delivered,2026-10-02 03:25:13.231323,2026-10-04
ORD001906,SX00001906,11798,CA01,In Transit,2026-10-02 03:26:05.076507,2026-10-04
ORD001907,SX00001907,19600,TX01,Delivered,2026-10-02 03:26:56.921692,2026-10-04
ORD001908,SX00001908,15291,CA01,Delivered,2026-10-02 03:27:48.766876,2026-10-03
ORD001909,SX00001909,15495,TX01,Delivered,2026-10-02 03:28:40.612061,2026-10-04
ORD001910,SX00001910,19900,CA01,Delivered,2026-10-02 03:29:32.457245,2026-10-04
ORD001911,SX00001911,16284,IL01,Out for Delivery,2026-10-02 03:30:24.302430,2026-10-05
ORD001912,SX00001912,17285,IL01,Delivered,2026-10-02 03:31:16.147614,2026-10-04
ORD001913,SX00001913,11300,IL01,Delivered,2026-10-02 03:32:07.992799,2026-10-04
ORD001914,SX00001914,16869,IL01,Delivered,2026-10-02 03:32:59.837983,2026-10-04
ORD001915,SX00001915,19435,NJ01,Delivered,2026-10-02 03:33:51.683168,2026-10-04
ORD001916,SX00001916,13097,NJ01,Delivered,2026-10-02 03:34:43.528352,2026-10-03
ORD001917,SX00001917,14616,NJ01,Delivered,2026-10-02 03:35:35.373537,2026-10-05
ORD001918,SX00001918,10009,IL01,Delivered,2026-10-02 03:36:27.218721,2026-10-03
ORD001919,SX00001919,15752,CA01,Delivered,2026-10-02 03:37:19.063906,2026-10-05
ORD001920,SX00001920,19852,IL01,Delivered,2026-10-02 03:38:10.909090,2026-10-05
ORD001921,SX00001921,16295,IL01,Exception,2026-10-02 03:39:02.754275,2026-10-05
ORD001922,SX00001922,14815,TX01,In Transit,2026-10-02 03:39:54.599459,2026-10-05
ORD001923,SX00001923,11072,TX01,Delivered,2026-10-02 03:40:46.444644,2026-10-03
ORD001924,SX00001924,13225,NJ01,Delivered,2026-10-02 03:41:38.289828,2026-10-05
ORD001925,SX00001925,11316,IL01,Delivered,2026-10-02 03:42:30.135013,2026-10-04
ORD001926,SX00001926,15699,NJ01,Delivered,2026-10-02 03:43:21.980198,2026-10-04
ORD001927,SX00001927,16807,IL01,Delivered,2026-10-02 03:44:13.825382,2026-10-05
ORD001928,SX00001928,16674,IL01,Delivered,2026-10-02 03:45:05.670567,2026-10-04
ORD001929,SX00001929,13683,TX01,Delivered,2026-10-02 03:45:57.515751,2026-10-04
ORD001930,SX00001930,17227,IL01,Out for Delivery,2026-10-02 03:46:49.360936,2026-10-05
ORD001931,SX00001931,13273,IL01,Out for Delivery,2026-10-02 03:47:41.206120,2026-10-05
ORD001932,SX00001932,17000,NJ01,Delivered,2026-10-02 03:48:33.051305,2026-10-05
ORD001933,SX00001933,10145,CA01,Delivered,2026-10-02 03:49:24.896489,2026-10-03
ORD001934,SX00001934,15010,CA01,Delivered,2026-10-02 03:50:16.741674,2026-10-05
ORD001935,SX00001935,13040,NJ01,Delivered,2026-10-02 03:51:08.586858,2026-10-05
ORD001936,SX00001936,19654,IL01,Delivered,2026-10-02 03:52:00.432043,2026-10-03
ORD001937,SX00001937,19776,IL01,Out for Delivery,2026-10-02 03:52:52.277227,2026-10-04
ORD001938,SX00001938,10482,IL01,In Transit,2026-10-02 03:53:44.122412,2026-10-03
ORD001939,SX00001939,13179,NJ01,Delivered,2026-10-02 03:54:35.967596,2026-10-04
ORD001940,SX00001940,11249,NJ01,In Transit,2026-10-02 03:55:27.812781,2026-10-03
ORD001941,SX00001941,10630,NJ01,Delivered,2026-10-02 03:56:19.657965,2026-10-05
ORD001942,SX00001942,18853,NJ01,Delivered,2026-10-02 03:57:11.503150,2026-10-03
ORD001943,SX00001943,12852,IL01,Delivered,2026-10-02 03:58:03.348334,2026-10-05
ORD001944,SX00001944,10987,NJ01,Delivered,2026-10-02 03:58:55.193519,2026-10-04
ORD001945,SX00001945,17622,IL01,Out for Delivery,2026-10-02 03:59:47.038703,2026-10-05
ORD001946,SX00001946,17327,NJ01,In Transit,2026-10-02 04:00:38.883888,2026-10-03
ORD001947,SX00001947,19738,TX01,Delivered,2026-10-02 04:01:30.729072,2026-10-03
ORD001948,SX00001948,18841,NJ01,In Transit,2026-10-02 04:02:22.574257,2026-10-04
ORD001949,SX00001949,19160,NJ01,Exception,2026-10-02 04:03:14.419441,2026-10-05
ORD001950,SX00001950,11100,NJ01,Delivered,2026-10-02 04:04:06.264626,2026-10-04
ORD001951,SX00001951,16652,IL01,Delivered,2026-10-02 04:04:58.109810,2026-10-05
ORD001952,SX00001952,18632,IL01,In Transit,2026-10-02 04:05:49.954995,2026-10-05
ORD001953,SX00001953,17421,NJ01,Exception,2026-10-02 04:06:41.800180,2026-10-04
ORD001954,SX00001954,15016,IL01,Delivered,2026-10-02 04:07:33.645364,2026-10-04
ORD001955,SX00001955,10769,TX01,Delivered,2026-10-02 04:08:25.490549,2026-10-05
ORD001956,SX00001956,11343,TX01,Delivered,2026-10-02 04:09:17.335733,2026-10-04
ORD001957,SX00001957,14358,CA01,In Transit,2026-10-02 04:10:09.180918,2026-10-05
ORD001958,SX00001958,19769,CA01,Out for Delivery,2026-10-02 04:11:01.026102,2026-10-04
ORD001959,SX00001959,16780,IL01,Delivered,2026-10-02 04:11:52.871287,2026-10-04
ORD001960,SX00001960,16602,CA01,Delivered,2026-10-02 04:12:44.716471,2026-10-04
ORD001961,SX00001961,12349,TX01,Out for Delivery,2026-10-02 04:13:36.561656,2026-10-03
ORD001962,SX00001962,15699,NJ01,Delivered,2026-10-02 04:14:28.406840,2026-10-04
ORD001963,SX00001963,11241,IL01,Out for Delivery,2026-10-02 04:15:20.252025,2026-10-03
ORD001964,SX00001964,11125,CA01,Delivered,2026-10-02 04:16:12.097209,2026-10-05
ORD001965,SX00001965,19382,IL01,Delivered,2026-10-02 04:17:03.942394,2026-10-05
ORD001966,SX00001966,16764,TX01,Delivered,2026-10-02 04:17:55.787578,2026-10-04
ORD001967,SX00001967,15101,IL01,Delivered,2026-10-02 04:18:47.632763,2026-10-03
ORD001968,SX00001968,17843,NJ01,Out for Delivery,2026-10-02 04:19:39.477947,2026-10-05
ORD001969,SX00001969,10072,NJ01,Out for Delivery,2026-10-02 04:20:31.323132,2026-10-03
ORD001970,SX00001970,15472,IL01,In Transit,2026-10-02 04:21:23.168316,2026-10-03
ORD001971,SX00001971,15189,IL01,Delivered,2026-10-02 04:22:15.013501,2026-10-05
ORD001972,SX00001972,12472,NJ01,Delivered,2026-10-02 04:23:06.858685,2026-10-03
ORD001973,SX00001973,10707,IL01,Delivered,2026-10-02 04:23:58.703870,2026-10-03
ORD001974,SX00001974,11804,NJ01,Out for Delivery,2026-10-02 04:24:50.549054,2026-10-05
ORD001975,SX00001975,16704,NJ01,Delivered,2026-10-02 04:25:42.394239,2026-10-04
ORD001976,SX00001976,13713,TX01,Exception,2026-10-02 04:26:34.239423,2026-10-04
ORD001977,SX00001977,15051,TX01,Exception,2026-10-02 04:27:26.084608,2026-10-03
ORD001978,SX00001978,12475,IL01,Delivered,2026-10-02 04:28:17.929792,2026-10-04
ORD001979,SX00001979,13610,IL01,In Transit,2026-10-02 04:29:09.774977,2026-10-05
ORD001980,SX00001980,14255,IL01,Exception,2026-10-02 04:30:01.620162,2026-10-05
ORD001981,SX00001981,17397,CA01,In Transit,2026-10-02 04:30:53.465346,2026-10-05
ORD001982,SX00001982,11735,CA01,Delivered,2026-10-02 04:31:45.310531,2026-10-03
ORD001983,SX00001983,19777,IL01,In Transit,2026-10-02 04:32:37.155715,2026-10-05
ORD001984,SX00001984,18258,IL01,Delivered,2026-10-02 04:33:29.000900,2026-10-03
ORD001985,SX00001985,17979,CA01,Delivered,2026-10-02 04:34:20.846084,2026-10-03
ORD001986,SX00001986,12428,CA01,Delivered,2026-10-02 04:35:12.691269,2026-10-05
ORD001987,SX00001987,17426,CA01,Delivered,2026-10-02 04:36:04.536453,2026-10-05
ORD001988,SX00001988,18533,TX01,Out for Delivery,2026-10-02 04:36:56.381638,2026-10-03
ORD001989,SX00001989,15249,NJ01,Delivered,2026-10-02 04:37:48.226822,2026-10-05
ORD001990,SX00001990,15291,IL01,Delivered,2026-10-02 04:38:40.072007,2026-10-04
ORD001991,SX00001991,12817,NJ01,Delivered,2026-10-02 04:39:31.917191,2026-10-03
ORD001992,SX00001992,19424,NJ01,Exception,2026-10-02 04:40:23.762376,2026-10-03
ORD001993,SX00001993,13874,NJ01,In Transit,2026-10-02 04:41:15.607560,2026-10-05
ORD001994,SX00001994,19686,NJ01,Delivered,2026-10-02 04:42:07.452745,2026-10-05
ORD001995,SX00001995,14211,IL01,Exception,2026-10-02 04:42:59.297929,2026-10-03
ORD001996,SX00001996,10661,IL01,Delivered,2026-10-02 04:43:51.143114,2026-10-03
ORD001997,SX00001997,13374,NJ01,Delivered,2026-10-02 04:44:42.988298,2026-10-03
ORD001998,SX00001998,19208,IL01,In Transit,2026-10-02 04:45:34.833483,2026-10-05
ORD001999,SX00001999,10207,NJ01,Out for Delivery,2026-10-02 04:46:26.678667,2026-10-03
ORD002000,SX00002000,12665,TX01,Out for Delivery,2026-10-02 04:47:18.523852,2026-10-04
ORD002001,SX00002001,12493,TX01,Delivered,2026-10-02 04:48:10.369036,2026-10-04
ORD002002,SX00002002,16813,NJ01,Delivered,2026-10-02 04:49:02.214221,2026-10-05
ORD002003,SX00002003,10632,NJ01,Delivered,2026-10-02 04:49:54.059405,2026-10-03
ORD002004,SX00002004,13083,IL01,Delivered,2026-10-02 04:50:45.904590,2026-10-03
ORD002005,SX00002005,13719,TX01,Delivered,2026-10-02 04:51:37.749774,2026-10-04
ORD002006,SX00002006,17123,NJ01,Delivered,2026-10-02 04:52:29.594959,2026-10-03
ORD002007,SX00002007,11679,NJ01,Delivered,2026-10-02 04:53:21.440144,2026-10-05
ORD002008,SX00002008,10236,CA01,Delivered,2026-10-02 04:54:13.285328,2026-10-05
ORD002009,SX00002009,17446,NJ01,Delivered,2026-10-02 04:55:05.130513,2026-10-05
ORD002010,SX00002010,14443,IL01,In Transit,2026-10-02 04:55:56.975697,2026-10-03
ORD002011,SX00002011,16770,IL01,Delivered,2026-10-02 04:56:48.820882,2026-10-03
ORD002012,SX00002012,19732,NJ01,Exception,2026-10-02 04:57:40.666066,2026-10-04
ORD002013,SX00002013,16099,NJ01,Delivered,2026-10-02 04:58:32.511251,2026-10-04
ORD002014,SX00002014,18555,CA01,Delivered,2026-10-02 04:59:24.356435,2026-10-05
ORD002015,SX00002015,12368,NJ01,Delivered,2026-10-02 05:00:16.201620,2026-10-03
ORD002016,SX00002016,10285,TX01,Delivered,2026-10-02 05:01:08.046804,2026-10-03
ORD002017,SX00002017,10148,NJ01,Delivered,2026-10-02 05:01:59.891989,2026-10-05
ORD002018,SX00002018,14037,NJ01,Out for Delivery,2026-10-02 05:02:51.737173,2026-10-05
ORD002019,SX00002019,16549,NJ01,Delivered,2026-10-02 05:03:43.582358,2026-10-04
ORD002020,SX00002020,17121,NJ01,Delivered,2026-10-02 05:04:35.427542,2026-10-04
ORD002021,SX00002021,19958,NJ01,Delivered,2026-10-02 05:05:27.272727,2026-10-05
ORD002022,SX00002022,14895,IL01,Out for Delivery,2026-10-02 05:06:19.117911,2026-10-03
ORD002023,SX00002023,15280,CA01,Delivered,2026-10-02 05:07:10.963096,2026-10-04
ORD002024,SX00002024,11012,IL01,In Transit,2026-10-02 05:08:02.808280,2026-10-05
ORD002025,SX00002025,19715,IL01,Delivered,2026-10-02 05:08:54.653465,2026-10-03
ORD002026,SX00002026,12785,IL01,Delivered,2026-10-02 05:09:46.498649,2026-10-05
ORD002027,SX00002027,13725,IL01,Delivered,2026-10-02 05:10:38.343834,2026-10-03
ORD002028,SX00002028,14576,NJ01,In Transit,2026-10-02 05:11:30.189018,2026-10-04
ORD002029,SX00002029,15782,IL01,In Transit,2026-10-02 05:12:22.034203,2026-10-03
ORD002030,SX00002030,16257,IL01,Delivered,2026-10-02 05:13:13.879387,2026-10-03
ORD002031,SX00002031,19793,NJ01,Delivered,2026-10-02 05:14:05.724572,2026-10-05
ORD002032,SX00002032,12408,TX01,Delivered,2026-10-02 05:14:57.569756,2026-10-03
ORD002033,SX00002033,10340,IL01,Delivered,2026-10-02 05:15:49.414941,2026-10-04
ORD002034,SX00002034,12817,NJ01,Delivered,2026-10-02 05:16:41.260126,2026-10-05
ORD002035,SX00002035,12496,TX01,In Transit,2026-10-02 05:17:33.105310,2026-10-05
ORD002036,SX00002036,15962,CA01,In Transit,2026-10-02 05:18:24.950495,2026-10-05
ORD002037,SX00002037,15299,TX01,Delivered,2026-10-02 05:19:16.795679,2026-10-05
ORD002038,SX00002038,19917,IL01,Exception,2026-10-02 05:20:08.640864,2026-10-05
ORD002039,SX00002039,17574,TX01,Out for Delivery,2026-10-02 05:21:00.486048,2026-10-05
ORD002040,SX00002040,11689,NJ01,Delivered,2026-10-02 05:21:52.331233,2026-10-05
ORD002041,SX00002041,13267,IL01,Delivered,2026-10-02 05:22:44.176417,2026-10-04
ORD002042,SX00002042,14406,CA01,Out for Delivery,2026-10-02 05:23:36.021602,2026-10-04
ORD002043,SX00002043,18453,NJ01,Delivered,2026-10-02 05:24:27.866786,2026-10-05
ORD002044,SX00002044,11442,CA01,Delivered,2026-10-02 05:25:19.711971,2026-10-03
ORD002045,SX00002045,18597,TX01,In Transit,2026-10-02 05:26:11.557155,2026-10-05
ORD002046,SX00002046,14437,NJ01,Delivered,2026-10-02 05:27:03.402340,2026-10-05
ORD002047,SX00002047,15435,TX01,In Transit,2026-10-02 05:27:55.247524,2026-10-05
ORD002048,SX00002048,18435,NJ01,Delivered,2026-10-02 05:28:47.092709,2026-10-03
ORD002049,SX00002049,14107,NJ01,Delivered,2026-10-02 05:29:38.937893,2026-10-04
ORD002050,SX00002050,10560,CA01,Delivered,2026-10-02 05:30:30.783078,2026-10-03
ORD002051,SX00002051,18785,TX01,Delivered,2026-10-02 05:31:22.628262,2026-10-03
ORD002052,SX00002052,15548,CA01,Delivered,2026-10-02 05:32:14.473447,2026-10-03
ORD002053,SX00002053,11826,CA01,Delivered,2026-10-02 05:33:06.318631,2026-10-03
ORD002054,SX00002054,17629,CA01,In Transit,2026-10-02 05:33:58.163816,2026-10-05
ORD002055,SX00002055,18325,TX01,Delivered,2026-10-02 05:34:50.009000,2026-10-04
ORD002056,SX00002056,13138,NJ01,Delivered,2026-10-02 05:35:41.854185,2026-10-03
ORD002057,SX00002057,17693,IL01,Delivered,2026-10-02 05:36:33.699369,2026-10-04
ORD002058,SX00002058,18264,TX01,Delivered,2026-10-02 05:37:25.544554,2026-10-05
ORD002059,SX00002059,17842,IL01,Delivered,2026-10-02 05:38:17.389738,2026-10-05
ORD002060,SX00002060,16721,IL01,Delivered,2026-10-02 05:39:09.234923,2026-10-04
ORD002061,SX00002061,17002,IL01,Out for Delivery,2026-10-02 05:40:01.080108,2026-10-05
ORD002062,SX00002062,14225,CA01,Delivered,2026-10-02 05:40:52.925292,2026-10-04
ORD002063,SX00002063,12978,CA01,Out for Delivery,2026-10-02 05:41:44.770477,2026-10-03
ORD002064,SX00002064,17373,NJ01,Delivered,2026-10-02 05:42:36.615661,2026-10-05
ORD002065,SX00002065,15907,NJ01,Delivered,2026-10-02 05:43:28.460846,2026-10-05
ORD002066,SX00002066,16097,TX01,Delivered,2026-10-02 05:44:20.306030,2026-10-04
ORD002067,SX00002067,15656,NJ01,In Transit,2026-10-02 05:45:12.151215,2026-10-05
ORD002068,SX00002068,18984,NJ01,Delivered,2026-10-02 05:46:03.996399,2026-10-03
ORD002069,SX00002069,14259,IL01,Delivered,2026-10-02 05:46:55.841584,2026-10-05
ORD002070,SX00002070,18286,IL01,Delivered,2026-10-02 05:47:47.686768,2026-10-05
ORD002071,SX00002071,15901,NJ01,In Transit,2026-10-02 05:48:39.531953,2026-10-05
ORD002072,SX00002072,19325,NJ01,In Transit,2026-10-02 05:49:31.377137,2026-10-04
ORD002073,SX00002073,14917,NJ01,Delivered,2026-10-02 05:50:23.222322,2026-10-03
ORD002074,SX00002074,18429,CA01,Delivered,2026-10-02 05:51:15.067506,2026-10-03
ORD002075,SX00002075,12530,IL01,In Transit,2026-10-02 05:52:06.912691,2026-10-05
ORD002076,SX00002076,11960,IL01,In Transit,2026-10-02 05:52:58.757875,2026-10-05
ORD002077,SX00002077,17045,NJ01,Delivered,2026-10-02 05:53:50.603060,2026-10-04
ORD002078,SX00002078,11048,IL01,Out for Delivery,2026-10-02 05:54:42.448244,2026-10-03
ORD002079,SX00002079,15772,IL01,Delivered,2026-10-02 05:55:34.293429,2026-10-05
ORD002080,SX00002080,12529,IL01,Delivered,2026-10-02 05:56:26.138613,2026-10-03
ORD002081,SX00002081,12964,NJ01,Delivered,2026-10-02 05:57:17.983798,2026-10-05
ORD002082,SX00002082,17137,IL01,Delivered,2026-10-02 05:58:09.828982,2026-10-05
ORD002083,SX00002083,10963,TX01,Delivered,2026-10-02 05:59:01.674167,2026-10-04
ORD002084,SX00002084,10536,NJ01,Delivered,2026-10-02 05:59:53.519351,2026-10-03
ORD002085,SX00002085,17340,IL01,Delivered,2026-10-02 06:00:45.364536,2026-10-03
ORD002086,SX00002086,17179,TX01,Delivered,2026-10-02 06:01:37.209720,2026-10-05
ORD002087,SX00002087,17967,IL01,Delivered,2026-10-02 06:02:29.054905,2026-10-05
ORD002088,SX00002088,18734,TX01,Delivered,2026-10-02 06:03:20.900090,2026-10-04
ORD002089,SX00002089,10845,CA01,Out for Delivery,2026-10-02 06:04:12.745274,2026-10-05
ORD002090,SX00002090,15777,IL01,Delivered,2026-10-02 06:05:04.590459,2026-10-03
ORD002091,SX00002091,13036,CA01,Delivered,2026-10-02 06:05:56.435643,2026-10-04
ORD002092,SX00002092,15947,TX01,Delivered,2026-10-02 06:06:48.280828,2026-10-03
ORD002093,SX00002093,12494,CA01,In Transit,2026-10-02 06:07:40.126012,2026-10-04
ORD002094,SX00002094,12719,TX01,Delivered,2026-10-02 06:08:31.971197,2026-10-03
ORD002095,SX00002095,11884,IL01,Delivered,2026-10-02 06:09:23.816381,2026-10-05
ORD002096,SX00002096,14349,CA01,In Transit,2026-10-02 06:10:15.661566,2026-10-03
ORD002097,SX00002097,15179,IL01,Delivered,2026-10-02 06:11:07.506750,2026-10-03
ORD002098,SX00002098,16610,IL01,Delivered,2026-10-02 06:11:59.351935,2026-10-04
ORD002099,SX00002099,16430,IL01,Delivered,2026-10-02 06:12:51.197119,2026-10-03
ORD002100,SX00002100,17154,IL01,In Transit,2026-10-02 06:13:43.042304,2026-10-05
ORD002101,SX00002101,16488,NJ01,Delivered,2026-10-02 06:14:34.887488,2026-10-04
ORD002102,SX00002102,14737,TX01,Out for Delivery,2026-10-02 06:15:26.732673,2026-10-04
ORD002103,SX00002103,16525,CA01,Delivered,2026-10-02 06:16:18.577857,2026-10-03
ORD002104,SX00002104,13850,IL01,In Transit,2026-10-02 06:17:10.423042,2026-10-04
ORD002105,SX00002105,10689,CA01,Delivered,2026-10-02 06:18:02.268226,2026-10-05
ORD002106,SX00002106,15175,CA01,Delivered,2026-10-02 06:18:54.113411,2026-10-03
ORD002107,SX00002107,18648,IL01,Delivered,2026-10-02 06:19:45.958595,2026-10-05
ORD002108,SX00002108,15078,IL01,Delivered,2026-10-02 06:20:37.803780,2026-10-03
ORD002109,SX00002109,15448,TX01,Delivered,2026-10-02 06:21:29.648964,2026-10-03
ORD002110,SX00002110,11179,NJ01,In Transit,2026-10-02 06:22:21.494149,2026-10-04
ORD002111,SX00002111,19074,TX01,Delivered,2026-10-02 06:23:13.339333,2026-10-04
ORD002112,SX00002112,16406,TX01,Delivered,2026-10-02 06:24:05.184518,2026-10-04
ORD002113,SX00002113,18591,NJ01,Delivered,2026-10-02 06:24:57.029702,2026-10-03
ORD002114,SX00002114,16907,IL01,Delivered,2026-10-02 06:25:48.874887,2026-10-04
ORD002115,SX00002115,18800,NJ01,In Transit,2026-10-02 06:26:40.720072,2026-10-05
ORD002116,SX00002116,11638,IL01,Delivered,2026-10-02 06:27:32.565256,2026-10-04
ORD002117,SX00002117,15671,NJ01,Delivered,2026-10-02 06:28:24.410441,2026-10-05
ORD002118,SX00002118,16928,TX01,Delivered,2026-10-02 06:29:16.255625,2026-10-04
ORD002119,SX00002119,11382,NJ01,Delivered,2026-10-02 06:30:08.100810,2026-10-03
ORD002120,SX00002120,11403,CA01,Delivered,2026-10-02 06:30:59.945994,2026-10-04
ORD002121,SX00002121,19011,NJ01,Delivered,2026-10-02 06:31:51.791179,2026-10-05
ORD002122,SX00002122,13292,TX01,In Transit,2026-10-02 06:32:43.636363,2026-10-05
ORD002123,SX00002123,19011,TX01,In Transit,2026-10-02 06:33:35.481548,2026-10-04
ORD002124,SX00002124,10419,CA01,In Transit,2026-10-02 06:34:27.326732,2026-10-05
ORD002125,SX00002125,14517,TX01,In Transit,2026-10-02 06:35:19.171917,2026-10-03
ORD002126,SX00002126,13302,IL01,Delivered,2026-10-02 06:36:11.017101,2026-10-04
ORD002127,SX00002127,17857,CA01,Delivered,2026-10-02 06:37:02.862286,2026-10-05
ORD002128,SX00002128,19700,TX01,In Transit,2026-10-02 06:37:54.707470,2026-10-04
ORD002129,SX00002129,17870,IL01,In Transit,2026-10-02 06:38:46.552655,2026-10-04
ORD002130,SX00002130,15693,TX01,Delivered,2026-10-02 06:39:38.397839,2026-10-04
ORD002131,SX00002131,10767,CA01,Delivered,2026-10-02 06:40:30.243024,2026-10-04
ORD002132,SX00002132,12044,NJ01,Delivered,2026-10-02 06:41:22.088208,2026-10-04
ORD002133,SX00002133,11549,IL01,Delivered,2026-10-02 06:42:13.933393,2026-10-03
ORD002134,SX00002134,19956,TX01,Delivered,2026-10-02 06:43:05.778577,2026-10-04
ORD002135,SX00002135,16140,TX01,Out for Delivery,2026-10-02 06:43:57.623762,2026-10-03
ORD002136,SX00002136,13716,NJ01,Delivered,2026-10-02 06:44:49.468946,2026-10-04
ORD002137,SX00002137,14481,IL01,Delivered,2026-10-02 06:45:41.314131,2026-10-05
ORD002138,SX00002138,17898,IL01,Delivered,2026-10-02 06:46:33.159315,2026-10-04
ORD002139,SX00002139,16548,TX01,Delivered,2026-10-02 06:47:25.004500,2026-10-04
ORD002140,SX00002140,12293,TX01,Delivered,2026-10-02 06:48:16.849684,2026-10-05
ORD002141,SX00002141,14837,IL01,Exception,2026-10-02 06:49:08.694869,2026-10-03
ORD002142,SX00002142,17758,IL01,In Transit,2026-10-02 06:50:00.540054,2026-10-03
ORD002143,SX00002143,16793,IL01,Out for Delivery,2026-10-02 06:50:52.385238,2026-10-03
ORD002144,SX00002144,17638,TX01,Delivered,2026-10-02 06:51:44.230423,2026-10-03
ORD002145,SX00002145,17993,IL01,Delivered,2026-10-02 06:52:36.075607,2026-10-05
ORD002146,SX00002146,16007,IL01,Exception,2026-10-02 06:53:27.920792,2026-10-03
ORD002147,SX00002147,15542,IL01,Delivered,2026-10-02 06:54:19.765976,2026-10-03
ORD002148,SX00002148,19092,NJ01,Out for Delivery,2026-10-02 06:55:11.611161,2026-10-03
ORD002149,SX00002149,16356,NJ01,In Transit,2026-10-02 06:56:03.456345,2026-10-03
ORD002150,SX00002150,18433,IL01,Delivered,2026-10-02 06:56:55.301530,2026-10-03
ORD002151,SX00002151,17380,CA01,Delivered,2026-10-02 06:57:47.146714,2026-10-04
ORD002152,SX00002152,12385,IL01,Delivered,2026-10-02 06:58:38.991899,2026-10-04
ORD002153,SX00002153,14268,IL01,Delivered,2026-10-02 06:59:30.837083,2026-10-03
ORD002154,SX00002154,10671,CA01,Delivered,2026-10-02 07:00:22.682268,2026-10-05
ORD002155,SX00002155,10163,NJ01,Out for Delivery,2026-10-02 07:01:14.527452,2026-10-05
ORD002156,SX00002156,18656,NJ01,In Transit,2026-10-02 07:02:06.372637,2026-10-04
ORD002157,SX00002157,14592,IL01,Delivered,2026-10-02 07:02:58.217821,2026-10-05
ORD002158,SX00002158,14795,TX01,Delivered,2026-10-02 07:03:50.063006,2026-10-04
ORD002159,SX00002159,14798,NJ01,Delivered,2026-10-02 07:04:41.908190,2026-10-03
ORD002160,SX00002160,16036,TX01,Delivered,2026-10-02 07:05:33.753375,2026-10-03
ORD002161,SX00002161,12355,IL01,Delivered,2026-10-02 07:06:25.598559,2026-10-05
ORD002162,SX00002162,15887,NJ01,Delivered,2026-10-02 07:07:17.443744,2026-10-05
ORD002163,SX00002163,17961,TX01,Delivered,2026-10-02 07:08:09.288928,2026-10-05
ORD002164,SX00002164,15827,CA01,Delivered,2026-10-02 07:09:01.134113,2026-10-03
ORD002165,SX00002165,18737,IL01,Delivered,2026-10-02 07:09:52.979297,2026-10-03
ORD002166,SX00002166,14719,TX01,Delivered,2026-10-02 07:10:44.824482,2026-10-05
ORD002167,SX00002167,10593,IL01,Delivered,2026-10-02 07:11:36.669666,2026-10-05
ORD002168,SX00002168,14839,NJ01,Delivered,2026-10-02 07:12:28.514851,2026-10-05
ORD002169,SX00002169,17394,IL01,Delivered,2026-10-02 07:13:20.360036,2026-10-05
ORD002170,SX00002170,19651,NJ01,Out for Delivery,2026-10-02 07:14:12.205220,2026-10-04
ORD002171,SX00002171,13493,IL01,In Transit,2026-10-02 07:15:04.050405,2026-10-05
ORD002172,SX00002172,16164,IL01,Delivered,2026-10-02 07:15:55.895589,2026-10-05
ORD002173,SX00002173,12672,IL01,Delivered,2026-10-02 07:16:47.740774,2026-10-04
ORD002174,SX00002174,14200,IL01,Delivered,2026-10-02 07:17:39.585958,2026-10-04
ORD002175,SX00002175,10016,CA01,Delivered,2026-10-02 07:18:31.431143,2026-10-04
ORD002176,SX00002176,13191,CA01,In Transit,2026-10-02 07:19:23.276327,2026-10-04
ORD002177,SX00002177,10392,TX01,Delivered,2026-10-02 07:20:15.121512,2026-10-05
ORD002178,SX00002178,18616,IL01,Delivered,2026-10-02 07:21:06.966696,2026-10-03
ORD002179,SX00002179,16272,NJ01,Delivered,2026-10-02 07:21:58.811881,2026-10-03
ORD002180,SX00002180,10571,TX01,Out for Delivery,2026-10-02 07:22:50.657065,2026-10-03
ORD002181,SX00002181,13631,CA01,Out for Delivery,2026-10-02 07:23:42.502250,2026-10-03
ORD002182,SX00002182,16172,NJ01,Delivered,2026-10-02 07:24:34.347434,2026-10-03
ORD002183,SX00002183,19312,TX01,In Transit,2026-10-02 07:25:26.192619,2026-10-03
ORD002184,SX00002184,17177,CA01,Delivered,2026-10-02 07:26:18.037803,2026-10-04
ORD002185,SX00002185,18433,CA01,Delivered,2026-10-02 07:27:09.882988,2026-10-04
ORD002186,SX00002186,13897,IL01,Delivered,2026-10-02 07:28:01.728172,2026-10-03
ORD002187,SX00002187,18123,IL01,Delivered,2026-10-02 07:28:53.573357,2026-10-05
ORD002188,SX00002188,12279,NJ01,Delivered,2026-10-02 07:29:45.418541,2026-10-05
ORD002189,SX00002189,18980,NJ01,Out for Delivery,2026-10-02 07:30:37.263726,2026-10-03
ORD002190,SX00002190,17451,IL01,In Transit,2026-10-02 07:31:29.108910,2026-10-05
ORD002191,SX00002191,18906,IL01,Delivered,2026-10-02 07:32:20.954095,2026-10-04
ORD002192,SX00002192,10775,TX01,Delivered,2026-10-02 07:33:12.799279,2026-10-04
ORD002193,SX00002193,16869,NJ01,Delivered,2026-10-02 07:34:04.644464,2026-10-05
ORD002194,SX00002194,12247,IL01,Delivered,2026-10-02 07:34:56.489648,2026-10-03
ORD002195,SX00002195,17088,NJ01,In Transit,2026-10-02 07:35:48.334833,2026-10-04
ORD002196,SX00002196,10078,TX01,Delivered,2026-10-02 07:36:40.180018,2026-10-05
ORD002197,SX00002197,18080,TX01,Delivered,2026-10-02 07:37:32.025202,2026-10-05
ORD002198,SX00002198,17099,IL01,Delivered,2026-10-02 07:38:23.870387,2026-10-04
ORD002199,SX00002199,13926,TX01,Delivered,2026-10-02 07:39:15.715571,2026-10-04
ORD002200,SX00002200,19047,NJ01,Delivered,2026-10-02 07:40:07.560756,2026-10-03
ORD002201,SX00002201,17340,IL01,Out for Delivery,2026-10-02 07:40:59.405940,2026-10-05
ORD002202,SX00002202,17083,TX01,In Transit,2026-10-02 07:41:51.251125,2026-10-03
ORD002203,SX00002203,16230,IL01,Delivered,2026-10-02 07:42:43.096309,2026-10-04
ORD002204,SX00002204,19223,IL01,In Transit,2026-10-02 07:43:34.941494,2026-10-05
ORD002205,SX00002205,14940,NJ01,Out for Delivery,2026-10-02 07:44:26.786678,2026-10-04
ORD002206,SX00002206,13271,IL01,Delivered,2026-10-02 07:45:18.631863,2026-10-04
ORD002207,SX00002207,13456,IL01,Delivered,2026-10-02 07:46:10.477047,2026-10-04
ORD002208,SX00002208,17788,TX01,Delivered,2026-10-02 07:47:02.322232,2026-10-03
ORD002209,SX00002209,18599,IL01,Delivered,2026-10-02 07:47:54.167416,2026-10-04
ORD002210,SX00002210,17650,CA01,Delivered,2026-10-02 07:48:46.012601,2026-10-03
ORD002211,SX00002211,12711,NJ01,Delivered,2026-10-02 07:49:37.857785,2026-10-04
ORD002212,SX00002212,11668,IL01,Delivered,2026-10-02 07:50:29.702970,2026-10-04
ORD002213,SX00002213,10147,IL01,Delivered,2026-10-02 07:51:21.548154,2026-10-05
ORD002214,SX00002214,16420,NJ01,Delivered,2026-10-02 07:52:13.393339,2026-10-04
ORD002215,SX00002215,10365,NJ01,Delivered,2026-10-02 07:53:05.238523,2026-10-05
ORD002216,SX00002216,19866,IL01,Delivered,2026-10-02 07:53:57.083708,2026-10-05
ORD002217,SX00002217,14531,IL01,Delivered,2026-10-02 07:54:48.928892,2026-10-03
ORD002218,SX00002218,15330,TX01,Delivered,2026-10-02 07:55:40.774077,2026-10-05
ORD002219,SX00002219,15510,IL01,Delivered,2026-10-02 07:56:32.619261,2026-10-05
ORD002220,SX00002220,18754,CA01,Out for Delivery,2026-10-02 07:57:24.464446,2026-10-04
ORD002221,SX00002221,18964,TX01,Delivered,2026-10-02 07:58:16.309630,2026-10-04
ORD002222,SX00002222,16493,NJ01,Delivered,2026-10-02 07:59:08.154815,2026-10-03
ORD002223,SX00002223,15439,IL01,Delivered,2026-10-02 08:00:00.000000,2026-10-05
ORD002224,SX00002224,19765,IL01,Delivered,2026-10-02 08:00:51.845184,2026-10-05
ORD002225,SX00002225,16511,TX01,Delivered,2026-10-02 08:01:43.690369,2026-10-03
ORD002226,SX00002226,17504,IL01,Delivered,2026-10-02 08:02:35.535553,2026-10-04
ORD002227,SX00002227,11246,IL01,In Transit,2026-10-02 08:03:27.380738,2026-10-05
ORD002228,SX00002228,13839,NJ01,Delivered,2026-10-02 08:04:19.225922,2026-10-03
ORD002229,SX00002229,18551,IL01,Delivered,2026-10-02 08:05:11.071107,2026-10-04
ORD002230,SX00002230,12376,NJ01,In Transit,2026-10-02 08:06:02.916291,2026-10-03
ORD002231,SX00002231,13009,TX01,Delivered,2026-10-02 08:06:54.761476,2026-10-03
ORD002232,SX00002232,19154,NJ01,Delivered,2026-10-02 08:07:46.606660,2026-10-05
ORD002233,SX00002233,11827,CA01,Delivered,2026-10-02 08:08:38.451845,2026-10-04
ORD002234,SX00002234,16979,TX01,Out for Delivery,2026-10-02 08:09:30.297029,2026-10-05
ORD002235,SX00002235,19805,IL01,In Transit,2026-10-02 08:10:22.142214,2026-10-05
ORD002236,SX00002236,19832,IL01,Delivered,2026-10-02 08:11:13.987398,2026-10-04
ORD002237,SX00002237,18569,NJ01,Delivered,2026-10-02 08:12:05.832583,2026-10-04
ORD002238,SX00002238,14285,NJ01,In Transit,2026-10-02 08:12:57.677767,2026-10-04
ORD002239,SX00002239,16910,IL01,Delivered,2026-10-02 08:13:49.522952,2026-10-05
ORD002240,SX00002240,18561,CA01,In Transit,2026-10-02 08:14:41.368136,2026-10-04
ORD002241,SX00002241,12196,NJ01,Delivered,2026-10-02 08:15:33.213321,2026-10-04
ORD002242,SX00002242,13747,IL01,Out for Delivery,2026-10-02 08:16:25.058505,2026-10-04
ORD002243,SX00002243,18843,NJ01,In Transit,2026-10-02 08:17:16.903690,2026-10-03
ORD002244,SX00002244,15978,IL01,Delivered,2026-10-02 08:18:08.748874,2026-10-04
ORD002245,SX00002245,15607,TX01,Delivered,2026-10-02 08:19:00.594059,2026-10-05
ORD002246,SX00002246,10769,NJ01,Delivered,2026-10-02 08:19:52.439243,2026-10-03
ORD002247,SX00002247,10780,IL01,Delivered,2026-10-02 08:20:44.284428,2026-10-05
ORD002248,SX00002248,19908,IL01,Delivered,2026-10-02 08:21:36.129612,2026-10-03
ORD002249,SX00002249,16303,CA01,Delivered,2026-10-02 08:22:27.974797,2026-10-04
ORD002250,SX00002250,13983,NJ01,Delivered,2026-10-02 08:23:19.819981,2026-10-03
ORD002251,SX00002251,19503,CA01,Delivered,2026-10-02 08:24:11.665166,2026-10-05
ORD002252,SX00002252,18714,IL01,In Transit,2026-10-02 08:25:03.510351,2026-10-03
ORD002253,SX00002253,10521,IL01,Delivered,2026-10-02 08:25:55.355535,2026-10-04
ORD002254,SX00002254,19127,IL01,In Transit,2026-10-02 08:26:47.200720,2026-10-04
ORD002255,SX00002255,17569,NJ01,Delivered,2026-10-02 08:27:39.045904,2026-10-05
ORD002256,SX00002256,15784,IL01,Delivered,2026-10-02 08:28:30.891089,2026-10-03
ORD002257,SX00002257,14583,IL01,Delivered,2026-10-02 08:29:22.736273,2026-10-05
ORD002258,SX00002258,15946,NJ01,Delivered,2026-10-02 08:30:14.581458,2026-10-05
ORD002259,SX00002259,14941,NJ01,Delivered,2026-10-02 08:31:06.426642,2026-10-05
ORD002260,SX00002260,16267,IL01,Delivered,2026-10-02 08:31:58.271827,2026-10-04
ORD002261,SX00002261,17128,NJ01,Exception,2026-10-02 08:32:50.117011,2026-10-03
ORD002262,SX00002262,12461,TX01,Delivered,2026-10-02 08:33:41.962196,2026-10-04
ORD002263,SX00002263,10685,IL01,In Transit,2026-10-02 08:34:33.807380,2026-10-04
ORD002264,SX00002264,12160,IL01,Delivered,2026-10-02 08:35:25.652565,2026-10-04
ORD002265,SX00002265,17031,IL01,Delivered,2026-10-02 08:36:17.497749,2026-10-03
ORD002266,SX00002266,19759,TX01,Delivered,2026-10-02 08:37:09.342934,2026-10-04
ORD002267,SX00002267,15341,TX01,In Transit,2026-10-02 08:38:01.188118,2026-10-04
ORD002268,SX00002268,10038,IL01,Delivered,2026-10-02 08:38:53.033303,2026-10-04
ORD002269,SX00002269,14875,IL01,In Transit,2026-10-02 08:39:44.878487,2026-10-03
ORD002270,SX00002270,11256,CA01,Delivered,2026-10-02 08:40:36.723672,2026-10-03
ORD002271,SX00002271,17697,CA01,Delivered,2026-10-02 08:41:28.568856,2026-10-05
ORD002272,SX00002272,12196,TX01,Delivered,2026-10-02 08:42:20.414041,2026-10-04
ORD002273,SX00002273,17165,CA01,Delivered,2026-10-02 08:43:12.259225,2026-10-04
ORD002274,SX00002274,10301,TX01,Delivered,2026-10-02 08:44:04.104410,2026-10-03
ORD002275,SX00002275,17527,TX01,Delivered,2026-10-02 08:44:55.949594,2026-10-03
ORD002276,SX00002276,16381,IL01,Delivered,2026-10-02 08:45:47.794779,2026-10-04
ORD002277,SX00002277,10646,NJ01,Delivered,2026-10-02 08:46:39.639963,2026-10-05
ORD002278,SX00002278,19951,IL01,Delivered,2026-10-02 08:47:31.485148,2026-10-05
ORD002279,SX00002279,18789,TX01,Delivered,2026-10-02 08:48:23.330333,2026-10-04
ORD002280,SX00002280,18853,CA01,Delivered,2026-10-02 08:49:15.175517,2026-10-05
ORD002281,SX00002281,14330,NJ01,Delivered,2026-10-02 08:50:07.020702,2026-10-05
ORD002282,SX00002282,19560,IL01,In Transit,2026-10-02 08:50:58.865886,2026-10-04
ORD002283,SX00002283,17003,IL01,In Transit,2026-10-02 08:51:50.711071,2026-10-05
ORD002284,SX00002284,13537,IL01,Delivered,2026-10-02 08:52:42.556255,2026-10-03
ORD002285,SX00002285,14558,IL01,Delivered,2026-10-02 08:53:34.401440,2026-10-04
ORD002286,SX00002286,16579,NJ01,Delivered,2026-10-02 08:54:26.246624,2026-10-03
ORD002287,SX00002287,18474,CA01,Out for Delivery,2026-10-02 08:55:18.091809,2026-10-04
ORD002288,SX00002288,19678,IL01,In Transit,2026-10-02 08:56:09.936993,2026-10-03
ORD002289,SX00002289,14082,IL01,Delivered,2026-10-02 08:57:01.782178,2026-10-05
ORD002290,SX00002290,14183,NJ01,In Transit,2026-10-02 08:57:53.627362,2026-10-03
ORD002291,SX00002291,18652,IL01,Delivered,2026-10-02 08:58:45.472547,2026-10-03
ORD002292,SX00002292,13754,CA01,Delivered,2026-10-02 08:59:37.317731,2026-10-03
ORD002293,SX00002293,11724,IL01,Out for Delivery,2026-10-02 09:00:29.162916,2026-10-03
ORD002294,SX00002294,11376,IL01,In Transit,2026-10-02 09:01:21.008100,2026-10-03
ORD002295,SX00002295,18706,IL01,In Transit,2026-10-02 09:02:12.853285,2026-10-04
ORD002296,SX00002296,18894,IL01,Delivered,2026-10-02 09:03:04.698469,2026-10-03
ORD002297,SX00002297,11653,NJ01,Delivered,2026-10-02 09:03:56.543654,2026-10-03
ORD002298,SX00002298,12066,IL01,Out for Delivery,2026-10-02 09:04:48.388838,2026-10-04
ORD002299,SX00002299,10022,NJ01,Delivered,2026-10-02 09:05:40.234023,2026-10-04
ORD002300,SX00002300,12460,NJ01,Delivered,2026-10-02 09:06:32.079207,2026-10-05
ORD002301,SX00002301,15926,IL01,Delivered,2026-10-02 09:07:23.924392,2026-10-03
ORD002302,SX00002302,16251,IL01,Out for Delivery,2026-10-02 09:08:15.769576,2026-10-03
ORD002303,SX00002303,19496,NJ01,Out for Delivery,2026-10-02 09:09:07.614761,2026-10-05
ORD002304,SX00002304,17295,TX01,Delivered,2026-10-02 09:09:59.459945,2026-10-03
ORD002305,SX00002305,13300,CA01,In Transit,2026-10-02 09:10:51.305130,2026-10-05
ORD002306,SX00002306,16279,IL01,Delivered,2026-10-02 09:11:43.150315,2026-10-04
ORD002307,SX00002307,18553,IL01,Delivered,2026-10-02 09:12:34.995499,2026-10-03
ORD002308,SX00002308,17353,IL01,Delivered,2026-10-02 09:13:26.840684,2026-10-03
ORD002309,SX00002309,13727,NJ01,Delivered,2026-10-02 09:14:18.685868,2026-10-04
ORD002310,SX00002310,16272,NJ01,In Transit,2026-10-02 09:15:10.531053,2026-10-03
ORD002311,SX00002311,15995,TX01,Out for Delivery,2026-10-02 09:16:02.376237,2026-10-04
ORD002312,SX00002312,19476,TX01,Delivered,2026-10-02 09:16:54.221422,2026-10-04
ORD002313,SX00002313,10514,IL01,In Transit,2026-10-02 09:17:46.066606,2026-10-05
ORD002314,SX00002314,10448,NJ01,Delivered,2026-10-02 09:18:37.911791,2026-10-04
ORD002315,SX00002315,16019,CA01,Delivered,2026-10-02 09:19:29.756975,2026-10-05
ORD002316,SX00002316,15343,IL01,In Transit,2026-10-02 09:20:21.602160,2026-10-04
ORD002317,SX00002317,18033,NJ01,Delivered,2026-10-02 09:21:13.447344,2026-10-05
ORD002318,SX00002318,12520,CA01,In Transit,2026-10-02 09:22:05.292529,2026-10-05
ORD002319,SX00002319,13081,TX01,Delivered,2026-10-02 09:22:57.137713,2026-10-05
ORD002320,SX00002320,11428,TX01,In Transit,2026-10-02 09:23:48.982898,2026-10-05
ORD002321,SX00002321,13967,IL01,Delivered,2026-10-02 09:24:40.828082,2026-10-03
ORD002322,SX00002322,16445,NJ01,Delivered,2026-10-02 09:25:32.673267,2026-10-04
ORD002323,SX00002323,19114,IL01,Delivered,2026-10-02 09:26:24.518451,2026-10-04
ORD002324,SX00002324,12159,NJ01,Delivered,2026-10-02 09:27:16.363636,2026-10-04
ORD002325,SX00002325,15132,IL01,Delivered,2026-10-02 09:28:08.208820,2026-10-04
ORD002326,SX00002326,12547,TX01,Delivered,2026-10-02 09:29:00.054005,2026-10-05
ORD002327,SX00002327,12979,TX01,In Transit,2026-10-02 09:29:51.899189,2026-10-03
ORD002328,SX00002328,12649,NJ01,Out for Delivery,2026-10-02 09:30:43.744374,2026-10-04
ORD002329,SX00002329,18505,IL01,Out for Delivery,2026-10-02 09:31:35.589558,2026-10-04
ORD002330,SX00002330,13083,IL01,In Transit,2026-10-02 09:32:27.434743,2026-10-04
ORD002331,SX00002331,11037,TX01,In Transit,2026-10-02 09:33:19.279927,2026-10-05
ORD002332,SX00002332,13489,NJ01,Delivered,2026-10-02 09:34:11.125112,2026-10-04
ORD002333,SX00002333,17604,TX01,In Transit,2026-10-02 09:35:02.970297,2026-10-04
ORD002334,SX00002334,17544,IL01,In Transit,2026-10-02 09:35:54.815481,2026-10-03
ORD002335,SX00002335,12634,NJ01,Delivered,2026-10-02 09:36:46.660666,2026-10-05
ORD002336,SX00002336,13983,TX01,Delivered,2026-10-02 09:37:38.505850,2026-10-03
ORD002337,SX00002337,11778,NJ01,Delivered,2026-10-02 09:38:30.351035,2026-10-04
ORD002338,SX00002338,17902,NJ01,Out for Delivery,2026-10-02 09:39:22.196219,2026-10-05
ORD002339,SX00002339,15110,TX01,Delivered,2026-10-02 09:40:14.041404,2026-10-04
ORD002340,SX00002340,15189,IL01,Out for Delivery,2026-10-02 09:41:05.886588,2026-10-04
ORD002341,SX00002341,17378,IL01,Delivered,2026-10-02 09:41:57.731773,2026-10-05
ORD002342,SX00002342,11124,NJ01,Delivered,2026-10-02 09:42:49.576957,2026-10-03
ORD002343,SX00002343,10697,IL01,Exception,2026-10-02 09:43:41.422142,2026-10-05
ORD002344,SX00002344,12179,TX01,Delivered,2026-10-02 09:44:33.267326,2026-10-05
ORD002345,SX00002345,19596,TX01,Delivered,2026-10-02 09:45:25.112511,2026-10-03
ORD002346,SX00002346,15251,CA01,Delivered,2026-10-02 09:46:16.957695,2026-10-05
ORD002347,SX00002347,19235,NJ01,Out for Delivery,2026-10-02 09:47:08.802880,2026-10-03
ORD002348,SX00002348,11929,IL01,Delivered,2026-10-02 09:48:00.648064,2026-10-03
ORD002349,SX00002349,11013,IL01,Delivered,2026-10-02 09:48:52.493249,2026-10-05
ORD002350,SX00002350,10226,TX01,Delivered,2026-10-02 09:49:44.338433,2026-10-05
ORD002351,SX00002351,17321,IL01,Delivered,2026-10-02 09:50:36.183618,2026-10-03
ORD002352,SX00002352,11828,TX01,Delivered,2026-10-02 09:51:28.028802,2026-10-03
ORD002353,SX00002353,17909,TX01,In Transit,2026-10-02 09:52:19.873987,2026-10-03
ORD002354,SX00002354,15588,IL01,In Transit,2026-10-02 09:53:11.719171,2026-10-03
ORD002355,SX00002355,12023,IL01,In Transit,2026-10-02 09:54:03.564356,2026-10-03
ORD002356,SX00002356,14966,NJ01,Delivered,2026-10-02 09:54:55.409540,2026-10-05
ORD002357,SX00002357,15891,CA01,Delivered,2026-10-02 09:55:47.254725,2026-10-04
ORD002358,SX00002358,11080,IL01,Exception,2026-10-02 09:56:39.099909,2026-10-05
ORD002359,SX00002359,15036,CA01,Delivered,2026-10-02 09:57:30.945094,2026-10-04
ORD002360,SX00002360,12563,NJ01,Delivered,2026-10-02 09:58:22.790279,2026-10-03
ORD002361,SX00002361,13292,CA01,Exception,2026-10-02 09:59:14.635463,2026-10-05
ORD002362,SX00002362,13586,IL01,Delivered,2026-10-02 10:00:06.480648,2026-10-04
ORD002363,SX00002363,14431,IL01,In Transit,2026-10-02 10:00:58.325832,2026-10-03
ORD002364,SX00002364,16841,TX01,Delivered,2026-10-02 10:01:50.171017,2026-10-05
ORD002365,SX00002365,16643,CA01,Delivered,2026-10-02 10:02:42.016201,2026-10-04
ORD002366,SX00002366,13959,NJ01,Out for Delivery,2026-10-02 10:03:33.861386,2026-10-05
ORD002367,SX00002367,10161,TX01,Delivered,2026-10-02 10:04:25.706570,2026-10-04
ORD002368,SX00002368,10593,CA01,Delivered,2026-10-02 10:05:17.551755,2026-10-05
ORD002369,SX00002369,13390,IL01,Delivered,2026-10-02 10:06:09.396939,2026-10-05
ORD002370,SX00002370,15997,NJ01,Delivered,2026-10-02 10:07:01.242124,2026-10-04
ORD002371,SX00002371,16354,CA01,Delivered,2026-10-02 10:07:53.087308,2026-10-05
ORD002372,SX00002372,10663,IL01,In Transit,2026-10-02 10:08:44.932493,2026-10-05
ORD002373,SX00002373,19324,IL01,Delivered,2026-10-02 10:09:36.777677,2026-10-03
ORD002374,SX00002374,10541,TX01,Delivered,2026-10-02 10:10:28.622862,2026-10-04
ORD002375,SX00002375,15433,IL01,Delivered,2026-10-02 10:11:20.468046,2026-10-05
ORD002376,SX00002376,15093,IL01,Delivered,2026-10-02 10:12:12.313231,2026-10-04
ORD002377,SX00002377,10867,CA01,Delivered,2026-10-02 10:13:04.158415,2026-10-05
ORD002378,SX00002378,18623,NJ01,In Transit,2026-10-02 10:13:56.003600,2026-10-04
ORD002379,SX00002379,15469,TX01,Out for Delivery,2026-10-02 10:14:47.848784,2026-10-04
ORD002380,SX00002380,16256,TX01,Delivered,2026-10-02 10:15:39.693969,2026-10-03
ORD002381,SX00002381,19398,IL01,Delivered,2026-10-02 10:16:31.539153,2026-10-03
ORD002382,SX00002382,11169,IL01,Delivered,2026-10-02 10:17:23.384338,2026-10-04
ORD002383,SX00002383,10830,IL01,Delivered,2026-10-02 10:18:15.229522,2026-10-05
ORD002384,SX00002384,11651,IL01,Delivered,2026-10-02 10:19:07.074707,2026-10-04
ORD002385,SX00002385,11136,TX01,In Transit,2026-10-02 10:19:58.919891,2026-10-05
ORD002386,SX00002386,12810,NJ01,Delivered,2026-10-02 10:20:50.765076,2026-10-04
ORD002387,SX00002387,18667,NJ01,Delivered,2026-10-02 10:21:42.610261,2026-10-03
ORD002388,SX00002388,19518,IL01,In Transit,2026-10-02 10:22:34.455445,2026-10-03
ORD002389,SX00002389,11019,IL01,Delivered,2026-10-02 10:23:26.300630,2026-10-05
ORD002390,SX00002390,15237,NJ01,Delivered,2026-10-02 10:24:18.145814,2026-10-04
ORD002391,SX00002391,11283,NJ01,Delivered,2026-10-02 10:25:09.990999,2026-10-05
ORD002392,SX00002392,10659,IL01,Out for Delivery,2026-10-02 10:26:01.836183,2026-10-03
ORD002393,SX00002393,12010,NJ01,Delivered,2026-10-02 10:26:53.681368,2026-10-04
ORD002394,SX00002394,18590,IL01,Delivered,2026-10-02 10:27:45.526552,2026-10-03
ORD002395,SX00002395,11733,IL01,Delivered,2026-10-02 10:28:37.371737,2026-10-03
ORD002396,SX00002396,12125,TX01,In Transit,2026-10-02 10:29:29.216921,2026-10-04
ORD002397,SX00002397,12171,IL01,Delivered,2026-10-02 10:30:21.062106,2026-10-05
ORD002398,SX00002398,18266,NJ01,Exception,2026-10-02 10:31:12.907290,2026-10-04
ORD002399,SX00002399,13471,IL01,In Transit,2026-10-02 10:32:04.752475,2026-10-03
ORD002400,SX00002400,19028,IL01,Delivered,2026-10-02 10:32:56.597659,2026-10-03
ORD002401,SX00002401,15624,IL01,Delivered,2026-10-02 10:33:48.442844,2026-10-03
ORD002402,SX00002402,18691,CA01,Delivered,2026-10-02 10:34:40.288028,2026-10-03
ORD002403,SX00002403,18329,NJ01,Delivered,2026-10-02 10:35:32.133213,2026-10-05
ORD002404,SX00002404,12097,CA01,Out for Delivery,2026-10-02 10:36:23.978397,2026-10-04
ORD002405,SX00002405,15068,NJ01,Delivered,2026-10-02 10:37:15.823582,2026-10-04
ORD002406,SX00002406,16397,NJ01,Delivered,2026-10-02 10:38:07.668766,2026-10-05
ORD002407,SX00002407,12757,IL01,Delivered,2026-10-02 10:38:59.513951,2026-10-05
ORD002408,SX00002408,13920,IL01,Delivered,2026-10-02 10:39:51.359135,2026-10-03
ORD002409,SX00002409,18186,IL01,Delivered,2026-10-02 10:40:43.204320,2026-10-04
ORD002410,SX00002410,11900,IL01,Delivered,2026-10-02 10:41:35.049504,2026-10-04
ORD002411,SX00002411,12610,NJ01,Delivered,2026-10-02 10:42:26.894689,2026-10-04
ORD002412,SX00002412,16900,IL01,Delivered,2026-10-02 10:43:18.739873,2026-10-05
ORD002413,SX00002413,11449,IL01,Delivered,2026-10-02 10:44:10.585058,2026-10-03
ORD002414,SX00002414,18738,IL01,Delivered,2026-10-02 10:45:02.430243,2026-10-03
ORD002415,SX00002415,15017,NJ01,Delivered,2026-10-02 10:45:54.275427,2026-10-04
ORD002416,SX00002416,17999,TX01,Delivered,2026-10-02 10:46:46.120612,2026-10-03
ORD002417,SX00002417,16052,CA01,Delivered,2026-10-02 10:47:37.965796,2026-10-05
ORD002418,SX00002418,12096,IL01,Delivered,2026-10-02 10:48:29.810981,2026-10-05
ORD002419,SX00002419,18895,IL01,Exception,2026-10-02 10:49:21.656165,2026-10-04
ORD002420,SX00002420,16404,IL01,Delivered,2026-10-02 10:50:13.501350,2026-10-03
ORD002421,SX00002421,19817,CA01,Delivered,2026-10-02 10:51:05.346534,2026-10-05
ORD002422,SX00002422,13331,IL01,Delivered,2026-10-02 10:51:57.191719,2026-10-05
ORD002423,SX00002423,17462,TX01,Delivered,2026-10-02 10:52:49.036903,2026-10-05
ORD002424,SX00002424,15105,NJ01,In Transit,2026-10-02 10:53:40.882088,2026-10-05
ORD002425,SX00002425,12978,IL01,Delivered,2026-10-02 10:54:32.727272,2026-10-03
ORD002426,SX00002426,12839,IL01,In Transit,2026-10-02 10:55:24.572457,2026-10-05
ORD002427,SX00002427,13384,IL01,Delivered,2026-10-02 10:56:16.417641,2026-10-05
ORD002428,SX00002428,10685,CA01,Delivered,2026-10-02 10:57:08.262826,2026-10-03
ORD002429,SX00002429,17531,NJ01,In Transit,2026-10-02 10:58:00.108010,2026-10-04
ORD002430,SX00002430,14283,NJ01,Delivered,2026-10-02 10:58:51.953195,2026-10-04
ORD002431,SX00002431,17736,NJ01,In Transit,2026-10-02 10:59:43.798379,2026-10-05
ORD002432,SX00002432,17710,NJ01,Delivered,2026-10-02 11:00:35.643564,2026-10-04
ORD002433,SX00002433,11619,NJ01,In Transit,2026-10-02 11:01:27.488748,2026-10-03
ORD002434,SX00002434,16868,IL01,Delivered,2026-10-02 11:02:19.333933,2026-10-05
ORD002435,SX00002435,11431,IL01,Delivered,2026-10-02 11:03:11.179117,2026-10-03
ORD002436,SX00002436,19067,IL01,Out for Delivery,2026-10-02 11:04:03.024302,2026-10-04
ORD002437,SX00002437,14713,TX01,Delivered,2026-10-02 11:04:54.869486,2026-10-04
ORD002438,SX00002438,19557,IL01,Delivered,2026-10-02 11:05:46.714671,2026-10-05
ORD002439,SX00002439,19435,NJ01,In Transit,2026-10-02 11:06:38.559855,2026-10-04
ORD002440,SX00002440,14998,IL01,Delivered,2026-10-02 11:07:30.405040,2026-10-05
ORD002441,SX00002441,10162,CA01,Delivered,2026-10-02 11:08:22.250225,2026-10-05
ORD002442,SX00002442,11974,IL01,Out for Delivery,2026-10-02 11:09:14.095409,2026-10-03
ORD002443,SX00002443,13291,IL01,Delivered,2026-10-02 11:10:05.940594,2026-10-04
ORD002444,SX00002444,18461,CA01,Delivered,2026-10-02 11:10:57.785778,2026-10-04
ORD002445,SX00002445,10631,NJ01,Delivered,2026-10-02 11:11:49.630963,2026-10-05
ORD002446,SX00002446,10905,CA01,Delivered,2026-10-02 11:12:41.476147,2026-10-05
ORD002447,SX00002447,12014,IL01,Delivered,2026-10-02 11:13:33.321332,2026-10-05
ORD002448,SX00002448,19833,IL01,Delivered,2026-10-02 11:14:25.166516,2026-10-05
ORD002449,SX00002449,17896,TX01,In Transit,2026-10-02 11:15:17.011701,2026-10-03
ORD002450,SX00002450,10204,CA01,Delivered,2026-10-02 11:16:08.856885,2026-10-04
ORD002451,SX00002451,10581,IL01,Out for Delivery,2026-10-02 11:17:00.702070,2026-10-03
ORD002452,SX00002452,15675,CA01,In Transit,2026-10-02 11:17:52.547254,2026-10-04
ORD002453,SX00002453,19032,NJ01,Out for Delivery,2026-10-02 11:18:44.392439,2026-10-03
ORD002454,SX00002454,15347,TX01,Delivered,2026-10-02 11:19:36.237623,2026-10-05
ORD002455,SX00002455,19911,IL01,Delivered,2026-10-02 11:20:28.082808,2026-10-03
ORD002456,SX00002456,12643,IL01,Delivered,2026-10-02 11:21:19.927992,2026-10-03
ORD002457,SX00002457,18017,CA01,Delivered,2026-10-02 11:22:11.773177,2026-10-05
ORD002458,SX00002458,12297,CA01,Delivered,2026-10-02 11:23:03.618361,2026-10-05
ORD002459,SX00002459,10874,NJ01,In Transit,2026-10-02 11:23:55.463546,2026-10-04
ORD002460,SX00002460,15560,IL01,Delivered,2026-10-02 11:24:47.308730,2026-10-04
ORD002461,SX00002461,10689,IL01,Delivered,2026-10-02 11:25:39.153915,2026-10-03
ORD002462,SX00002462,14000,NJ01,Delivered,2026-10-02 11:26:30.999099,2026-10-03
ORD002463,SX00002463,19614,IL01,In Transit,2026-10-02 11:27:22.844284,2026-10-03
ORD002464,SX00002464,10671,IL01,Out for Delivery,2026-10-02 11:28:14.689468,2026-10-05
ORD002465,SX00002465,17927,IL01,Delivered,2026-10-02 11:29:06.534653,2026-10-04
ORD002466,SX00002466,11171,TX01,Delivered,2026-10-02 11:29:58.379837,2026-10-03
ORD002467,SX00002467,15591,IL01,Out for Delivery,2026-10-02 11:30:50.225022,2026-10-04
ORD002468,SX00002468,19135,NJ01,Delivered,2026-10-02 11:31:42.070207,2026-10-04
ORD002469,SX00002469,16342,NJ01,In Transit,2026-10-02 11:32:33.915391,2026-10-05
ORD002470,SX00002470,11449,NJ01,Delivered,2026-10-02 11:33:25.760576,2026-10-05
ORD002471,SX00002471,12539,NJ01,Delivered,2026-10-02 11:34:17.605760,2026-10-03
ORD002472,SX00002472,13959,IL01,Delivered,2026-10-02 11:35:09.450945,2026-10-03
ORD002473,SX00002473,16285,TX01,In Transit,2026-10-02 11:36:01.296129,2026-10-03
ORD002474,SX00002474,15432,TX01,Delivered,2026-10-02 11:36:53.141314,2026-10-03
ORD002475,SX00002475,14260,TX01,Delivered,2026-10-02 11:37:44.986498,2026-10-03
ORD002476,SX00002476,12361,CA01,Delivered,2026-10-02 11:38:36.831683,2026-10-04
ORD002477,SX00002477,16164,TX01,Delivered,2026-10-02 11:39:28.676867,2026-10-04
ORD002478,SX00002478,13670,TX01,In Transit,2026-10-02 11:40:20.522052,2026-10-05
ORD002479,SX00002479,11753,IL01,In Transit,2026-10-02 11:41:12.367236,2026-10-05
ORD002480,SX00002480,18100,NJ01,Delivered,2026-10-02 11:42:04.212421,2026-10-04
ORD002481,SX00002481,11938,NJ01,In Transit,2026-10-02 11:42:56.057605,2026-10-05
ORD002482,SX00002482,18562,IL01,Delivered,2026-10-02 11:43:47.902790,2026-10-05
ORD002483,SX00002483,15976,NJ01,Delivered,2026-10-02 11:44:39.747974,2026-10-03
ORD002484,SX00002484,16588,IL01,In Transit,2026-10-02 11:45:31.593159,2026-10-05
ORD002485,SX00002485,18616,TX01,Delivered,2026-10-02 11:46:23.438343,2026-10-05
ORD002486,SX00002486,16304,NJ01,Delivered,2026-10-02 11:47:15.283528,2026-10-05
ORD002487,SX00002487,17345,NJ01,Delivered,2026-10-02 11:48:07.128712,2026-10-04
ORD002488,SX00002488,17875,CA01,In Transit,2026-10-02 11:48:58.973897,2026-10-04
ORD002489,SX00002489,19086,IL01,Delivered,2026-10-02 11:49:50.819081,2026-10-03
ORD002490,SX00002490,16633,IL01,Delivered,2026-10-02 11:50:42.664266,2026-10-05
ORD002491,SX00002491,10597,IL01,In Transit,2026-10-02 11:51:34.509450,2026-10-04
ORD002492,SX00002492,13062,CA01,In Transit,2026-10-02 11:52:26.354635,2026-10-03
ORD002493,SX00002493,12336,NJ01,In Transit,2026-10-02 11:53:18.199819,2026-10-05
ORD002494,SX00002494,19879,NJ01,Delivered,2026-10-02 11:54:10.045004,2026-10-03
ORD002495,SX00002495,10572,IL01,Delivered,2026-10-02 11:55:01.890189,2026-10-03
ORD002496,SX00002496,17521,NJ01,Delivered,2026-10-02 11:55:53.735373,2026-10-05
ORD002497,SX00002497,16171,IL01,In Transit,2026-10-02 11:56:45.580558,2026-10-04
ORD002498,SX00002498,17097,TX01,In Transit,2026-10-02 11:57:37.425742,2026-10-05
ORD002499,SX00002499,12090,TX01,Exception,2026-10-02 11:58:29.270927,2026-10-05
ORD002500,SX00002500,16566,TX01,Delivered,2026-10-02 11:59:21.116111,2026-10-05
ORD002501,SX00002501,14624,TX01,Delivered,2026-10-02 12:00:12.961296,2026-10-04
ORD002502,SX00002502,11633,NJ01,Delivered,2026-10-02 12:01:04.806480,2026-10-05
ORD002503,SX00002503,11517,TX01,Delivered,2026-10-02 12:01:56.651665,2026-10-04
ORD002504,SX00002504,13648,NJ01,Delivered,2026-10-02 12:02:48.496849,2026-10-03
ORD002505,SX00002505,11537,TX01,Exception,2026-10-02 12:03:40.342034,2026-10-04
ORD002506,SX00002506,13137,IL01,Delivered,2026-10-02 12:04:32.187218,2026-10-03
ORD002507,SX00002507,16985,IL01,Delivered,2026-10-02 12:05:24.032403,2026-10-03
ORD002508,SX00002508,10097,NJ01,Delivered,2026-10-02 12:06:15.877587,2026-10-05
ORD002509,SX00002509,13750,NJ01,Delivered,2026-10-02 12:07:07.722772,2026-10-04
ORD002510,SX00002510,18535,IL01,In Transit,2026-10-02 12:07:59.567956,2026-10-03
ORD002511,SX00002511,18174,TX01,Delivered,2026-10-02 12:08:51.413141,2026-10-03
ORD002512,SX00002512,18103,IL01,Delivered,2026-10-02 12:09:43.258325,2026-10-04
ORD002513,SX00002513,15413,IL01,Delivered,2026-10-02 12:10:35.103510,2026-10-04
ORD002514,SX00002514,14666,TX01,Delivered,2026-10-02 12:11:26.948694,2026-10-03
ORD002515,SX00002515,10610,NJ01,Delivered,2026-10-02 12:12:18.793879,2026-10-03
ORD002516,SX00002516,11727,TX01,Delivered,2026-10-02 12:13:10.639063,2026-10-04
ORD002517,SX00002517,11854,NJ01,Delivered,2026-10-02 12:14:02.484248,2026-10-04
ORD002518,SX00002518,15055,CA01,Delivered,2026-10-02 12:14:54.329432,2026-10-03
ORD002519,SX00002519,12324,NJ01,Delivered,2026-10-02 12:15:46.174617,2026-10-05
ORD002520,SX00002520,19369,IL01,Delivered,2026-10-02 12:16:38.019801,2026-10-04
ORD002521,SX00002521,19283,IL01,Delivered,2026-10-02 12:17:29.864986,2026-10-03
ORD002522,SX00002522,15774,IL01,Delivered,2026-10-02 12:18:21.710171,2026-10-03
ORD002523,SX00002523,16519,CA01,Out for Delivery,2026-10-02 12:19:13.555355,2026-10-05
ORD002524,SX00002524,11749,IL01,Delivered,2026-10-02 12:20:05.400540,2026-10-04
ORD002525,SX00002525,10781,IL01,Delivered,2026-10-02 12:20:57.245724,2026-10-03
ORD002526,SX00002526,17548,IL01,In Transit,2026-10-02 12:21:49.090909,2026-10-05
ORD002527,SX00002527,16823,TX01,Delivered,2026-10-02 12:22:40.936093,2026-10-04
ORD002528,SX00002528,12105,IL01,Delivered,2026-10-02 12:23:32.781278,2026-10-05
ORD002529,SX00002529,13867,CA01,Delivered,2026-10-02 12:24:24.626462,2026-10-03
ORD002530,SX00002530,17193,IL01,In Transit,2026-10-02 12:25:16.471647,2026-10-05
ORD002531,SX00002531,14976,IL01,In Transit,2026-10-02 12:26:08.316831,2026-10-03
ORD002532,SX00002532,12113,IL01,Exception,2026-10-02 12:27:00.162016,2026-10-03
ORD002533,SX00002533,15879,TX01,Delivered,2026-10-02 12:27:52.007200,2026-10-05
ORD002534,SX00002534,13970,CA01,Out for Delivery,2026-10-02 12:28:43.852385,2026-10-05
ORD002535,SX00002535,19259,IL01,Delivered,2026-10-02 12:29:35.697569,2026-10-03
ORD002536,SX00002536,17264,IL01,Delivered,2026-10-02 12:30:27.542754,2026-10-05
ORD002537,SX00002537,11577,TX01,Out for Delivery,2026-10-02 12:31:19.387938,2026-10-04
ORD002538,SX00002538,19203,IL01,Delivered,2026-10-02 12:32:11.233123,2026-10-04
ORD002539,SX00002539,12274,IL01,Delivered,2026-10-02 12:33:03.078307,2026-10-05
ORD002540,SX00002540,14869,IL01,Delivered,2026-10-02 12:33:54.923492,2026-10-05
ORD002541,SX00002541,16744,IL01,In Transit,2026-10-02 12:34:46.768676,2026-10-04
ORD002542,SX00002542,12426,IL01,Delivered,2026-10-02 12:35:38.613861,2026-10-03
ORD002543,SX00002543,15546,IL01,Delivered,2026-10-02 12:36:30.459045,2026-10-03
ORD002544,SX00002544,16852,IL01,Delivered,2026-10-02 12:37:22.304230,2026-10-04
ORD002545,SX00002545,12551,TX01,Delivered,2026-10-02 12:38:14.149414,2026-10-03
ORD002546,SX00002546,16411,IL01,Exception,2026-10-02 12:39:05.994599,2026-10-05
ORD002547,SX00002547,10007,TX01,Delivered,2026-10-02 12:39:57.839783,2026-10-05
ORD002548,SX00002548,18087,IL01,Delivered,2026-10-02 12:40:49.684968,2026-10-04
ORD002549,SX00002549,12555,TX01,Delivered,2026-10-02 12:41:41.530153,2026-10-04
ORD002550,SX00002550,10475,IL01,Delivered,2026-10-02 12:42:33.375337,2026-10-04
ORD002551,SX00002551,15416,TX01,Delivered,2026-10-02 12:43:25.220522,2026-10-04
ORD002552,SX00002552,18676,IL01,Delivered,2026-10-02 12:44:17.065706,2026-10-03
ORD002553,SX00002553,17239,CA01,Out for Delivery,2026-10-02 12:45:08.910891,2026-10-03
ORD002554,SX00002554,16710,IL01,Delivered,2026-10-02 12:46:00.756075,2026-10-03
ORD002555,SX00002555,15000,IL01,Delivered,2026-10-02 12:46:52.601260,2026-10-05
ORD002556,SX00002556,14654,CA01,Delivered,2026-10-02 12:47:44.446444,2026-10-05
ORD002557,SX00002557,18078,NJ01,Delivered,2026-10-02 12:48:36.291629,2026-10-04
ORD002558,SX00002558,16063,IL01,Delivered,2026-10-02 12:49:28.136813,2026-10-04
ORD002559,SX00002559,12285,CA01,Delivered,2026-10-02 12:50:19.981998,2026-10-03
ORD002560,SX00002560,15223,IL01,Exception,2026-10-02 12:51:11.827182,2026-10-03
ORD002561,SX00002561,16971,IL01,Delivered,2026-10-02 12:52:03.672367,2026-10-03
ORD002562,SX00002562,13525,CA01,Delivered,2026-10-02 12:52:55.517551,2026-10-04
ORD002563,SX00002563,12822,IL01,Delivered,2026-10-02 12:53:47.362736,2026-10-03
ORD002564,SX00002564,14943,CA01,Delivered,2026-10-02 12:54:39.207920,2026-10-04
ORD002565,SX00002565,16530,IL01,Delivered,2026-10-02 12:55:31.053105,2026-10-04
ORD002566,SX00002566,10258,TX01,Delivered,2026-10-02 12:56:22.898289,2026-10-05
ORD002567,SX00002567,10282,NJ01,Delivered,2026-10-02 12:57:14.743474,2026-10-05
ORD002568,SX00002568,11898,CA01,Delivered,2026-10-02 12:58:06.588658,2026-10-04
ORD002569,SX00002569,14135,NJ01,In Transit,2026-10-02 12:58:58.433843,2026-10-03
ORD002570,SX00002570,16629,IL01,Delivered,2026-10-02 12:59:50.279027,2026-10-04
ORD002571,SX00002571,13200,NJ01,Delivered,2026-10-02 13:00:42.124212,2026-10-04
ORD002572,SX00002572,15110,IL01,Out for Delivery,2026-10-02 13:01:33.969396,2026-10-04
ORD002573,SX00002573,17167,TX01,Delivered,2026-10-02 13:02:25.814581,2026-10-04
ORD002574,SX00002574,10612,CA01,In Transit,2026-10-02 13:03:17.659765,2026-10-05
ORD002575,SX00002575,10687,NJ01,Delivered,2026-10-02 13:04:09.504950,2026-10-05
ORD002576,SX00002576,13690,TX01,Delivered,2026-10-02 13:05:01.350135,2026-10-04
ORD002577,SX00002577,18804,IL01,Delivered,2026-10-02 13:05:53.195319,2026-10-05
ORD002578,SX00002578,12307,NJ01,Delivered,2026-10-02 13:06:45.040504,2026-10-05
ORD002579,SX00002579,17133,IL01,Delivered,2026-10-02 13:07:36.885688,2026-10-03
ORD002580,SX00002580,16509,NJ01,In Transit,2026-10-02 13:08:28.730873,2026-10-05
ORD002581,SX00002581,19973,IL01,In Transit,2026-10-02 13:09:20.576057,2026-10-05
ORD002582,SX00002582,15906,TX01,Delivered,2026-10-02 13:10:12.421242,2026-10-04
ORD002583,SX00002583,12591,IL01,In Transit,2026-10-02 13:11:04.266426,2026-10-05
ORD002584,SX00002584,17183,TX01,Out for Delivery,2026-10-02 13:11:56.111611,2026-10-05
ORD002585,SX00002585,15248,IL01,Delivered,2026-10-02 13:12:47.956795,2026-10-05
ORD002586,SX00002586,18766,TX01,Delivered,2026-10-02 13:13:39.801980,2026-10-04
ORD002587,SX00002587,15108,IL01,Delivered,2026-10-02 13:14:31.647164,2026-10-04
ORD002588,SX00002588,13604,NJ01,In Transit,2026-10-02 13:15:23.492349,2026-10-05
ORD002589,SX00002589,10669,IL01,In Transit,2026-10-02 13:16:15.337533,2026-10-04
ORD002590,SX00002590,14364,TX01,Delivered,2026-10-02 13:17:07.182718,2026-10-04
ORD002591,SX00002591,17329,IL01,Delivered,2026-10-02 13:17:59.027902,2026-10-03
ORD002592,SX00002592,11283,TX01,Out for Delivery,2026-10-02 13:18:50.873087,2026-10-05
ORD002593,SX00002593,10923,IL01,Delivered,2026-10-02 13:19:42.718271,2026-10-03
ORD002594,SX00002594,11125,TX01,Delivered,2026-10-02 13:20:34.563456,2026-10-05
ORD002595,SX00002595,11529,IL01,Delivered,2026-10-02 13:21:26.408640,2026-10-05
ORD002596,SX00002596,19786,IL01,Delivered,2026-10-02 13:22:18.253825,2026-10-03
ORD002597,SX00002597,18438,NJ01,Delivered,2026-10-02 13:23:10.099009,2026-10-03
ORD002598,SX00002598,13711,IL01,Delivered,2026-10-02 13:24:01.944194,2026-10-05
ORD002599,SX00002599,18004,IL01,Delivered,2026-10-02 13:24:53.789378,2026-10-03
ORD002600,SX00002600,19752,CA01,In Transit,2026-10-02 13:25:45.634563,2026-10-03
ORD002601,SX00002601,16274,CA01,Delivered,2026-10-02 13:26:37.479747,2026-10-04
ORD002602,SX00002602,13864,TX01,Delivered,2026-10-02 13:27:29.324932,2026-10-05
ORD002603,SX00002603,17833,IL01,Delivered,2026-10-02 13:28:21.170117,2026-10-04
ORD002604,SX00002604,16788,IL01,Delivered,2026-10-02 13:29:13.015301,2026-10-05
ORD002605,SX00002605,10226,NJ01,Exception,2026-10-02 13:30:04.860486,2026-10-04
ORD002606,SX00002606,10264,IL01,In Transit,2026-10-02 13:30:56.705670,2026-10-05
ORD002607,SX00002607,19587,CA01,Delivered,2026-10-02 13:31:48.550855,2026-10-04
ORD002608,SX00002608,10645,IL01,Delivered,2026-10-02 13:32:40.396039,2026-10-05
ORD002609,SX00002609,17544,CA01,Delivered,2026-10-02 13:33:32.241224,2026-10-04
ORD002610,SX00002610,15569,NJ01,Delivered,2026-10-02 13:34:24.086408,2026-10-03
ORD002611,SX00002611,12990,TX01,Delivered,2026-10-02 13:35:15.931593,2026-10-05
ORD002612,SX00002612,12504,IL01,Delivered,2026-10-02 13:36:07.776777,2026-10-03
ORD002613,SX00002613,19346,CA01,Exception,2026-10-02 13:36:59.621962,2026-10-04
ORD002614,SX00002614,10587,IL01,Delivered,2026-10-02 13:37:51.467146,2026-10-05
ORD002615,SX00002615,19177,TX01,Delivered,2026-10-02 13:38:43.312331,2026-10-04
ORD002616,SX00002616,14079,TX01,Delivered,2026-10-02 13:39:35.157515,2026-10-04
ORD002617,SX00002617,13348,IL01,Delivered,2026-10-02 13:40:27.002700,2026-10-03
ORD002618,SX00002618,16299,NJ01,Delivered,2026-10-02 13:41:18.847884,2026-10-05
ORD002619,SX00002619,13831,NJ01,Delivered,2026-10-02 13:42:10.693069,2026-10-04
ORD002620,SX00002620,19433,IL01,Out for Delivery,2026-10-02 13:43:02.538253,2026-10-03
ORD002621,SX00002621,18381,NJ01,Delivered,2026-10-02 13:43:54.383438,2026-10-03
ORD002622,SX00002622,19172,IL01,Delivered,2026-10-02 13:44:46.228622,2026-10-03
ORD002623,SX00002623,19890,IL01,Delivered,2026-10-02 13:45:38.073807,2026-10-03
ORD002624,SX00002624,11715,TX01,In Transit,2026-10-02 13:46:29.918991,2026-10-04
ORD002625,SX00002625,16450,NJ01,Delivered,2026-10-02 13:47:21.764176,2026-10-04
ORD002626,SX00002626,15433,IL01,Delivered,2026-10-02 13:48:13.609360,2026-10-04
ORD002627,SX00002627,11098,CA01,In Transit,2026-10-02 13:49:05.454545,2026-10-05
ORD002628,SX00002628,17096,CA01,Delivered,2026-10-02 13:49:57.299729,2026-10-05
ORD002629,SX00002629,12326,NJ01,Out for Delivery,2026-10-02 13:50:49.144914,2026-10-03
ORD002630,SX00002630,19087,NJ01,Delivered,2026-10-02 13:51:40.990099,2026-10-04
ORD002631,SX00002631,16416,IL01,Delivered,2026-10-02 13:52:32.835283,2026-10-03
ORD002632,SX00002632,16980,TX01,Delivered,2026-10-02 13:53:24.680468,2026-10-04
ORD002633,SX00002633,16763,TX01,Delivered,2026-10-02 13:54:16.525652,2026-10-05
ORD002634,SX00002634,11674,IL01,Delivered,2026-10-02 13:55:08.370837,2026-10-03
ORD002635,SX00002635,17950,TX01,Delivered,2026-10-02 13:56:00.216021,2026-10-04
ORD002636,SX00002636,19122,IL01,Delivered,2026-10-02 13:56:52.061206,2026-10-04
ORD002637,SX00002637,18915,IL01,Out for Delivery,2026-10-02 13:57:43.906390,2026-10-04
ORD002638,SX00002638,16049,TX01,Delivered,2026-10-02 13:58:35.751575,2026-10-03
ORD002639,SX00002639,11089,NJ01,Delivered,2026-10-02 13:59:27.596759,2026-10-05
ORD002640,SX00002640,14578,NJ01,Delivered,2026-10-02 14:00:19.441944,2026-10-04
ORD002641,SX00002641,19127,NJ01,Delivered,2026-10-02 14:01:11.287128,2026-10-03
ORD002642,SX00002642,10155,CA01,In Transit,2026-10-02 14:02:03.132313,2026-10-04
ORD002643,SX00002643,19262,NJ01,In Transit,2026-10-02 14:02:54.977497,2026-10-03
ORD002644,SX00002644,11958,TX01,Delivered,2026-10-02 14:03:46.822682,2026-10-05
ORD002645,SX00002645,16344,IL01,Delivered,2026-10-02 14:04:38.667866,2026-10-04
ORD002646,SX00002646,15779,IL01,Delivered,2026-10-02 14:05:30.513051,2026-10-03
ORD002647,SX00002647,16144,IL01,Delivered,2026-10-02 14:06:22.358235,2026-10-04
ORD002648,SX00002648,15063,NJ01,In Transit,2026-10-02 14:07:14.203420,2026-10-03
ORD002649,SX00002649,13830,TX01,Delivered,2026-10-02 14:08:06.048604,2026-10-05
ORD002650,SX00002650,19046,IL01,Delivered,2026-10-02 14:08:57.893789,2026-10-05
ORD002651,SX00002651,18831,IL01,Delivered,2026-10-02 14:09:49.738973,2026-10-03
ORD002652,SX00002652,19794,IL01,Delivered,2026-10-02 14:10:41.584158,2026-10-05
ORD002653,SX00002653,16659,IL01,Delivered,2026-10-02 14:11:33.429342,2026-10-04
ORD002654,SX00002654,10441,CA01,In Transit,2026-10-02 14:12:25.274527,2026-10-05
ORD002655,SX00002655,16040,NJ01,In Transit,2026-10-02 14:13:17.119711,2026-10-04
ORD002656,SX00002656,15925,IL01,Delivered,2026-10-02 14:14:08.964896,2026-10-05
ORD002657,SX00002657,17358,TX01,In Transit,2026-10-02 14:15:00.810081,2026-10-05
ORD002658,SX00002658,14628,TX01,Delivered,2026-10-02 14:15:52.655265,2026-10-04
ORD002659,SX00002659,16370,TX01,Delivered,2026-10-02 14:16:44.500450,2026-10-05
ORD002660,SX00002660,19528,IL01,Delivered,2026-10-02 14:17:36.345634,2026-10-04
ORD002661,SX00002661,10948,NJ01,Delivered,2026-10-02 14:18:28.190819,2026-10-04
ORD002662,SX00002662,18179,IL01,Delivered,2026-10-02 14:19:20.036003,2026-10-05
ORD002663,SX00002663,16115,TX01,In Transit,2026-10-02 14:20:11.881188,2026-10-05
ORD002664,SX00002664,10459,TX01,Delivered,2026-10-02 14:21:03.726372,2026-10-04
ORD002665,SX00002665,17568,NJ01,Out for Delivery,2026-10-02 14:21:55.571557,2026-10-03
ORD002666,SX00002666,14646,IL01,In Transit,2026-10-02 14:22:47.416741,2026-10-05
ORD002667,SX00002667,10392,IL01,Delivered,2026-10-02 14:23:39.261926,2026-10-05
ORD002668,SX00002668,11787,IL01,In Transit,2026-10-02 14:24:31.107110,2026-10-03
ORD002669,SX00002669,17374,CA01,Delivered,2026-10-02 14:25:22.952295,2026-10-03
ORD002670,SX00002670,11138,IL01,Delivered,2026-10-02 14:26:14.797479,2026-10-05
ORD002671,SX00002671,14741,IL01,Delivered,2026-10-02 14:27:06.642664,2026-10-05
ORD002672,SX00002672,17418,CA01,Delivered,2026-10-02 14:27:58.487848,2026-10-05
ORD002673,SX00002673,16362,NJ01,Delivered,2026-10-02 14:28:50.333033,2026-10-03
ORD002674,SX00002674,12454,TX01,Delivered,2026-10-02 14:29:42.178217,2026-10-05
ORD002675,SX00002675,19658,IL01,In Transit,2026-10-02 14:30:34.023402,2026-10-03
ORD002676,SX00002676,13674,NJ01,Delivered,2026-10-02 14:31:25.868586,2026-10-03
ORD002677,SX00002677,11377,IL01,Delivered,2026-10-02 14:32:17.713771,2026-10-04
ORD002678,SX00002678,16701,TX01,Delivered,2026-10-02 14:33:09.558955,2026-10-03
ORD002679,SX00002679,12597,IL01,Delivered,2026-10-02 14:34:01.404140,2026-10-04
ORD002680,SX00002680,10141,NJ01,Delivered,2026-10-02 14:34:53.249324,2026-10-03
ORD002681,SX00002681,12659,TX01,Out for Delivery,2026-10-02 14:35:45.094509,2026-10-03
ORD002682,SX00002682,14596,NJ01,Delivered,2026-10-02 14:36:36.939693,2026-10-04
ORD002683,SX00002683,19031,NJ01,Delivered,2026-10-02 14:37:28.784878,2026-10-04
ORD002684,SX00002684,15661,IL01,Out for Delivery,2026-10-02 14:38:20.630063,2026-10-04
ORD002685,SX00002685,16142,IL01,Out for Delivery,2026-10-02 14:39:12.475247,2026-10-04
ORD002686,SX00002686,15626,TX01,Delivered,2026-10-02 14:40:04.320432,2026-10-04
ORD002687,SX00002687,18787,TX01,Delivered,2026-10-02 14:40:56.165616,2026-10-04
ORD002688,SX00002688,18472,CA01,In Transit,2026-10-02 14:41:48.010801,2026-10-04
ORD002689,SX00002689,10423,TX01,Out for Delivery,2026-10-02 14:42:39.855985,2026-10-03
ORD002690,SX00002690,16999,NJ01,Delivered,2026-10-02 14:43:31.701170,2026-10-03
ORD002691,SX00002691,14249,CA01,Delivered,2026-10-02 14:44:23.546354,2026-10-04
ORD002692,SX00002692,11750,IL01,Delivered,2026-10-02 14:45:15.391539,2026-10-05
ORD002693,SX00002693,14757,NJ01,Delivered,2026-10-02 14:46:07.236723,2026-10-04
ORD002694,SX00002694,11967,IL01,Exception,2026-10-02 14:46:59.081908,2026-10-05
ORD002695,SX00002695,14088,IL01,Delivered,2026-10-02 14:47:50.927092,2026-10-03
ORD002696,SX00002696,14178,TX01,Out for Delivery,2026-10-02 14:48:42.772277,2026-10-03
ORD002697,SX00002697,17789,NJ01,Delivered,2026-10-02 14:49:34.617461,2026-10-05
ORD002698,SX00002698,12946,NJ01,Out for Delivery,2026-10-02 14:50:26.462646,2026-10-03
ORD002699,SX00002699,19641,NJ01,Delivered,2026-10-02 14:51:18.307830,2026-10-04
ORD002700,SX00002700,15394,NJ01,In Transit,2026-10-02 14:52:10.153015,2026-10-05
ORD002701,SX00002701,17880,IL01,Out for Delivery,2026-10-02 14:53:01.998199,2026-10-05
ORD002702,SX00002702,15075,TX01,Delivered,2026-10-02 14:53:53.843384,2026-10-03
ORD002703,SX00002703,17230,NJ01,Delivered,2026-10-02 14:54:45.688568,2026-10-05
ORD002704,SX00002704,11531,TX01,Delivered,2026-10-02 14:55:37.533753,2026-10-05
ORD002705,SX00002705,12990,IL01,Delivered,2026-10-02 14:56:29.378937,2026-10-05
ORD002706,SX00002706,17155,IL01,Out for Delivery,2026-10-02 14:57:21.224122,2026-10-03
ORD002707,SX00002707,14493,NJ01,Delivered,2026-10-02 14:58:13.069306,2026-10-05
ORD002708,SX00002708,19335,TX01,In Transit,2026-10-02 14:59:04.914491,2026-10-05
ORD002709,SX00002709,10933,NJ01,Delivered,2026-10-02 14:59:56.759675,2026-10-04
ORD002710,SX00002710,11460,TX01,Delivered,2026-10-02 15:00:48.604860,2026-10-04
ORD002711,SX00002711,12723,CA01,Delivered,2026-10-02 15:01:40.450045,2026-10-05
ORD002712,SX00002712,10285,CA01,Delivered,2026-10-02 15:02:32.295229,2026-10-03
ORD002713,SX00002713,10264,TX01,Delivered,2026-10-02 15:03:24.140414,2026-10-05
ORD002714,SX00002714,16816,TX01,Out for Delivery,2026-10-02 15:04:15.985598,2026-10-03
ORD002715,SX00002715,11762,IL01,In Transit,2026-10-02 15:05:07.830783,2026-10-04
ORD002716,SX00002716,10040,TX01,Delivered,2026-10-02 15:05:59.675967,2026-10-04
ORD002717,SX00002717,15827,NJ01,Delivered,2026-10-02 15:06:51.521152,2026-10-05
ORD002718,SX00002718,18259,CA01,Delivered,2026-10-02 15:07:43.366336,2026-10-03
ORD002719,SX00002719,10987,IL01,Delivered,2026-10-02 15:08:35.211521,2026-10-03
ORD002720,SX00002720,17804,NJ01,Delivered,2026-10-02 15:09:27.056705,2026-10-03
ORD002721,SX00002721,17789,NJ01,Delivered,2026-10-02 15:10:18.901890,2026-10-05
ORD002722,SX00002722,15717,NJ01,In Transit,2026-10-02 15:11:10.747074,2026-10-03
ORD002723,SX00002723,13198,IL01,Delivered,2026-10-02 15:12:02.592259,2026-10-04
ORD002724,SX00002724,15374,NJ01,Delivered,2026-10-02 15:12:54.437443,2026-10-03
ORD002725,SX00002725,14790,TX01,Exception,2026-10-02 15:13:46.282628,2026-10-03
ORD002726,SX00002726,17183,NJ01,Delivered,2026-10-02 15:14:38.127812,2026-10-05
ORD002727,SX00002727,12524,IL01,Out for Delivery,2026-10-02 15:15:29.972997,2026-10-05
ORD002728,SX00002728,19277,TX01,Delivered,2026-10-02 15:16:21.818181,2026-10-05
ORD002729,SX00002729,12479,IL01,Delivered,2026-10-02 15:17:13.663366,2026-10-05
ORD002730,SX00002730,19885,IL01,Delivered,2026-10-02 15:18:05.508550,2026-10-05
ORD002731,SX00002731,15154,TX01,Delivered,2026-10-02 15:18:57.353735,2026-10-03
ORD002732,SX00002732,10778,TX01,Delivered,2026-10-02 15:19:49.198919,2026-10-03
ORD002733,SX00002733,19777,NJ01,Delivered,2026-10-02 15:20:41.044104,2026-10-05
ORD002734,SX00002734,11492,NJ01,Delivered,2026-10-02 15:21:32.889288,2026-10-05
ORD002735,SX00002735,10660,IL01,Delivered,2026-10-02 15:22:24.734473,2026-10-03
ORD002736,SX00002736,11348,NJ01,Delivered,2026-10-02 15:23:16.579657,2026-10-05
ORD002737,SX00002737,19491,IL01,In Transit,2026-10-02 15:24:08.424842,2026-10-04
ORD002738,SX00002738,17851,CA01,Out for Delivery,2026-10-02 15:25:00.270027,2026-10-03
ORD002739,SX00002739,17156,TX01,Delivered,2026-10-02 15:25:52.115211,2026-10-04
ORD002740,SX00002740,12044,TX01,Out for Delivery,2026-10-02 15:26:43.960396,2026-10-03
ORD002741,SX00002741,17368,NJ01,Delivered,2026-10-02 15:27:35.805580,2026-10-03
ORD002742,SX00002742,13516,TX01,Delivered,2026-10-02 15:28:27.650765,2026-10-03
ORD002743,SX00002743,19250,NJ01,Delivered,2026-10-02 15:29:19.495949,2026-10-03
ORD002744,SX00002744,19168,IL01,In Transit,2026-10-02 15:30:11.341134,2026-10-03
ORD002745,SX00002745,14577,IL01,Out for Delivery,2026-10-02 15:31:03.186318,2026-10-03
ORD002746,SX00002746,10727,NJ01,Delivered,2026-10-02 15:31:55.031503,2026-10-03
ORD002747,SX00002747,17468,CA01,Delivered,2026-10-02 15:32:46.876687,2026-10-05
ORD002748,SX00002748,10342,IL01,Delivered,2026-10-02 15:33:38.721872,2026-10-05
ORD002749,SX00002749,11447,IL01,Delivered,2026-10-02 15:34:30.567056,2026-10-05
ORD002750,SX00002750,16581,NJ01,Delivered,2026-10-02 15:35:22.412241,2026-10-04
ORD002751,SX00002751,16317,TX01,Delivered,2026-10-02 15:36:14.257425,2026-10-03
ORD002752,SX00002752,10526,IL01,Delivered,2026-10-02 15:37:06.102610,2026-10-05
ORD002753,SX00002753,16748,IL01,Delivered,2026-10-02 15:37:57.947794,2026-10-05
ORD002754,SX00002754,10405,NJ01,In Transit,2026-10-02 15:38:49.792979,2026-10-05
ORD002755,SX00002755,17986,NJ01,Delivered,2026-10-02 15:39:41.638163,2026-10-03
ORD002756,SX00002756,19765,IL01,Delivered,2026-10-02 15:40:33.483348,2026-10-03
ORD002757,SX00002757,13740,IL01,Delivered,2026-10-02 15:41:25.328532,2026-10-04
ORD002758,SX00002758,11846,NJ01,Out for Delivery,2026-10-02 15:42:17.173717,2026-10-04
ORD002759,SX00002759,11478,NJ01,Delivered,2026-10-02 15:43:09.018901,2026-10-03
ORD002760,SX00002760,10771,CA01,Delivered,2026-10-02 15:44:00.864086,2026-10-04
ORD002761,SX00002761,15525,TX01,Delivered,2026-10-02 15:44:52.709270,2026-10-05
ORD002762,SX00002762,18770,IL01,Delivered,2026-10-02 15:45:44.554455,2026-10-04
ORD002763,SX00002763,10193,NJ01,Delivered,2026-10-02 15:46:36.399639,2026-10-05
ORD002764,SX00002764,12007,NJ01,Delivered,2026-10-02 15:47:28.244824,2026-10-04
ORD002765,SX00002765,11185,IL01,Delivered,2026-10-02 15:48:20.090009,2026-10-05
ORD002766,SX00002766,12394,CA01,Delivered,2026-10-02 15:49:11.935193,2026-10-04
ORD002767,SX00002767,19984,TX01,Delivered,2026-10-02 15:50:03.780378,2026-10-04
ORD002768,SX00002768,19302,IL01,Delivered,2026-10-02 15:50:55.625562,2026-10-03
ORD002769,SX00002769,14005,IL01,Out for Delivery,2026-10-02 15:51:47.470747,2026-10-03
ORD002770,SX00002770,17429,IL01,Out for Delivery,2026-10-02 15:52:39.315931,2026-10-05
ORD002771,SX00002771,12261,IL01,Delivered,2026-10-02 15:53:31.161116,2026-10-03
ORD002772,SX00002772,13736,NJ01,Delivered,2026-10-02 15:54:23.006300,2026-10-05
ORD002773,SX00002773,16716,NJ01,In Transit,2026-10-02 15:55:14.851485,2026-10-03
ORD002774,SX00002774,14875,CA01,In Transit,2026-10-02 15:56:06.696669,2026-10-03
ORD002775,SX00002775,18921,IL01,In Transit,2026-10-02 15:56:58.541854,2026-10-05
ORD002776,SX00002776,14378,NJ01,Delivered,2026-10-02 15:57:50.387038,2026-10-04
ORD002777,SX00002777,17815,CA01,Delivered,2026-10-02 15:58:42.232223,2026-10-05
ORD002778,SX00002778,13451,NJ01,Exception,2026-10-02 15:59:34.077407,2026-10-05
ORD002779,SX00002779,17616,IL01,Out for Delivery,2026-10-02 16:00:25.922592,2026-10-05
ORD002780,SX00002780,19836,IL01,Delivered,2026-10-02 16:01:17.767776,2026-10-03
ORD002781,SX00002781,12800,IL01,Exception,2026-10-02 16:02:09.612961,2026-10-03
ORD002782,SX00002782,18333,CA01,In Transit,2026-10-02 16:03:01.458145,2026-10-03
ORD002783,SX00002783,15410,CA01,Delivered,2026-10-02 16:03:53.303330,2026-10-05
ORD002784,SX00002784,11455,CA01,Delivered,2026-10-02 16:04:45.148514,2026-10-04
ORD002785,SX00002785,16892,TX01,Delivered,2026-10-02 16:05:36.993699,2026-10-04
ORD002786,SX00002786,15808,IL01,Delivered,2026-10-02 16:06:28.838883,2026-10-05
ORD002787,SX00002787,16796,CA01,Exception,2026-10-02 16:07:20.684068,2026-10-05
ORD002788,SX00002788,14796,CA01,Delivered,2026-10-02 16:08:12.529252,2026-10-04
ORD002789,SX00002789,15093,IL01,In Transit,2026-10-02 16:09:04.374437,2026-10-03
ORD002790,SX00002790,11325,IL01,In Transit,2026-10-02 16:09:56.219621,2026-10-05
ORD002791,SX00002791,14976,NJ01,Delivered,2026-10-02 16:10:48.064806,2026-10-04
ORD002792,SX00002792,19405,IL01,Delivered,2026-10-02 16:11:39.909990,2026-10-04
ORD002793,SX00002793,11159,IL01,Delivered,2026-10-02 16:12:31.755175,2026-10-04
ORD002794,SX00002794,14650,CA01,Delivered,2026-10-02 16:13:23.600360,2026-10-03
ORD002795,SX00002795,14987,CA01,Delivered,2026-10-02 16:14:15.445544,2026-10-04
ORD002796,SX00002796,14697,IL01,Delivered,2026-10-02 16:15:07.290729,2026-10-04
ORD002797,SX00002797,10340,NJ01,Delivered,2026-10-02 16:15:59.135913,2026-10-04
ORD002798,SX00002798,13828,TX01,Delivered,2026-10-02 16:16:50.981098,2026-10-05
ORD002799,SX00002799,11968,TX01,Delivered,2026-10-02 16:17:42.826282,2026-10-05
ORD002800,SX00002800,10703,IL01,Delivered,2026-10-02 16:18:34.671467,2026-10-05
ORD002801,SX00002801,15482,TX01,Exception,2026-10-02 16:19:26.516651,2026-10-04
ORD002802,SX00002802,16376,CA01,Delivered,2026-10-02 16:20:18.361836,2026-10-04
ORD002803,SX00002803,11800,CA01,Out for Delivery,2026-10-02 16:21:10.207020,2026-10-03
ORD002804,SX00002804,15463,IL01,Exception,2026-10-02 16:22:02.052205,2026-10-04
ORD002805,SX00002805,14912,IL01,Out for Delivery,2026-10-02 16:22:53.897389,2026-10-03
ORD002806,SX00002806,14648,CA01,Delivered,2026-10-02 16:23:45.742574,2026-10-04
ORD002807,SX00002807,10855,IL01,In Transit,2026-10-02 16:24:37.587758,2026-10-03
ORD002808,SX00002808,12866,TX01,Delivered,2026-10-02 16:25:29.432943,2026-10-05
ORD002809,SX00002809,10182,IL01,Delivered,2026-10-02 16:26:21.278127,2026-10-04
ORD002810,SX00002810,13112,IL01,In Transit,2026-10-02 16:27:13.123312,2026-10-03
ORD002811,SX00002811,15670,NJ01,Delivered,2026-10-02 16:28:04.968496,2026-10-05
ORD002812,SX00002812,14492,IL01,Exception,2026-10-02 16:28:56.813681,2026-10-05
ORD002813,SX00002813,15823,CA01,Delivered,2026-10-02 16:29:48.658865,2026-10-04
ORD002814,SX00002814,11517,IL01,Delivered,2026-10-02 16:30:40.504050,2026-10-03
ORD002815,SX00002815,15002,CA01,Delivered,2026-10-02 16:31:32.349234,2026-10-03
ORD002816,SX00002816,11356,CA01,In Transit,2026-10-02 16:32:24.194419,2026-10-03
ORD002817,SX00002817,13629,IL01,Delivered,2026-10-02 16:33:16.039603,2026-10-05
ORD002818,SX00002818,13628,TX01,In Transit,2026-10-02 16:34:07.884788,2026-10-03
ORD002819,SX00002819,18210,IL01,Delivered,2026-10-02 16:34:59.729972,2026-10-05
ORD002820,SX00002820,16132,TX01,Delivered,2026-10-02 16:35:51.575157,2026-10-03
ORD002821,SX00002821,19324,NJ01,Delivered,2026-10-02 16:36:43.420342,2026-10-05
ORD002822,SX00002822,16588,IL01,Delivered,2026-10-02 16:37:35.265526,2026-10-04
ORD002823,SX00002823,13311,NJ01,Delivered,2026-10-02 16:38:27.110711,2026-10-05
ORD002824,SX00002824,16048,TX01,Delivered,2026-10-02 16:39:18.955895,2026-10-03
ORD002825,SX00002825,16246,CA01,Delivered,2026-10-02 16:40:10.801080,2026-10-05
ORD002826,SX00002826,10987,IL01,In Transit,2026-10-02 16:41:02.646264,2026-10-03
ORD002827,SX00002827,13321,NJ01,Delivered,2026-10-02 16:41:54.491449,2026-10-04
ORD002828,SX00002828,14615,IL01,Delivered,2026-10-02 16:42:46.336633,2026-10-05
ORD002829,SX00002829,18365,TX01,Delivered,2026-10-02 16:43:38.181818,2026-10-04
ORD002830,SX00002830,13741,IL01,Delivered,2026-10-02 16:44:30.027002,2026-10-05
ORD002831,SX00002831,13052,TX01,Delivered,2026-10-02 16:45:21.872187,2026-10-05
ORD002832,SX00002832,16574,IL01,Delivered,2026-10-02 16:46:13.717371,2026-10-04
ORD002833,SX00002833,10726,NJ01,Delivered,2026-10-02 16:47:05.562556,2026-10-04
ORD002834,SX00002834,13760,TX01,Delivered,2026-10-02 16:47:57.407740,2026-10-05
ORD002835,SX00002835,15806,TX01,Delivered,2026-10-02 16:48:49.252925,2026-10-05
ORD002836,SX00002836,11875,TX01,Delivered,2026-10-02 16:49:41.098109,2026-10-05
ORD002837,SX00002837,16993,NJ01,Delivered,2026-10-02 16:50:32.943294,2026-10-04
ORD002838,SX00002838,14033,CA01,In Transit,2026-10-02 16:51:24.788478,2026-10-03
ORD002839,SX00002839,15443,NJ01,Delivered,2026-10-02 16:52:16.633663,2026-10-04
ORD002840,SX00002840,10989,CA01,In Transit,2026-10-02 16:53:08.478847,2026-10-05
ORD002841,SX00002841,13744,NJ01,In Transit,2026-10-02 16:54:00.324032,2026-10-05
ORD002842,SX00002842,18611,NJ01,Delivered,2026-10-02 16:54:52.169216,2026-10-04
ORD002843,SX00002843,10593,IL01,Out for Delivery,2026-10-02 16:55:44.014401,2026-10-05
ORD002844,SX00002844,11774,NJ01,Delivered,2026-10-02 16:56:35.859585,2026-10-05
ORD002845,SX00002845,10935,IL01,Out for Delivery,2026-10-02 16:57:27.704770,2026-10-05
ORD002846,SX00002846,13808,CA01,Delivered,2026-10-02 16:58:19.549954,2026-10-05
ORD002847,SX00002847,10331,TX01,Delivered,2026-10-02 16:59:11.395139,2026-10-05
ORD002848,SX00002848,17922,CA01,Delivered,2026-10-02 17:00:03.240324,2026-10-03
ORD002849,SX00002849,12702,IL01,Out for Delivery,2026-10-02 17:00:55.085508,2026-10-04
ORD002850,SX00002850,15889,IL01,Delivered,2026-10-02 17:01:46.930693,2026-10-04
ORD002851,SX00002851,15054,CA01,In Transit,2026-10-02 17:02:38.775877,2026-10-04
ORD002852,SX00002852,13868,IL01,In Transit,2026-10-02 17:03:30.621062,2026-10-03
ORD002853,SX00002853,14200,NJ01,Delivered,2026-10-02 17:04:22.466246,2026-10-03
ORD002854,SX00002854,10201,CA01,Delivered,2026-10-02 17:05:14.311431,2026-10-04
ORD002855,SX00002855,12497,NJ01,Delivered,2026-10-02 17:06:06.156615,2026-10-04
ORD002856,SX00002856,11842,IL01,Delivered,2026-10-02 17:06:58.001800,2026-10-04
ORD002857,SX00002857,19101,CA01,In Transit,2026-10-02 17:07:49.846984,2026-10-05
ORD002858,SX00002858,14658,IL01,Out for Delivery,2026-10-02 17:08:41.692169,2026-10-03
ORD002859,SX00002859,17544,CA01,In Transit,2026-10-02 17:09:33.537353,2026-10-03
ORD002860,SX00002860,17718,IL01,Exception,2026-10-02 17:10:25.382538,2026-10-05
ORD002861,SX00002861,10770,TX01,Delivered,2026-10-02 17:11:17.227722,2026-10-03
ORD002862,SX00002862,13155,IL01,Delivered,2026-10-02 17:12:09.072907,2026-10-04
ORD002863,SX00002863,11628,TX01,Out for Delivery,2026-10-02 17:13:00.918091,2026-10-03
ORD002864,SX00002864,10386,IL01,Out for Delivery,2026-10-02 17:13:52.763276,2026-10-05
ORD002865,SX00002865,16031,TX01,Delivered,2026-10-02 17:14:44.608460,2026-10-04
ORD002866,SX00002866,16439,NJ01,Delivered,2026-10-02 17:15:36.453645,2026-10-03
ORD002867,SX00002867,16401,IL01,In Transit,2026-10-02 17:16:28.298829,2026-10-04
ORD002868,SX00002868,14008,TX01,Delivered,2026-10-02 17:17:20.144014,2026-10-03
ORD002869,SX00002869,12466,NJ01,Delivered,2026-10-02 17:18:11.989198,2026-10-04
ORD002870,SX00002870,12282,IL01,Delivered,2026-10-02 17:19:03.834383,2026-10-05
ORD002871,SX00002871,11856,IL01,Exception,2026-10-02 17:19:55.679567,2026-10-05
ORD002872,SX00002872,17980,NJ01,In Transit,2026-10-02 17:20:47.524752,2026-10-03
ORD002873,SX00002873,11998,IL01,In Transit,2026-10-02 17:21:39.369936,2026-10-03
ORD002874,SX00002874,15476,IL01,Delivered,2026-10-02 17:22:31.215121,2026-10-04
ORD002875,SX00002875,19428,IL01,Delivered,2026-10-02 17:23:23.060306,2026-10-05
ORD002876,SX00002876,14669,NJ01,Delivered,2026-10-02 17:24:14.905490,2026-10-04
ORD002877,SX00002877,19342,NJ01,Exception,2026-10-02 17:25:06.750675,2026-10-05
ORD002878,SX00002878,14318,IL01,Delivered,2026-10-02 17:25:58.595859,2026-10-04
ORD002879,SX00002879,17064,CA01,Delivered,2026-10-02 17:26:50.441044,2026-10-04
ORD002880,SX00002880,17446,CA01,In Transit,2026-10-02 17:27:42.286228,2026-10-04
ORD002881,SX00002881,11431,IL01,Delivered,2026-10-02 17:28:34.131413,2026-10-03
ORD002882,SX00002882,15624,IL01,Exception,2026-10-02 17:29:25.976597,2026-10-05
ORD002883,SX00002883,17461,CA01,Delivered,2026-10-02 17:30:17.821782,2026-10-03
ORD002884,SX00002884,11819,NJ01,Delivered,2026-10-02 17:31:09.666966,2026-10-03
ORD002885,SX00002885,11130,IL01,Delivered,2026-10-02 17:32:01.512151,2026-10-04
ORD002886,SX00002886,16563,NJ01,In Transit,2026-10-02 17:32:53.357335,2026-10-05
ORD002887,SX00002887,12658,TX01,In Transit,2026-10-02 17:33:45.202520,2026-10-03
ORD002888,SX00002888,13500,IL01,Delivered,2026-10-02 17:34:37.047704,2026-10-04
ORD002889,SX00002889,18566,TX01,Delivered,2026-10-02 17:35:28.892889,2026-10-05
ORD002890,SX00002890,12120,TX01,Out for Delivery,2026-10-02 17:36:20.738073,2026-10-05
ORD002891,SX00002891,14020,NJ01,Delivered,2026-10-02 17:37:12.583258,2026-10-03
ORD002892,SX00002892,13259,CA01,Delivered,2026-10-02 17:38:04.428442,2026-10-04
ORD002893,SX00002893,11823,IL01,Delivered,2026-10-02 17:38:56.273627,2026-10-03
ORD002894,SX00002894,11474,NJ01,In Transit,2026-10-02 17:39:48.118811,2026-10-05
ORD002895,SX00002895,12242,NJ01,Delivered,2026-10-02 17:40:39.963996,2026-10-03
ORD002896,SX00002896,13243,NJ01,Delivered,2026-10-02 17:41:31.809180,2026-10-04
ORD002897,SX00002897,16990,IL01,Exception,2026-10-02 17:42:23.654365,2026-10-05
ORD002898,SX00002898,15160,IL01,Delivered,2026-10-02 17:43:15.499549,2026-10-04
ORD002899,SX00002899,13134,IL01,Delivered,2026-10-02 17:44:07.344734,2026-10-04
ORD002900,SX00002900,12070,IL01,Delivered,2026-10-02 17:44:59.189918,2026-10-05
ORD002901,SX00002901,10359,IL01,Exception,2026-10-02 17:45:51.035103,2026-10-04
ORD002902,SX00002902,11141,TX01,In Transit,2026-10-02 17:46:42.880288,2026-10-04
ORD002903,SX00002903,11635,IL01,Delivered,2026-10-02 17:47:34.725472,2026-10-04
ORD002904,SX00002904,14000,TX01,In Transit,2026-10-02 17:48:26.570657,2026-10-05
ORD002905,SX00002905,13361,IL01,Delivered,2026-10-02 17:49:18.415841,2026-10-04
ORD002906,SX00002906,16583,IL01,Exception,2026-10-02 17:50:10.261026,2026-10-03
ORD002907,SX00002907,17835,IL01,Delivered,2026-10-02 17:51:02.106210,2026-10-03
ORD002908,SX00002908,10006,IL01,In Transit,2026-10-02 17:51:53.951395,2026-10-04
ORD002909,SX00002909,13267,NJ01,Delivered,2026-10-02 17:52:45.796579,2026-10-03
ORD002910,SX00002910,16564,IL01,Delivered,2026-10-02 17:53:37.641764,2026-10-03
ORD002911,SX00002911,19783,CA01,Out for Delivery,2026-10-02 17:54:29.486948,2026-10-05
ORD002912,SX00002912,14928,CA01,Delivered,2026-10-02 17:55:21.332133,2026-10-04
ORD002913,SX00002913,12606,NJ01,Delivered,2026-10-02 17:56:13.177317,2026-10-05
ORD002914,SX00002914,15906,TX01,In Transit,2026-10-02 17:57:05.022502,2026-10-04
ORD002915,SX00002915,13273,IL01,Delivered,2026-10-02 17:57:56.867686,2026-10-03
ORD002916,SX00002916,17611,NJ01,Delivered,2026-10-02 17:58:48.712871,2026-10-05
ORD002917,SX00002917,10913,TX01,Exception,2026-10-02 17:59:40.558055,2026-10-05
ORD002918,SX00002918,12011,IL01,Delivered,2026-10-02 18:00:32.403240,2026-10-03
ORD002919,SX00002919,11442,IL01,Delivered,2026-10-02 18:01:24.248424,2026-10-03
ORD002920,SX00002920,15546,IL01,In Transit,2026-10-02 18:02:16.093609,2026-10-04
ORD002921,SX00002921,11829,NJ01,Out for Delivery,2026-10-02 18:03:07.938793,2026-10-04
ORD002922,SX00002922,18767,NJ01,Delivered,2026-10-02 18:03:59.783978,2026-10-03
ORD002923,SX00002923,16468,IL01,Delivered,2026-10-02 18:04:51.629162,2026-10-03
ORD002924,SX00002924,10929,NJ01,In Transit,2026-10-02 18:05:43.474347,2026-10-05
ORD002925,SX00002925,13699,NJ01,Delivered,2026-10-02 18:06:35.319531,2026-10-05
ORD002926,SX00002926,19655,TX01,Delivered,2026-10-02 18:07:27.164716,2026-10-04
ORD002927,SX00002927,11054,IL01,Out for Delivery,2026-10-02 18:08:19.009900,2026-10-05
ORD002928,SX00002928,15744,TX01,Delivered,2026-10-02 18:09:10.855085,2026-10-03
ORD002929,SX00002929,11900,TX01,Delivered,2026-10-02 18:10:02.700270,2026-10-03
ORD002930,SX00002930,19649,TX01,Delivered,2026-10-02 18:10:54.545454,2026-10-03
ORD002931,SX00002931,16980,TX01,Delivered,2026-10-02 18:11:46.390639,2026-10-03
ORD002932,SX00002932,17069,NJ01,Delivered,2026-10-02 18:12:38.235823,2026-10-04
ORD002933,SX00002933,19591,IL01,Delivered,2026-10-02 18:13:30.081008,2026-10-03
ORD002934,SX00002934,13415,NJ01,In Transit,2026-10-02 18:14:21.926192,2026-10-03
ORD002935,SX00002935,10442,CA01,In Transit,2026-10-02 18:15:13.771377,2026-10-03
ORD002936,SX00002936,16218,NJ01,Delivered,2026-10-02 18:16:05.616561,2026-10-03
ORD002937,SX00002937,14652,IL01,Delivered,2026-10-02 18:16:57.461746,2026-10-04
ORD002938,SX00002938,17939,IL01,In Transit,2026-10-02 18:17:49.306930,2026-10-04
ORD002939,SX00002939,17833,CA01,Delivered,2026-10-02 18:18:41.152115,2026-10-05
ORD002940,SX00002940,19370,IL01,Delivered,2026-10-02 18:19:32.997299,2026-10-04
ORD002941,SX00002941,17597,IL01,Out for Delivery,2026-10-02 18:20:24.842484,2026-10-04
ORD002942,SX00002942,14458,IL01,Delivered,2026-10-02 18:21:16.687668,2026-10-04
ORD002943,SX00002943,16591,CA01,Delivered,2026-10-02 18:22:08.532853,2026-10-05
ORD002944,SX00002944,19449,IL01,Exception,2026-10-02 18:23:00.378037,2026-10-03
ORD002945,SX00002945,12309,NJ01,Delivered,2026-10-02 18:23:52.223222,2026-10-05
ORD002946,SX00002946,16268,NJ01,Delivered,2026-10-02 18:24:44.068406,2026-10-03
ORD002947,SX00002947,10910,IL01,Delivered,2026-10-02 18:25:35.913591,2026-10-04
ORD002948,SX00002948,14340,CA01,Delivered,2026-10-02 18:26:27.758775,2026-10-03
ORD002949,SX00002949,14009,NJ01,In Transit,2026-10-02 18:27:19.603960,2026-10-05
ORD002950,SX00002950,16628,NJ01,In Transit,2026-10-02 18:28:11.449144,2026-10-03
ORD002951,SX00002951,12169,CA01,Delivered,2026-10-02 18:29:03.294329,2026-10-03
ORD002952,SX00002952,12172,CA01,Delivered,2026-10-02 18:29:55.139513,2026-10-04
ORD002953,SX00002953,15668,NJ01,Exception,2026-10-02 18:30:46.984698,2026-10-03
ORD002954,SX00002954,16313,IL01,Delivered,2026-10-02 18:31:38.829882,2026-10-03
ORD002955,SX00002955,18315,TX01,Delivered,2026-10-02 18:32:30.675067,2026-10-04
ORD002956,SX00002956,18036,NJ01,Delivered,2026-10-02 18:33:22.520252,2026-10-05
ORD002957,SX00002957,16789,CA01,Delivered,2026-10-02 18:34:14.365436,2026-10-04
ORD002958,SX00002958,10785,CA01,Delivered,2026-10-02 18:35:06.210621,2026-10-03
ORD002959,SX00002959,16139,IL01,Delivered,2026-10-02 18:35:58.055805,2026-10-04
ORD002960,SX00002960,16344,CA01,In Transit,2026-10-02 18:36:49.900990,2026-10-04
ORD002961,SX00002961,12416,IL01,In Transit,2026-10-02 18:37:41.746174,2026-10-03
ORD002962,SX00002962,18988,NJ01,Delivered,2026-10-02 18:38:33.591359,2026-10-05
ORD002963,SX00002963,14154,IL01,Delivered,2026-10-02 18:39:25.436543,2026-10-04
ORD002964,SX00002964,15619,CA01,Delivered,2026-10-02 18:40:17.281728,2026-10-05
ORD002965,SX00002965,11936,NJ01,Delivered,2026-10-02 18:41:09.126912,2026-10-04
ORD002966,SX00002966,13807,NJ01,Delivered,2026-10-02 18:42:00.972097,2026-10-03
ORD002967,SX00002967,17151,CA01,Delivered,2026-10-02 18:42:52.817281,2026-10-03
ORD002968,SX00002968,19493,NJ01,Delivered,2026-10-02 18:43:44.662466,2026-10-04
ORD002969,SX00002969,13236,NJ01,Delivered,2026-10-02 18:44:36.507650,2026-10-04
ORD002970,SX00002970,12352,CA01,Exception,2026-10-02 18:45:28.352835,2026-10-04
ORD002971,SX00002971,11932,TX01,Delivered,2026-10-02 18:46:20.198019,2026-10-03
ORD002972,SX00002972,18556,CA01,Delivered,2026-10-02 18:47:12.043204,2026-10-04
ORD002973,SX00002973,14916,CA01,Delivered,2026-10-02 18:48:03.888388,2026-10-03
ORD002974,SX00002974,15498,IL01,Delivered,2026-10-02 18:48:55.733573,2026-10-04
ORD002975,SX00002975,10946,NJ01,In Transit,2026-10-02 18:49:47.578757,2026-10-03
ORD002976,SX00002976,19569,IL01,Delivered,2026-10-02 18:50:39.423942,2026-10-04
ORD002977,SX00002977,11439,TX01,In Transit,2026-10-02 18:51:31.269126,2026-10-05
ORD002978,SX00002978,17730,IL01,Delivered,2026-10-02 18:52:23.114311,2026-10-05
ORD002979,SX00002979,14857,TX01,Out for Delivery,2026-10-02 18:53:14.959495,2026-10-03
ORD002980,SX00002980,10340,IL01,Delivered,2026-10-02 18:54:06.804680,2026-10-04
ORD002981,SX00002981,10382,IL01,Delivered,2026-10-02 18:54:58.649864,2026-10-05
ORD002982,SX00002982,19748,IL01,Delivered,2026-10-02 18:55:50.495049,2026-10-04
ORD002983,SX00002983,18491,IL01,Delivered,2026-10-02 18:56:42.340234,2026-10-04
ORD002984,SX00002984,10138,NJ01,Delivered,2026-10-02 18:57:34.185418,2026-10-04
ORD002985,SX00002985,10358,IL01,Delivered,2026-10-02 18:58:26.030603,2026-10-05
ORD002986,SX00002986,14931,IL01,In Transit,2026-10-02 18:59:17.875787,2026-10-03
ORD002987,SX00002987,19714,IL01,Delivered,2026-10-02 19:00:09.720972,2026-10-05
ORD002988,SX00002988,13456,TX01,Delivered,2026-10-02 19:01:01.566156,2026-10-03
ORD002989,SX00002989,11627,TX01,Delivered,2026-10-02 19:01:53.411341,2026-10-05
ORD002990,SX00002990,19495,IL01,Delivered,2026-10-02 19:02:45.256525,2026-10-04
ORD002991,SX00002991,16626,TX01,Delivered,2026-10-02 19:03:37.101710,2026-10-04
ORD002992,SX00002992,15004,NJ01,Delivered,2026-10-02 19:04:28.946894,2026-10-04
ORD002993,SX00002993,19326,IL01,Delivered,2026-10-02 19:05:20.792079,2026-10-05
ORD002994,SX00002994,16652,NJ01,In Transit,2026-10-02 19:06:12.637263,2026-10-05
ORD002995,SX00002995,16416,IL01,Delivered,2026-10-02 19:07:04.482448,2026-10-03
ORD002996,SX00002996,13170,TX01,Delivered,2026-10-02 19:07:56.327632,2026-10-05
ORD002997,SX00002997,13835,IL01,Delivered,2026-10-02 19:08:48.172817,2026-10-03
ORD002998,SX00002998,18017,CA01,Delivered,2026-10-02 19:09:40.018001,2026-10-05
ORD002999,SX00002999,12151,IL01,Delivered,2026-10-02 19:10:31.863186,2026-10-04
ORD003000,SX00003000,19429,NJ01,Delivered,2026-10-02 19:11:23.708370,2026-10-05
ORD003001,SX00003001,16905,CA01,Delivered,2026-10-02 19:12:15.553555,2026-10-04
ORD003002,SX00003002,12834,IL01,Delivered,2026-10-02 19:13:07.398739,2026-10-05
ORD003003,SX00003003,19190,NJ01,Delivered,2026-10-02 19:13:59.243924,2026-10-03
ORD003004,SX00003004,12567,IL01,Delivered,2026-10-02 19:14:51.089108,2026-10-05
ORD003005,SX00003005,11307,NJ01,Delivered,2026-10-02 19:15:42.934293,2026-10-04
ORD003006,SX00003006,18848,IL01,Delivered,2026-10-02 19:16:34.779477,2026-10-05
ORD003007,SX00003007,12660,IL01,Delivered,2026-10-02 19:17:26.624662,2026-10-03
ORD003008,SX00003008,13730,NJ01,In Transit,2026-10-02 19:18:18.469846,2026-10-03
ORD003009,SX00003009,16207,NJ01,In Transit,2026-10-02 19:19:10.315031,2026-10-03
ORD003010,SX00003010,13162,NJ01,Delivered,2026-10-02 19:20:02.160216,2026-10-03
ORD003011,SX00003011,11140,IL01,Delivered,2026-10-02 19:20:54.005400,2026-10-05
ORD003012,SX00003012,18458,IL01,Delivered,2026-10-02 19:21:45.850585,2026-10-03
ORD003013,SX00003013,11708,NJ01,Delivered,2026-10-02 19:22:37.695769,2026-10-05
ORD003014,SX00003014,13630,NJ01,Out for Delivery,2026-10-02 19:23:29.540954,2026-10-05
ORD003015,SX00003015,13211,IL01,Delivered,2026-10-02 19:24:21.386138,2026-10-05
ORD003016,SX00003016,16538,IL01,In Transit,2026-10-02 19:25:13.231323,2026-10-03
ORD003017,SX00003017,19702,IL01,Delivered,2026-10-02 19:26:05.076507,2026-10-03
ORD003018,SX00003018,10475,IL01,Out for Delivery,2026-10-02 19:26:56.921692,2026-10-05
ORD003019,SX00003019,17684,IL01,In Transit,2026-10-02 19:27:48.766876,2026-10-05
ORD003020,SX00003020,19168,IL01,In Transit,2026-10-02 19:28:40.612061,2026-10-05
ORD003021,SX00003021,11207,NJ01,Delivered,2026-10-02 19:29:32.457245,2026-10-04
ORD003022,SX00003022,11960,NJ01,In Transit,2026-10-02 19:30:24.302430,2026-10-04
ORD003023,SX00003023,10557,IL01,Delivered,2026-10-02 19:31:16.147614,2026-10-03
ORD003024,SX00003024,10882,IL01,Out for Delivery,2026-10-02 19:32:07.992799,2026-10-04
ORD003025,SX00003025,14761,IL01,Delivered,2026-10-02 19:32:59.837983,2026-10-05
ORD003026,SX00003026,15867,NJ01,Delivered,2026-10-02 19:33:51.683168,2026-10-05
ORD003027,SX00003027,16963,CA01,Exception,2026-10-02 19:34:43.528352,2026-10-03
ORD003028,SX00003028,17166,TX01,In Transit,2026-10-02 19:35:35.373537,2026-10-03
ORD003029,SX00003029,17929,TX01,In Transit,2026-10-02 19:36:27.218721,2026-10-04
ORD003030,SX00003030,15347,TX01,Delivered,2026-10-02 19:37:19.063906,2026-10-05
ORD003031,SX00003031,17269,IL01,Exception,2026-10-02 19:38:10.909090,2026-10-03
ORD003032,SX00003032,19802,IL01,In Transit,2026-10-02 19:39:02.754275,2026-10-03
ORD003033,SX00003033,18125,NJ01,Delivered,2026-10-02 19:39:54.599459,2026-10-04
ORD003034,SX00003034,12454,IL01,Out for Delivery,2026-10-02 19:40:46.444644,2026-10-03
ORD003035,SX00003035,14494,NJ01,Delivered,2026-10-02 19:41:38.289828,2026-10-04
ORD003036,SX00003036,11946,TX01,Delivered,2026-10-02 19:42:30.135013,2026-10-05
ORD003037,SX00003037,12808,TX01,Delivered,2026-10-02 19:43:21.980198,2026-10-04
ORD003038,SX00003038,16642,IL01,Delivered,2026-10-02 19:44:13.825382,2026-10-03
ORD003039,SX00003039,13825,NJ01,Delivered,2026-10-02 19:45:05.670567,2026-10-04
ORD003040,SX00003040,13536,NJ01,Delivered,2026-10-02 19:45:57.515751,2026-10-04
ORD003041,SX00003041,16068,TX01,Delivered,2026-10-02 19:46:49.360936,2026-10-05
ORD003042,SX00003042,13802,TX01,Delivered,2026-10-02 19:47:41.206120,2026-10-04
ORD003043,SX00003043,14699,CA01,Delivered,2026-10-02 19:48:33.051305,2026-10-03
ORD003044,SX00003044,11970,IL01,Delivered,2026-10-02 19:49:24.896489,2026-10-03
ORD003045,SX00003045,15806,NJ01,Delivered,2026-10-02 19:50:16.741674,2026-10-05
ORD003046,SX00003046,16142,IL01,Delivered,2026-10-02 19:51:08.586858,2026-10-05
ORD003047,SX00003047,12819,IL01,In Transit,2026-10-02 19:52:00.432043,2026-10-05
ORD003048,SX00003048,19094,CA01,In Transit,2026-10-02 19:52:52.277227,2026-10-03
ORD003049,SX00003049,10364,CA01,Delivered,2026-10-02 19:53:44.122412,2026-10-04
ORD003050,SX00003050,14258,IL01,Delivered,2026-10-02 19:54:35.967596,2026-10-03
ORD003051,SX00003051,13119,IL01,Delivered,2026-10-02 19:55:27.812781,2026-10-03
ORD003052,SX00003052,11863,IL01,Delivered,2026-10-02 19:56:19.657965,2026-10-05
ORD003053,SX00003053,10115,TX01,Out for Delivery,2026-10-02 19:57:11.503150,2026-10-05
ORD003054,SX00003054,17084,IL01,Delivered,2026-10-02 19:58:03.348334,2026-10-04
ORD003055,SX00003055,18016,IL01,Delivered,2026-10-02 19:58:55.193519,2026-10-04
ORD003056,SX00003056,12384,IL01,Delivered,2026-10-02 19:59:47.038703,2026-10-04
ORD003057,SX00003057,13935,NJ01,Exception,2026-10-02 20:00:38.883888,2026-10-04
ORD003058,SX00003058,17742,CA01,Delivered,2026-10-02 20:01:30.729072,2026-10-03
ORD003059,SX00003059,15442,IL01,Delivered,2026-10-02 20:02:22.574257,2026-10-04
ORD003060,SX00003060,12490,NJ01,Delivered,2026-10-02 20:03:14.419441,2026-10-03
ORD003061,SX00003061,16980,IL01,Delivered,2026-10-02 20:04:06.264626,2026-10-03
ORD003062,SX00003062,19134,NJ01,In Transit,2026-10-02 20:04:58.109810,2026-10-04
ORD003063,SX00003063,17661,TX01,Delivered,2026-10-02 20:05:49.954995,2026-10-04
ORD003064,SX00003064,11724,IL01,Delivered,2026-10-02 20:06:41.800180,2026-10-03
ORD003065,SX00003065,18182,IL01,Delivered,2026-10-02 20:07:33.645364,2026-10-05
ORD003066,SX00003066,12767,TX01,Delivered,2026-10-02 20:08:25.490549,2026-10-04
ORD003067,SX00003067,11137,IL01,Delivered,2026-10-02 20:09:17.335733,2026-10-05
ORD003068,SX00003068,14117,NJ01,Delivered,2026-10-02 20:10:09.180918,2026-10-03
ORD003069,SX00003069,13420,IL01,Delivered,2026-10-02 20:11:01.026102,2026-10-05
ORD003070,SX00003070,15845,IL01,Delivered,2026-10-02 20:11:52.871287,2026-10-03
ORD003071,SX00003071,14778,TX01,Delivered,2026-10-02 20:12:44.716471,2026-10-05
ORD003072,SX00003072,13906,TX01,In Transit,2026-10-02 20:13:36.561656,2026-10-05
ORD003073,SX00003073,13637,NJ01,Out for Delivery,2026-10-02 20:14:28.406840,2026-10-05
ORD003074,SX00003074,12953,IL01,In Transit,2026-10-02 20:15:20.252025,2026-10-03
ORD003075,SX00003075,15929,NJ01,Delivered,2026-10-02 20:16:12.097209,2026-10-03
ORD003076,SX00003076,10276,NJ01,Delivered,2026-10-02 20:17:03.942394,2026-10-03
ORD003077,SX00003077,11999,NJ01,Delivered,2026-10-02 20:17:55.787578,2026-10-04
ORD003078,SX00003078,11227,TX01,Delivered,2026-10-02 20:18:47.632763,2026-10-03
ORD003079,SX00003079,16337,IL01,In Transit,2026-10-02 20:19:39.477947,2026-10-04
ORD003080,SX00003080,13735,NJ01,In Transit,2026-10-02 20:20:31.323132,2026-10-03
ORD003081,SX00003081,10695,NJ01,In Transit,2026-10-02 20:21:23.168316,2026-10-04
ORD003082,SX00003082,19501,IL01,Delivered,2026-10-02 20:22:15.013501,2026-10-05
ORD003083,SX00003083,14152,TX01,In Transit,2026-10-02 20:23:06.858685,2026-10-05
ORD003084,SX00003084,17901,IL01,Out for Delivery,2026-10-02 20:23:58.703870,2026-10-03
ORD003085,SX00003085,17470,IL01,Delivered,2026-10-02 20:24:50.549054,2026-10-04
ORD003086,SX00003086,17537,CA01,Delivered,2026-10-02 20:25:42.394239,2026-10-05
ORD003087,SX00003087,12841,IL01,Delivered,2026-10-02 20:26:34.239423,2026-10-05
ORD003088,SX00003088,14208,IL01,Delivered,2026-10-02 20:27:26.084608,2026-10-04
ORD003089,SX00003089,18733,NJ01,Out for Delivery,2026-10-02 20:28:17.929792,2026-10-03
ORD003090,SX00003090,11088,CA01,Delivered,2026-10-02 20:29:09.774977,2026-10-05
ORD003091,SX00003091,13363,CA01,Delivered,2026-10-02 20:30:01.620162,2026-10-03
ORD003092,SX00003092,10024,NJ01,Delivered,2026-10-02 20:30:53.465346,2026-10-03
ORD003093,SX00003093,19764,IL01,Delivered,2026-10-02 20:31:45.310531,2026-10-04
ORD003094,SX00003094,16144,CA01,Delivered,2026-10-02 20:32:37.155715,2026-10-04
ORD003095,SX00003095,15668,NJ01,Exception,2026-10-02 20:33:29.000900,2026-10-05
ORD003096,SX00003096,14236,IL01,Delivered,2026-10-02 20:34:20.846084,2026-10-04
ORD003097,SX00003097,19959,TX01,In Transit,2026-10-02 20:35:12.691269,2026-10-05
ORD003098,SX00003098,18068,IL01,In Transit,2026-10-02 20:36:04.536453,2026-10-05
ORD003099,SX00003099,12235,IL01,Delivered,2026-10-02 20:36:56.381638,2026-10-05
ORD003100,SX00003100,17295,TX01,Out for Delivery,2026-10-02 20:37:48.226822,2026-10-03
ORD003101,SX00003101,18392,NJ01,Delivered,2026-10-02 20:38:40.072007,2026-10-03
ORD003102,SX00003102,18448,IL01,Delivered,2026-10-02 20:39:31.917191,2026-10-04
ORD003103,SX00003103,13747,IL01,Delivered,2026-10-02 20:40:23.762376,2026-10-04
ORD003104,SX00003104,13175,NJ01,Delivered,2026-10-02 20:41:15.607560,2026-10-05
ORD003105,SX00003105,14897,IL01,Delivered,2026-10-02 20:42:07.452745,2026-10-05
ORD003106,SX00003106,15037,IL01,In Transit,2026-10-02 20:42:59.297929,2026-10-03
ORD003107,SX00003107,17427,NJ01,Delivered,2026-10-02 20:43:51.143114,2026-10-03
ORD003108,SX00003108,18605,CA01,Delivered,2026-10-02 20:44:42.988298,2026-10-05
ORD003109,SX00003109,12014,NJ01,In Transit,2026-10-02 20:45:34.833483,2026-10-05
ORD003110,SX00003110,11381,TX01,In Transit,2026-10-02 20:46:26.678667,2026-10-04
ORD003111,SX00003111,11098,TX01,Delivered,2026-10-02 20:47:18.523852,2026-10-05
ORD003112,SX00003112,13426,TX01,Delivered,2026-10-02 20:48:10.369036,2026-10-05
ORD003113,SX00003113,13655,IL01,Delivered,2026-10-02 20:49:02.214221,2026-10-05
ORD003114,SX00003114,17938,CA01,Delivered,2026-10-02 20:49:54.059405,2026-10-03
ORD003115,SX00003115,19101,NJ01,Delivered,2026-10-02 20:50:45.904590,2026-10-03
ORD003116,SX00003116,10187,IL01,Out for Delivery,2026-10-02 20:51:37.749774,2026-10-04
ORD003117,SX00003117,15409,IL01,Delivered,2026-10-02 20:52:29.594959,2026-10-04
ORD003118,SX00003118,12092,TX01,Delivered,2026-10-02 20:53:21.440144,2026-10-04
ORD003119,SX00003119,12130,IL01,In Transit,2026-10-02 20:54:13.285328,2026-10-05
ORD003120,SX00003120,15242,IL01,Delivered,2026-10-02 20:55:05.130513,2026-10-05
ORD003121,SX00003121,18549,TX01,Delivered,2026-10-02 20:55:56.975697,2026-10-03
ORD003122,SX00003122,15647,CA01,Delivered,2026-10-02 20:56:48.820882,2026-10-05
ORD003123,SX00003123,15185,NJ01,In Transit,2026-10-02 20:57:40.666066,2026-10-05
ORD003124,SX00003124,15776,IL01,In Transit,2026-10-02 20:58:32.511251,2026-10-03
ORD003125,SX00003125,17913,IL01,In Transit,2026-10-02 20:59:24.356435,2026-10-04
ORD003126,SX00003126,17547,NJ01,Delivered,2026-10-02 21:00:16.201620,2026-10-05
ORD003127,SX00003127,17823,IL01,Out for Delivery,2026-10-02 21:01:08.046804,2026-10-03
ORD003128,SX00003128,17355,NJ01,Delivered,2026-10-02 21:01:59.891989,2026-10-03
ORD003129,SX00003129,16465,IL01,Delivered,2026-10-02 21:02:51.737173,2026-10-04
ORD003130,SX00003130,11497,CA01,Delivered,2026-10-02 21:03:43.582358,2026-10-03
ORD003131,SX00003131,12555,NJ01,Delivered,2026-10-02 21:04:35.427542,2026-10-04
ORD003132,SX00003132,15409,IL01,Delivered,2026-10-02 21:05:27.272727,2026-10-04
ORD003133,SX00003133,12951,CA01,Delivered,2026-10-02 21:06:19.117911,2026-10-04
ORD003134,SX00003134,11238,IL01,Delivered,2026-10-02 21:07:10.963096,2026-10-04
ORD003135,SX00003135,19165,IL01,Delivered,2026-10-02 21:08:02.808280,2026-10-04
ORD003136,SX00003136,14727,TX01,In Transit,2026-10-02 21:08:54.653465,2026-10-03
ORD003137,SX00003137,13965,IL01,In Transit,2026-10-02 21:09:46.498649,2026-10-05
ORD003138,SX00003138,15686,NJ01,Delivered,2026-10-02 21:10:38.343834,2026-10-04
ORD003139,SX00003139,19242,IL01,Delivered,2026-10-02 21:11:30.189018,2026-10-04
ORD003140,SX00003140,13701,IL01,Delivered,2026-10-02 21:12:22.034203,2026-10-05
ORD003141,SX00003141,12780,IL01,Delivered,2026-10-02 21:13:13.879387,2026-10-05
ORD003142,SX00003142,17398,TX01,In Transit,2026-10-02 21:14:05.724572,2026-10-04
ORD003143,SX00003143,11588,NJ01,Delivered,2026-10-02 21:14:57.569756,2026-10-05
ORD003144,SX00003144,12368,IL01,Delivered,2026-10-02 21:15:49.414941,2026-10-04
ORD003145,SX00003145,15789,IL01,Delivered,2026-10-02 21:16:41.260126,2026-10-03
ORD003146,SX00003146,10436,CA01,In Transit,2026-10-02 21:17:33.105310,2026-10-05
ORD003147,SX00003147,12828,CA01,Delivered,2026-10-02 21:18:24.950495,2026-10-05
ORD003148,SX00003148,11556,NJ01,Delivered,2026-10-02 21:19:16.795679,2026-10-03
ORD003149,SX00003149,17570,TX01,Delivered,2026-10-02 21:20:08.640864,2026-10-05
ORD003150,SX00003150,17480,TX01,In Transit,2026-10-02 21:21:00.486048,2026-10-03
ORD003151,SX00003151,19496,IL01,Out for Delivery,2026-10-02 21:21:52.331233,2026-10-04
ORD003152,SX00003152,10182,IL01,Delivered,2026-10-02 21:22:44.176417,2026-10-05
ORD003153,SX00003153,17190,IL01,In Transit,2026-10-02 21:23:36.021602,2026-10-05
ORD003154,SX00003154,16687,TX01,In Transit,2026-10-02 21:24:27.866786,2026-10-03
ORD003155,SX00003155,15565,TX01,In Transit,2026-10-02 21:25:19.711971,2026-10-04
ORD003156,SX00003156,17241,TX01,In Transit,2026-10-02 21:26:11.557155,2026-10-04
ORD003157,SX00003157,17651,IL01,Delivered,2026-10-02 21:27:03.402340,2026-10-03
ORD003158,SX00003158,15575,NJ01,Delivered,2026-10-02 21:27:55.247524,2026-10-05
ORD003159,SX00003159,11589,TX01,Exception,2026-10-02 21:28:47.092709,2026-10-05
ORD003160,SX00003160,19779,CA01,Delivered,2026-10-02 21:29:38.937893,2026-10-03
ORD003161,SX00003161,18851,IL01,Exception,2026-10-02 21:30:30.783078,2026-10-03
ORD003162,SX00003162,10159,TX01,Delivered,2026-10-02 21:31:22.628262,2026-10-03
ORD003163,SX00003163,16555,IL01,Delivered,2026-10-02 21:32:14.473447,2026-10-05
ORD003164,SX00003164,19203,TX01,Delivered,2026-10-02 21:33:06.318631,2026-10-03
ORD003165,SX00003165,18244,NJ01,In Transit,2026-10-02 21:33:58.163816,2026-10-04
ORD003166,SX00003166,16846,IL01,Delivered,2026-10-02 21:34:50.009000,2026-10-03
ORD003167,SX00003167,12307,TX01,Delivered,2026-10-02 21:35:41.854185,2026-10-04
ORD003168,SX00003168,11228,IL01,In Transit,2026-10-02 21:36:33.699369,2026-10-04
ORD003169,SX00003169,17226,TX01,Out for Delivery,2026-10-02 21:37:25.544554,2026-10-03
ORD003170,SX00003170,15590,IL01,Delivered,2026-10-02 21:38:17.389738,2026-10-04
ORD003171,SX00003171,16919,TX01,Delivered,2026-10-02 21:39:09.234923,2026-10-05
ORD003172,SX00003172,15585,CA01,Delivered,2026-10-02 21:40:01.080108,2026-10-03
ORD003173,SX00003173,19227,IL01,Out for Delivery,2026-10-02 21:40:52.925292,2026-10-05
ORD003174,SX00003174,16046,NJ01,Delivered,2026-10-02 21:41:44.770477,2026-10-05
ORD003175,SX00003175,14945,NJ01,Delivered,2026-10-02 21:42:36.615661,2026-10-04
ORD003176,SX00003176,17927,IL01,Delivered,2026-10-02 21:43:28.460846,2026-10-05
ORD003177,SX00003177,17016,NJ01,Delivered,2026-10-02 21:44:20.306030,2026-10-05
ORD003178,SX00003178,17758,TX01,Delivered,2026-10-02 21:45:12.151215,2026-10-03
ORD003179,SX00003179,15086,CA01,Delivered,2026-10-02 21:46:03.996399,2026-10-03
ORD003180,SX00003180,19456,CA01,In Transit,2026-10-02 21:46:55.841584,2026-10-05
ORD003181,SX00003181,17161,NJ01,Delivered,2026-10-02 21:47:47.686768,2026-10-04
ORD003182,SX00003182,11884,TX01,Delivered,2026-10-02 21:48:39.531953,2026-10-04
ORD003183,SX00003183,11809,TX01,Delivered,2026-10-02 21:49:31.377137,2026-10-03
ORD003184,SX00003184,13167,NJ01,Out for Delivery,2026-10-02 21:50:23.222322,2026-10-03
ORD003185,SX00003185,16352,IL01,Delivered,2026-10-02 21:51:15.067506,2026-10-03
ORD003186,SX00003186,19009,NJ01,Delivered,2026-10-02 21:52:06.912691,2026-10-04
ORD003187,SX00003187,16056,TX01,Delivered,2026-10-02 21:52:58.757875,2026-10-03
ORD003188,SX00003188,12437,NJ01,Delivered,2026-10-02 21:53:50.603060,2026-10-05
ORD003189,SX00003189,16468,TX01,Out for Delivery,2026-10-02 21:54:42.448244,2026-10-04
ORD003190,SX00003190,19080,IL01,Delivered,2026-10-02 21:55:34.293429,2026-10-05
ORD003191,SX00003191,15951,CA01,Delivered,2026-10-02 21:56:26.138613,2026-10-03
ORD003192,SX00003192,15276,NJ01,In Transit,2026-10-02 21:57:17.983798,2026-10-04
ORD003193,SX00003193,18859,TX01,Delivered,2026-10-02 21:58:09.828982,2026-10-03
ORD003194,SX00003194,17818,IL01,Delivered,2026-10-02 21:59:01.674167,2026-10-04
ORD003195,SX00003195,14728,IL01,Delivered,2026-10-02 21:59:53.519351,2026-10-03
ORD003196,SX00003196,12624,TX01,Delivered,2026-10-02 22:00:45.364536,2026-10-04
ORD003197,SX00003197,15738,CA01,Delivered,2026-10-02 22:01:37.209720,2026-10-04
ORD003198,SX00003198,14232,IL01,Delivered,2026-10-02 22:02:29.054905,2026-10-04
ORD003199,SX00003199,15793,IL01,Exception,2026-10-02 22:03:20.900090,2026-10-05
ORD003200,SX00003200,14523,IL01,Delivered,2026-10-02 22:04:12.745274,2026-10-03
ORD003201,SX00003201,15571,IL01,Delivered,2026-10-02 22:05:04.590459,2026-10-03
ORD003202,SX00003202,19010,IL01,Delivered,2026-10-02 22:05:56.435643,2026-10-04
ORD003203,SX00003203,19298,TX01,Delivered,2026-10-02 22:06:48.280828,2026-10-05
ORD003204,SX00003204,12224,CA01,Out for Delivery,2026-10-02 22:07:40.126012,2026-10-04
ORD003205,SX00003205,18389,IL01,Delivered,2026-10-02 22:08:31.971197,2026-10-03
ORD003206,SX00003206,16091,NJ01,Exception,2026-10-02 22:09:23.816381,2026-10-03
ORD003207,SX00003207,18662,IL01,Delivered,2026-10-02 22:10:15.661566,2026-10-04
ORD003208,SX00003208,16361,IL01,Delivered,2026-10-02 22:11:07.506750,2026-10-04
ORD003209,SX00003209,11948,IL01,Delivered,2026-10-02 22:11:59.351935,2026-10-04
ORD003210,SX00003210,17094,NJ01,Delivered,2026-10-02 22:12:51.197119,2026-10-03
ORD003211,SX00003211,16318,IL01,Delivered,2026-10-02 22:13:43.042304,2026-10-04
ORD003212,SX00003212,13796,NJ01,In Transit,2026-10-02 22:14:34.887488,2026-10-04
ORD003213,SX00003213,10234,IL01,Delivered,2026-10-02 22:15:26.732673,2026-10-03
ORD003214,SX00003214,19120,IL01,Out for Delivery,2026-10-02 22:16:18.577857,2026-10-04
ORD003215,SX00003215,13607,IL01,Delivered,2026-10-02 22:17:10.423042,2026-10-05
ORD003216,SX00003216,18043,CA01,Delivered,2026-10-02 22:18:02.268226,2026-10-03
ORD003217,SX00003217,10522,TX01,Delivered,2026-10-02 22:18:54.113411,2026-10-04
ORD003218,SX00003218,15904,CA01,Delivered,2026-10-02 22:19:45.958595,2026-10-04
ORD003219,SX00003219,14888,IL01,In Transit,2026-10-02 22:20:37.803780,2026-10-03
ORD003220,SX00003220,19821,IL01,Delivered,2026-10-02 22:21:29.648964,2026-10-03
ORD003221,SX00003221,15832,IL01,In Transit,2026-10-02 22:22:21.494149,2026-10-05
ORD003222,SX00003222,17122,IL01,Delivered,2026-10-02 22:23:13.339333,2026-10-04
ORD003223,SX00003223,15842,TX01,In Transit,2026-10-02 22:24:05.184518,2026-10-04
ORD003224,SX00003224,11316,IL01,In Transit,2026-10-02 22:24:57.029702,2026-10-04
ORD003225,SX00003225,11124,IL01,Delivered,2026-10-02 22:25:48.874887,2026-10-03
ORD003226,SX00003226,15621,NJ01,Delivered,2026-10-02 22:26:40.720072,2026-10-03
ORD003227,SX00003227,15423,NJ01,Delivered,2026-10-02 22:27:32.565256,2026-10-03
ORD003228,SX00003228,12587,CA01,Delivered,2026-10-02 22:28:24.410441,2026-10-04
ORD003229,SX00003229,19215,IL01,Delivered,2026-10-02 22:29:16.255625,2026-10-04
ORD003230,SX00003230,15672,NJ01,Delivered,2026-10-02 22:30:08.100810,2026-10-03
ORD003231,SX00003231,11378,IL01,Delivered,2026-10-02 22:30:59.945994,2026-10-05
ORD003232,SX00003232,13374,CA01,Out for Delivery,2026-10-02 22:31:51.791179,2026-10-04
ORD003233,SX00003233,11519,NJ01,Delivered,2026-10-02 22:32:43.636363,2026-10-05
ORD003234,SX00003234,15777,NJ01,Out for Delivery,2026-10-02 22:33:35.481548,2026-10-03
ORD003235,SX00003235,17935,IL01,Delivered,2026-10-02 22:34:27.326732,2026-10-04
ORD003236,SX00003236,16093,TX01,Delivered,2026-10-02 22:35:19.171917,2026-10-05
ORD003237,SX00003237,18418,IL01,Delivered,2026-10-02 22:36:11.017101,2026-10-04
ORD003238,SX00003238,15355,NJ01,Delivered,2026-10-02 22:37:02.862286,2026-10-05
ORD003239,SX00003239,14968,CA01,In Transit,2026-10-02 22:37:54.707470,2026-10-04
ORD003240,SX00003240,19083,CA01,Exception,2026-10-02 22:38:46.552655,2026-10-05
ORD003241,SX00003241,15574,NJ01,Delivered,2026-10-02 22:39:38.397839,2026-10-05
ORD003242,SX00003242,14072,TX01,Out for Delivery,2026-10-02 22:40:30.243024,2026-10-03
ORD003243,SX00003243,12257,IL01,Delivered,2026-10-02 22:41:22.088208,2026-10-03
ORD003244,SX00003244,18588,TX01,Out for Delivery,2026-10-02 22:42:13.933393,2026-10-05
ORD003245,SX00003245,14424,NJ01,Delivered,2026-10-02 22:43:05.778577,2026-10-04
ORD003246,SX00003246,13237,NJ01,Exception,2026-10-02 22:43:57.623762,2026-10-05
ORD003247,SX00003247,13893,CA01,Out for Delivery,2026-10-02 22:44:49.468946,2026-10-04
ORD003248,SX00003248,12005,TX01,Delivered,2026-10-02 22:45:41.314131,2026-10-04
ORD003249,SX00003249,12016,IL01,Delivered,2026-10-02 22:46:33.159315,2026-10-04
ORD003250,SX00003250,19388,TX01,Delivered,2026-10-02 22:47:25.004500,2026-10-04
ORD003251,SX00003251,11772,IL01,Delivered,2026-10-02 22:48:16.849684,2026-10-03
ORD003252,SX00003252,18353,TX01,In Transit,2026-10-02 22:49:08.694869,2026-10-05
ORD003253,SX00003253,13976,TX01,In Transit,2026-10-02 22:50:00.540054,2026-10-04
ORD003254,SX00003254,11751,IL01,In Transit,2026-10-02 22:50:52.385238,2026-10-03
ORD003255,SX00003255,18967,TX01,Delivered,2026-10-02 22:51:44.230423,2026-10-04
ORD003256,SX00003256,17430,NJ01,Delivered,2026-10-02 22:52:36.075607,2026-10-04
ORD003257,SX00003257,17170,NJ01,Delivered,2026-10-02 22:53:27.920792,2026-10-03
ORD003258,SX00003258,16469,IL01,In Transit,2026-10-02 22:54:19.765976,2026-10-03
ORD003259,SX00003259,19131,IL01,Delivered,2026-10-02 22:55:11.611161,2026-10-04
ORD003260,SX00003260,13220,TX01,Delivered,2026-10-02 22:56:03.456345,2026-10-05
ORD003261,SX00003261,10539,IL01,Delivered,2026-10-02 22:56:55.301530,2026-10-03
ORD003262,SX00003262,11461,NJ01,Delivered,2026-10-02 22:57:47.146714,2026-10-05
ORD003263,SX00003263,15184,TX01,Delivered,2026-10-02 22:58:38.991899,2026-10-04
ORD003264,SX00003264,18547,IL01,Delivered,2026-10-02 22:59:30.837083,2026-10-04
ORD003265,SX00003265,10234,NJ01,Out for Delivery,2026-10-02 23:00:22.682268,2026-10-04
ORD003266,SX00003266,11548,NJ01,Delivered,2026-10-02 23:01:14.527452,2026-10-04
ORD003267,SX00003267,17480,TX01,In Transit,2026-10-02 23:02:06.372637,2026-10-04
ORD003268,SX00003268,14213,IL01,Delivered,2026-10-02 23:02:58.217821,2026-10-04
ORD003269,SX00003269,11673,NJ01,In Transit,2026-10-02 23:03:50.063006,2026-10-05
ORD003270,SX00003270,16708,IL01,Delivered,2026-10-02 23:04:41.908190,2026-10-03
ORD003271,SX00003271,17982,TX01,In Transit,2026-10-02 23:05:33.753375,2026-10-04
ORD003272,SX00003272,12100,IL01,In Transit,2026-10-02 23:06:25.598559,2026-10-03
ORD003273,SX00003273,13748,CA01,Delivered,2026-10-02 23:07:17.443744,2026-10-05
ORD003274,SX00003274,13173,NJ01,Out for Delivery,2026-10-02 23:08:09.288928,2026-10-04
ORD003275,SX00003275,11815,CA01,Delivered,2026-10-02 23:09:01.134113,2026-10-04
ORD003276,SX00003276,13841,NJ01,In Transit,2026-10-02 23:09:52.979297,2026-10-03
ORD003277,SX00003277,18016,IL01,Delivered,2026-10-02 23:10:44.824482,2026-10-03
ORD003278,SX00003278,17011,CA01,Out for Delivery,2026-10-02 23:11:36.669666,2026-10-03
ORD003279,SX00003279,14493,IL01,In Transit,2026-10-02 23:12:28.514851,2026-10-04
ORD003280,SX00003280,10674,IL01,Delivered,2026-10-02 23:13:20.360036,2026-10-03
ORD003281,SX00003281,18088,IL01,Delivered,2026-10-02 23:14:12.205220,2026-10-03
ORD003282,SX00003282,18578,CA01,Out for Delivery,2026-10-02 23:15:04.050405,2026-10-05
ORD003283,SX00003283,12158,NJ01,In Transit,2026-10-02 23:15:55.895589,2026-10-04
ORD003284,SX00003284,12661,NJ01,Exception,2026-10-02 23:16:47.740774,2026-10-04
ORD003285,SX00003285,12064,TX01,Delivered,2026-10-02 23:17:39.585958,2026-10-04
ORD003286,SX00003286,13253,NJ01,Delivered,2026-10-02 23:18:31.431143,2026-10-03
ORD003287,SX00003287,14979,TX01,Delivered,2026-10-02 23:19:23.276327,2026-10-05
ORD003288,SX00003288,17703,IL01,Delivered,2026-10-02 23:20:15.121512,2026-10-03
ORD003289,SX00003289,18931,TX01,Delivered,2026-10-02 23:21:06.966696,2026-10-04
ORD003290,SX00003290,11401,IL01,Delivered,2026-10-02 23:21:58.811881,2026-10-03
ORD003291,SX00003291,13259,IL01,Delivered,2026-10-02 23:22:50.657065,2026-10-04
ORD003292,SX00003292,13923,NJ01,Delivered,2026-10-02 23:23:42.502250,2026-10-03
ORD003293,SX00003293,14214,NJ01,Delivered,2026-10-02 23:24:34.347434,2026-10-03
ORD003294,SX00003294,13227,NJ01,In Transit,2026-10-02 23:25:26.192619,2026-10-04
ORD003295,SX00003295,12745,IL01,Delivered,2026-10-02 23:26:18.037803,2026-10-03
ORD003296,SX00003296,16091,IL01,Delivered,2026-10-02 23:27:09.882988,2026-10-04
ORD003297,SX00003297,13866,NJ01,Delivered,2026-10-02 23:28:01.728172,2026-10-03
ORD003298,SX00003298,15818,NJ01,Delivered,2026-10-02 23:28:53.573357,2026-10-03
ORD003299,SX00003299,12222,IL01,Out for Delivery,2026-10-02 23:29:45.418541,2026-10-03
ORD003300,SX00003300,12792,NJ01,Delivered,2026-10-02 23:30:37.263726,2026-10-04
ORD003301,SX00003301,19889,IL01,Out for Delivery,2026-10-02 23:31:29.108910,2026-10-03
ORD003302,SX00003302,14063,IL01,Delivered,2026-10-02 23:32:20.954095,2026-10-03
ORD003303,SX00003303,11524,IL01,In Transit,2026-10-02 23:33:12.799279,2026-10-05
ORD003304,SX00003304,18224,CA01,Delivered,2026-10-02 23:34:04.644464,2026-10-05
ORD003305,SX00003305,16198,TX01,Delivered,2026-10-02 23:34:56.489648,2026-10-04
ORD003306,SX00003306,14025,IL01,In Transit,2026-10-02 23:35:48.334833,2026-10-04
ORD003307,SX00003307,12566,NJ01,Delivered,2026-10-02 23:36:40.180018,2026-10-04
ORD003308,SX00003308,12803,TX01,In Transit,2026-10-02 23:37:32.025202,2026-10-04
ORD003309,SX00003309,13709,NJ01,Delivered,2026-10-02 23:38:23.870387,2026-10-03
ORD003310,SX00003310,16155,TX01,In Transit,2026-10-02 23:39:15.715571,2026-10-03
ORD003311,SX00003311,10719,IL01,Out for Delivery,2026-10-02 23:40:07.560756,2026-10-04
ORD003312,SX00003312,16516,TX01,Exception,2026-10-02 23:40:59.405940,2026-10-04
ORD003313,SX00003313,14579,NJ01,Delivered,2026-10-02 23:41:51.251125,2026-10-05
ORD003314,SX00003314,10972,IL01,Delivered,2026-10-02 23:42:43.096309,2026-10-04
ORD003315,SX00003315,13718,NJ01,Exception,2026-10-02 23:43:34.941494,2026-10-05
ORD003316,SX00003316,17395,CA01,In Transit,2026-10-02 23:44:26.786678,2026-10-04
ORD003317,SX00003317,14402,TX01,Delivered,2026-10-02 23:45:18.631863,2026-10-04
ORD003318,SX00003318,14552,NJ01,Delivered,2026-10-02 23:46:10.477047,2026-10-03
ORD003319,SX00003319,12207,IL01,Delivered,2026-10-02 23:47:02.322232,2026-10-04
ORD003320,SX00003320,14426,NJ01,Exception,2026-10-02 23:47:54.167416,2026-10-05
ORD003321,SX00003321,16919,IL01,Delivered,2026-10-02 23:48:46.012601,2026-10-03
ORD003322,SX00003322,18835,IL01,Delivered,2026-10-02 23:49:37.857785,2026-10-05
ORD003323,SX00003323,18386,NJ01,Delivered,2026-10-02 23:50:29.702970,2026-10-04
ORD003324,SX00003324,18680,CA01,Out for Delivery,2026-10-02 23:51:21.548154,2026-10-03
ORD003325,SX00003325,12204,TX01,In Transit,2026-10-02 23:52:13.393339,2026-10-05
ORD003326,SX00003326,15345,IL01,Delivered,2026-10-02 23:53:05.238523,2026-10-04
ORD003327,SX00003327,13276,NJ01,Delivered,2026-10-02 23:53:57.083708,2026-10-05
ORD003328,SX00003328,11102,CA01,Out for Delivery,2026-10-02 23:54:48.928892,2026-10-04
ORD003329,SX00003329,15243,TX01,In Transit,2026-10-02 23:55:40.774077,2026-10-05
ORD003330,SX00003330,16614,TX01,Delivered,2026-10-02 23:56:32.619261,2026-10-04
ORD003331,SX00003331,19433,CA01,In Transit,2026-10-02 23:57:24.464446,2026-10-05
ORD003332,SX00003332,18707,TX01,Delivered,2026-10-02 23:58:16.309630,2026-10-03
ORD003333,SX00003333,15223,IL01,In Transit,2026-10-02 23:59:08.154815,2026-10-04
ORD003334,SX00003334,18584,IL01,Delivered,2026-10-03 00:00:00.000000,2026-10-05
ORD003335,SX00003335,10630,CA01,Delivered,2026-10-03 00:00:51.845184,2026-10-06
ORD003336,SX00003336,19171,NJ01,Out for Delivery,2026-10-03 00:01:43.690369,2026-10-05
ORD003337,SX00003337,16683,IL01,Delivered,2026-10-03 00:02:35.535553,2026-10-04
ORD003338,SX00003338,10277,NJ01,Delivered,2026-10-03 00:03:27.380738,2026-10-06
ORD003339,SX00003339,10232,TX01,Delivered,2026-10-03 00:04:19.225922,2026-10-06
ORD003340,SX00003340,19744,CA01,Delivered,2026-10-03 00:05:11.071107,2026-10-06
ORD003341,SX00003341,15690,IL01,In Transit,2026-10-03 00:06:02.916291,2026-10-04
ORD003342,SX00003342,17659,NJ01,Delivered,2026-10-03 00:06:54.761476,2026-10-04
ORD003343,SX00003343,10025,CA01,Delivered,2026-10-03 00:07:46.606660,2026-10-05
ORD003344,SX00003344,17468,IL01,Delivered,2026-10-03 00:08:38.451845,2026-10-06
ORD003345,SX00003345,16410,IL01,Delivered,2026-10-03 00:09:30.297029,2026-10-04
ORD003346,SX00003346,18652,CA01,Delivered,2026-10-03 00:10:22.142214,2026-10-05
ORD003347,SX00003347,13764,NJ01,In Transit,2026-10-03 00:11:13.987398,2026-10-04
ORD003348,SX00003348,16599,NJ01,Delivered,2026-10-03 00:12:05.832583,2026-10-04
ORD003349,SX00003349,15102,NJ01,In Transit,2026-10-03 00:12:57.677767,2026-10-04
ORD003350,SX00003350,17006,IL01,Delivered,2026-10-03 00:13:49.522952,2026-10-05
ORD003351,SX00003351,13483,CA01,Delivered,2026-10-03 00:14:41.368136,2026-10-04
ORD003352,SX00003352,11994,IL01,Delivered,2026-10-03 00:15:33.213321,2026-10-04
ORD003353,SX00003353,18682,IL01,Delivered,2026-10-03 00:16:25.058505,2026-10-04
ORD003354,SX00003354,11072,IL01,Out for Delivery,2026-10-03 00:17:16.903690,2026-10-06
ORD003355,SX00003355,16707,IL01,Delivered,2026-10-03 00:18:08.748874,2026-10-04
ORD003356,SX00003356,10215,TX01,Delivered,2026-10-03 00:19:00.594059,2026-10-06
ORD003357,SX00003357,17605,TX01,Out for Delivery,2026-10-03 00:19:52.439243,2026-10-04
ORD003358,SX00003358,19915,CA01,Delivered,2026-10-03 00:20:44.284428,2026-10-06
ORD003359,SX00003359,19784,NJ01,Delivered,2026-10-03 00:21:36.129612,2026-10-04
ORD003360,SX00003360,12606,TX01,Exception,2026-10-03 00:22:27.974797,2026-10-06
ORD003361,SX00003361,18350,NJ01,Delivered,2026-10-03 00:23:19.819981,2026-10-06
ORD003362,SX00003362,14781,TX01,In Transit,2026-10-03 00:24:11.665166,2026-10-06
ORD003363,SX00003363,13313,TX01,Delivered,2026-10-03 00:25:03.510351,2026-10-04
ORD003364,SX00003364,19968,IL01,Delivered,2026-10-03 00:25:55.355535,2026-10-05
ORD003365,SX00003365,17763,IL01,Delivered,2026-10-03 00:26:47.200720,2026-10-06
ORD003366,SX00003366,15939,IL01,Delivered,2026-10-03 00:27:39.045904,2026-10-06
ORD003367,SX00003367,12295,NJ01,Delivered,2026-10-03 00:28:30.891089,2026-10-06
ORD003368,SX00003368,15685,CA01,Delivered,2026-10-03 00:29:22.736273,2026-10-06
ORD003369,SX00003369,11696,IL01,In Transit,2026-10-03 00:30:14.581458,2026-10-06
ORD003370,SX00003370,11946,IL01,In Transit,2026-10-03 00:31:06.426642,2026-10-05
ORD003371,SX00003371,12783,IL01,Delivered,2026-10-03 00:31:58.271827,2026-10-04
ORD003372,SX00003372,13644,TX01,Delivered,2026-10-03 00:32:50.117011,2026-10-05
ORD003373,SX00003373,15241,IL01,Delivered,2026-10-03 00:33:41.962196,2026-10-04
ORD003374,SX00003374,16420,IL01,In Transit,2026-10-03 00:34:33.807380,2026-10-05
ORD003375,SX00003375,17557,IL01,Delivered,2026-10-03 00:35:25.652565,2026-10-04
ORD003376,SX00003376,12645,NJ01,Delivered,2026-10-03 00:36:17.497749,2026-10-06
ORD003377,SX00003377,16589,NJ01,Delivered,2026-10-03 00:37:09.342934,2026-10-04
ORD003378,SX00003378,16353,TX01,Exception,2026-10-03 00:38:01.188118,2026-10-04
ORD003379,SX00003379,11932,IL01,Delivered,2026-10-03 00:38:53.033303,2026-10-06
ORD003380,SX00003380,11757,NJ01,Delivered,2026-10-03 00:39:44.878487,2026-10-06
ORD003381,SX00003381,15085,IL01,Delivered,2026-10-03 00:40:36.723672,2026-10-04
ORD003382,SX00003382,15637,IL01,In Transit,2026-10-03 00:41:28.568856,2026-10-04
ORD003383,SX00003383,11116,NJ01,In Transit,2026-10-03 00:42:20.414041,2026-10-06
ORD003384,SX00003384,10492,IL01,In Transit,2026-10-03 00:43:12.259225,2026-10-05
ORD003385,SX00003385,18811,NJ01,Out for Delivery,2026-10-03 00:44:04.104410,2026-10-06
ORD003386,SX00003386,17888,IL01,Delivered,2026-10-03 00:44:55.949594,2026-10-04
ORD003387,SX00003387,16474,IL01,Delivered,2026-10-03 00:45:47.794779,2026-10-04
ORD003388,SX00003388,19738,CA01,In Transit,2026-10-03 00:46:39.639963,2026-10-04
ORD003389,SX00003389,14958,NJ01,Delivered,2026-10-03 00:47:31.485148,2026-10-06
ORD003390,SX00003390,19797,TX01,Delivered,2026-10-03 00:48:23.330333,2026-10-06
ORD003391,SX00003391,19467,TX01,In Transit,2026-10-03 00:49:15.175517,2026-10-05
ORD003392,SX00003392,12743,NJ01,In Transit,2026-10-03 00:50:07.020702,2026-10-04
ORD003393,SX00003393,17866,TX01,Exception,2026-10-03 00:50:58.865886,2026-10-04
ORD003394,SX00003394,17160,NJ01,Exception,2026-10-03 00:51:50.711071,2026-10-06
ORD003395,SX00003395,15451,IL01,Delivered,2026-10-03 00:52:42.556255,2026-10-04
ORD003396,SX00003396,15258,IL01,Out for Delivery,2026-10-03 00:53:34.401440,2026-10-05
ORD003397,SX00003397,18548,NJ01,Delivered,2026-10-03 00:54:26.246624,2026-10-06
ORD003398,SX00003398,17186,IL01,In Transit,2026-10-03 00:55:18.091809,2026-10-04
ORD003399,SX00003399,16102,IL01,Delivered,2026-10-03 00:56:09.936993,2026-10-06
ORD003400,SX00003400,19061,IL01,Delivered,2026-10-03 00:57:01.782178,2026-10-06
ORD003401,SX00003401,19077,IL01,Out for Delivery,2026-10-03 00:57:53.627362,2026-10-05
ORD003402,SX00003402,19475,IL01,Delivered,2026-10-03 00:58:45.472547,2026-10-06
ORD003403,SX00003403,10619,IL01,Delivered,2026-10-03 00:59:37.317731,2026-10-04
ORD003404,SX00003404,10882,IL01,Delivered,2026-10-03 01:00:29.162916,2026-10-05
ORD003405,SX00003405,18988,IL01,Delivered,2026-10-03 01:01:21.008100,2026-10-06
ORD003406,SX00003406,13642,NJ01,Delivered,2026-10-03 01:02:12.853285,2026-10-04
ORD003407,SX00003407,11296,IL01,Delivered,2026-10-03 01:03:04.698469,2026-10-06
ORD003408,SX00003408,18436,CA01,Delivered,2026-10-03 01:03:56.543654,2026-10-06
ORD003409,SX00003409,12895,TX01,Delivered,2026-10-03 01:04:48.388838,2026-10-05
ORD003410,SX00003410,16593,NJ01,In Transit,2026-10-03 01:05:40.234023,2026-10-05
ORD003411,SX00003411,10929,TX01,Delivered,2026-10-03 01:06:32.079207,2026-10-05
ORD003412,SX00003412,15366,IL01,Delivered,2026-10-03 01:07:23.924392,2026-10-05
ORD003413,SX00003413,18711,IL01,Out for Delivery,2026-10-03 01:08:15.769576,2026-10-04
ORD003414,SX00003414,13212,CA01,Delivered,2026-10-03 01:09:07.614761,2026-10-06
ORD003415,SX00003415,12409,IL01,Delivered,2026-10-03 01:09:59.459945,2026-10-05
ORD003416,SX00003416,18199,CA01,In Transit,2026-10-03 01:10:51.305130,2026-10-04
ORD003417,SX00003417,13423,NJ01,In Transit,2026-10-03 01:11:43.150315,2026-10-05
ORD003418,SX00003418,16976,IL01,In Transit,2026-10-03 01:12:34.995499,2026-10-06
ORD003419,SX00003419,17594,NJ01,Exception,2026-10-03 01:13:26.840684,2026-10-05
ORD003420,SX00003420,15158,NJ01,Delivered,2026-10-03 01:14:18.685868,2026-10-06
ORD003421,SX00003421,13667,IL01,Exception,2026-10-03 01:15:10.531053,2026-10-06
ORD003422,SX00003422,15973,IL01,Out for Delivery,2026-10-03 01:16:02.376237,2026-10-04
ORD003423,SX00003423,16236,TX01,In Transit,2026-10-03 01:16:54.221422,2026-10-05
ORD003424,SX00003424,18277,NJ01,Delivered,2026-10-03 01:17:46.066606,2026-10-05
ORD003425,SX00003425,12468,IL01,In Transit,2026-10-03 01:18:37.911791,2026-10-06
ORD003426,SX00003426,16217,IL01,Delivered,2026-10-03 01:19:29.756975,2026-10-05
ORD003427,SX00003427,13619,CA01,In Transit,2026-10-03 01:20:21.602160,2026-10-06
ORD003428,SX00003428,11636,NJ01,Delivered,2026-10-03 01:21:13.447344,2026-10-04
ORD003429,SX00003429,18155,NJ01,In Transit,2026-10-03 01:22:05.292529,2026-10-05
ORD003430,SX00003430,13583,CA01,Delivered,2026-10-03 01:22:57.137713,2026-10-06
ORD003431,SX00003431,14009,IL01,Delivered,2026-10-03 01:23:48.982898,2026-10-05
ORD003432,SX00003432,13326,NJ01,Out for Delivery,2026-10-03 01:24:40.828082,2026-10-05
ORD003433,SX00003433,18148,TX01,Delivered,2026-10-03 01:25:32.673267,2026-10-04
ORD003434,SX00003434,12217,TX01,Delivered,2026-10-03 01:26:24.518451,2026-10-06
ORD003435,SX00003435,14967,IL01,Delivered,2026-10-03 01:27:16.363636,2026-10-04
ORD003436,SX00003436,12369,IL01,In Transit,2026-10-03 01:28:08.208820,2026-10-04
ORD003437,SX00003437,13638,TX01,Delivered,2026-10-03 01:29:00.054005,2026-10-04
ORD003438,SX00003438,19135,IL01,Delivered,2026-10-03 01:29:51.899189,2026-10-06
ORD003439,SX00003439,15722,CA01,Delivered,2026-10-03 01:30:43.744374,2026-10-06
ORD003440,SX00003440,14444,IL01,In Transit,2026-10-03 01:31:35.589558,2026-10-05
ORD003441,SX00003441,17618,IL01,Delivered,2026-10-03 01:32:27.434743,2026-10-06
ORD003442,SX00003442,13947,IL01,Delivered,2026-10-03 01:33:19.279927,2026-10-04
ORD003443,SX00003443,11676,TX01,Delivered,2026-10-03 01:34:11.125112,2026-10-06
ORD003444,SX00003444,11196,CA01,Delivered,2026-10-03 01:35:02.970297,2026-10-05
ORD003445,SX00003445,12787,NJ01,Out for Delivery,2026-10-03 01:35:54.815481,2026-10-04
ORD003446,SX00003446,17432,CA01,In Transit,2026-10-03 01:36:46.660666,2026-10-05
ORD003447,SX00003447,19653,IL01,Delivered,2026-10-03 01:37:38.505850,2026-10-06
ORD003448,SX00003448,17927,IL01,Delivered,2026-10-03 01:38:30.351035,2026-10-05
ORD003449,SX00003449,13318,TX01,Delivered,2026-10-03 01:39:22.196219,2026-10-05
ORD003450,SX00003450,18858,CA01,In Transit,2026-10-03 01:40:14.041404,2026-10-06
ORD003451,SX00003451,16689,TX01,Delivered,2026-10-03 01:41:05.886588,2026-10-05
ORD003452,SX00003452,12176,TX01,In Transit,2026-10-03 01:41:57.731773,2026-10-06
ORD003453,SX00003453,13743,IL01,Delivered,2026-10-03 01:42:49.576957,2026-10-04
ORD003454,SX00003454,18792,IL01,Delivered,2026-10-03 01:43:41.422142,2026-10-05
ORD003455,SX00003455,14422,CA01,Delivered,2026-10-03 01:44:33.267326,2026-10-04
ORD003456,SX00003456,13824,IL01,Out for Delivery,2026-10-03 01:45:25.112511,2026-10-06
ORD003457,SX00003457,19171,IL01,Out for Delivery,2026-10-03 01:46:16.957695,2026-10-06
ORD003458,SX00003458,12451,TX01,Delivered,2026-10-03 01:47:08.802880,2026-10-05
ORD003459,SX00003459,10628,IL01,Delivered,2026-10-03 01:48:00.648064,2026-10-05
ORD003460,SX00003460,19821,TX01,Delivered,2026-10-03 01:48:52.493249,2026-10-06
ORD003461,SX00003461,17778,IL01,In Transit,2026-10-03 01:49:44.338433,2026-10-06
ORD003462,SX00003462,13696,TX01,Delivered,2026-10-03 01:50:36.183618,2026-10-04
ORD003463,SX00003463,13674,NJ01,Delivered,2026-10-03 01:51:28.028802,2026-10-04
ORD003464,SX00003464,13929,NJ01,Delivered,2026-10-03 01:52:19.873987,2026-10-05
ORD003465,SX00003465,12765,NJ01,In Transit,2026-10-03 01:53:11.719171,2026-10-05
ORD003466,SX00003466,14369,IL01,Delivered,2026-10-03 01:54:03.564356,2026-10-05
ORD003467,SX00003467,18307,NJ01,Delivered,2026-10-03 01:54:55.409540,2026-10-05
ORD003468,SX00003468,14956,NJ01,Delivered,2026-10-03 01:55:47.254725,2026-10-05
ORD003469,SX00003469,10692,NJ01,In Transit,2026-10-03 01:56:39.099909,2026-10-05
ORD003470,SX00003470,13162,IL01,Delivered,2026-10-03 01:57:30.945094,2026-10-05
ORD003471,SX00003471,11105,IL01,Delivered,2026-10-03 01:58:22.790279,2026-10-05
ORD003472,SX00003472,13008,IL01,Delivered,2026-10-03 01:59:14.635463,2026-10-04
ORD003473,SX00003473,12161,TX01,Delivered,2026-10-03 02:00:06.480648,2026-10-06
ORD003474,SX00003474,18345,IL01,Delivered,2026-10-03 02:00:58.325832,2026-10-06
ORD003475,SX00003475,13699,CA01,Exception,2026-10-03 02:01:50.171017,2026-10-05
ORD003476,SX00003476,13786,TX01,Delivered,2026-10-03 02:02:42.016201,2026-10-06
ORD003477,SX00003477,19256,TX01,Delivered,2026-10-03 02:03:33.861386,2026-10-05
ORD003478,SX00003478,14200,TX01,Delivered,2026-10-03 02:04:25.706570,2026-10-04
ORD003479,SX00003479,11913,IL01,Delivered,2026-10-03 02:05:17.551755,2026-10-05
ORD003480,SX00003480,19408,TX01,Delivered,2026-10-03 02:06:09.396939,2026-10-04
ORD003481,SX00003481,15520,NJ01,Out for Delivery,2026-10-03 02:07:01.242124,2026-10-04
ORD003482,SX00003482,11772,CA01,Delivered,2026-10-03 02:07:53.087308,2026-10-04
ORD003483,SX00003483,12780,CA01,Exception,2026-10-03 02:08:44.932493,2026-10-05
ORD003484,SX00003484,17423,IL01,Delivered,2026-10-03 02:09:36.777677,2026-10-04
ORD003485,SX00003485,12871,IL01,Delivered,2026-10-03 02:10:28.622862,2026-10-05
ORD003486,SX00003486,10660,NJ01,Delivered,2026-10-03 02:11:20.468046,2026-10-04
ORD003487,SX00003487,16242,TX01,Delivered,2026-10-03 02:12:12.313231,2026-10-04
ORD003488,SX00003488,11132,IL01,Delivered,2026-10-03 02:13:04.158415,2026-10-06
ORD003489,SX00003489,10699,IL01,Delivered,2026-10-03 02:13:56.003600,2026-10-05
ORD003490,SX00003490,17470,IL01,Delivered,2026-10-03 02:14:47.848784,2026-10-06
ORD003491,SX00003491,16297,NJ01,Delivered,2026-10-03 02:15:39.693969,2026-10-04
ORD003492,SX00003492,17812,CA01,Delivered,2026-10-03 02:16:31.539153,2026-10-06
ORD003493,SX00003493,14557,TX01,Delivered,2026-10-03 02:17:23.384338,2026-10-04
ORD003494,SX00003494,12179,NJ01,Out for Delivery,2026-10-03 02:18:15.229522,2026-10-06
ORD003495,SX00003495,19065,IL01,Delivered,2026-10-03 02:19:07.074707,2026-10-06
ORD003496,SX00003496,18275,IL01,Delivered,2026-10-03 02:19:58.919891,2026-10-05
ORD003497,SX00003497,11422,NJ01,Delivered,2026-10-03 02:20:50.765076,2026-10-05
ORD003498,SX00003498,13180,TX01,In Transit,2026-10-03 02:21:42.610261,2026-10-06
ORD003499,SX00003499,14316,IL01,Delivered,2026-10-03 02:22:34.455445,2026-10-06
ORD003500,SX00003500,16696,NJ01,In Transit,2026-10-03 02:23:26.300630,2026-10-05
ORD003501,SX00003501,19583,CA01,Delivered,2026-10-03 02:24:18.145814,2026-10-04
ORD003502,SX00003502,10614,CA01,Delivered,2026-10-03 02:25:09.990999,2026-10-04
ORD003503,SX00003503,14570,IL01,Delivered,2026-10-03 02:26:01.836183,2026-10-04
ORD003504,SX00003504,10270,IL01,Exception,2026-10-03 02:26:53.681368,2026-10-04
ORD003505,SX00003505,12468,IL01,Out for Delivery,2026-10-03 02:27:45.526552,2026-10-06
ORD003506,SX00003506,19582,TX01,Out for Delivery,2026-10-03 02:28:37.371737,2026-10-04
ORD003507,SX00003507,13607,CA01,Delivered,2026-10-03 02:29:29.216921,2026-10-06
ORD003508,SX00003508,13075,IL01,In Transit,2026-10-03 02:30:21.062106,2026-10-06
ORD003509,SX00003509,10289,IL01,Delivered,2026-10-03 02:31:12.907290,2026-10-04
ORD003510,SX00003510,18120,CA01,In Transit,2026-10-03 02:32:04.752475,2026-10-04
ORD003511,SX00003511,16614,TX01,Delivered,2026-10-03 02:32:56.597659,2026-10-04
ORD003512,SX00003512,13252,CA01,In Transit,2026-10-03 02:33:48.442844,2026-10-05
ORD003513,SX00003513,17415,IL01,Out for Delivery,2026-10-03 02:34:40.288028,2026-10-06
ORD003514,SX00003514,16771,NJ01,Delivered,2026-10-03 02:35:32.133213,2026-10-04
ORD003515,SX00003515,10278,IL01,Delivered,2026-10-03 02:36:23.978397,2026-10-05
ORD003516,SX00003516,10580,IL01,Delivered,2026-10-03 02:37:15.823582,2026-10-06
ORD003517,SX00003517,14958,NJ01,Delivered,2026-10-03 02:38:07.668766,2026-10-06
ORD003518,SX00003518,18445,IL01,Delivered,2026-10-03 02:38:59.513951,2026-10-06
ORD003519,SX00003519,14276,IL01,In Transit,2026-10-03 02:39:51.359135,2026-10-04
ORD003520,SX00003520,17997,CA01,Delivered,2026-10-03 02:40:43.204320,2026-10-04
ORD003521,SX00003521,14776,IL01,Delivered,2026-10-03 02:41:35.049504,2026-10-06
ORD003522,SX00003522,10824,TX01,Delivered,2026-10-03 02:42:26.894689,2026-10-06
ORD003523,SX00003523,13832,IL01,Delivered,2026-10-03 02:43:18.739873,2026-10-05
ORD003524,SX00003524,18891,TX01,Delivered,2026-10-03 02:44:10.585058,2026-10-05
ORD003525,SX00003525,15445,IL01,Delivered,2026-10-03 02:45:02.430243,2026-10-06
ORD003526,SX00003526,11380,TX01,Delivered,2026-10-03 02:45:54.275427,2026-10-05
ORD003527,SX00003527,19865,IL01,Delivered,2026-10-03 02:46:46.120612,2026-10-06
ORD003528,SX00003528,16534,NJ01,In Transit,2026-10-03 02:47:37.965796,2026-10-05
ORD003529,SX00003529,13156,TX01,Delivered,2026-10-03 02:48:29.810981,2026-10-06
ORD003530,SX00003530,14307,IL01,Exception,2026-10-03 02:49:21.656165,2026-10-04
ORD003531,SX00003531,15634,IL01,In Transit,2026-10-03 02:50:13.501350,2026-10-06
ORD003532,SX00003532,18575,CA01,Delivered,2026-10-03 02:51:05.346534,2026-10-04
ORD003533,SX00003533,15810,CA01,Delivered,2026-10-03 02:51:57.191719,2026-10-06
ORD003534,SX00003534,18533,IL01,Delivered,2026-10-03 02:52:49.036903,2026-10-04
ORD003535,SX00003535,15934,IL01,In Transit,2026-10-03 02:53:40.882088,2026-10-05
ORD003536,SX00003536,13109,IL01,Delivered,2026-10-03 02:54:32.727272,2026-10-04
ORD003537,SX00003537,14082,IL01,In Transit,2026-10-03 02:55:24.572457,2026-10-05
ORD003538,SX00003538,13240,CA01,Delivered,2026-10-03 02:56:16.417641,2026-10-06
ORD003539,SX00003539,16028,NJ01,Delivered,2026-10-03 02:57:08.262826,2026-10-05
ORD003540,SX00003540,11849,NJ01,Delivered,2026-10-03 02:58:00.108010,2026-10-05
ORD003541,SX00003541,18497,CA01,Delivered,2026-10-03 02:58:51.953195,2026-10-05
ORD003542,SX00003542,12749,NJ01,Delivered,2026-10-03 02:59:43.798379,2026-10-06
ORD003543,SX00003543,16680,TX01,Delivered,2026-10-03 03:00:35.643564,2026-10-04
ORD003544,SX00003544,19327,IL01,In Transit,2026-10-03 03:01:27.488748,2026-10-05
ORD003545,SX00003545,10205,IL01,In Transit,2026-10-03 03:02:19.333933,2026-10-06
ORD003546,SX00003546,17352,NJ01,Delivered,2026-10-03 03:03:11.179117,2026-10-05
ORD003547,SX00003547,14591,IL01,Delivered,2026-10-03 03:04:03.024302,2026-10-04
ORD003548,SX00003548,13450,IL01,Delivered,2026-10-03 03:04:54.869486,2026-10-05
ORD003549,SX00003549,17214,IL01,In Transit,2026-10-03 03:05:46.714671,2026-10-05
ORD003550,SX00003550,13811,IL01,Delivered,2026-10-03 03:06:38.559855,2026-10-05
ORD003551,SX00003551,15141,NJ01,Delivered,2026-10-03 03:07:30.405040,2026-10-04
ORD003552,SX00003552,18501,NJ01,Delivered,2026-10-03 03:08:22.250225,2026-10-04
ORD003553,SX00003553,12708,IL01,Delivered,2026-10-03 03:09:14.095409,2026-10-06
ORD003554,SX00003554,11991,IL01,Exception,2026-10-03 03:10:05.940594,2026-10-05
ORD003555,SX00003555,18463,TX01,Out for Delivery,2026-10-03 03:10:57.785778,2026-10-05
ORD003556,SX00003556,13273,IL01,Delivered,2026-10-03 03:11:49.630963,2026-10-05
ORD003557,SX00003557,14538,NJ01,In Transit,2026-10-03 03:12:41.476147,2026-10-05
ORD003558,SX00003558,18712,TX01,Out for Delivery,2026-10-03 03:13:33.321332,2026-10-04
ORD003559,SX00003559,19168,IL01,Delivered,2026-10-03 03:14:25.166516,2026-10-04
ORD003560,SX00003560,13722,TX01,In Transit,2026-10-03 03:15:17.011701,2026-10-05
ORD003561,SX00003561,13551,TX01,Delivered,2026-10-03 03:16:08.856885,2026-10-05
ORD003562,SX00003562,12832,IL01,Delivered,2026-10-03 03:17:00.702070,2026-10-05
ORD003563,SX00003563,15679,IL01,Delivered,2026-10-03 03:17:52.547254,2026-10-05
ORD003564,SX00003564,16579,CA01,Exception,2026-10-03 03:18:44.392439,2026-10-06
ORD003565,SX00003565,10152,IL01,Delivered,2026-10-03 03:19:36.237623,2026-10-06
ORD003566,SX00003566,15754,TX01,In Transit,2026-10-03 03:20:28.082808,2026-10-05
ORD003567,SX00003567,12800,NJ01,Delivered,2026-10-03 03:21:19.927992,2026-10-05
ORD003568,SX00003568,15310,IL01,Delivered,2026-10-03 03:22:11.773177,2026-10-05
ORD003569,SX00003569,19944,IL01,Exception,2026-10-03 03:23:03.618361,2026-10-06
ORD003570,SX00003570,12610,NJ01,In Transit,2026-10-03 03:23:55.463546,2026-10-04
ORD003571,SX00003571,11104,NJ01,Delivered,2026-10-03 03:24:47.308730,2026-10-06
ORD003572,SX00003572,17361,TX01,Delivered,2026-10-03 03:25:39.153915,2026-10-06
ORD003573,SX00003573,14199,CA01,Delivered,2026-10-03 03:26:30.999099,2026-10-05
ORD003574,SX00003574,13854,TX01,Delivered,2026-10-03 03:27:22.844284,2026-10-05
ORD003575,SX00003575,17263,IL01,In Transit,2026-10-03 03:28:14.689468,2026-10-04
ORD003576,SX00003576,11914,CA01,Delivered,2026-10-03 03:29:06.534653,2026-10-05
ORD003577,SX00003577,17365,TX01,Delivered,2026-10-03 03:29:58.379837,2026-10-05
ORD003578,SX00003578,13072,CA01,Delivered,2026-10-03 03:30:50.225022,2026-10-04
ORD003579,SX00003579,19198,NJ01,Delivered,2026-10-03 03:31:42.070207,2026-10-05
ORD003580,SX00003580,10406,TX01,Delivered,2026-10-03 03:32:33.915391,2026-10-05
ORD003581,SX00003581,10166,NJ01,Delivered,2026-10-03 03:33:25.760576,2026-10-05
ORD003582,SX00003582,10508,IL01,Out for Delivery,2026-10-03 03:34:17.605760,2026-10-06
ORD003583,SX00003583,11661,CA01,In Transit,2026-10-03 03:35:09.450945,2026-10-05
ORD003584,SX00003584,13664,IL01,Delivered,2026-10-03 03:36:01.296129,2026-10-06
ORD003585,SX00003585,13489,IL01,Delivered,2026-10-03 03:36:53.141314,2026-10-05
ORD003586,SX00003586,10680,CA01,Delivered,2026-10-03 03:37:44.986498,2026-10-05
ORD003587,SX00003587,12524,IL01,In Transit,2026-10-03 03:38:36.831683,2026-10-06
ORD003588,SX00003588,12120,CA01,Delivered,2026-10-03 03:39:28.676867,2026-10-06
ORD003589,SX00003589,15260,TX01,Delivered,2026-10-03 03:40:20.522052,2026-10-05
ORD003590,SX00003590,14357,IL01,Exception,2026-10-03 03:41:12.367236,2026-10-04
ORD003591,SX00003591,11363,NJ01,Delivered,2026-10-03 03:42:04.212421,2026-10-05
ORD003592,SX00003592,19523,TX01,Delivered,2026-10-03 03:42:56.057605,2026-10-06
ORD003593,SX00003593,12292,NJ01,Delivered,2026-10-03 03:43:47.902790,2026-10-05
ORD003594,SX00003594,11538,CA01,Delivered,2026-10-03 03:44:39.747974,2026-10-05
ORD003595,SX00003595,13408,CA01,Delivered,2026-10-03 03:45:31.593159,2026-10-06
ORD003596,SX00003596,17742,IL01,Out for Delivery,2026-10-03 03:46:23.438343,2026-10-04
ORD003597,SX00003597,18752,IL01,Delivered,2026-10-03 03:47:15.283528,2026-10-04
ORD003598,SX00003598,19291,CA01,Delivered,2026-10-03 03:48:07.128712,2026-10-06
ORD003599,SX00003599,11903,NJ01,Delivered,2026-10-03 03:48:58.973897,2026-10-06
ORD003600,SX00003600,10174,IL01,Out for Delivery,2026-10-03 03:49:50.819081,2026-10-05
ORD003601,SX00003601,12230,TX01,In Transit,2026-10-03 03:50:42.664266,2026-10-06
ORD003602,SX00003602,14287,CA01,Delivered,2026-10-03 03:51:34.509450,2026-10-06
ORD003603,SX00003603,14160,NJ01,Delivered,2026-10-03 03:52:26.354635,2026-10-05
ORD003604,SX00003604,17106,NJ01,Delivered,2026-10-03 03:53:18.199819,2026-10-05
ORD003605,SX00003605,19689,TX01,Delivered,2026-10-03 03:54:10.045004,2026-10-05
ORD003606,SX00003606,13171,TX01,Delivered,2026-10-03 03:55:01.890189,2026-10-04
ORD003607,SX00003607,11567,CA01,Delivered,2026-10-03 03:55:53.735373,2026-10-04
ORD003608,SX00003608,11151,CA01,Exception,2026-10-03 03:56:45.580558,2026-10-06
ORD003609,SX00003609,17619,NJ01,Delivered,2026-10-03 03:57:37.425742,2026-10-05
ORD003610,SX00003610,16033,TX01,Delivered,2026-10-03 03:58:29.270927,2026-10-06
ORD003611,SX00003611,18560,CA01,Delivered,2026-10-03 03:59:21.116111,2026-10-06
ORD003612,SX00003612,14946,IL01,Delivered,2026-10-03 04:00:12.961296,2026-10-04
ORD003613,SX00003613,18234,IL01,Delivered,2026-10-03 04:01:04.806480,2026-10-04
ORD003614,SX00003614,11907,CA01,Delivered,2026-10-03 04:01:56.651665,2026-10-06
ORD003615,SX00003615,13490,IL01,Delivered,2026-10-03 04:02:48.496849,2026-10-05
ORD003616,SX00003616,12535,IL01,In Transit,2026-10-03 04:03:40.342034,2026-10-04
ORD003617,SX00003617,14173,IL01,In Transit,2026-10-03 04:04:32.187218,2026-10-04
ORD003618,SX00003618,11293,IL01,Delivered,2026-10-03 04:05:24.032403,2026-10-04
ORD003619,SX00003619,14769,IL01,Delivered,2026-10-03 04:06:15.877587,2026-10-06
ORD003620,SX00003620,14796,IL01,Delivered,2026-10-03 04:07:07.722772,2026-10-04
ORD003621,SX00003621,16871,CA01,Delivered,2026-10-03 04:07:59.567956,2026-10-05
ORD003622,SX00003622,12972,TX01,Delivered,2026-10-03 04:08:51.413141,2026-10-04
ORD003623,SX00003623,13922,TX01,In Transit,2026-10-03 04:09:43.258325,2026-10-06
ORD003624,SX00003624,14997,IL01,Delivered,2026-10-03 04:10:35.103510,2026-10-06
ORD003625,SX00003625,17032,TX01,Out for Delivery,2026-10-03 04:11:26.948694,2026-10-06
ORD003626,SX00003626,10992,TX01,Delivered,2026-10-03 04:12:18.793879,2026-10-06
ORD003627,SX00003627,18112,TX01,In Transit,2026-10-03 04:13:10.639063,2026-10-05
ORD003628,SX00003628,15287,IL01,Delivered,2026-10-03 04:14:02.484248,2026-10-06
ORD003629,SX00003629,12240,NJ01,In Transit,2026-10-03 04:14:54.329432,2026-10-04
ORD003630,SX00003630,11476,TX01,Delivered,2026-10-03 04:15:46.174617,2026-10-05
ORD003631,SX00003631,16426,TX01,In Transit,2026-10-03 04:16:38.019801,2026-10-06
ORD003632,SX00003632,10389,TX01,Delivered,2026-10-03 04:17:29.864986,2026-10-06
ORD003633,SX00003633,10999,NJ01,Delivered,2026-10-03 04:18:21.710171,2026-10-05
ORD003634,SX00003634,11855,NJ01,Delivered,2026-10-03 04:19:13.555355,2026-10-04
ORD003635,SX00003635,18125,TX01,Delivered,2026-10-03 04:20:05.400540,2026-10-05
ORD003636,SX00003636,18850,IL01,Delivered,2026-10-03 04:20:57.245724,2026-10-04
ORD003637,SX00003637,12763,TX01,Delivered,2026-10-03 04:21:49.090909,2026-10-04
ORD003638,SX00003638,13663,CA01,Delivered,2026-10-03 04:22:40.936093,2026-10-06
ORD003639,SX00003639,14986,TX01,Delivered,2026-10-03 04:23:32.781278,2026-10-05
ORD003640,SX00003640,11481,IL01,Delivered,2026-10-03 04:24:24.626462,2026-10-05
ORD003641,SX00003641,17256,IL01,In Transit,2026-10-03 04:25:16.471647,2026-10-06
ORD003642,SX00003642,13731,TX01,In Transit,2026-10-03 04:26:08.316831,2026-10-06
ORD003643,SX00003643,17262,CA01,Delivered,2026-10-03 04:27:00.162016,2026-10-04
ORD003644,SX00003644,10451,NJ01,Delivered,2026-10-03 04:27:52.007200,2026-10-06
ORD003645,SX00003645,19729,NJ01,In Transit,2026-10-03 04:28:43.852385,2026-10-05
ORD003646,SX00003646,13093,IL01,Out for Delivery,2026-10-03 04:29:35.697569,2026-10-06
ORD003647,SX00003647,10882,TX01,Delivered,2026-10-03 04:30:27.542754,2026-10-06
ORD003648,SX00003648,14408,TX01,In Transit,2026-10-03 04:31:19.387938,2026-10-06
ORD003649,SX00003649,14068,CA01,Delivered,2026-10-03 04:32:11.233123,2026-10-06
ORD003650,SX00003650,13277,IL01,In Transit,2026-10-03 04:33:03.078307,2026-10-06
ORD003651,SX00003651,18566,TX01,Delivered,2026-10-03 04:33:54.923492,2026-10-04
ORD003652,SX00003652,17951,NJ01,Delivered,2026-10-03 04:34:46.768676,2026-10-06
ORD003653,SX00003653,14690,NJ01,Delivered,2026-10-03 04:35:38.613861,2026-10-06
ORD003654,SX00003654,14595,TX01,Delivered,2026-10-03 04:36:30.459045,2026-10-05
ORD003655,SX00003655,14559,IL01,Delivered,2026-10-03 04:37:22.304230,2026-10-06
ORD003656,SX00003656,17291,IL01,In Transit,2026-10-03 04:38:14.149414,2026-10-05
ORD003657,SX00003657,18160,TX01,Delivered,2026-10-03 04:39:05.994599,2026-10-05
ORD003658,SX00003658,10112,NJ01,Delivered,2026-10-03 04:39:57.839783,2026-10-05
ORD003659,SX00003659,15131,IL01,Delivered,2026-10-03 04:40:49.684968,2026-10-05
ORD003660,SX00003660,13197,NJ01,Delivered,2026-10-03 04:41:41.530153,2026-10-04
ORD003661,SX00003661,10139,NJ01,In Transit,2026-10-03 04:42:33.375337,2026-10-04
ORD003662,SX00003662,11424,CA01,In Transit,2026-10-03 04:43:25.220522,2026-10-05
ORD003663,SX00003663,12949,IL01,Delivered,2026-10-03 04:44:17.065706,2026-10-04
ORD003664,SX00003664,13168,TX01,Delivered,2026-10-03 04:45:08.910891,2026-10-04
ORD003665,SX00003665,18708,IL01,Delivered,2026-10-03 04:46:00.756075,2026-10-06
ORD003666,SX00003666,16043,IL01,Exception,2026-10-03 04:46:52.601260,2026-10-04
ORD003667,SX00003667,16989,IL01,Delivered,2026-10-03 04:47:44.446444,2026-10-05
ORD003668,SX00003668,17236,CA01,Delivered,2026-10-03 04:48:36.291629,2026-10-05
ORD003669,SX00003669,16261,IL01,Delivered,2026-10-03 04:49:28.136813,2026-10-05
ORD003670,SX00003670,10887,TX01,In Transit,2026-10-03 04:50:19.981998,2026-10-05
ORD003671,SX00003671,13104,NJ01,Delivered,2026-10-03 04:51:11.827182,2026-10-06
ORD003672,SX00003672,10049,CA01,Delivered,2026-10-03 04:52:03.672367,2026-10-04
ORD003673,SX00003673,13951,TX01,Delivered,2026-10-03 04:52:55.517551,2026-10-05
ORD003674,SX00003674,13560,TX01,Delivered,2026-10-03 04:53:47.362736,2026-10-06
ORD003675,SX00003675,10018,CA01,Delivered,2026-10-03 04:54:39.207920,2026-10-05
ORD003676,SX00003676,14821,NJ01,Delivered,2026-10-03 04:55:31.053105,2026-10-04
ORD003677,SX00003677,16340,TX01,Delivered,2026-10-03 04:56:22.898289,2026-10-06
ORD003678,SX00003678,18058,IL01,In Transit,2026-10-03 04:57:14.743474,2026-10-04
ORD003679,SX00003679,19665,IL01,Delivered,2026-10-03 04:58:06.588658,2026-10-06
ORD003680,SX00003680,12606,NJ01,Delivered,2026-10-03 04:58:58.433843,2026-10-05
ORD003681,SX00003681,17846,NJ01,In Transit,2026-10-03 04:59:50.279027,2026-10-05
ORD003682,SX00003682,18643,NJ01,In Transit,2026-10-03 05:00:42.124212,2026-10-04
ORD003683,SX00003683,16432,NJ01,In Transit,2026-10-03 05:01:33.969396,2026-10-04
ORD003684,SX00003684,13765,IL01,In Transit,2026-10-03 05:02:25.814581,2026-10-06
ORD003685,SX00003685,12438,NJ01,Delivered,2026-10-03 05:03:17.659765,2026-10-04
ORD003686,SX00003686,19741,IL01,Delivered,2026-10-03 05:04:09.504950,2026-10-04
ORD003687,SX00003687,16358,CA01,Delivered,2026-10-03 05:05:01.350135,2026-10-05
ORD003688,SX00003688,18319,CA01,Out for Delivery,2026-10-03 05:05:53.195319,2026-10-05
ORD003689,SX00003689,15941,CA01,Delivered,2026-10-03 05:06:45.040504,2026-10-05
ORD003690,SX00003690,17644,IL01,Delivered,2026-10-03 05:07:36.885688,2026-10-05
ORD003691,SX00003691,14855,NJ01,Delivered,2026-10-03 05:08:28.730873,2026-10-05
ORD003692,SX00003692,16547,CA01,In Transit,2026-10-03 05:09:20.576057,2026-10-05
ORD003693,SX00003693,17196,CA01,In Transit,2026-10-03 05:10:12.421242,2026-10-05
ORD003694,SX00003694,15911,TX01,Out for Delivery,2026-10-03 05:11:04.266426,2026-10-06
ORD003695,SX00003695,16481,NJ01,Delivered,2026-10-03 05:11:56.111611,2026-10-05
ORD003696,SX00003696,12761,NJ01,Delivered,2026-10-03 05:12:47.956795,2026-10-05
ORD003697,SX00003697,14456,TX01,Delivered,2026-10-03 05:13:39.801980,2026-10-05
ORD003698,SX00003698,19607,IL01,Delivered,2026-10-03 05:14:31.647164,2026-10-05
ORD003699,SX00003699,16361,NJ01,Delivered,2026-10-03 05:15:23.492349,2026-10-05
ORD003700,SX00003700,15693,TX01,Delivered,2026-10-03 05:16:15.337533,2026-10-04
ORD003701,SX00003701,15788,TX01,Delivered,2026-10-03 05:17:07.182718,2026-10-04
ORD003702,SX00003702,10201,NJ01,Out for Delivery,2026-10-03 05:17:59.027902,2026-10-05
ORD003703,SX00003703,16160,NJ01,Delivered,2026-10-03 05:18:50.873087,2026-10-05
ORD003704,SX00003704,10517,CA01,Out for Delivery,2026-10-03 05:19:42.718271,2026-10-05
ORD003705,SX00003705,17737,NJ01,Delivered,2026-10-03 05:20:34.563456,2026-10-06
ORD003706,SX00003706,19533,TX01,Delivered,2026-10-03 05:21:26.408640,2026-10-05
ORD003707,SX00003707,11988,TX01,Delivered,2026-10-03 05:22:18.253825,2026-10-06
ORD003708,SX00003708,13802,TX01,Delivered,2026-10-03 05:23:10.099009,2026-10-06
ORD003709,SX00003709,15808,TX01,Delivered,2026-10-03 05:24:01.944194,2026-10-05
ORD003710,SX00003710,17162,NJ01,Delivered,2026-10-03 05:24:53.789378,2026-10-04
ORD003711,SX00003711,16241,NJ01,In Transit,2026-10-03 05:25:45.634563,2026-10-05
ORD003712,SX00003712,18399,NJ01,In Transit,2026-10-03 05:26:37.479747,2026-10-05
ORD003713,SX00003713,15633,IL01,Delivered,2026-10-03 05:27:29.324932,2026-10-04
ORD003714,SX00003714,15755,IL01,In Transit,2026-10-03 05:28:21.170117,2026-10-04
ORD003715,SX00003715,16309,IL01,Delivered,2026-10-03 05:29:13.015301,2026-10-05
ORD003716,SX00003716,14117,CA01,Out for Delivery,2026-10-03 05:30:04.860486,2026-10-05
ORD003717,SX00003717,18345,IL01,Delivered,2026-10-03 05:30:56.705670,2026-10-06
ORD003718,SX00003718,11518,IL01,Exception,2026-10-03 05:31:48.550855,2026-10-04
ORD003719,SX00003719,16163,IL01,In Transit,2026-10-03 05:32:40.396039,2026-10-06
ORD003720,SX00003720,12600,TX01,In Transit,2026-10-03 05:33:32.241224,2026-10-06
ORD003721,SX00003721,12195,IL01,Delivered,2026-10-03 05:34:24.086408,2026-10-06
ORD003722,SX00003722,13554,NJ01,Delivered,2026-10-03 05:35:15.931593,2026-10-06
ORD003723,SX00003723,12849,IL01,Delivered,2026-10-03 05:36:07.776777,2026-10-04
ORD003724,SX00003724,11742,TX01,Delivered,2026-10-03 05:36:59.621962,2026-10-04
ORD003725,SX00003725,11306,CA01,Delivered,2026-10-03 05:37:51.467146,2026-10-04
ORD003726,SX00003726,13849,CA01,Out for Delivery,2026-10-03 05:38:43.312331,2026-10-05
ORD003727,SX00003727,17519,NJ01,Delivered,2026-10-03 05:39:35.157515,2026-10-06
ORD003728,SX00003728,14195,NJ01,Delivered,2026-10-03 05:40:27.002700,2026-10-05
ORD003729,SX00003729,15178,NJ01,Delivered,2026-10-03 05:41:18.847884,2026-10-04
ORD003730,SX00003730,12555,IL01,Delivered,2026-10-03 05:42:10.693069,2026-10-04
ORD003731,SX00003731,12305,NJ01,Delivered,2026-10-03 05:43:02.538253,2026-10-05
ORD003732,SX00003732,17619,IL01,Delivered,2026-10-03 05:43:54.383438,2026-10-06
ORD003733,SX00003733,19280,TX01,Delivered,2026-10-03 05:44:46.228622,2026-10-04
ORD003734,SX00003734,12642,IL01,In Transit,2026-10-03 05:45:38.073807,2026-10-06
ORD003735,SX00003735,19369,NJ01,Delivered,2026-10-03 05:46:29.918991,2026-10-06
ORD003736,SX00003736,16409,NJ01,In Transit,2026-10-03 05:47:21.764176,2026-10-04
ORD003737,SX00003737,14757,NJ01,Out for Delivery,2026-10-03 05:48:13.609360,2026-10-05
ORD003738,SX00003738,12994,TX01,Delivered,2026-10-03 05:49:05.454545,2026-10-06
ORD003739,SX00003739,18751,TX01,In Transit,2026-10-03 05:49:57.299729,2026-10-05
ORD003740,SX00003740,11271,TX01,Delivered,2026-10-03 05:50:49.144914,2026-10-06
ORD003741,SX00003741,11813,NJ01,Delivered,2026-10-03 05:51:40.990099,2026-10-06
ORD003742,SX00003742,18801,IL01,Delivered,2026-10-03 05:52:32.835283,2026-10-04
ORD003743,SX00003743,12461,NJ01,Delivered,2026-10-03 05:53:24.680468,2026-10-05
ORD003744,SX00003744,14120,CA01,Out for Delivery,2026-10-03 05:54:16.525652,2026-10-06
ORD003745,SX00003745,16124,CA01,Delivered,2026-10-03 05:55:08.370837,2026-10-05
ORD003746,SX00003746,18475,TX01,Delivered,2026-10-03 05:56:00.216021,2026-10-06
ORD003747,SX00003747,14396,IL01,Delivered,2026-10-03 05:56:52.061206,2026-10-05
ORD003748,SX00003748,19283,IL01,Delivered,2026-10-03 05:57:43.906390,2026-10-05
ORD003749,SX00003749,10816,NJ01,Out for Delivery,2026-10-03 05:58:35.751575,2026-10-04
ORD003750,SX00003750,17304,CA01,Delivered,2026-10-03 05:59:27.596759,2026-10-06
ORD003751,SX00003751,17331,TX01,Delivered,2026-10-03 06:00:19.441944,2026-10-06
ORD003752,SX00003752,10082,CA01,Delivered,2026-10-03 06:01:11.287128,2026-10-06
ORD003753,SX00003753,11920,NJ01,Delivered,2026-10-03 06:02:03.132313,2026-10-06
ORD003754,SX00003754,17817,IL01,Delivered,2026-10-03 06:02:54.977497,2026-10-04
ORD003755,SX00003755,12093,IL01,Delivered,2026-10-03 06:03:46.822682,2026-10-04
ORD003756,SX00003756,17071,IL01,Delivered,2026-10-03 06:04:38.667866,2026-10-06
ORD003757,SX00003757,17967,NJ01,In Transit,2026-10-03 06:05:30.513051,2026-10-05
ORD003758,SX00003758,18367,IL01,Delivered,2026-10-03 06:06:22.358235,2026-10-04
ORD003759,SX00003759,15285,TX01,In Transit,2026-10-03 06:07:14.203420,2026-10-05
ORD003760,SX00003760,14937,TX01,Out for Delivery,2026-10-03 06:08:06.048604,2026-10-05
ORD003761,SX00003761,10369,IL01,Out for Delivery,2026-10-03 06:08:57.893789,2026-10-05
ORD003762,SX00003762,11818,IL01,Delivered,2026-10-03 06:09:49.738973,2026-10-06
ORD003763,SX00003763,12101,IL01,Out for Delivery,2026-10-03 06:10:41.584158,2026-10-04
ORD003764,SX00003764,13490,TX01,In Transit,2026-10-03 06:11:33.429342,2026-10-06
ORD003765,SX00003765,11779,NJ01,In Transit,2026-10-03 06:12:25.274527,2026-10-05
ORD003766,SX00003766,17674,IL01,Delivered,2026-10-03 06:13:17.119711,2026-10-06
ORD003767,SX00003767,11364,CA01,Delivered,2026-10-03 06:14:08.964896,2026-10-05
ORD003768,SX00003768,17294,NJ01,Exception,2026-10-03 06:15:00.810081,2026-10-06
ORD003769,SX00003769,13676,NJ01,Delivered,2026-10-03 06:15:52.655265,2026-10-06
ORD003770,SX00003770,12426,TX01,Delivered,2026-10-03 06:16:44.500450,2026-10-04
ORD003771,SX00003771,18264,TX01,Delivered,2026-10-03 06:17:36.345634,2026-10-04
ORD003772,SX00003772,18089,TX01,Out for Delivery,2026-10-03 06:18:28.190819,2026-10-05
ORD003773,SX00003773,12962,NJ01,Delivered,2026-10-03 06:19:20.036003,2026-10-05
ORD003774,SX00003774,10859,IL01,Out for Delivery,2026-10-03 06:20:11.881188,2026-10-05
ORD003775,SX00003775,14138,TX01,Delivered,2026-10-03 06:21:03.726372,2026-10-06
ORD003776,SX00003776,12424,NJ01,Delivered,2026-10-03 06:21:55.571557,2026-10-05
ORD003777,SX00003777,19256,TX01,Delivered,2026-10-03 06:22:47.416741,2026-10-04
ORD003778,SX00003778,14017,CA01,Delivered,2026-10-03 06:23:39.261926,2026-10-05
ORD003779,SX00003779,18560,CA01,Delivered,2026-10-03 06:24:31.107110,2026-10-05
ORD003780,SX00003780,18342,IL01,Delivered,2026-10-03 06:25:22.952295,2026-10-06
ORD003781,SX00003781,11134,IL01,Delivered,2026-10-03 06:26:14.797479,2026-10-04
ORD003782,SX00003782,15166,IL01,Delivered,2026-10-03 06:27:06.642664,2026-10-05
ORD003783,SX00003783,15119,TX01,Delivered,2026-10-03 06:27:58.487848,2026-10-04
ORD003784,SX00003784,15694,IL01,Delivered,2026-10-03 06:28:50.333033,2026-10-05
ORD003785,SX00003785,16136,IL01,Delivered,2026-10-03 06:29:42.178217,2026-10-04
ORD003786,SX00003786,15485,IL01,Delivered,2026-10-03 06:30:34.023402,2026-10-05
ORD003787,SX00003787,14164,IL01,Delivered,2026-10-03 06:31:25.868586,2026-10-05
ORD003788,SX00003788,12346,IL01,Out for Delivery,2026-10-03 06:32:17.713771,2026-10-06
ORD003789,SX00003789,15039,IL01,Delivered,2026-10-03 06:33:09.558955,2026-10-06
ORD003790,SX00003790,14897,TX01,Delivered,2026-10-03 06:34:01.404140,2026-10-04
ORD003791,SX00003791,18252,IL01,Delivered,2026-10-03 06:34:53.249324,2026-10-04
ORD003792,SX00003792,15041,IL01,Delivered,2026-10-03 06:35:45.094509,2026-10-04
ORD003793,SX00003793,13901,TX01,Delivered,2026-10-03 06:36:36.939693,2026-10-04
ORD003794,SX00003794,11337,TX01,Delivered,2026-10-03 06:37:28.784878,2026-10-06
ORD003795,SX00003795,11184,IL01,Delivered,2026-10-03 06:38:20.630063,2026-10-04
ORD003796,SX00003796,14426,IL01,Delivered,2026-10-03 06:39:12.475247,2026-10-05
ORD003797,SX00003797,11551,TX01,Delivered,2026-10-03 06:40:04.320432,2026-10-05
ORD003798,SX00003798,11629,IL01,Delivered,2026-10-03 06:40:56.165616,2026-10-05
ORD003799,SX00003799,19519,IL01,Delivered,2026-10-03 06:41:48.010801,2026-10-06
ORD003800,SX00003800,11526,IL01,Delivered,2026-10-03 06:42:39.855985,2026-10-04
ORD003801,SX00003801,19865,IL01,Exception,2026-10-03 06:43:31.701170,2026-10-05
ORD003802,SX00003802,11361,NJ01,Delivered,2026-10-03 06:44:23.546354,2026-10-05
ORD003803,SX00003803,19765,CA01,In Transit,2026-10-03 06:45:15.391539,2026-10-06
ORD003804,SX00003804,14370,TX01,Delivered,2026-10-03 06:46:07.236723,2026-10-06
ORD003805,SX00003805,15283,NJ01,Out for Delivery,2026-10-03 06:46:59.081908,2026-10-06
ORD003806,SX00003806,17610,NJ01,Delivered,2026-10-03 06:47:50.927092,2026-10-05
ORD003807,SX00003807,11993,NJ01,Delivered,2026-10-03 06:48:42.772277,2026-10-06
ORD003808,SX00003808,10869,NJ01,Delivered,2026-10-03 06:49:34.617461,2026-10-05
ORD003809,SX00003809,11014,IL01,Delivered,2026-10-03 06:50:26.462646,2026-10-04
ORD003810,SX00003810,10602,TX01,In Transit,2026-10-03 06:51:18.307830,2026-10-05
ORD003811,SX00003811,10690,CA01,Delivered,2026-10-03 06:52:10.153015,2026-10-04
ORD003812,SX00003812,18685,IL01,Delivered,2026-10-03 06:53:01.998199,2026-10-05
ORD003813,SX00003813,10489,TX01,Delivered,2026-10-03 06:53:53.843384,2026-10-04
ORD003814,SX00003814,16864,NJ01,Delivered,2026-10-03 06:54:45.688568,2026-10-05
ORD003815,SX00003815,17240,NJ01,Delivered,2026-10-03 06:55:37.533753,2026-10-05
ORD003816,SX00003816,17786,IL01,Delivered,2026-10-03 06:56:29.378937,2026-10-05
ORD003817,SX00003817,18024,TX01,Delivered,2026-10-03 06:57:21.224122,2026-10-05
ORD003818,SX00003818,10294,TX01,Delivered,2026-10-03 06:58:13.069306,2026-10-06
ORD003819,SX00003819,15488,TX01,In Transit,2026-10-03 06:59:04.914491,2026-10-05
ORD003820,SX00003820,14027,IL01,Out for Delivery,2026-10-03 06:59:56.759675,2026-10-05
ORD003821,SX00003821,12912,IL01,Delivered,2026-10-03 07:00:48.604860,2026-10-06
ORD003822,SX00003822,19909,NJ01,Delivered,2026-10-03 07:01:40.450045,2026-10-06
ORD003823,SX00003823,14744,NJ01,Delivered,2026-10-03 07:02:32.295229,2026-10-06
ORD003824,SX00003824,11873,NJ01,Delivered,2026-10-03 07:03:24.140414,2026-10-06
ORD003825,SX00003825,13258,CA01,In Transit,2026-10-03 07:04:15.985598,2026-10-06
ORD003826,SX00003826,12817,TX01,Delivered,2026-10-03 07:05:07.830783,2026-10-06
ORD003827,SX00003827,18636,NJ01,Delivered,2026-10-03 07:05:59.675967,2026-10-06
ORD003828,SX00003828,13641,IL01,Delivered,2026-10-03 07:06:51.521152,2026-10-06
ORD003829,SX00003829,14458,IL01,Out for Delivery,2026-10-03 07:07:43.366336,2026-10-06
ORD003830,SX00003830,15307,TX01,Out for Delivery,2026-10-03 07:08:35.211521,2026-10-06
ORD003831,SX00003831,18933,TX01,In Transit,2026-10-03 07:09:27.056705,2026-10-06
ORD003832,SX00003832,12041,TX01,Delivered,2026-10-03 07:10:18.901890,2026-10-04
ORD003833,SX00003833,10679,NJ01,Delivered,2026-10-03 07:11:10.747074,2026-10-05
ORD003834,SX00003834,15738,IL01,In Transit,2026-10-03 07:12:02.592259,2026-10-05
ORD003835,SX00003835,15668,CA01,Delivered,2026-10-03 07:12:54.437443,2026-10-06
ORD003836,SX00003836,19550,CA01,Delivered,2026-10-03 07:13:46.282628,2026-10-06
ORD003837,SX00003837,17697,NJ01,Delivered,2026-10-03 07:14:38.127812,2026-10-04
ORD003838,SX00003838,18033,IL01,Delivered,2026-10-03 07:15:29.972997,2026-10-06
ORD003839,SX00003839,10062,NJ01,Delivered,2026-10-03 07:16:21.818181,2026-10-04
ORD003840,SX00003840,17829,CA01,Out for Delivery,2026-10-03 07:17:13.663366,2026-10-05
ORD003841,SX00003841,17352,TX01,Delivered,2026-10-03 07:18:05.508550,2026-10-05
ORD003842,SX00003842,16915,TX01,In Transit,2026-10-03 07:18:57.353735,2026-10-06
ORD003843,SX00003843,18326,IL01,In Transit,2026-10-03 07:19:49.198919,2026-10-04
ORD003844,SX00003844,13644,IL01,Out for Delivery,2026-10-03 07:20:41.044104,2026-10-04
ORD003845,SX00003845,14970,IL01,Delivered,2026-10-03 07:21:32.889288,2026-10-05
ORD003846,SX00003846,18003,CA01,Delivered,2026-10-03 07:22:24.734473,2026-10-05
ORD003847,SX00003847,13278,NJ01,Exception,2026-10-03 07:23:16.579657,2026-10-04
ORD003848,SX00003848,17296,TX01,Delivered,2026-10-03 07:24:08.424842,2026-10-04
ORD003849,SX00003849,19014,IL01,Delivered,2026-10-03 07:25:00.270027,2026-10-05
ORD003850,SX00003850,13074,CA01,Delivered,2026-10-03 07:25:52.115211,2026-10-04
ORD003851,SX00003851,18312,TX01,Delivered,2026-10-03 07:26:43.960396,2026-10-05
ORD003852,SX00003852,17552,IL01,Delivered,2026-10-03 07:27:35.805580,2026-10-04
ORD003853,SX00003853,11637,CA01,Delivered,2026-10-03 07:28:27.650765,2026-10-06
ORD003854,SX00003854,15103,IL01,Delivered,2026-10-03 07:29:19.495949,2026-10-05
ORD003855,SX00003855,19116,IL01,Delivered,2026-10-03 07:30:11.341134,2026-10-04
ORD003856,SX00003856,10644,IL01,In Transit,2026-10-03 07:31:03.186318,2026-10-05
ORD003857,SX00003857,12032,CA01,Delivered,2026-10-03 07:31:55.031503,2026-10-04
ORD003858,SX00003858,12761,CA01,Delivered,2026-10-03 07:32:46.876687,2026-10-06
ORD003859,SX00003859,12068,IL01,Exception,2026-10-03 07:33:38.721872,2026-10-06
ORD003860,SX00003860,10241,TX01,Delivered,2026-10-03 07:34:30.567056,2026-10-06
ORD003861,SX00003861,12668,TX01,In Transit,2026-10-03 07:35:22.412241,2026-10-05
ORD003862,SX00003862,10802,TX01,Delivered,2026-10-03 07:36:14.257425,2026-10-06
ORD003863,SX00003863,15059,IL01,In Transit,2026-10-03 07:37:06.102610,2026-10-05
ORD003864,SX00003864,10195,NJ01,Delivered,2026-10-03 07:37:57.947794,2026-10-06
ORD003865,SX00003865,12187,TX01,Delivered,2026-10-03 07:38:49.792979,2026-10-05
ORD003866,SX00003866,12330,IL01,Delivered,2026-10-03 07:39:41.638163,2026-10-06
ORD003867,SX00003867,14841,IL01,Delivered,2026-10-03 07:40:33.483348,2026-10-04
ORD003868,SX00003868,13606,TX01,Delivered,2026-10-03 07:41:25.328532,2026-10-04
ORD003869,SX00003869,18468,IL01,In Transit,2026-10-03 07:42:17.173717,2026-10-05
ORD003870,SX00003870,10060,CA01,Delivered,2026-10-03 07:43:09.018901,2026-10-06
ORD003871,SX00003871,13927,IL01,In Transit,2026-10-03 07:44:00.864086,2026-10-06
ORD003872,SX00003872,16296,CA01,Delivered,2026-10-03 07:44:52.709270,2026-10-04
ORD003873,SX00003873,12591,IL01,Delivered,2026-10-03 07:45:44.554455,2026-10-06
ORD003874,SX00003874,18758,IL01,Exception,2026-10-03 07:46:36.399639,2026-10-06
ORD003875,SX00003875,19763,IL01,Out for Delivery,2026-10-03 07:47:28.244824,2026-10-05
ORD003876,SX00003876,16121,TX01,Delivered,2026-10-03 07:48:20.090009,2026-10-04
ORD003877,SX00003877,11200,TX01,In Transit,2026-10-03 07:49:11.935193,2026-10-06
ORD003878,SX00003878,12854,IL01,Delivered,2026-10-03 07:50:03.780378,2026-10-06
ORD003879,SX00003879,17024,IL01,Delivered,2026-10-03 07:50:55.625562,2026-10-05
ORD003880,SX00003880,19428,NJ01,Delivered,2026-10-03 07:51:47.470747,2026-10-05
ORD003881,SX00003881,16972,NJ01,Exception,2026-10-03 07:52:39.315931,2026-10-05
ORD003882,SX00003882,10136,TX01,Exception,2026-10-03 07:53:31.161116,2026-10-05
ORD003883,SX00003883,11029,IL01,Delivered,2026-10-03 07:54:23.006300,2026-10-06
ORD003884,SX00003884,12594,NJ01,In Transit,2026-10-03 07:55:14.851485,2026-10-06
ORD003885,SX00003885,17206,TX01,In Transit,2026-10-03 07:56:06.696669,2026-10-06
ORD003886,SX00003886,10661,CA01,Delivered,2026-10-03 07:56:58.541854,2026-10-05
ORD003887,SX00003887,12472,TX01,Delivered,2026-10-03 07:57:50.387038,2026-10-06
ORD003888,SX00003888,10086,IL01,Delivered,2026-10-03 07:58:42.232223,2026-10-04
ORD003889,SX00003889,16219,IL01,Delivered,2026-10-03 07:59:34.077407,2026-10-04
ORD003890,SX00003890,18143,NJ01,In Transit,2026-10-03 08:00:25.922592,2026-10-06
ORD003891,SX00003891,16968,NJ01,Delivered,2026-10-03 08:01:17.767776,2026-10-05
ORD003892,SX00003892,12773,CA01,Delivered,2026-10-03 08:02:09.612961,2026-10-04
ORD003893,SX00003893,11700,TX01,Delivered,2026-10-03 08:03:01.458145,2026-10-06
ORD003894,SX00003894,12700,NJ01,In Transit,2026-10-03 08:03:53.303330,2026-10-04
ORD003895,SX00003895,16815,NJ01,Delivered,2026-10-03 08:04:45.148514,2026-10-04
ORD003896,SX00003896,11647,NJ01,Delivered,2026-10-03 08:05:36.993699,2026-10-04
ORD003897,SX00003897,16038,IL01,Delivered,2026-10-03 08:06:28.838883,2026-10-04
ORD003898,SX00003898,15164,IL01,Delivered,2026-10-03 08:07:20.684068,2026-10-06
ORD003899,SX00003899,15520,NJ01,Out for Delivery,2026-10-03 08:08:12.529252,2026-10-04
ORD003900,SX00003900,13687,IL01,Delivered,2026-10-03 08:09:04.374437,2026-10-06
ORD003901,SX00003901,10596,IL01,Delivered,2026-10-03 08:09:56.219621,2026-10-04
ORD003902,SX00003902,14545,IL01,Delivered,2026-10-03 08:10:48.064806,2026-10-04
ORD003903,SX00003903,18676,IL01,Delivered,2026-10-03 08:11:39.909990,2026-10-04
ORD003904,SX00003904,18837,IL01,Out for Delivery,2026-10-03 08:12:31.755175,2026-10-06
ORD003905,SX00003905,14757,TX01,Delivered,2026-10-03 08:13:23.600360,2026-10-04
ORD003906,SX00003906,14384,NJ01,In Transit,2026-10-03 08:14:15.445544,2026-10-04
ORD003907,SX00003907,18912,NJ01,Delivered,2026-10-03 08:15:07.290729,2026-10-05
ORD003908,SX00003908,14733,NJ01,Delivered,2026-10-03 08:15:59.135913,2026-10-04
ORD003909,SX00003909,17081,CA01,Out for Delivery,2026-10-03 08:16:50.981098,2026-10-05
ORD003910,SX00003910,18690,IL01,Delivered,2026-10-03 08:17:42.826282,2026-10-06
ORD003911,SX00003911,17117,NJ01,Delivered,2026-10-03 08:18:34.671467,2026-10-04
ORD003912,SX00003912,14729,IL01,Out for Delivery,2026-10-03 08:19:26.516651,2026-10-04
ORD003913,SX00003913,11673,NJ01,In Transit,2026-10-03 08:20:18.361836,2026-10-05
ORD003914,SX00003914,18306,CA01,Delivered,2026-10-03 08:21:10.207020,2026-10-05
ORD003915,SX00003915,19928,TX01,Delivered,2026-10-03 08:22:02.052205,2026-10-04
ORD003916,SX00003916,17178,TX01,Delivered,2026-10-03 08:22:53.897389,2026-10-06
ORD003917,SX00003917,12294,NJ01,In Transit,2026-10-03 08:23:45.742574,2026-10-05
ORD003918,SX00003918,13630,TX01,Delivered,2026-10-03 08:24:37.587758,2026-10-04
ORD003919,SX00003919,10146,IL01,Out for Delivery,2026-10-03 08:25:29.432943,2026-10-05
ORD003920,SX00003920,13453,NJ01,Delivered,2026-10-03 08:26:21.278127,2026-10-06
ORD003921,SX00003921,14507,NJ01,Delivered,2026-10-03 08:27:13.123312,2026-10-05
ORD003922,SX00003922,15783,IL01,Delivered,2026-10-03 08:28:04.968496,2026-10-04
ORD003923,SX00003923,17751,IL01,Delivered,2026-10-03 08:28:56.813681,2026-10-05
ORD003924,SX00003924,15628,TX01,Delivered,2026-10-03 08:29:48.658865,2026-10-06
ORD003925,SX00003925,18328,IL01,Delivered,2026-10-03 08:30:40.504050,2026-10-04
ORD003926,SX00003926,13360,IL01,In Transit,2026-10-03 08:31:32.349234,2026-10-04
ORD003927,SX00003927,13005,NJ01,Delivered,2026-10-03 08:32:24.194419,2026-10-04
ORD003928,SX00003928,13552,IL01,Delivered,2026-10-03 08:33:16.039603,2026-10-04
ORD003929,SX00003929,10018,TX01,Out for Delivery,2026-10-03 08:34:07.884788,2026-10-06
ORD003930,SX00003930,12242,NJ01,Exception,2026-10-03 08:34:59.729972,2026-10-04
ORD003931,SX00003931,16318,TX01,Delivered,2026-10-03 08:35:51.575157,2026-10-06
ORD003932,SX00003932,15097,IL01,Out for Delivery,2026-10-03 08:36:43.420342,2026-10-06
ORD003933,SX00003933,18640,TX01,Delivered,2026-10-03 08:37:35.265526,2026-10-05
ORD003934,SX00003934,11948,CA01,Delivered,2026-10-03 08:38:27.110711,2026-10-05
ORD003935,SX00003935,19137,IL01,In Transit,2026-10-03 08:39:18.955895,2026-10-04
ORD003936,SX00003936,15618,IL01,In Transit,2026-10-03 08:40:10.801080,2026-10-04
ORD003937,SX00003937,14236,CA01,In Transit,2026-10-03 08:41:02.646264,2026-10-06
ORD003938,SX00003938,16901,IL01,In Transit,2026-10-03 08:41:54.491449,2026-10-05
ORD003939,SX00003939,11920,IL01,Delivered,2026-10-03 08:42:46.336633,2026-10-04
ORD003940,SX00003940,14188,IL01,Delivered,2026-10-03 08:43:38.181818,2026-10-04
ORD003941,SX00003941,10238,IL01,Delivered,2026-10-03 08:44:30.027002,2026-10-06
ORD003942,SX00003942,10204,IL01,Delivered,2026-10-03 08:45:21.872187,2026-10-05
ORD003943,SX00003943,15552,NJ01,Delivered,2026-10-03 08:46:13.717371,2026-10-04
ORD003944,SX00003944,14927,TX01,Delivered,2026-10-03 08:47:05.562556,2026-10-04
ORD003945,SX00003945,14390,IL01,In Transit,2026-10-03 08:47:57.407740,2026-10-04
ORD003946,SX00003946,12687,TX01,Out for Delivery,2026-10-03 08:48:49.252925,2026-10-04
ORD003947,SX00003947,14951,NJ01,Delivered,2026-10-03 08:49:41.098109,2026-10-04
ORD003948,SX00003948,16160,CA01,Delivered,2026-10-03 08:50:32.943294,2026-10-04
ORD003949,SX00003949,15388,CA01,In Transit,2026-10-03 08:51:24.788478,2026-10-05
ORD003950,SX00003950,19540,TX01,Delivered,2026-10-03 08:52:16.633663,2026-10-06
ORD003951,SX00003951,15126,CA01,Exception,2026-10-03 08:53:08.478847,2026-10-06
ORD003952,SX00003952,10816,TX01,Delivered,2026-10-03 08:54:00.324032,2026-10-06
ORD003953,SX00003953,19012,CA01,Delivered,2026-10-03 08:54:52.169216,2026-10-04
ORD003954,SX00003954,10192,IL01,Out for Delivery,2026-10-03 08:55:44.014401,2026-10-06
ORD003955,SX00003955,11776,IL01,Out for Delivery,2026-10-03 08:56:35.859585,2026-10-05
ORD003956,SX00003956,13645,TX01,Delivered,2026-10-03 08:57:27.704770,2026-10-04
ORD003957,SX00003957,16314,NJ01,Delivered,2026-10-03 08:58:19.549954,2026-10-05
ORD003958,SX00003958,18442,TX01,In Transit,2026-10-03 08:59:11.395139,2026-10-04
ORD003959,SX00003959,11788,CA01,Delivered,2026-10-03 09:00:03.240324,2026-10-04
ORD003960,SX00003960,17374,IL01,In Transit,2026-10-03 09:00:55.085508,2026-10-06
ORD003961,SX00003961,13700,TX01,Delivered,2026-10-03 09:01:46.930693,2026-10-05
ORD003962,SX00003962,19359,IL01,Delivered,2026-10-03 09:02:38.775877,2026-10-06
ORD003963,SX00003963,13893,IL01,Delivered,2026-10-03 09:03:30.621062,2026-10-04
ORD003964,SX00003964,16811,NJ01,Delivered,2026-10-03 09:04:22.466246,2026-10-05
ORD003965,SX00003965,19288,IL01,Delivered,2026-10-03 09:05:14.311431,2026-10-05
ORD003966,SX00003966,12679,NJ01,Delivered,2026-10-03 09:06:06.156615,2026-10-04
ORD003967,SX00003967,13904,NJ01,Delivered,2026-10-03 09:06:58.001800,2026-10-06
ORD003968,SX00003968,17260,IL01,Delivered,2026-10-03 09:07:49.846984,2026-10-04
ORD003969,SX00003969,10504,TX01,Delivered,2026-10-03 09:08:41.692169,2026-10-05
ORD003970,SX00003970,19813,NJ01,Delivered,2026-10-03 09:09:33.537353,2026-10-05
ORD003971,SX00003971,19579,IL01,Out for Delivery,2026-10-03 09:10:25.382538,2026-10-05
ORD003972,SX00003972,16773,IL01,Delivered,2026-10-03 09:11:17.227722,2026-10-04
ORD003973,SX00003973,13816,CA01,Delivered,2026-10-03 09:12:09.072907,2026-10-05
ORD003974,SX00003974,10717,TX01,Delivered,2026-10-03 09:13:00.918091,2026-10-05
ORD003975,SX00003975,14434,IL01,In Transit,2026-10-03 09:13:52.763276,2026-10-06
ORD003976,SX00003976,10658,IL01,Delivered,2026-10-03 09:14:44.608460,2026-10-06
ORD003977,SX00003977,15057,TX01,Delivered,2026-10-03 09:15:36.453645,2026-10-05
ORD003978,SX00003978,14008,NJ01,Delivered,2026-10-03 09:16:28.298829,2026-10-06
ORD003979,SX00003979,14994,IL01,In Transit,2026-10-03 09:17:20.144014,2026-10-04
ORD003980,SX00003980,14234,NJ01,In Transit,2026-10-03 09:18:11.989198,2026-10-06
ORD003981,SX00003981,13764,NJ01,Delivered,2026-10-03 09:19:03.834383,2026-10-06
ORD003982,SX00003982,14637,TX01,Delivered,2026-10-03 09:19:55.679567,2026-10-06
ORD003983,SX00003983,12104,IL01,Delivered,2026-10-03 09:20:47.524752,2026-10-06
ORD003984,SX00003984,19447,NJ01,Delivered,2026-10-03 09:21:39.369936,2026-10-04
ORD003985,SX00003985,16801,IL01,In Transit,2026-10-03 09:22:31.215121,2026-10-06
ORD003986,SX00003986,18575,CA01,Delivered,2026-10-03 09:23:23.060306,2026-10-05
ORD003987,SX00003987,12607,TX01,Delivered,2026-10-03 09:24:14.905490,2026-10-06
ORD003988,SX00003988,18385,TX01,Delivered,2026-10-03 09:25:06.750675,2026-10-06
ORD003989,SX00003989,13719,TX01,Delivered,2026-10-03 09:25:58.595859,2026-10-05
ORD003990,SX00003990,12581,NJ01,Delivered,2026-10-03 09:26:50.441044,2026-10-04
ORD003991,SX00003991,12565,CA01,Out for Delivery,2026-10-03 09:27:42.286228,2026-10-05
ORD003992,SX00003992,12763,IL01,Delivered,2026-10-03 09:28:34.131413,2026-10-05
ORD003993,SX00003993,16328,TX01,Delivered,2026-10-03 09:29:25.976597,2026-10-05
ORD003994,SX00003994,15991,IL01,Delivered,2026-10-03 09:30:17.821782,2026-10-05
ORD003995,SX00003995,13406,IL01,Delivered,2026-10-03 09:31:09.666966,2026-10-06
ORD003996,SX00003996,18923,NJ01,Delivered,2026-10-03 09:32:01.512151,2026-10-06
ORD003997,SX00003997,14780,TX01,Delivered,2026-10-03 09:32:53.357335,2026-10-06
ORD003998,SX00003998,14177,TX01,Delivered,2026-10-03 09:33:45.202520,2026-10-06
ORD003999,SX00003999,16476,NJ01,Exception,2026-10-03 09:34:37.047704,2026-10-04
ORD004000,SX00004000,12604,NJ01,Delivered,2026-10-03 09:35:28.892889,2026-10-06
ORD004001,SX00004001,18181,CA01,Delivered,2026-10-03 09:36:20.738073,2026-10-06
ORD004002,SX00004002,12382,IL01,Delivered,2026-10-03 09:37:12.583258,2026-10-04
ORD004003,SX00004003,10531,TX01,Delivered,2026-10-03 09:38:04.428442,2026-10-05
ORD004004,SX00004004,16079,NJ01,Delivered,2026-10-03 09:38:56.273627,2026-10-06
ORD004005,SX00004005,10634,IL01,Delivered,2026-10-03 09:39:48.118811,2026-10-06
ORD004006,SX00004006,19961,IL01,Delivered,2026-10-03 09:40:39.963996,2026-10-05
ORD004007,SX00004007,10002,NJ01,Out for Delivery,2026-10-03 09:41:31.809180,2026-10-06
ORD004008,SX00004008,18397,IL01,Delivered,2026-10-03 09:42:23.654365,2026-10-05
ORD004009,SX00004009,15951,IL01,Delivered,2026-10-03 09:43:15.499549,2026-10-05
ORD004010,SX00004010,15626,IL01,In Transit,2026-10-03 09:44:07.344734,2026-10-05
ORD004011,SX00004011,17739,IL01,Delivered,2026-10-03 09:44:59.189918,2026-10-06
ORD004012,SX00004012,16003,NJ01,Delivered,2026-10-03 09:45:51.035103,2026-10-05
ORD004013,SX00004013,12890,TX01,Delivered,2026-10-03 09:46:42.880288,2026-10-06
ORD004014,SX00004014,16239,IL01,In Transit,2026-10-03 09:47:34.725472,2026-10-04
ORD004015,SX00004015,18026,NJ01,Delivered,2026-10-03 09:48:26.570657,2026-10-05
ORD004016,SX00004016,13306,IL01,Delivered,2026-10-03 09:49:18.415841,2026-10-06
ORD004017,SX00004017,10897,NJ01,Out for Delivery,2026-10-03 09:50:10.261026,2026-10-05
ORD004018,SX00004018,19277,TX01,Delivered,2026-10-03 09:51:02.106210,2026-10-06
ORD004019,SX00004019,19471,NJ01,In Transit,2026-10-03 09:51:53.951395,2026-10-06
ORD004020,SX00004020,10670,TX01,Out for Delivery,2026-10-03 09:52:45.796579,2026-10-04
ORD004021,SX00004021,17291,NJ01,Delivered,2026-10-03 09:53:37.641764,2026-10-05
ORD004022,SX00004022,11505,NJ01,In Transit,2026-10-03 09:54:29.486948,2026-10-06
ORD004023,SX00004023,16460,NJ01,In Transit,2026-10-03 09:55:21.332133,2026-10-04
ORD004024,SX00004024,15167,TX01,Out for Delivery,2026-10-03 09:56:13.177317,2026-10-06
ORD004025,SX00004025,15255,CA01,Delivered,2026-10-03 09:57:05.022502,2026-10-06
ORD004026,SX00004026,10249,NJ01,Out for Delivery,2026-10-03 09:57:56.867686,2026-10-04
ORD004027,SX00004027,16457,TX01,Delivered,2026-10-03 09:58:48.712871,2026-10-05
ORD004028,SX00004028,11892,IL01,In Transit,2026-10-03 09:59:40.558055,2026-10-04
ORD004029,SX00004029,13439,CA01,Delivered,2026-10-03 10:00:32.403240,2026-10-05
ORD004030,SX00004030,12854,IL01,Delivered,2026-10-03 10:01:24.248424,2026-10-06
ORD004031,SX00004031,19695,IL01,Delivered,2026-10-03 10:02:16.093609,2026-10-06
ORD004032,SX00004032,13792,IL01,Delivered,2026-10-03 10:03:07.938793,2026-10-04
ORD004033,SX00004033,15330,CA01,Delivered,2026-10-03 10:03:59.783978,2026-10-04
ORD004034,SX00004034,17871,CA01,Delivered,2026-10-03 10:04:51.629162,2026-10-04
ORD004035,SX00004035,18235,CA01,Delivered,2026-10-03 10:05:43.474347,2026-10-06
ORD004036,SX00004036,13612,TX01,Delivered,2026-10-03 10:06:35.319531,2026-10-05
ORD004037,SX00004037,12618,NJ01,Delivered,2026-10-03 10:07:27.164716,2026-10-04
ORD004038,SX00004038,14678,CA01,Delivered,2026-10-03 10:08:19.009900,2026-10-05
ORD004039,SX00004039,13163,CA01,In Transit,2026-10-03 10:09:10.855085,2026-10-04
ORD004040,SX00004040,19480,NJ01,Delivered,2026-10-03 10:10:02.700270,2026-10-04
ORD004041,SX00004041,12942,IL01,Delivered,2026-10-03 10:10:54.545454,2026-10-04
ORD004042,SX00004042,18411,TX01,Delivered,2026-10-03 10:11:46.390639,2026-10-04
ORD004043,SX00004043,11925,CA01,In Transit,2026-10-03 10:12:38.235823,2026-10-06
ORD004044,SX00004044,12972,CA01,Delivered,2026-10-03 10:13:30.081008,2026-10-06
ORD004045,SX00004045,10990,CA01,Delivered,2026-10-03 10:14:21.926192,2026-10-04
ORD004046,SX00004046,11812,CA01,Delivered,2026-10-03 10:15:13.771377,2026-10-06
ORD004047,SX00004047,18995,CA01,Out for Delivery,2026-10-03 10:16:05.616561,2026-10-06
ORD004048,SX00004048,10489,TX01,Delivered,2026-10-03 10:16:57.461746,2026-10-06
ORD004049,SX00004049,15876,TX01,In Transit,2026-10-03 10:17:49.306930,2026-10-06
ORD004050,SX00004050,19685,IL01,Delivered,2026-10-03 10:18:41.152115,2026-10-05
ORD004051,SX00004051,13645,NJ01,In Transit,2026-10-03 10:19:32.997299,2026-10-05
ORD004052,SX00004052,17081,NJ01,Delivered,2026-10-03 10:20:24.842484,2026-10-06
ORD004053,SX00004053,12891,CA01,Delivered,2026-10-03 10:21:16.687668,2026-10-05
ORD004054,SX00004054,19897,NJ01,Delivered,2026-10-03 10:22:08.532853,2026-10-04
ORD004055,SX00004055,13516,IL01,Out for Delivery,2026-10-03 10:23:00.378037,2026-10-05
ORD004056,SX00004056,13340,IL01,Delivered,2026-10-03 10:23:52.223222,2026-10-04
ORD004057,SX00004057,16410,TX01,Delivered,2026-10-03 10:24:44.068406,2026-10-05
ORD004058,SX00004058,10053,NJ01,In Transit,2026-10-03 10:25:35.913591,2026-10-05
ORD004059,SX00004059,12575,IL01,Delivered,2026-10-03 10:26:27.758775,2026-10-04
ORD004060,SX00004060,10615,IL01,Delivered,2026-10-03 10:27:19.603960,2026-10-04
ORD004061,SX00004061,15944,NJ01,Delivered,2026-10-03 10:28:11.449144,2026-10-06
ORD004062,SX00004062,17404,IL01,Delivered,2026-10-03 10:29:03.294329,2026-10-05
ORD004063,SX00004063,10954,IL01,Delivered,2026-10-03 10:29:55.139513,2026-10-04
ORD004064,SX00004064,11629,IL01,In Transit,2026-10-03 10:30:46.984698,2026-10-06
ORD004065,SX00004065,16859,NJ01,Delivered,2026-10-03 10:31:38.829882,2026-10-04
ORD004066,SX00004066,18841,NJ01,Out for Delivery,2026-10-03 10:32:30.675067,2026-10-06
ORD004067,SX00004067,13278,IL01,Delivered,2026-10-03 10:33:22.520252,2026-10-06
ORD004068,SX00004068,15455,CA01,Delivered,2026-10-03 10:34:14.365436,2026-10-04
ORD004069,SX00004069,13801,IL01,Delivered,2026-10-03 10:35:06.210621,2026-10-04
ORD004070,SX00004070,12561,IL01,Delivered,2026-10-03 10:35:58.055805,2026-10-05
ORD004071,SX00004071,16539,IL01,Delivered,2026-10-03 10:36:49.900990,2026-10-05
ORD004072,SX00004072,10370,IL01,In Transit,2026-10-03 10:37:41.746174,2026-10-06
ORD004073,SX00004073,10857,IL01,In Transit,2026-10-03 10:38:33.591359,2026-10-04
ORD004074,SX00004074,14886,IL01,Delivered,2026-10-03 10:39:25.436543,2026-10-05
ORD004075,SX00004075,17485,NJ01,Delivered,2026-10-03 10:40:17.281728,2026-10-06
ORD004076,SX00004076,10383,NJ01,Delivered,2026-10-03 10:41:09.126912,2026-10-05
ORD004077,SX00004077,14334,NJ01,In Transit,2026-10-03 10:42:00.972097,2026-10-06
ORD004078,SX00004078,14290,TX01,Delivered,2026-10-03 10:42:52.817281,2026-10-05
ORD004079,SX00004079,12725,IL01,In Transit,2026-10-03 10:43:44.662466,2026-10-04
ORD004080,SX00004080,16204,CA01,Delivered,2026-10-03 10:44:36.507650,2026-10-06
ORD004081,SX00004081,16111,IL01,In Transit,2026-10-03 10:45:28.352835,2026-10-06
ORD004082,SX00004082,14251,TX01,Delivered,2026-10-03 10:46:20.198019,2026-10-05
ORD004083,SX00004083,10922,IL01,Delivered,2026-10-03 10:47:12.043204,2026-10-05
ORD004084,SX00004084,12915,CA01,Out for Delivery,2026-10-03 10:48:03.888388,2026-10-05
ORD004085,SX00004085,17957,NJ01,In Transit,2026-10-03 10:48:55.733573,2026-10-04
ORD004086,SX00004086,13046,IL01,Delivered,2026-10-03 10:49:47.578757,2026-10-05
ORD004087,SX00004087,19166,NJ01,Delivered,2026-10-03 10:50:39.423942,2026-10-05
ORD004088,SX00004088,11230,IL01,Delivered,2026-10-03 10:51:31.269126,2026-10-04
ORD004089,SX00004089,17647,TX01,Delivered,2026-10-03 10:52:23.114311,2026-10-05
ORD004090,SX00004090,14933,TX01,Delivered,2026-10-03 10:53:14.959495,2026-10-04
ORD004091,SX00004091,19555,IL01,Delivered,2026-10-03 10:54:06.804680,2026-10-04
ORD004092,SX00004092,13940,IL01,Exception,2026-10-03 10:54:58.649864,2026-10-05
ORD004093,SX00004093,16483,IL01,Delivered,2026-10-03 10:55:50.495049,2026-10-04
ORD004094,SX00004094,10203,TX01,Delivered,2026-10-03 10:56:42.340234,2026-10-05
ORD004095,SX00004095,10160,IL01,Delivered,2026-10-03 10:57:34.185418,2026-10-04
ORD004096,SX00004096,18960,NJ01,Delivered,2026-10-03 10:58:26.030603,2026-10-06
ORD004097,SX00004097,13748,CA01,Delivered,2026-10-03 10:59:17.875787,2026-10-05
ORD004098,SX00004098,16718,IL01,Delivered,2026-10-03 11:00:09.720972,2026-10-06
ORD004099,SX00004099,12581,CA01,Delivered,2026-10-03 11:01:01.566156,2026-10-06
ORD004100,SX00004100,11093,NJ01,Exception,2026-10-03 11:01:53.411341,2026-10-06
ORD004101,SX00004101,14500,IL01,Exception,2026-10-03 11:02:45.256525,2026-10-06
ORD004102,SX00004102,18799,NJ01,Delivered,2026-10-03 11:03:37.101710,2026-10-05
ORD004103,SX00004103,15710,TX01,Delivered,2026-10-03 11:04:28.946894,2026-10-04
ORD004104,SX00004104,19732,NJ01,In Transit,2026-10-03 11:05:20.792079,2026-10-05
ORD004105,SX00004105,12875,IL01,Delivered,2026-10-03 11:06:12.637263,2026-10-05
ORD004106,SX00004106,13191,IL01,In Transit,2026-10-03 11:07:04.482448,2026-10-04
ORD004107,SX00004107,11837,TX01,In Transit,2026-10-03 11:07:56.327632,2026-10-06
ORD004108,SX00004108,10689,NJ01,Delivered,2026-10-03 11:08:48.172817,2026-10-04
ORD004109,SX00004109,13759,NJ01,Delivered,2026-10-03 11:09:40.018001,2026-10-06
ORD004110,SX00004110,12103,IL01,Out for Delivery,2026-10-03 11:10:31.863186,2026-10-05
ORD004111,SX00004111,10365,TX01,Out for Delivery,2026-10-03 11:11:23.708370,2026-10-04
ORD004112,SX00004112,18092,CA01,In Transit,2026-10-03 11:12:15.553555,2026-10-04
ORD004113,SX00004113,14172,IL01,Delivered,2026-10-03 11:13:07.398739,2026-10-06
ORD004114,SX00004114,16033,IL01,In Transit,2026-10-03 11:13:59.243924,2026-10-04
ORD004115,SX00004115,12378,CA01,Delivered,2026-10-03 11:14:51.089108,2026-10-05
ORD004116,SX00004116,11205,TX01,Delivered,2026-10-03 11:15:42.934293,2026-10-04
ORD004117,SX00004117,14988,NJ01,Delivered,2026-10-03 11:16:34.779477,2026-10-04
ORD004118,SX00004118,15669,CA01,Exception,2026-10-03 11:17:26.624662,2026-10-05
ORD004119,SX00004119,12735,NJ01,In Transit,2026-10-03 11:18:18.469846,2026-10-06
ORD004120,SX00004120,19867,IL01,In Transit,2026-10-03 11:19:10.315031,2026-10-04
ORD004121,SX00004121,18490,TX01,Delivered,2026-10-03 11:20:02.160216,2026-10-06
ORD004122,SX00004122,10956,NJ01,Delivered,2026-10-03 11:20:54.005400,2026-10-04
ORD004123,SX00004123,19306,CA01,In Transit,2026-10-03 11:21:45.850585,2026-10-05
ORD004124,SX00004124,16623,IL01,Delivered,2026-10-03 11:22:37.695769,2026-10-06
ORD004125,SX00004125,11474,NJ01,In Transit,2026-10-03 11:23:29.540954,2026-10-04
ORD004126,SX00004126,14460,TX01,Delivered,2026-10-03 11:24:21.386138,2026-10-06
ORD004127,SX00004127,17002,IL01,In Transit,2026-10-03 11:25:13.231323,2026-10-04
ORD004128,SX00004128,16396,IL01,In Transit,2026-10-03 11:26:05.076507,2026-10-05
ORD004129,SX00004129,12828,CA01,Delivered,2026-10-03 11:26:56.921692,2026-10-05
ORD004130,SX00004130,12850,NJ01,Delivered,2026-10-03 11:27:48.766876,2026-10-04
ORD004131,SX00004131,12964,NJ01,Delivered,2026-10-03 11:28:40.612061,2026-10-04
ORD004132,SX00004132,14594,CA01,Out for Delivery,2026-10-03 11:29:32.457245,2026-10-06
ORD004133,SX00004133,19141,IL01,Delivered,2026-10-03 11:30:24.302430,2026-10-04
ORD004134,SX00004134,16644,CA01,In Transit,2026-10-03 11:31:16.147614,2026-10-06
ORD004135,SX00004135,12850,TX01,Delivered,2026-10-03 11:32:07.992799,2026-10-04
ORD004136,SX00004136,10165,NJ01,In Transit,2026-10-03 11:32:59.837983,2026-10-05
ORD004137,SX00004137,10919,NJ01,Delivered,2026-10-03 11:33:51.683168,2026-10-06
ORD004138,SX00004138,18305,CA01,Delivered,2026-10-03 11:34:43.528352,2026-10-06
ORD004139,SX00004139,13504,IL01,Exception,2026-10-03 11:35:35.373537,2026-10-05
ORD004140,SX00004140,10991,IL01,Delivered,2026-10-03 11:36:27.218721,2026-10-06
ORD004141,SX00004141,16047,IL01,Delivered,2026-10-03 11:37:19.063906,2026-10-05
ORD004142,SX00004142,13839,IL01,Delivered,2026-10-03 11:38:10.909090,2026-10-05
ORD004143,SX00004143,11258,NJ01,Delivered,2026-10-03 11:39:02.754275,2026-10-05
ORD004144,SX00004144,17609,CA01,Delivered,2026-10-03 11:39:54.599459,2026-10-04
ORD004145,SX00004145,18706,CA01,Delivered,2026-10-03 11:40:46.444644,2026-10-05
ORD004146,SX00004146,14804,IL01,In Transit,2026-10-03 11:41:38.289828,2026-10-06
ORD004147,SX00004147,10067,NJ01,Delivered,2026-10-03 11:42:30.135013,2026-10-04
ORD004148,SX00004148,19788,TX01,Delivered,2026-10-03 11:43:21.980198,2026-10-05
ORD004149,SX00004149,15660,IL01,Delivered,2026-10-03 11:44:13.825382,2026-10-05
ORD004150,SX00004150,14478,TX01,In Transit,2026-10-03 11:45:05.670567,2026-10-05
ORD004151,SX00004151,18210,CA01,Delivered,2026-10-03 11:45:57.515751,2026-10-06
ORD004152,SX00004152,13521,CA01,Exception,2026-10-03 11:46:49.360936,2026-10-04
ORD004153,SX00004153,10572,IL01,Delivered,2026-10-03 11:47:41.206120,2026-10-04
ORD004154,SX00004154,17082,NJ01,Delivered,2026-10-03 11:48:33.051305,2026-10-04
ORD004155,SX00004155,17832,IL01,Delivered,2026-10-03 11:49:24.896489,2026-10-06
ORD004156,SX00004156,15395,IL01,Delivered,2026-10-03 11:50:16.741674,2026-10-05
ORD004157,SX00004157,12258,NJ01,In Transit,2026-10-03 11:51:08.586858,2026-10-04
ORD004158,SX00004158,16039,CA01,Delivered,2026-10-03 11:52:00.432043,2026-10-05
ORD004159,SX00004159,10650,CA01,Delivered,2026-10-03 11:52:52.277227,2026-10-06
ORD004160,SX00004160,15741,CA01,Delivered,2026-10-03 11:53:44.122412,2026-10-04
ORD004161,SX00004161,16838,CA01,Delivered,2026-10-03 11:54:35.967596,2026-10-06
ORD004162,SX00004162,12587,IL01,In Transit,2026-10-03 11:55:27.812781,2026-10-04
ORD004163,SX00004163,17876,NJ01,Delivered,2026-10-03 11:56:19.657965,2026-10-04
ORD004164,SX00004164,13262,IL01,Delivered,2026-10-03 11:57:11.503150,2026-10-05
ORD004165,SX00004165,11338,IL01,Delivered,2026-10-03 11:58:03.348334,2026-10-06
ORD004166,SX00004166,14996,NJ01,Delivered,2026-10-03 11:58:55.193519,2026-10-04
ORD004167,SX00004167,15780,TX01,In Transit,2026-10-03 11:59:47.038703,2026-10-04
ORD004168,SX00004168,12827,TX01,In Transit,2026-10-03 12:00:38.883888,2026-10-06
ORD004169,SX00004169,15232,IL01,Delivered,2026-10-03 12:01:30.729072,2026-10-05
ORD004170,SX00004170,12217,IL01,Delivered,2026-10-03 12:02:22.574257,2026-10-06
ORD004171,SX00004171,13539,IL01,Delivered,2026-10-03 12:03:14.419441,2026-10-04
ORD004172,SX00004172,17845,IL01,Out for Delivery,2026-10-03 12:04:06.264626,2026-10-06
ORD004173,SX00004173,19229,IL01,Delivered,2026-10-03 12:04:58.109810,2026-10-05
ORD004174,SX00004174,14383,TX01,Delivered,2026-10-03 12:05:49.954995,2026-10-05
ORD004175,SX00004175,12961,TX01,Delivered,2026-10-03 12:06:41.800180,2026-10-05
ORD004176,SX00004176,13226,NJ01,Delivered,2026-10-03 12:07:33.645364,2026-10-05
ORD004177,SX00004177,16837,TX01,Delivered,2026-10-03 12:08:25.490549,2026-10-05
ORD004178,SX00004178,17031,IL01,Delivered,2026-10-03 12:09:17.335733,2026-10-05
ORD004179,SX00004179,19290,CA01,Delivered,2026-10-03 12:10:09.180918,2026-10-05
ORD004180,SX00004180,19131,IL01,Delivered,2026-10-03 12:11:01.026102,2026-10-04
ORD004181,SX00004181,13716,TX01,Delivered,2026-10-03 12:11:52.871287,2026-10-06
ORD004182,SX00004182,13414,CA01,Delivered,2026-10-03 12:12:44.716471,2026-10-05
ORD004183,SX00004183,11448,CA01,Delivered,2026-10-03 12:13:36.561656,2026-10-06
ORD004184,SX00004184,10570,IL01,In Transit,2026-10-03 12:14:28.406840,2026-10-06
ORD004185,SX00004185,12904,TX01,Delivered,2026-10-03 12:15:20.252025,2026-10-04
ORD004186,SX00004186,12505,IL01,Out for Delivery,2026-10-03 12:16:12.097209,2026-10-06
ORD004187,SX00004187,10917,IL01,Delivered,2026-10-03 12:17:03.942394,2026-10-06
ORD004188,SX00004188,16982,IL01,Delivered,2026-10-03 12:17:55.787578,2026-10-05
ORD004189,SX00004189,17427,CA01,In Transit,2026-10-03 12:18:47.632763,2026-10-05
ORD004190,SX00004190,16336,CA01,In Transit,2026-10-03 12:19:39.477947,2026-10-06
ORD004191,SX00004191,11678,IL01,Delivered,2026-10-03 12:20:31.323132,2026-10-05
ORD004192,SX00004192,10615,NJ01,Out for Delivery,2026-10-03 12:21:23.168316,2026-10-04
ORD004193,SX00004193,19941,CA01,Delivered,2026-10-03 12:22:15.013501,2026-10-06
ORD004194,SX00004194,17086,NJ01,Delivered,2026-10-03 12:23:06.858685,2026-10-06
ORD004195,SX00004195,14749,IL01,Delivered,2026-10-03 12:23:58.703870,2026-10-04
ORD004196,SX00004196,13505,NJ01,Delivered,2026-10-03 12:24:50.549054,2026-10-04
ORD004197,SX00004197,14529,TX01,Delivered,2026-10-03 12:25:42.394239,2026-10-04
ORD004198,SX00004198,11135,NJ01,Delivered,2026-10-03 12:26:34.239423,2026-10-04
ORD004199,SX00004199,18566,TX01,Delivered,2026-10-03 12:27:26.084608,2026-10-06
ORD004200,SX00004200,17226,NJ01,Delivered,2026-10-03 12:28:17.929792,2026-10-05
ORD004201,SX00004201,15162,IL01,Out for Delivery,2026-10-03 12:29:09.774977,2026-10-05
ORD004202,SX00004202,10206,IL01,Delivered,2026-10-03 12:30:01.620162,2026-10-05
ORD004203,SX00004203,14875,IL01,Delivered,2026-10-03 12:30:53.465346,2026-10-05
ORD004204,SX00004204,11319,NJ01,In Transit,2026-10-03 12:31:45.310531,2026-10-04
ORD004205,SX00004205,11141,IL01,Delivered,2026-10-03 12:32:37.155715,2026-10-05
ORD004206,SX00004206,14627,TX01,Delivered,2026-10-03 12:33:29.000900,2026-10-05
ORD004207,SX00004207,17389,NJ01,Delivered,2026-10-03 12:34:20.846084,2026-10-06
ORD004208,SX00004208,12690,TX01,Delivered,2026-10-03 12:35:12.691269,2026-10-06
ORD004209,SX00004209,17323,CA01,Out for Delivery,2026-10-03 12:36:04.536453,2026-10-05
ORD004210,SX00004210,13255,TX01,Delivered,2026-10-03 12:36:56.381638,2026-10-04
ORD004211,SX00004211,18281,CA01,Delivered,2026-10-03 12:37:48.226822,2026-10-05
ORD004212,SX00004212,15213,NJ01,Delivered,2026-10-03 12:38:40.072007,2026-10-04
ORD004213,SX00004213,14108,IL01,Delivered,2026-10-03 12:39:31.917191,2026-10-06
ORD004214,SX00004214,13020,CA01,Delivered,2026-10-03 12:40:23.762376,2026-10-04
ORD004215,SX00004215,11857,CA01,Delivered,2026-10-03 12:41:15.607560,2026-10-05
ORD004216,SX00004216,18996,CA01,In Transit,2026-10-03 12:42:07.452745,2026-10-06
ORD004217,SX00004217,19136,TX01,In Transit,2026-10-03 12:42:59.297929,2026-10-05
ORD004218,SX00004218,12789,NJ01,Delivered,2026-10-03 12:43:51.143114,2026-10-05
ORD004219,SX00004219,13875,IL01,Delivered,2026-10-03 12:44:42.988298,2026-10-04
ORD004220,SX00004220,17605,TX01,Exception,2026-10-03 12:45:34.833483,2026-10-05
ORD004221,SX00004221,19802,IL01,Delivered,2026-10-03 12:46:26.678667,2026-10-05
ORD004222,SX00004222,18135,IL01,Exception,2026-10-03 12:47:18.523852,2026-10-06
ORD004223,SX00004223,16055,NJ01,In Transit,2026-10-03 12:48:10.369036,2026-10-04
ORD004224,SX00004224,13882,NJ01,Out for Delivery,2026-10-03 12:49:02.214221,2026-10-04
ORD004225,SX00004225,17175,IL01,Delivered,2026-10-03 12:49:54.059405,2026-10-06
ORD004226,SX00004226,17129,TX01,Delivered,2026-10-03 12:50:45.904590,2026-10-06
ORD004227,SX00004227,15021,CA01,Delivered,2026-10-03 12:51:37.749774,2026-10-04
ORD004228,SX00004228,14735,TX01,In Transit,2026-10-03 12:52:29.594959,2026-10-06
ORD004229,SX00004229,12387,NJ01,Delivered,2026-10-03 12:53:21.440144,2026-10-04
ORD004230,SX00004230,16582,CA01,In Transit,2026-10-03 12:54:13.285328,2026-10-06
ORD004231,SX00004231,19133,IL01,Delivered,2026-10-03 12:55:05.130513,2026-10-04
ORD004232,SX00004232,15866,TX01,Delivered,2026-10-03 12:55:56.975697,2026-10-04
ORD004233,SX00004233,12566,IL01,In Transit,2026-10-03 12:56:48.820882,2026-10-06
ORD004234,SX00004234,10975,IL01,Delivered,2026-10-03 12:57:40.666066,2026-10-05
ORD004235,SX00004235,17212,NJ01,Delivered,2026-10-03 12:58:32.511251,2026-10-05
ORD004236,SX00004236,19146,TX01,Delivered,2026-10-03 12:59:24.356435,2026-10-06
ORD004237,SX00004237,11262,IL01,Delivered,2026-10-03 13:00:16.201620,2026-10-04
ORD004238,SX00004238,15047,IL01,Delivered,2026-10-03 13:01:08.046804,2026-10-06
ORD004239,SX00004239,19135,NJ01,Delivered,2026-10-03 13:01:59.891989,2026-10-05
ORD004240,SX00004240,17382,NJ01,Delivered,2026-10-03 13:02:51.737173,2026-10-04
ORD004241,SX00004241,16231,NJ01,In Transit,2026-10-03 13:03:43.582358,2026-10-04
ORD004242,SX00004242,13327,IL01,Out for Delivery,2026-10-03 13:04:35.427542,2026-10-04
ORD004243,SX00004243,15630,NJ01,Delivered,2026-10-03 13:05:27.272727,2026-10-05
ORD004244,SX00004244,12259,IL01,Delivered,2026-10-03 13:06:19.117911,2026-10-05
ORD004245,SX00004245,11257,IL01,Delivered,2026-10-03 13:07:10.963096,2026-10-04
ORD004246,SX00004246,10464,NJ01,In Transit,2026-10-03 13:08:02.808280,2026-10-04
ORD004247,SX00004247,13294,TX01,Delivered,2026-10-03 13:08:54.653465,2026-10-05
ORD004248,SX00004248,16774,IL01,Exception,2026-10-03 13:09:46.498649,2026-10-05
ORD004249,SX00004249,17431,IL01,Delivered,2026-10-03 13:10:38.343834,2026-10-04
ORD004250,SX00004250,11230,NJ01,In Transit,2026-10-03 13:11:30.189018,2026-10-06
ORD004251,SX00004251,19076,IL01,Delivered,2026-10-03 13:12:22.034203,2026-10-06
ORD004252,SX00004252,13805,IL01,Out for Delivery,2026-10-03 13:13:13.879387,2026-10-06
ORD004253,SX00004253,16419,NJ01,Delivered,2026-10-03 13:14:05.724572,2026-10-05
ORD004254,SX00004254,15750,IL01,Delivered,2026-10-03 13:14:57.569756,2026-10-06
ORD004255,SX00004255,13856,IL01,Delivered,2026-10-03 13:15:49.414941,2026-10-06
ORD004256,SX00004256,13135,CA01,In Transit,2026-10-03 13:16:41.260126,2026-10-05
ORD004257,SX00004257,16953,TX01,Delivered,2026-10-03 13:17:33.105310,2026-10-06
ORD004258,SX00004258,19116,TX01,Delivered,2026-10-03 13:18:24.950495,2026-10-04
ORD004259,SX00004259,16034,NJ01,Delivered,2026-10-03 13:19:16.795679,2026-10-05
ORD004260,SX00004260,14589,TX01,Delivered,2026-10-03 13:20:08.640864,2026-10-04
ORD004261,SX00004261,11546,CA01,Delivered,2026-10-03 13:21:00.486048,2026-10-06
ORD004262,SX00004262,16065,TX01,Exception,2026-10-03 13:21:52.331233,2026-10-04
ORD004263,SX00004263,11094,IL01,Delivered,2026-10-03 13:22:44.176417,2026-10-05
ORD004264,SX00004264,12411,NJ01,Delivered,2026-10-03 13:23:36.021602,2026-10-06
ORD004265,SX00004265,12617,NJ01,Delivered,2026-10-03 13:24:27.866786,2026-10-05
ORD004266,SX00004266,18954,NJ01,In Transit,2026-10-03 13:25:19.711971,2026-10-06
ORD004267,SX00004267,14145,NJ01,Out for Delivery,2026-10-03 13:26:11.557155,2026-10-05
ORD004268,SX00004268,12775,CA01,Delivered,2026-10-03 13:27:03.402340,2026-10-05
ORD004269,SX00004269,16628,TX01,Delivered,2026-10-03 13:27:55.247524,2026-10-04
ORD004270,SX00004270,13155,IL01,Delivered,2026-10-03 13:28:47.092709,2026-10-05
ORD004271,SX00004271,13970,IL01,Delivered,2026-10-03 13:29:38.937893,2026-10-05
ORD004272,SX00004272,17972,NJ01,Delivered,2026-10-03 13:30:30.783078,2026-10-04
ORD004273,SX00004273,18775,IL01,Delivered,2026-10-03 13:31:22.628262,2026-10-06
ORD004274,SX00004274,15415,IL01,Delivered,2026-10-03 13:32:14.473447,2026-10-06
ORD004275,SX00004275,14331,IL01,Delivered,2026-10-03 13:33:06.318631,2026-10-05
ORD004276,SX00004276,11942,IL01,Delivered,2026-10-03 13:33:58.163816,2026-10-04
ORD004277,SX00004277,16026,CA01,Exception,2026-10-03 13:34:50.009000,2026-10-06
ORD004278,SX00004278,18301,IL01,Delivered,2026-10-03 13:35:41.854185,2026-10-04
ORD004279,SX00004279,10191,IL01,Delivered,2026-10-03 13:36:33.699369,2026-10-05
ORD004280,SX00004280,19095,IL01,In Transit,2026-10-03 13:37:25.544554,2026-10-04
ORD004281,SX00004281,10861,NJ01,Delivered,2026-10-03 13:38:17.389738,2026-10-05
ORD004282,SX00004282,16711,IL01,Delivered,2026-10-03 13:39:09.234923,2026-10-06
ORD004283,SX00004283,19275,NJ01,In Transit,2026-10-03 13:40:01.080108,2026-10-06
ORD004284,SX00004284,10649,IL01,Delivered,2026-10-03 13:40:52.925292,2026-10-06
ORD004285,SX00004285,14134,NJ01,Delivered,2026-10-03 13:41:44.770477,2026-10-06
ORD004286,SX00004286,17587,TX01,Delivered,2026-10-03 13:42:36.615661,2026-10-04
ORD004287,SX00004287,18828,IL01,Delivered,2026-10-03 13:43:28.460846,2026-10-04
ORD004288,SX00004288,11036,NJ01,Delivered,2026-10-03 13:44:20.306030,2026-10-04
ORD004289,SX00004289,14131,NJ01,In Transit,2026-10-03 13:45:12.151215,2026-10-05
ORD004290,SX00004290,12148,TX01,Delivered,2026-10-03 13:46:03.996399,2026-10-06
ORD004291,SX00004291,15457,NJ01,Out for Delivery,2026-10-03 13:46:55.841584,2026-10-06
ORD004292,SX00004292,16079,NJ01,In Transit,2026-10-03 13:47:47.686768,2026-10-06
ORD004293,SX00004293,12430,TX01,Delivered,2026-10-03 13:48:39.531953,2026-10-04
ORD004294,SX00004294,11879,NJ01,Delivered,2026-10-03 13:49:31.377137,2026-10-04
ORD004295,SX00004295,17542,IL01,In Transit,2026-10-03 13:50:23.222322,2026-10-06
ORD004296,SX00004296,12011,IL01,Delivered,2026-10-03 13:51:15.067506,2026-10-05
ORD004297,SX00004297,13373,TX01,Delivered,2026-10-03 13:52:06.912691,2026-10-04
ORD004298,SX00004298,17357,CA01,Delivered,2026-10-03 13:52:58.757875,2026-10-06
ORD004299,SX00004299,11289,CA01,Delivered,2026-10-03 13:53:50.603060,2026-10-06
ORD004300,SX00004300,11447,CA01,Delivered,2026-10-03 13:54:42.448244,2026-10-06
ORD004301,SX00004301,13199,TX01,Delivered,2026-10-03 13:55:34.293429,2026-10-05
ORD004302,SX00004302,16381,NJ01,Delivered,2026-10-03 13:56:26.138613,2026-10-06
ORD004303,SX00004303,17522,TX01,Delivered,2026-10-03 13:57:17.983798,2026-10-04
ORD004304,SX00004304,16059,NJ01,Delivered,2026-10-03 13:58:09.828982,2026-10-05
ORD004305,SX00004305,13183,NJ01,Out for Delivery,2026-10-03 13:59:01.674167,2026-10-05
ORD004306,SX00004306,15462,IL01,Delivered,2026-10-03 13:59:53.519351,2026-10-06
ORD004307,SX00004307,13216,IL01,Delivered,2026-10-03 14:00:45.364536,2026-10-04
ORD004308,SX00004308,13136,TX01,Delivered,2026-10-03 14:01:37.209720,2026-10-04
ORD004309,SX00004309,13318,NJ01,Delivered,2026-10-03 14:02:29.054905,2026-10-06
ORD004310,SX00004310,12782,IL01,Delivered,2026-10-03 14:03:20.900090,2026-10-06
ORD004311,SX00004311,19182,IL01,Exception,2026-10-03 14:04:12.745274,2026-10-04
ORD004312,SX00004312,17657,CA01,Delivered,2026-10-03 14:05:04.590459,2026-10-05
ORD004313,SX00004313,14920,TX01,Exception,2026-10-03 14:05:56.435643,2026-10-05
ORD004314,SX00004314,16324,NJ01,In Transit,2026-10-03 14:06:48.280828,2026-10-06
ORD004315,SX00004315,16327,NJ01,Delivered,2026-10-03 14:07:40.126012,2026-10-06
ORD004316,SX00004316,18417,NJ01,Delivered,2026-10-03 14:08:31.971197,2026-10-04
ORD004317,SX00004317,10776,IL01,In Transit,2026-10-03 14:09:23.816381,2026-10-04
ORD004318,SX00004318,15208,NJ01,Delivered,2026-10-03 14:10:15.661566,2026-10-04
ORD004319,SX00004319,10687,TX01,Delivered,2026-10-03 14:11:07.506750,2026-10-04
ORD004320,SX00004320,10529,IL01,Delivered,2026-10-03 14:11:59.351935,2026-10-06
ORD004321,SX00004321,15067,IL01,Delivered,2026-10-03 14:12:51.197119,2026-10-06
ORD004322,SX00004322,18080,IL01,In Transit,2026-10-03 14:13:43.042304,2026-10-04
ORD004323,SX00004323,15518,NJ01,Delivered,2026-10-03 14:14:34.887488,2026-10-06
ORD004324,SX00004324,12153,IL01,Exception,2026-10-03 14:15:26.732673,2026-10-06
ORD004325,SX00004325,19486,NJ01,Delivered,2026-10-03 14:16:18.577857,2026-10-04
ORD004326,SX00004326,16094,NJ01,In Transit,2026-10-03 14:17:10.423042,2026-10-05
ORD004327,SX00004327,16974,TX01,Delivered,2026-10-03 14:18:02.268226,2026-10-05
ORD004328,SX00004328,19718,NJ01,Delivered,2026-10-03 14:18:54.113411,2026-10-04
ORD004329,SX00004329,14774,IL01,Out for Delivery,2026-10-03 14:19:45.958595,2026-10-05
ORD004330,SX00004330,17692,NJ01,In Transit,2026-10-03 14:20:37.803780,2026-10-06
ORD004331,SX00004331,13103,TX01,Delivered,2026-10-03 14:21:29.648964,2026-10-05
ORD004332,SX00004332,12440,IL01,Delivered,2026-10-03 14:22:21.494149,2026-10-04
ORD004333,SX00004333,14135,NJ01,Delivered,2026-10-03 14:23:13.339333,2026-10-04
ORD004334,SX00004334,17124,CA01,Out for Delivery,2026-10-03 14:24:05.184518,2026-10-05
ORD004335,SX00004335,15201,IL01,Delivered,2026-10-03 14:24:57.029702,2026-10-05
ORD004336,SX00004336,10844,NJ01,In Transit,2026-10-03 14:25:48.874887,2026-10-06
ORD004337,SX00004337,10446,TX01,Delivered,2026-10-03 14:26:40.720072,2026-10-05
ORD004338,SX00004338,13915,NJ01,Delivered,2026-10-03 14:27:32.565256,2026-10-05
ORD004339,SX00004339,13109,TX01,In Transit,2026-10-03 14:28:24.410441,2026-10-05
ORD004340,SX00004340,11234,IL01,Delivered,2026-10-03 14:29:16.255625,2026-10-06
ORD004341,SX00004341,16587,IL01,Delivered,2026-10-03 14:30:08.100810,2026-10-05
ORD004342,SX00004342,10226,TX01,In Transit,2026-10-03 14:30:59.945994,2026-10-06
ORD004343,SX00004343,14143,TX01,In Transit,2026-10-03 14:31:51.791179,2026-10-06
ORD004344,SX00004344,17185,CA01,Delivered,2026-10-03 14:32:43.636363,2026-10-04
ORD004345,SX00004345,15558,IL01,Out for Delivery,2026-10-03 14:33:35.481548,2026-10-04
ORD004346,SX00004346,10186,NJ01,Delivered,2026-10-03 14:34:27.326732,2026-10-06
ORD004347,SX00004347,12535,IL01,Exception,2026-10-03 14:35:19.171917,2026-10-06
ORD004348,SX00004348,11932,IL01,In Transit,2026-10-03 14:36:11.017101,2026-10-06
ORD004349,SX00004349,19040,NJ01,Delivered,2026-10-03 14:37:02.862286,2026-10-04
ORD004350,SX00004350,12032,IL01,Delivered,2026-10-03 14:37:54.707470,2026-10-06
ORD004351,SX00004351,11252,IL01,Delivered,2026-10-03 14:38:46.552655,2026-10-04
ORD004352,SX00004352,15509,IL01,Delivered,2026-10-03 14:39:38.397839,2026-10-04
ORD004353,SX00004353,15074,IL01,Delivered,2026-10-03 14:40:30.243024,2026-10-06
ORD004354,SX00004354,11881,CA01,Delivered,2026-10-03 14:41:22.088208,2026-10-06
ORD004355,SX00004355,10269,TX01,Delivered,2026-10-03 14:42:13.933393,2026-10-06
ORD004356,SX00004356,11630,IL01,In Transit,2026-10-03 14:43:05.778577,2026-10-04
ORD004357,SX00004357,14405,CA01,Delivered,2026-10-03 14:43:57.623762,2026-10-05
ORD004358,SX00004358,16139,NJ01,Delivered,2026-10-03 14:44:49.468946,2026-10-06
ORD004359,SX00004359,11574,CA01,Delivered,2026-10-03 14:45:41.314131,2026-10-05
ORD004360,SX00004360,11695,IL01,In Transit,2026-10-03 14:46:33.159315,2026-10-05
ORD004361,SX00004361,13258,NJ01,Delivered,2026-10-03 14:47:25.004500,2026-10-05
ORD004362,SX00004362,13262,CA01,In Transit,2026-10-03 14:48:16.849684,2026-10-05
ORD004363,SX00004363,11445,IL01,Delivered,2026-10-03 14:49:08.694869,2026-10-05
ORD004364,SX00004364,16263,CA01,Delivered,2026-10-03 14:50:00.540054,2026-10-04
ORD004365,SX00004365,18411,TX01,Delivered,2026-10-03 14:50:52.385238,2026-10-04
ORD004366,SX00004366,10052,CA01,Delivered,2026-10-03 14:51:44.230423,2026-10-04
ORD004367,SX00004367,19949,IL01,Delivered,2026-10-03 14:52:36.075607,2026-10-05
ORD004368,SX00004368,15570,IL01,Delivered,2026-10-03 14:53:27.920792,2026-10-04
ORD004369,SX00004369,17579,IL01,Delivered,2026-10-03 14:54:19.765976,2026-10-06
ORD004370,SX00004370,11666,CA01,In Transit,2026-10-03 14:55:11.611161,2026-10-05
ORD004371,SX00004371,16901,IL01,Delivered,2026-10-03 14:56:03.456345,2026-10-06
ORD004372,SX00004372,12785,NJ01,Delivered,2026-10-03 14:56:55.301530,2026-10-05
ORD004373,SX00004373,10719,NJ01,Exception,2026-10-03 14:57:47.146714,2026-10-05
ORD004374,SX00004374,18597,IL01,Delivered,2026-10-03 14:58:38.991899,2026-10-05
ORD004375,SX00004375,16855,IL01,Delivered,2026-10-03 14:59:30.837083,2026-10-05
ORD004376,SX00004376,12294,NJ01,Exception,2026-10-03 15:00:22.682268,2026-10-06
ORD004377,SX00004377,18263,TX01,Exception,2026-10-03 15:01:14.527452,2026-10-05
ORD004378,SX00004378,19421,IL01,Delivered,2026-10-03 15:02:06.372637,2026-10-05
ORD004379,SX00004379,19759,CA01,Delivered,2026-10-03 15:02:58.217821,2026-10-04
ORD004380,SX00004380,14482,TX01,Delivered,2026-10-03 15:03:50.063006,2026-10-05
ORD004381,SX00004381,10698,NJ01,In Transit,2026-10-03 15:04:41.908190,2026-10-05
ORD004382,SX00004382,17243,NJ01,Out for Delivery,2026-10-03 15:05:33.753375,2026-10-05
ORD004383,SX00004383,19018,IL01,Delivered,2026-10-03 15:06:25.598559,2026-10-05
ORD004384,SX00004384,15918,NJ01,In Transit,2026-10-03 15:07:17.443744,2026-10-05
ORD004385,SX00004385,10348,TX01,Delivered,2026-10-03 15:08:09.288928,2026-10-05
ORD004386,SX00004386,15374,IL01,Delivered,2026-10-03 15:09:01.134113,2026-10-06
ORD004387,SX00004387,17869,NJ01,In Transit,2026-10-03 15:09:52.979297,2026-10-06
ORD004388,SX00004388,10307,IL01,Delivered,2026-10-03 15:10:44.824482,2026-10-05
ORD004389,SX00004389,13416,TX01,Delivered,2026-10-03 15:11:36.669666,2026-10-06
ORD004390,SX00004390,14820,NJ01,Exception,2026-10-03 15:12:28.514851,2026-10-04
ORD004391,SX00004391,13558,NJ01,Delivered,2026-10-03 15:13:20.360036,2026-10-04
ORD004392,SX00004392,14478,IL01,Delivered,2026-10-03 15:14:12.205220,2026-10-05
ORD004393,SX00004393,16531,CA01,In Transit,2026-10-03 15:15:04.050405,2026-10-05
ORD004394,SX00004394,14620,IL01,Exception,2026-10-03 15:15:55.895589,2026-10-06
ORD004395,SX00004395,12985,NJ01,In Transit,2026-10-03 15:16:47.740774,2026-10-04
ORD004396,SX00004396,18112,NJ01,Delivered,2026-10-03 15:17:39.585958,2026-10-05
ORD004397,SX00004397,18467,TX01,Delivered,2026-10-03 15:18:31.431143,2026-10-04
ORD004398,SX00004398,12547,IL01,Delivered,2026-10-03 15:19:23.276327,2026-10-06
ORD004399,SX00004399,10336,TX01,Delivered,2026-10-03 15:20:15.121512,2026-10-05
ORD004400,SX00004400,12979,IL01,Out for Delivery,2026-10-03 15:21:06.966696,2026-10-05
ORD004401,SX00004401,13968,NJ01,In Transit,2026-10-03 15:21:58.811881,2026-10-05
ORD004402,SX00004402,10910,TX01,Delivered,2026-10-03 15:22:50.657065,2026-10-04
ORD004403,SX00004403,11996,TX01,Delivered,2026-10-03 15:23:42.502250,2026-10-06
ORD004404,SX00004404,13129,TX01,Out for Delivery,2026-10-03 15:24:34.347434,2026-10-04
ORD004405,SX00004405,15447,CA01,In Transit,2026-10-03 15:25:26.192619,2026-10-04
ORD004406,SX00004406,16129,IL01,Delivered,2026-10-03 15:26:18.037803,2026-10-05
ORD004407,SX00004407,15850,CA01,Delivered,2026-10-03 15:27:09.882988,2026-10-06
ORD004408,SX00004408,14204,IL01,Delivered,2026-10-03 15:28:01.728172,2026-10-06
ORD004409,SX00004409,17446,TX01,In Transit,2026-10-03 15:28:53.573357,2026-10-05
ORD004410,SX00004410,18519,NJ01,Delivered,2026-10-03 15:29:45.418541,2026-10-06
ORD004411,SX00004411,19991,NJ01,Delivered,2026-10-03 15:30:37.263726,2026-10-05
ORD004412,SX00004412,10314,IL01,Delivered,2026-10-03 15:31:29.108910,2026-10-05
ORD004413,SX00004413,11134,NJ01,Delivered,2026-10-03 15:32:20.954095,2026-10-06
ORD004414,SX00004414,14876,IL01,Delivered,2026-10-03 15:33:12.799279,2026-10-06
ORD004415,SX00004415,18102,IL01,Out for Delivery,2026-10-03 15:34:04.644464,2026-10-06
ORD004416,SX00004416,19712,IL01,Out for Delivery,2026-10-03 15:34:56.489648,2026-10-06
ORD004417,SX00004417,18347,NJ01,In Transit,2026-10-03 15:35:48.334833,2026-10-04
ORD004418,SX00004418,15592,IL01,Out for Delivery,2026-10-03 15:36:40.180018,2026-10-05
ORD004419,SX00004419,11724,IL01,Delivered,2026-10-03 15:37:32.025202,2026-10-05
ORD004420,SX00004420,13343,IL01,Delivered,2026-10-03 15:38:23.870387,2026-10-05
ORD004421,SX00004421,10886,IL01,In Transit,2026-10-03 15:39:15.715571,2026-10-05
ORD004422,SX00004422,10721,TX01,Delivered,2026-10-03 15:40:07.560756,2026-10-04
ORD004423,SX00004423,17678,CA01,Delivered,2026-10-03 15:40:59.405940,2026-10-06
ORD004424,SX00004424,19104,IL01,Delivered,2026-10-03 15:41:51.251125,2026-10-06
ORD004425,SX00004425,13357,NJ01,Delivered,2026-10-03 15:42:43.096309,2026-10-06
ORD004426,SX00004426,10870,TX01,Delivered,2026-10-03 15:43:34.941494,2026-10-05
ORD004427,SX00004427,16751,NJ01,Delivered,2026-10-03 15:44:26.786678,2026-10-04
ORD004428,SX00004428,10497,TX01,Delivered,2026-10-03 15:45:18.631863,2026-10-04
ORD004429,SX00004429,11756,IL01,Delivered,2026-10-03 15:46:10.477047,2026-10-06
ORD004430,SX00004430,11117,NJ01,In Transit,2026-10-03 15:47:02.322232,2026-10-05
ORD004431,SX00004431,12828,IL01,Delivered,2026-10-03 15:47:54.167416,2026-10-06
ORD004432,SX00004432,11647,IL01,Delivered,2026-10-03 15:48:46.012601,2026-10-05
ORD004433,SX00004433,16992,NJ01,Delivered,2026-10-03 15:49:37.857785,2026-10-06
ORD004434,SX00004434,16771,NJ01,In Transit,2026-10-03 15:50:29.702970,2026-10-06
ORD004435,SX00004435,10142,IL01,Delivered,2026-10-03 15:51:21.548154,2026-10-04
ORD004436,SX00004436,12761,NJ01,Delivered,2026-10-03 15:52:13.393339,2026-10-05
ORD004437,SX00004437,13435,TX01,Exception,2026-10-03 15:53:05.238523,2026-10-04
ORD004438,SX00004438,16622,TX01,Delivered,2026-10-03 15:53:57.083708,2026-10-04
ORD004439,SX00004439,17069,NJ01,Delivered,2026-10-03 15:54:48.928892,2026-10-06
ORD004440,SX00004440,14512,NJ01,Delivered,2026-10-03 15:55:40.774077,2026-10-05
ORD004441,SX00004441,11848,NJ01,Delivered,2026-10-03 15:56:32.619261,2026-10-05
ORD004442,SX00004442,12696,IL01,Exception,2026-10-03 15:57:24.464446,2026-10-06
ORD004443,SX00004443,11717,IL01,Delivered,2026-10-03 15:58:16.309630,2026-10-06
ORD004444,SX00004444,13072,IL01,Delivered,2026-10-03 15:59:08.154815,2026-10-06
ORD004445,SX00004445,19259,NJ01,Delivered,2026-10-03 16:00:00.000000,2026-10-05
ORD004446,SX00004446,12786,NJ01,Delivered,2026-10-03 16:00:51.845184,2026-10-06
ORD004447,SX00004447,13791,CA01,Delivered,2026-10-03 16:01:43.690369,2026-10-06
ORD004448,SX00004448,19480,TX01,Delivered,2026-10-03 16:02:35.535553,2026-10-04
ORD004449,SX00004449,13871,IL01,Delivered,2026-10-03 16:03:27.380738,2026-10-06
ORD004450,SX00004450,11806,IL01,Delivered,2026-10-03 16:04:19.225922,2026-10-06
ORD004451,SX00004451,11504,IL01,In Transit,2026-10-03 16:05:11.071107,2026-10-05
ORD004452,SX00004452,13308,TX01,Delivered,2026-10-03 16:06:02.916291,2026-10-06
ORD004453,SX00004453,17117,TX01,Delivered,2026-10-03 16:06:54.761476,2026-10-05
ORD004454,SX00004454,15048,CA01,Delivered,2026-10-03 16:07:46.606660,2026-10-04
ORD004455,SX00004455,18263,NJ01,In Transit,2026-10-03 16:08:38.451845,2026-10-04
ORD004456,SX00004456,11690,TX01,Delivered,2026-10-03 16:09:30.297029,2026-10-05
ORD004457,SX00004457,19536,NJ01,Delivered,2026-10-03 16:10:22.142214,2026-10-06
ORD004458,SX00004458,13303,CA01,Delivered,2026-10-03 16:11:13.987398,2026-10-05
ORD004459,SX00004459,13113,TX01,Delivered,2026-10-03 16:12:05.832583,2026-10-06
ORD004460,SX00004460,19074,NJ01,Delivered,2026-10-03 16:12:57.677767,2026-10-06
ORD004461,SX00004461,17850,NJ01,Delivered,2026-10-03 16:13:49.522952,2026-10-06
ORD004462,SX00004462,16416,TX01,Delivered,2026-10-03 16:14:41.368136,2026-10-05
ORD004463,SX00004463,11504,NJ01,In Transit,2026-10-03 16:15:33.213321,2026-10-04
ORD004464,SX00004464,18924,IL01,Delivered,2026-10-03 16:16:25.058505,2026-10-05
ORD004465,SX00004465,19940,IL01,Delivered,2026-10-03 16:17:16.903690,2026-10-06
ORD004466,SX00004466,13924,NJ01,Delivered,2026-10-03 16:18:08.748874,2026-10-05
ORD004467,SX00004467,18615,NJ01,Delivered,2026-10-03 16:19:00.594059,2026-10-04
ORD004468,SX00004468,19783,IL01,Delivered,2026-10-03 16:19:52.439243,2026-10-05
ORD004469,SX00004469,14485,IL01,Delivered,2026-10-03 16:20:44.284428,2026-10-04
ORD004470,SX00004470,18100,IL01,Delivered,2026-10-03 16:21:36.129612,2026-10-04
ORD004471,SX00004471,18684,NJ01,Delivered,2026-10-03 16:22:27.974797,2026-10-06
ORD004472,SX00004472,10191,IL01,Delivered,2026-10-03 16:23:19.819981,2026-10-04
ORD004473,SX00004473,18690,IL01,In Transit,2026-10-03 16:24:11.665166,2026-10-05
ORD004474,SX00004474,14917,IL01,Delivered,2026-10-03 16:25:03.510351,2026-10-05
ORD004475,SX00004475,15831,IL01,Out for Delivery,2026-10-03 16:25:55.355535,2026-10-06
ORD004476,SX00004476,19448,TX01,Exception,2026-10-03 16:26:47.200720,2026-10-05
ORD004477,SX00004477,14322,IL01,Delivered,2026-10-03 16:27:39.045904,2026-10-06
ORD004478,SX00004478,16999,TX01,Exception,2026-10-03 16:28:30.891089,2026-10-05
ORD004479,SX00004479,19008,NJ01,Delivered,2026-10-03 16:29:22.736273,2026-10-05
ORD004480,SX00004480,17282,CA01,Delivered,2026-10-03 16:30:14.581458,2026-10-04
ORD004481,SX00004481,19665,IL01,Delivered,2026-10-03 16:31:06.426642,2026-10-04
ORD004482,SX00004482,19278,IL01,Delivered,2026-10-03 16:31:58.271827,2026-10-04
ORD004483,SX00004483,11874,IL01,Delivered,2026-10-03 16:32:50.117011,2026-10-05
ORD004484,SX00004484,19062,IL01,Delivered,2026-10-03 16:33:41.962196,2026-10-06
ORD004485,SX00004485,14763,TX01,In Transit,2026-10-03 16:34:33.807380,2026-10-06
ORD004486,SX00004486,18464,IL01,Delivered,2026-10-03 16:35:25.652565,2026-10-06
ORD004487,SX00004487,19221,IL01,Delivered,2026-10-03 16:36:17.497749,2026-10-04
ORD004488,SX00004488,11051,CA01,Exception,2026-10-03 16:37:09.342934,2026-10-05
ORD004489,SX00004489,19765,NJ01,Out for Delivery,2026-10-03 16:38:01.188118,2026-10-04
ORD004490,SX00004490,17538,IL01,Out for Delivery,2026-10-03 16:38:53.033303,2026-10-05
ORD004491,SX00004491,17411,IL01,Out for Delivery,2026-10-03 16:39:44.878487,2026-10-05
ORD004492,SX00004492,16320,IL01,Delivered,2026-10-03 16:40:36.723672,2026-10-05
ORD004493,SX00004493,12105,CA01,Delivered,2026-10-03 16:41:28.568856,2026-10-04
ORD004494,SX00004494,10307,TX01,Delivered,2026-10-03 16:42:20.414041,2026-10-05
ORD004495,SX00004495,17737,TX01,Exception,2026-10-03 16:43:12.259225,2026-10-04
ORD004496,SX00004496,13359,CA01,Delivered,2026-10-03 16:44:04.104410,2026-10-04
ORD004497,SX00004497,13176,NJ01,Delivered,2026-10-03 16:44:55.949594,2026-10-05
ORD004498,SX00004498,11251,IL01,Delivered,2026-10-03 16:45:47.794779,2026-10-05
ORD004499,SX00004499,15366,NJ01,Delivered,2026-10-03 16:46:39.639963,2026-10-05
ORD004500,SX00004500,11517,TX01,Delivered,2026-10-03 16:47:31.485148,2026-10-04
ORD004501,SX00004501,16226,CA01,Delivered,2026-10-03 16:48:23.330333,2026-10-05
ORD004502,SX00004502,15305,NJ01,Delivered,2026-10-03 16:49:15.175517,2026-10-05
ORD004503,SX00004503,19570,NJ01,Delivered,2026-10-03 16:50:07.020702,2026-10-06
ORD004504,SX00004504,15869,CA01,In Transit,2026-10-03 16:50:58.865886,2026-10-06
ORD004505,SX00004505,18039,IL01,In Transit,2026-10-03 16:51:50.711071,2026-10-06
ORD004506,SX00004506,14891,CA01,Delivered,2026-10-03 16:52:42.556255,2026-10-05
ORD004507,SX00004507,14992,IL01,Out for Delivery,2026-10-03 16:53:34.401440,2026-10-04
ORD004508,SX00004508,11961,NJ01,In Transit,2026-10-03 16:54:26.246624,2026-10-06
ORD004509,SX00004509,12863,IL01,Delivered,2026-10-03 16:55:18.091809,2026-10-04
ORD004510,SX00004510,16603,NJ01,In Transit,2026-10-03 16:56:09.936993,2026-10-06
ORD004511,SX00004511,14567,NJ01,In Transit,2026-10-03 16:57:01.782178,2026-10-06
ORD004512,SX00004512,16513,IL01,Delivered,2026-10-03 16:57:53.627362,2026-10-04
ORD004513,SX00004513,14005,CA01,Delivered,2026-10-03 16:58:45.472547,2026-10-06
ORD004514,SX00004514,19114,TX01,Delivered,2026-10-03 16:59:37.317731,2026-10-04
ORD004515,SX00004515,10183,TX01,In Transit,2026-10-03 17:00:29.162916,2026-10-05
ORD004516,SX00004516,17755,IL01,Delivered,2026-10-03 17:01:21.008100,2026-10-05
ORD004517,SX00004517,13358,CA01,Delivered,2026-10-03 17:02:12.853285,2026-10-04
ORD004518,SX00004518,16615,IL01,Delivered,2026-10-03 17:03:04.698469,2026-10-04
ORD004519,SX00004519,19590,IL01,Delivered,2026-10-03 17:03:56.543654,2026-10-05
ORD004520,SX00004520,16797,IL01,Delivered,2026-10-03 17:04:48.388838,2026-10-04
ORD004521,SX00004521,18728,NJ01,Delivered,2026-10-03 17:05:40.234023,2026-10-05
ORD004522,SX00004522,17678,CA01,In Transit,2026-10-03 17:06:32.079207,2026-10-05
ORD004523,SX00004523,15698,IL01,In Transit,2026-10-03 17:07:23.924392,2026-10-04
ORD004524,SX00004524,11273,IL01,Delivered,2026-10-03 17:08:15.769576,2026-10-06
ORD004525,SX00004525,16653,TX01,Delivered,2026-10-03 17:09:07.614761,2026-10-04
ORD004526,SX00004526,11096,NJ01,Delivered,2026-10-03 17:09:59.459945,2026-10-05
ORD004527,SX00004527,19497,TX01,In Transit,2026-10-03 17:10:51.305130,2026-10-06
ORD004528,SX00004528,19107,IL01,Delivered,2026-10-03 17:11:43.150315,2026-10-06
ORD004529,SX00004529,18002,TX01,Delivered,2026-10-03 17:12:34.995499,2026-10-05
ORD004530,SX00004530,14247,IL01,Out for Delivery,2026-10-03 17:13:26.840684,2026-10-06
ORD004531,SX00004531,19220,CA01,In Transit,2026-10-03 17:14:18.685868,2026-10-06
ORD004532,SX00004532,15314,NJ01,Delivered,2026-10-03 17:15:10.531053,2026-10-04
ORD004533,SX00004533,13354,TX01,Delivered,2026-10-03 17:16:02.376237,2026-10-05
ORD004534,SX00004534,10270,IL01,Delivered,2026-10-03 17:16:54.221422,2026-10-06
ORD004535,SX00004535,11186,IL01,In Transit,2026-10-03 17:17:46.066606,2026-10-05
ORD004536,SX00004536,16305,IL01,Delivered,2026-10-03 17:18:37.911791,2026-10-04
ORD004537,SX00004537,12398,IL01,Delivered,2026-10-03 17:19:29.756975,2026-10-04
ORD004538,SX00004538,16995,IL01,Delivered,2026-10-03 17:20:21.602160,2026-10-04
ORD004539,SX00004539,17299,TX01,Delivered,2026-10-03 17:21:13.447344,2026-10-06
ORD004540,SX00004540,14182,IL01,Delivered,2026-10-03 17:22:05.292529,2026-10-04
ORD004541,SX00004541,19903,TX01,Delivered,2026-10-03 17:22:57.137713,2026-10-05
ORD004542,SX00004542,12230,IL01,Delivered,2026-10-03 17:23:48.982898,2026-10-04
ORD004543,SX00004543,16511,IL01,Delivered,2026-10-03 17:24:40.828082,2026-10-06
ORD004544,SX00004544,10128,TX01,Delivered,2026-10-03 17:25:32.673267,2026-10-04
ORD004545,SX00004545,19461,TX01,Delivered,2026-10-03 17:26:24.518451,2026-10-06
ORD004546,SX00004546,13672,NJ01,Delivered,2026-10-03 17:27:16.363636,2026-10-05
ORD004547,SX00004547,19793,IL01,Delivered,2026-10-03 17:28:08.208820,2026-10-04
ORD004548,SX00004548,14765,NJ01,Delivered,2026-10-03 17:29:00.054005,2026-10-04
ORD004549,SX00004549,13970,NJ01,In Transit,2026-10-03 17:29:51.899189,2026-10-05
ORD004550,SX00004550,17545,IL01,Delivered,2026-10-03 17:30:43.744374,2026-10-05
ORD004551,SX00004551,15552,NJ01,In Transit,2026-10-03 17:31:35.589558,2026-10-06
ORD004552,SX00004552,10627,NJ01,Delivered,2026-10-03 17:32:27.434743,2026-10-04
ORD004553,SX00004553,16589,IL01,Delivered,2026-10-03 17:33:19.279927,2026-10-04
ORD004554,SX00004554,12044,CA01,In Transit,2026-10-03 17:34:11.125112,2026-10-04
ORD004555,SX00004555,12341,TX01,Delivered,2026-10-03 17:35:02.970297,2026-10-04
ORD004556,SX00004556,15884,IL01,Out for Delivery,2026-10-03 17:35:54.815481,2026-10-05
ORD004557,SX00004557,18185,NJ01,Delivered,2026-10-03 17:36:46.660666,2026-10-04
ORD004558,SX00004558,10249,IL01,Delivered,2026-10-03 17:37:38.505850,2026-10-04
ORD004559,SX00004559,12925,TX01,Delivered,2026-10-03 17:38:30.351035,2026-10-04
ORD004560,SX00004560,15043,NJ01,Out for Delivery,2026-10-03 17:39:22.196219,2026-10-06
ORD004561,SX00004561,10974,IL01,Exception,2026-10-03 17:40:14.041404,2026-10-06
ORD004562,SX00004562,19517,IL01,Delivered,2026-10-03 17:41:05.886588,2026-10-06
ORD004563,SX00004563,17192,IL01,Delivered,2026-10-03 17:41:57.731773,2026-10-05
ORD004564,SX00004564,19175,NJ01,Delivered,2026-10-03 17:42:49.576957,2026-10-05
ORD004565,SX00004565,19080,TX01,In Transit,2026-10-03 17:43:41.422142,2026-10-05
ORD004566,SX00004566,12672,IL01,Delivered,2026-10-03 17:44:33.267326,2026-10-04
ORD004567,SX00004567,17279,IL01,Delivered,2026-10-03 17:45:25.112511,2026-10-04
ORD004568,SX00004568,17531,IL01,Delivered,2026-10-03 17:46:16.957695,2026-10-05
ORD004569,SX00004569,19518,IL01,In Transit,2026-10-03 17:47:08.802880,2026-10-06
ORD004570,SX00004570,18662,IL01,Delivered,2026-10-03 17:48:00.648064,2026-10-04
ORD004571,SX00004571,11987,NJ01,In Transit,2026-10-03 17:48:52.493249,2026-10-06
ORD004572,SX00004572,10090,TX01,In Transit,2026-10-03 17:49:44.338433,2026-10-04
ORD004573,SX00004573,18721,CA01,Delivered,2026-10-03 17:50:36.183618,2026-10-04
ORD004574,SX00004574,14059,CA01,Delivered,2026-10-03 17:51:28.028802,2026-10-06
ORD004575,SX00004575,12773,NJ01,Delivered,2026-10-03 17:52:19.873987,2026-10-05
ORD004576,SX00004576,19878,TX01,Delivered,2026-10-03 17:53:11.719171,2026-10-06
ORD004577,SX00004577,18383,CA01,Delivered,2026-10-03 17:54:03.564356,2026-10-05
ORD004578,SX00004578,17409,IL01,In Transit,2026-10-03 17:54:55.409540,2026-10-05
ORD004579,SX00004579,14440,IL01,Exception,2026-10-03 17:55:47.254725,2026-10-04
ORD004580,SX00004580,17347,IL01,Exception,2026-10-03 17:56:39.099909,2026-10-04
ORD004581,SX00004581,11008,NJ01,In Transit,2026-10-03 17:57:30.945094,2026-10-04
ORD004582,SX00004582,13783,TX01,Delivered,2026-10-03 17:58:22.790279,2026-10-05
ORD004583,SX00004583,16646,IL01,Delivered,2026-10-03 17:59:14.635463,2026-10-05
ORD004584,SX00004584,14298,NJ01,Delivered,2026-10-03 18:00:06.480648,2026-10-06
ORD004585,SX00004585,14668,NJ01,Delivered,2026-10-03 18:00:58.325832,2026-10-04
ORD004586,SX00004586,14287,IL01,Delivered,2026-10-03 18:01:50.171017,2026-10-04
ORD004587,SX00004587,12052,IL01,Delivered,2026-10-03 18:02:42.016201,2026-10-05
ORD004588,SX00004588,16009,IL01,Out for Delivery,2026-10-03 18:03:33.861386,2026-10-04
ORD004589,SX00004589,11716,IL01,Exception,2026-10-03 18:04:25.706570,2026-10-05
ORD004590,SX00004590,10310,TX01,Out for Delivery,2026-10-03 18:05:17.551755,2026-10-06
ORD004591,SX00004591,14538,TX01,Delivered,2026-10-03 18:06:09.396939,2026-10-06
ORD004592,SX00004592,11260,TX01,Out for Delivery,2026-10-03 18:07:01.242124,2026-10-04
ORD004593,SX00004593,13932,TX01,Delivered,2026-10-03 18:07:53.087308,2026-10-06
ORD004594,SX00004594,10584,TX01,Delivered,2026-10-03 18:08:44.932493,2026-10-04
ORD004595,SX00004595,17616,TX01,Delivered,2026-10-03 18:09:36.777677,2026-10-04
ORD004596,SX00004596,18551,TX01,Delivered,2026-10-03 18:10:28.622862,2026-10-05
ORD004597,SX00004597,12866,TX01,Out for Delivery,2026-10-03 18:11:20.468046,2026-10-05
ORD004598,SX00004598,15898,NJ01,Delivered,2026-10-03 18:12:12.313231,2026-10-04
ORD004599,SX00004599,12011,IL01,Delivered,2026-10-03 18:13:04.158415,2026-10-06
ORD004600,SX00004600,16251,TX01,Delivered,2026-10-03 18:13:56.003600,2026-10-06
ORD004601,SX00004601,14939,IL01,In Transit,2026-10-03 18:14:47.848784,2026-10-04
ORD004602,SX00004602,14006,NJ01,Delivered,2026-10-03 18:15:39.693969,2026-10-04
ORD004603,SX00004603,11625,NJ01,In Transit,2026-10-03 18:16:31.539153,2026-10-06
ORD004604,SX00004604,10890,IL01,Delivered,2026-10-03 18:17:23.384338,2026-10-06
ORD004605,SX00004605,16078,CA01,Delivered,2026-10-03 18:18:15.229522,2026-10-05
ORD004606,SX00004606,17036,IL01,Delivered,2026-10-03 18:19:07.074707,2026-10-05
ORD004607,SX00004607,18923,IL01,Delivered,2026-10-03 18:19:58.919891,2026-10-06
ORD004608,SX00004608,13961,IL01,Delivered,2026-10-03 18:20:50.765076,2026-10-05
ORD004609,SX00004609,12504,TX01,Exception,2026-10-03 18:21:42.610261,2026-10-05
ORD004610,SX00004610,18806,NJ01,In Transit,2026-10-03 18:22:34.455445,2026-10-04
ORD004611,SX00004611,13806,NJ01,Delivered,2026-10-03 18:23:26.300630,2026-10-05
ORD004612,SX00004612,16100,TX01,Delivered,2026-10-03 18:24:18.145814,2026-10-05
ORD004613,SX00004613,11719,IL01,Delivered,2026-10-03 18:25:09.990999,2026-10-04
ORD004614,SX00004614,16686,IL01,In Transit,2026-10-03 18:26:01.836183,2026-10-06
ORD004615,SX00004615,11587,IL01,Delivered,2026-10-03 18:26:53.681368,2026-10-05
ORD004616,SX00004616,17000,TX01,In Transit,2026-10-03 18:27:45.526552,2026-10-05
ORD004617,SX00004617,19803,NJ01,Out for Delivery,2026-10-03 18:28:37.371737,2026-10-06
ORD004618,SX00004618,10896,IL01,Delivered,2026-10-03 18:29:29.216921,2026-10-05
ORD004619,SX00004619,15558,IL01,Delivered,2026-10-03 18:30:21.062106,2026-10-06
ORD004620,SX00004620,18469,IL01,Out for Delivery,2026-10-03 18:31:12.907290,2026-10-04
ORD004621,SX00004621,14647,NJ01,Delivered,2026-10-03 18:32:04.752475,2026-10-06
ORD004622,SX00004622,19828,IL01,Delivered,2026-10-03 18:32:56.597659,2026-10-06
ORD004623,SX00004623,12432,IL01,Delivered,2026-10-03 18:33:48.442844,2026-10-06
ORD004624,SX00004624,13904,IL01,Delivered,2026-10-03 18:34:40.288028,2026-10-04
ORD004625,SX00004625,16837,TX01,Delivered,2026-10-03 18:35:32.133213,2026-10-06
ORD004626,SX00004626,11449,TX01,Delivered,2026-10-03 18:36:23.978397,2026-10-06
ORD004627,SX00004627,14500,NJ01,Delivered,2026-10-03 18:37:15.823582,2026-10-04
ORD004628,SX00004628,15454,TX01,In Transit,2026-10-03 18:38:07.668766,2026-10-05
ORD004629,SX00004629,19424,NJ01,Delivered,2026-10-03 18:38:59.513951,2026-10-05
ORD004630,SX00004630,14117,CA01,Delivered,2026-10-03 18:39:51.359135,2026-10-06
ORD004631,SX00004631,18869,IL01,Delivered,2026-10-03 18:40:43.204320,2026-10-04
ORD004632,SX00004632,12028,NJ01,In Transit,2026-10-03 18:41:35.049504,2026-10-04
ORD004633,SX00004633,16845,NJ01,Delivered,2026-10-03 18:42:26.894689,2026-10-06
ORD004634,SX00004634,13758,IL01,Delivered,2026-10-03 18:43:18.739873,2026-10-06
ORD004635,SX00004635,15904,TX01,Delivered,2026-10-03 18:44:10.585058,2026-10-05
ORD004636,SX00004636,14624,IL01,Delivered,2026-10-03 18:45:02.430243,2026-10-05
ORD004637,SX00004637,18848,IL01,Delivered,2026-10-03 18:45:54.275427,2026-10-06
ORD004638,SX00004638,10165,IL01,Delivered,2026-10-03 18:46:46.120612,2026-10-04
ORD004639,SX00004639,14591,IL01,Delivered,2026-10-03 18:47:37.965796,2026-10-06
ORD004640,SX00004640,10589,NJ01,In Transit,2026-10-03 18:48:29.810981,2026-10-04
ORD004641,SX00004641,14524,NJ01,Delivered,2026-10-03 18:49:21.656165,2026-10-05
ORD004642,SX00004642,12821,TX01,In Transit,2026-10-03 18:50:13.501350,2026-10-06
ORD004643,SX00004643,16509,TX01,Delivered,2026-10-03 18:51:05.346534,2026-10-04
ORD004644,SX00004644,17693,IL01,Delivered,2026-10-03 18:51:57.191719,2026-10-05
ORD004645,SX00004645,19454,NJ01,Out for Delivery,2026-10-03 18:52:49.036903,2026-10-06
ORD004646,SX00004646,10071,CA01,Delivered,2026-10-03 18:53:40.882088,2026-10-06
ORD004647,SX00004647,13580,IL01,Delivered,2026-10-03 18:54:32.727272,2026-10-05
ORD004648,SX00004648,17962,NJ01,Delivered,2026-10-03 18:55:24.572457,2026-10-06
ORD004649,SX00004649,10268,TX01,Delivered,2026-10-03 18:56:16.417641,2026-10-05
ORD004650,SX00004650,19968,NJ01,Delivered,2026-10-03 18:57:08.262826,2026-10-04
ORD004651,SX00004651,12462,IL01,Delivered,2026-10-03 18:58:00.108010,2026-10-06
ORD004652,SX00004652,19460,IL01,Out for Delivery,2026-10-03 18:58:51.953195,2026-10-05
ORD004653,SX00004653,11015,NJ01,Delivered,2026-10-03 18:59:43.798379,2026-10-05
ORD004654,SX00004654,19275,CA01,Out for Delivery,2026-10-03 19:00:35.643564,2026-10-04
ORD004655,SX00004655,17984,IL01,Delivered,2026-10-03 19:01:27.488748,2026-10-06
ORD004656,SX00004656,10406,CA01,Delivered,2026-10-03 19:02:19.333933,2026-10-05
ORD004657,SX00004657,17384,IL01,Delivered,2026-10-03 19:03:11.179117,2026-10-05
ORD004658,SX00004658,16049,IL01,Delivered,2026-10-03 19:04:03.024302,2026-10-05
ORD004659,SX00004659,16169,NJ01,Delivered,2026-10-03 19:04:54.869486,2026-10-06
ORD004660,SX00004660,17982,NJ01,Delivered,2026-10-03 19:05:46.714671,2026-10-06
ORD004661,SX00004661,10985,IL01,In Transit,2026-10-03 19:06:38.559855,2026-10-04
ORD004662,SX00004662,14485,IL01,Delivered,2026-10-03 19:07:30.405040,2026-10-04
ORD004663,SX00004663,18901,CA01,Delivered,2026-10-03 19:08:22.250225,2026-10-04
ORD004664,SX00004664,12618,CA01,Delivered,2026-10-03 19:09:14.095409,2026-10-06
ORD004665,SX00004665,16289,IL01,Exception,2026-10-03 19:10:05.940594,2026-10-05
ORD004666,SX00004666,19603,IL01,Delivered,2026-10-03 19:10:57.785778,2026-10-06
ORD004667,SX00004667,16928,TX01,Delivered,2026-10-03 19:11:49.630963,2026-10-06
ORD004668,SX00004668,15368,NJ01,Delivered,2026-10-03 19:12:41.476147,2026-10-06
ORD004669,SX00004669,14621,IL01,Delivered,2026-10-03 19:13:33.321332,2026-10-04
ORD004670,SX00004670,19677,CA01,Delivered,2026-10-03 19:14:25.166516,2026-10-05
ORD004671,SX00004671,17566,IL01,Delivered,2026-10-03 19:15:17.011701,2026-10-06
ORD004672,SX00004672,14670,NJ01,Delivered,2026-10-03 19:16:08.856885,2026-10-04
ORD004673,SX00004673,17658,NJ01,Delivered,2026-10-03 19:17:00.702070,2026-10-06
ORD004674,SX00004674,11003,NJ01,In Transit,2026-10-03 19:17:52.547254,2026-10-05
ORD004675,SX00004675,17504,IL01,Delivered,2026-10-03 19:18:44.392439,2026-10-04
ORD004676,SX00004676,12466,TX01,Delivered,2026-10-03 19:19:36.237623,2026-10-06
ORD004677,SX00004677,11939,CA01,Delivered,2026-10-03 19:20:28.082808,2026-10-04
ORD004678,SX00004678,11635,NJ01,Delivered,2026-10-03 19:21:19.927992,2026-10-05
ORD004679,SX00004679,19890,NJ01,Delivered,2026-10-03 19:22:11.773177,2026-10-05
ORD004680,SX00004680,18095,IL01,Delivered,2026-10-03 19:23:03.618361,2026-10-04
ORD004681,SX00004681,16265,CA01,Delivered,2026-10-03 19:23:55.463546,2026-10-06
ORD004682,SX00004682,11895,CA01,Delivered,2026-10-03 19:24:47.308730,2026-10-05
ORD004683,SX00004683,16524,TX01,In Transit,2026-10-03 19:25:39.153915,2026-10-05
ORD004684,SX00004684,11073,NJ01,Delivered,2026-10-03 19:26:30.999099,2026-10-06
ORD004685,SX00004685,15184,CA01,Delivered,2026-10-03 19:27:22.844284,2026-10-04
ORD004686,SX00004686,12402,IL01,Delivered,2026-10-03 19:28:14.689468,2026-10-04
ORD004687,SX00004687,14895,NJ01,Delivered,2026-10-03 19:29:06.534653,2026-10-06
ORD004688,SX00004688,17331,NJ01,Delivered,2026-10-03 19:29:58.379837,2026-10-05
ORD004689,SX00004689,19343,NJ01,Delivered,2026-10-03 19:30:50.225022,2026-10-05
ORD004690,SX00004690,11956,TX01,Delivered,2026-10-03 19:31:42.070207,2026-10-06
ORD004691,SX00004691,17023,TX01,Delivered,2026-10-03 19:32:33.915391,2026-10-06
ORD004692,SX00004692,13907,IL01,Delivered,2026-10-03 19:33:25.760576,2026-10-04
ORD004693,SX00004693,10807,IL01,In Transit,2026-10-03 19:34:17.605760,2026-10-04
ORD004694,SX00004694,18378,IL01,Delivered,2026-10-03 19:35:09.450945,2026-10-06
ORD004695,SX00004695,14827,NJ01,Delivered,2026-10-03 19:36:01.296129,2026-10-05
ORD004696,SX00004696,14524,IL01,Delivered,2026-10-03 19:36:53.141314,2026-10-04
ORD004697,SX00004697,19499,IL01,Delivered,2026-10-03 19:37:44.986498,2026-10-06
ORD004698,SX00004698,12284,TX01,Delivered,2026-10-03 19:38:36.831683,2026-10-05
ORD004699,SX00004699,15313,CA01,Delivered,2026-10-03 19:39:28.676867,2026-10-04
ORD004700,SX00004700,10757,CA01,Delivered,2026-10-03 19:40:20.522052,2026-10-06
ORD004701,SX00004701,14887,CA01,Delivered,2026-10-03 19:41:12.367236,2026-10-06
ORD004702,SX00004702,13854,TX01,Delivered,2026-10-03 19:42:04.212421,2026-10-05
ORD004703,SX00004703,13558,IL01,Delivered,2026-10-03 19:42:56.057605,2026-10-05
ORD004704,SX00004704,19772,CA01,Delivered,2026-10-03 19:43:47.902790,2026-10-06
ORD004705,SX00004705,10961,IL01,Exception,2026-10-03 19:44:39.747974,2026-10-05
ORD004706,SX00004706,13847,TX01,Delivered,2026-10-03 19:45:31.593159,2026-10-06
ORD004707,SX00004707,16726,NJ01,Delivered,2026-10-03 19:46:23.438343,2026-10-05
ORD004708,SX00004708,13575,TX01,Delivered,2026-10-03 19:47:15.283528,2026-10-05
ORD004709,SX00004709,19067,NJ01,Delivered,2026-10-03 19:48:07.128712,2026-10-04
ORD004710,SX00004710,12418,IL01,In Transit,2026-10-03 19:48:58.973897,2026-10-04
ORD004711,SX00004711,14198,NJ01,Delivered,2026-10-03 19:49:50.819081,2026-10-05
ORD004712,SX00004712,11001,IL01,Delivered,2026-10-03 19:50:42.664266,2026-10-06
ORD004713,SX00004713,15244,CA01,Delivered,2026-10-03 19:51:34.509450,2026-10-05
ORD004714,SX00004714,17119,NJ01,Delivered,2026-10-03 19:52:26.354635,2026-10-04
ORD004715,SX00004715,14066,NJ01,Delivered,2026-10-03 19:53:18.199819,2026-10-06
ORD004716,SX00004716,12845,CA01,Delivered,2026-10-03 19:54:10.045004,2026-10-05
ORD004717,SX00004717,19673,NJ01,Delivered,2026-10-03 19:55:01.890189,2026-10-05
ORD004718,SX00004718,18849,IL01,Delivered,2026-10-03 19:55:53.735373,2026-10-05
ORD004719,SX00004719,15316,IL01,Delivered,2026-10-03 19:56:45.580558,2026-10-05
ORD004720,SX00004720,10422,NJ01,Out for Delivery,2026-10-03 19:57:37.425742,2026-10-04
ORD004721,SX00004721,16715,CA01,Delivered,2026-10-03 19:58:29.270927,2026-10-04
ORD004722,SX00004722,14266,TX01,Delivered,2026-10-03 19:59:21.116111,2026-10-04
ORD004723,SX00004723,17549,CA01,In Transit,2026-10-03 20:00:12.961296,2026-10-04
ORD004724,SX00004724,16316,IL01,Out for Delivery,2026-10-03 20:01:04.806480,2026-10-06
ORD004725,SX00004725,12710,IL01,Delivered,2026-10-03 20:01:56.651665,2026-10-06
ORD004726,SX00004726,18644,IL01,Delivered,2026-10-03 20:02:48.496849,2026-10-06
ORD004727,SX00004727,18069,TX01,Delivered,2026-10-03 20:03:40.342034,2026-10-05
ORD004728,SX00004728,11657,IL01,Delivered,2026-10-03 20:04:32.187218,2026-10-06
ORD004729,SX00004729,12541,IL01,Out for Delivery,2026-10-03 20:05:24.032403,2026-10-04
ORD004730,SX00004730,16763,NJ01,In Transit,2026-10-03 20:06:15.877587,2026-10-04
ORD004731,SX00004731,13075,NJ01,Delivered,2026-10-03 20:07:07.722772,2026-10-05
ORD004732,SX00004732,13164,TX01,Out for Delivery,2026-10-03 20:07:59.567956,2026-10-06
ORD004733,SX00004733,12053,NJ01,Delivered,2026-10-03 20:08:51.413141,2026-10-05
ORD004734,SX00004734,18479,NJ01,Out for Delivery,2026-10-03 20:09:43.258325,2026-10-05
ORD004735,SX00004735,15737,NJ01,Exception,2026-10-03 20:10:35.103510,2026-10-06
ORD004736,SX00004736,13217,CA01,Delivered,2026-10-03 20:11:26.948694,2026-10-05
ORD004737,SX00004737,11447,IL01,Delivered,2026-10-03 20:12:18.793879,2026-10-06
ORD004738,SX00004738,16009,IL01,Delivered,2026-10-03 20:13:10.639063,2026-10-06
ORD004739,SX00004739,10607,IL01,Out for Delivery,2026-10-03 20:14:02.484248,2026-10-05
ORD004740,SX00004740,14552,IL01,Exception,2026-10-03 20:14:54.329432,2026-10-04
ORD004741,SX00004741,11764,CA01,Delivered,2026-10-03 20:15:46.174617,2026-10-06
ORD004742,SX00004742,19417,IL01,Delivered,2026-10-03 20:16:38.019801,2026-10-04
ORD004743,SX00004743,19427,CA01,Delivered,2026-10-03 20:17:29.864986,2026-10-04
ORD004744,SX00004744,19221,IL01,In Transit,2026-10-03 20:18:21.710171,2026-10-06
ORD004745,SX00004745,12671,CA01,Delivered,2026-10-03 20:19:13.555355,2026-10-04
ORD004746,SX00004746,16519,TX01,Delivered,2026-10-03 20:20:05.400540,2026-10-05
ORD004747,SX00004747,13962,NJ01,Delivered,2026-10-03 20:20:57.245724,2026-10-05
ORD004748,SX00004748,13177,TX01,In Transit,2026-10-03 20:21:49.090909,2026-10-04
ORD004749,SX00004749,13722,IL01,In Transit,2026-10-03 20:22:40.936093,2026-10-05
ORD004750,SX00004750,14906,NJ01,Delivered,2026-10-03 20:23:32.781278,2026-10-06
ORD004751,SX00004751,17263,IL01,Delivered,2026-10-03 20:24:24.626462,2026-10-06
ORD004752,SX00004752,15054,NJ01,Delivered,2026-10-03 20:25:16.471647,2026-10-04
ORD004753,SX00004753,19667,TX01,Out for Delivery,2026-10-03 20:26:08.316831,2026-10-05
ORD004754,SX00004754,10808,IL01,Delivered,2026-10-03 20:27:00.162016,2026-10-04
ORD004755,SX00004755,19170,TX01,Delivered,2026-10-03 20:27:52.007200,2026-10-05
ORD004756,SX00004756,10725,IL01,Delivered,2026-10-03 20:28:43.852385,2026-10-06
ORD004757,SX00004757,17701,NJ01,Delivered,2026-10-03 20:29:35.697569,2026-10-05
ORD004758,SX00004758,11216,CA01,Delivered,2026-10-03 20:30:27.542754,2026-10-05
ORD004759,SX00004759,14051,TX01,Delivered,2026-10-03 20:31:19.387938,2026-10-04
ORD004760,SX00004760,12197,NJ01,Delivered,2026-10-03 20:32:11.233123,2026-10-06
ORD004761,SX00004761,12806,TX01,Delivered,2026-10-03 20:33:03.078307,2026-10-05
ORD004762,SX00004762,18970,CA01,Delivered,2026-10-03 20:33:54.923492,2026-10-06
ORD004763,SX00004763,10972,IL01,Delivered,2026-10-03 20:34:46.768676,2026-10-05
ORD004764,SX00004764,15634,NJ01,Delivered,2026-10-03 20:35:38.613861,2026-10-06
ORD004765,SX00004765,17483,NJ01,Delivered,2026-10-03 20:36:30.459045,2026-10-05
ORD004766,SX00004766,12123,IL01,Delivered,2026-10-03 20:37:22.304230,2026-10-06
ORD004767,SX00004767,18790,IL01,In Transit,2026-10-03 20:38:14.149414,2026-10-05
ORD004768,SX00004768,10224,IL01,Delivered,2026-10-03 20:39:05.994599,2026-10-06
ORD004769,SX00004769,19032,NJ01,Delivered,2026-10-03 20:39:57.839783,2026-10-05
ORD004770,SX00004770,11814,CA01,Delivered,2026-10-03 20:40:49.684968,2026-10-05
ORD004771,SX00004771,11106,TX01,In Transit,2026-10-03 20:41:41.530153,2026-10-06
ORD004772,SX00004772,10124,NJ01,Delivered,2026-10-03 20:42:33.375337,2026-10-04
ORD004773,SX00004773,13246,IL01,Delivered,2026-10-03 20:43:25.220522,2026-10-05
ORD004774,SX00004774,12931,IL01,Delivered,2026-10-03 20:44:17.065706,2026-10-05
ORD004775,SX00004775,12971,IL01,Delivered,2026-10-03 20:45:08.910891,2026-10-04
ORD004776,SX00004776,12017,NJ01,In Transit,2026-10-03 20:46:00.756075,2026-10-05
ORD004777,SX00004777,17415,IL01,Delivered,2026-10-03 20:46:52.601260,2026-10-06
ORD004778,SX00004778,12415,NJ01,In Transit,2026-10-03 20:47:44.446444,2026-10-04
ORD004779,SX00004779,13096,CA01,Delivered,2026-10-03 20:48:36.291629,2026-10-05
ORD004780,SX00004780,11609,TX01,Exception,2026-10-03 20:49:28.136813,2026-10-06
ORD004781,SX00004781,10717,TX01,Delivered,2026-10-03 20:50:19.981998,2026-10-06
ORD004782,SX00004782,13561,TX01,In Transit,2026-10-03 20:51:11.827182,2026-10-04
ORD004783,SX00004783,19208,IL01,Delivered,2026-10-03 20:52:03.672367,2026-10-04
ORD004784,SX00004784,16782,IL01,Delivered,2026-10-03 20:52:55.517551,2026-10-04
ORD004785,SX00004785,11048,TX01,Delivered,2026-10-03 20:53:47.362736,2026-10-06
ORD004786,SX00004786,19549,TX01,In Transit,2026-10-03 20:54:39.207920,2026-10-05
ORD004787,SX00004787,18307,NJ01,Delivered,2026-10-03 20:55:31.053105,2026-10-06
ORD004788,SX00004788,17905,IL01,Delivered,2026-10-03 20:56:22.898289,2026-10-06
ORD004789,SX00004789,19993,NJ01,Delivered,2026-10-03 20:57:14.743474,2026-10-04
ORD004790,SX00004790,15578,IL01,Exception,2026-10-03 20:58:06.588658,2026-10-05
ORD004791,SX00004791,11620,IL01,Delivered,2026-10-03 20:58:58.433843,2026-10-06
ORD004792,SX00004792,16548,IL01,Delivered,2026-10-03 20:59:50.279027,2026-10-04
ORD004793,SX00004793,17381,NJ01,Out for Delivery,2026-10-03 21:00:42.124212,2026-10-04
ORD004794,SX00004794,14780,IL01,Out for Delivery,2026-10-03 21:01:33.969396,2026-10-05
ORD004795,SX00004795,13792,IL01,Delivered,2026-10-03 21:02:25.814581,2026-10-05
ORD004796,SX00004796,12941,TX01,In Transit,2026-10-03 21:03:17.659765,2026-10-04
ORD004797,SX00004797,15695,NJ01,Delivered,2026-10-03 21:04:09.504950,2026-10-05
ORD004798,SX00004798,16401,NJ01,Delivered,2026-10-03 21:05:01.350135,2026-10-05
ORD004799,SX00004799,19169,NJ01,In Transit,2026-10-03 21:05:53.195319,2026-10-06
ORD004800,SX00004800,16197,CA01,In Transit,2026-10-03 21:06:45.040504,2026-10-05
ORD004801,SX00004801,15450,IL01,Delivered,2026-10-03 21:07:36.885688,2026-10-04
ORD004802,SX00004802,18975,IL01,Delivered,2026-10-03 21:08:28.730873,2026-10-05
ORD004803,SX00004803,18432,NJ01,Delivered,2026-10-03 21:09:20.576057,2026-10-06
ORD004804,SX00004804,15874,IL01,In Transit,2026-10-03 21:10:12.421242,2026-10-05
ORD004805,SX00004805,11553,NJ01,Exception,2026-10-03 21:11:04.266426,2026-10-06
ORD004806,SX00004806,11012,NJ01,Delivered,2026-10-03 21:11:56.111611,2026-10-05
ORD004807,SX00004807,18378,CA01,In Transit,2026-10-03 21:12:47.956795,2026-10-05
ORD004808,SX00004808,11881,CA01,Delivered,2026-10-03 21:13:39.801980,2026-10-04
ORD004809,SX00004809,16799,CA01,Delivered,2026-10-03 21:14:31.647164,2026-10-04
ORD004810,SX00004810,14586,IL01,Delivered,2026-10-03 21:15:23.492349,2026-10-05
ORD004811,SX00004811,18622,CA01,Delivered,2026-10-03 21:16:15.337533,2026-10-05
ORD004812,SX00004812,18430,IL01,Delivered,2026-10-03 21:17:07.182718,2026-10-06
ORD004813,SX00004813,16447,NJ01,Out for Delivery,2026-10-03 21:17:59.027902,2026-10-06
ORD004814,SX00004814,12345,TX01,Delivered,2026-10-03 21:18:50.873087,2026-10-04
ORD004815,SX00004815,10075,IL01,Delivered,2026-10-03 21:19:42.718271,2026-10-05
ORD004816,SX00004816,19548,NJ01,In Transit,2026-10-03 21:20:34.563456,2026-10-05
ORD004817,SX00004817,15877,IL01,Delivered,2026-10-03 21:21:26.408640,2026-10-06
ORD004818,SX00004818,16785,IL01,Delivered,2026-10-03 21:22:18.253825,2026-10-05
ORD004819,SX00004819,14922,CA01,Delivered,2026-10-03 21:23:10.099009,2026-10-05
ORD004820,SX00004820,18090,IL01,In Transit,2026-10-03 21:24:01.944194,2026-10-05
ORD004821,SX00004821,12330,IL01,Delivered,2026-10-03 21:24:53.789378,2026-10-06
ORD004822,SX00004822,14686,NJ01,Delivered,2026-10-03 21:25:45.634563,2026-10-06
ORD004823,SX00004823,11902,CA01,Delivered,2026-10-03 21:26:37.479747,2026-10-06
ORD004824,SX00004824,14670,IL01,Out for Delivery,2026-10-03 21:27:29.324932,2026-10-05
ORD004825,SX00004825,17143,IL01,Delivered,2026-10-03 21:28:21.170117,2026-10-06
ORD004826,SX00004826,12059,CA01,Delivered,2026-10-03 21:29:13.015301,2026-10-04
ORD004827,SX00004827,10140,IL01,Delivered,2026-10-03 21:30:04.860486,2026-10-04
ORD004828,SX00004828,11789,IL01,Delivered,2026-10-03 21:30:56.705670,2026-10-06
ORD004829,SX00004829,10016,TX01,Delivered,2026-10-03 21:31:48.550855,2026-10-06
ORD004830,SX00004830,10464,NJ01,Out for Delivery,2026-10-03 21:32:40.396039,2026-10-05
ORD004831,SX00004831,14471,TX01,Delivered,2026-10-03 21:33:32.241224,2026-10-06
ORD004832,SX00004832,11827,IL01,In Transit,2026-10-03 21:34:24.086408,2026-10-06
ORD004833,SX00004833,18711,CA01,In Transit,2026-10-03 21:35:15.931593,2026-10-04
ORD004834,SX00004834,15956,CA01,Delivered,2026-10-03 21:36:07.776777,2026-10-04
ORD004835,SX00004835,10089,IL01,Delivered,2026-10-03 21:36:59.621962,2026-10-04
ORD004836,SX00004836,14815,IL01,Out for Delivery,2026-10-03 21:37:51.467146,2026-10-04
ORD004837,SX00004837,12851,CA01,In Transit,2026-10-03 21:38:43.312331,2026-10-06
ORD004838,SX00004838,12843,NJ01,Delivered,2026-10-03 21:39:35.157515,2026-10-04
ORD004839,SX00004839,19117,NJ01,Delivered,2026-10-03 21:40:27.002700,2026-10-05
ORD004840,SX00004840,16543,NJ01,Delivered,2026-10-03 21:41:18.847884,2026-10-05
ORD004841,SX00004841,15901,TX01,Delivered,2026-10-03 21:42:10.693069,2026-10-06
ORD004842,SX00004842,10969,TX01,Delivered,2026-10-03 21:43:02.538253,2026-10-05
ORD004843,SX00004843,11094,IL01,Out for Delivery,2026-10-03 21:43:54.383438,2026-10-04
ORD004844,SX00004844,16124,IL01,Delivered,2026-10-03 21:44:46.228622,2026-10-04
ORD004845,SX00004845,17347,CA01,Out for Delivery,2026-10-03 21:45:38.073807,2026-10-05
ORD004846,SX00004846,13195,TX01,Delivered,2026-10-03 21:46:29.918991,2026-10-06
ORD004847,SX00004847,11404,NJ01,Delivered,2026-10-03 21:47:21.764176,2026-10-04
ORD004848,SX00004848,16940,CA01,In Transit,2026-10-03 21:48:13.609360,2026-10-04
ORD004849,SX00004849,14290,TX01,Delivered,2026-10-03 21:49:05.454545,2026-10-05
ORD004850,SX00004850,13982,IL01,Delivered,2026-10-03 21:49:57.299729,2026-10-06
ORD004851,SX00004851,15555,TX01,Delivered,2026-10-03 21:50:49.144914,2026-10-06
ORD004852,SX00004852,17954,NJ01,Delivered,2026-10-03 21:51:40.990099,2026-10-05
ORD004853,SX00004853,14713,IL01,Delivered,2026-10-03 21:52:32.835283,2026-10-04
ORD004854,SX00004854,13092,IL01,Exception,2026-10-03 21:53:24.680468,2026-10-05
ORD004855,SX00004855,14159,TX01,In Transit,2026-10-03 21:54:16.525652,2026-10-05
ORD004856,SX00004856,16308,CA01,Delivered,2026-10-03 21:55:08.370837,2026-10-05
ORD004857,SX00004857,17478,IL01,In Transit,2026-10-03 21:56:00.216021,2026-10-04
ORD004858,SX00004858,18476,IL01,Delivered,2026-10-03 21:56:52.061206,2026-10-04
ORD004859,SX00004859,14933,NJ01,Delivered,2026-10-03 21:57:43.906390,2026-10-05
ORD004860,SX00004860,14926,TX01,Delivered,2026-10-03 21:58:35.751575,2026-10-06
ORD004861,SX00004861,19379,TX01,Delivered,2026-10-03 21:59:27.596759,2026-10-05
ORD004862,SX00004862,13969,NJ01,Delivered,2026-10-03 22:00:19.441944,2026-10-04
ORD004863,SX00004863,12965,NJ01,Delivered,2026-10-03 22:01:11.287128,2026-10-06
ORD004864,SX00004864,14319,IL01,Delivered,2026-10-03 22:02:03.132313,2026-10-06
ORD004865,SX00004865,18975,NJ01,Delivered,2026-10-03 22:02:54.977497,2026-10-04
ORD004866,SX00004866,17108,IL01,Out for Delivery,2026-10-03 22:03:46.822682,2026-10-04
ORD004867,SX00004867,19141,CA01,Exception,2026-10-03 22:04:38.667866,2026-10-05
ORD004868,SX00004868,13939,IL01,Delivered,2026-10-03 22:05:30.513051,2026-10-04
ORD004869,SX00004869,10044,TX01,Delivered,2026-10-03 22:06:22.358235,2026-10-06
ORD004870,SX00004870,11810,IL01,In Transit,2026-10-03 22:07:14.203420,2026-10-05
ORD004871,SX00004871,14566,NJ01,In Transit,2026-10-03 22:08:06.048604,2026-10-05
ORD004872,SX00004872,19021,IL01,In Transit,2026-10-03 22:08:57.893789,2026-10-06
ORD004873,SX00004873,11909,IL01,Delivered,2026-10-03 22:09:49.738973,2026-10-04
ORD004874,SX00004874,16364,IL01,Delivered,2026-10-03 22:10:41.584158,2026-10-05
ORD004875,SX00004875,12581,TX01,Delivered,2026-10-03 22:11:33.429342,2026-10-06
ORD004876,SX00004876,10691,IL01,Delivered,2026-10-03 22:12:25.274527,2026-10-06
ORD004877,SX00004877,10931,TX01,Delivered,2026-10-03 22:13:17.119711,2026-10-06
ORD004878,SX00004878,17910,NJ01,In Transit,2026-10-03 22:14:08.964896,2026-10-04
ORD004879,SX00004879,16382,NJ01,In Transit,2026-10-03 22:15:00.810081,2026-10-04
ORD004880,SX00004880,13406,NJ01,Delivered,2026-10-03 22:15:52.655265,2026-10-04
ORD004881,SX00004881,18339,CA01,Delivered,2026-10-03 22:16:44.500450,2026-10-04
ORD004882,SX00004882,11032,IL01,Delivered,2026-10-03 22:17:36.345634,2026-10-06
ORD004883,SX00004883,11311,IL01,Delivered,2026-10-03 22:18:28.190819,2026-10-05
ORD004884,SX00004884,18579,CA01,Delivered,2026-10-03 22:19:20.036003,2026-10-06
ORD004885,SX00004885,13121,IL01,In Transit,2026-10-03 22:20:11.881188,2026-10-05
ORD004886,SX00004886,11873,TX01,Delivered,2026-10-03 22:21:03.726372,2026-10-05
ORD004887,SX00004887,19107,IL01,In Transit,2026-10-03 22:21:55.571557,2026-10-05
ORD004888,SX00004888,16781,TX01,In Transit,2026-10-03 22:22:47.416741,2026-10-04
ORD004889,SX00004889,13748,IL01,Out for Delivery,2026-10-03 22:23:39.261926,2026-10-06
ORD004890,SX00004890,10277,CA01,Delivered,2026-10-03 22:24:31.107110,2026-10-05
ORD004891,SX00004891,11859,NJ01,Delivered,2026-10-03 22:25:22.952295,2026-10-06
ORD004892,SX00004892,15929,IL01,Delivered,2026-10-03 22:26:14.797479,2026-10-04
ORD004893,SX00004893,16792,IL01,Delivered,2026-10-03 22:27:06.642664,2026-10-05
ORD004894,SX00004894,14713,IL01,Delivered,2026-10-03 22:27:58.487848,2026-10-04
ORD004895,SX00004895,14675,TX01,In Transit,2026-10-03 22:28:50.333033,2026-10-04
ORD004896,SX00004896,11170,IL01,Out for Delivery,2026-10-03 22:29:42.178217,2026-10-06
ORD004897,SX00004897,18681,IL01,Out for Delivery,2026-10-03 22:30:34.023402,2026-10-05
ORD004898,SX00004898,19374,NJ01,Delivered,2026-10-03 22:31:25.868586,2026-10-04
ORD004899,SX00004899,15308,NJ01,Delivered,2026-10-03 22:32:17.713771,2026-10-06
ORD004900,SX00004900,12462,IL01,Delivered,2026-10-03 22:33:09.558955,2026-10-05
ORD004901,SX00004901,19822,IL01,Delivered,2026-10-03 22:34:01.404140,2026-10-05
ORD004902,SX00004902,10287,TX01,In Transit,2026-10-03 22:34:53.249324,2026-10-04
ORD004903,SX00004903,15953,CA01,Delivered,2026-10-03 22:35:45.094509,2026-10-04
ORD004904,SX00004904,14282,IL01,Delivered,2026-10-03 22:36:36.939693,2026-10-04
ORD004905,SX00004905,11907,TX01,In Transit,2026-10-03 22:37:28.784878,2026-10-04
ORD004906,SX00004906,11161,IL01,Delivered,2026-10-03 22:38:20.630063,2026-10-05
ORD004907,SX00004907,10129,IL01,Exception,2026-10-03 22:39:12.475247,2026-10-04
ORD004908,SX00004908,16337,NJ01,Delivered,2026-10-03 22:40:04.320432,2026-10-04
ORD004909,SX00004909,12363,IL01,Out for Delivery,2026-10-03 22:40:56.165616,2026-10-04
ORD004910,SX00004910,18151,NJ01,Delivered,2026-10-03 22:41:48.010801,2026-10-05
ORD004911,SX00004911,15983,CA01,Delivered,2026-10-03 22:42:39.855985,2026-10-06
ORD004912,SX00004912,10143,CA01,Delivered,2026-10-03 22:43:31.701170,2026-10-06
ORD004913,SX00004913,18207,IL01,In Transit,2026-10-03 22:44:23.546354,2026-10-05
ORD004914,SX00004914,17469,IL01,In Transit,2026-10-03 22:45:15.391539,2026-10-06
ORD004915,SX00004915,10244,CA01,Delivered,2026-10-03 22:46:07.236723,2026-10-05
ORD004916,SX00004916,10926,IL01,Out for Delivery,2026-10-03 22:46:59.081908,2026-10-04
ORD004917,SX00004917,13178,TX01,In Transit,2026-10-03 22:47:50.927092,2026-10-06
ORD004918,SX00004918,12176,IL01,Delivered,2026-10-03 22:48:42.772277,2026-10-05
ORD004919,SX00004919,15002,IL01,Delivered,2026-10-03 22:49:34.617461,2026-10-05
ORD004920,SX00004920,10886,IL01,Delivered,2026-10-03 22:50:26.462646,2026-10-04
ORD004921,SX00004921,18532,CA01,Delivered,2026-10-03 22:51:18.307830,2026-10-05
ORD004922,SX00004922,13398,CA01,Delivered,2026-10-03 22:52:10.153015,2026-10-06
ORD004923,SX00004923,18497,IL01,Delivered,2026-10-03 22:53:01.998199,2026-10-04
ORD004924,SX00004924,19099,TX01,Delivered,2026-10-03 22:53:53.843384,2026-10-05
ORD004925,SX00004925,12654,IL01,Delivered,2026-10-03 22:54:45.688568,2026-10-04
ORD004926,SX00004926,17392,IL01,Delivered,2026-10-03 22:55:37.533753,2026-10-05
ORD004927,SX00004927,11371,TX01,Out for Delivery,2026-10-03 22:56:29.378937,2026-10-06
ORD004928,SX00004928,17135,NJ01,Delivered,2026-10-03 22:57:21.224122,2026-10-06
ORD004929,SX00004929,10320,IL01,In Transit,2026-10-03 22:58:13.069306,2026-10-04
ORD004930,SX00004930,14654,IL01,Delivered,2026-10-03 22:59:04.914491,2026-10-05
ORD004931,SX00004931,15300,CA01,Delivered,2026-10-03 22:59:56.759675,2026-10-04
ORD004932,SX00004932,16761,CA01,In Transit,2026-10-03 23:00:48.604860,2026-10-04
ORD004933,SX00004933,16854,TX01,Delivered,2026-10-03 23:01:40.450045,2026-10-06
ORD004934,SX00004934,15505,IL01,Delivered,2026-10-03 23:02:32.295229,2026-10-04
ORD004935,SX00004935,19323,TX01,Delivered,2026-10-03 23:03:24.140414,2026-10-05
ORD004936,SX00004936,16553,IL01,Delivered,2026-10-03 23:04:15.985598,2026-10-06
ORD004937,SX00004937,14042,CA01,Delivered,2026-10-03 23:05:07.830783,2026-10-05
ORD004938,SX00004938,19009,IL01,Delivered,2026-10-03 23:05:59.675967,2026-10-04
ORD004939,SX00004939,17498,IL01,Delivered,2026-10-03 23:06:51.521152,2026-10-06
ORD004940,SX00004940,16636,NJ01,In Transit,2026-10-03 23:07:43.366336,2026-10-05
ORD004941,SX00004941,17362,TX01,In Transit,2026-10-03 23:08:35.211521,2026-10-05
ORD004942,SX00004942,10011,TX01,Delivered,2026-10-03 23:09:27.056705,2026-10-04
ORD004943,SX00004943,10194,IL01,Delivered,2026-10-03 23:10:18.901890,2026-10-05
ORD004944,SX00004944,12537,NJ01,Delivered,2026-10-03 23:11:10.747074,2026-10-04
ORD004945,SX00004945,12842,TX01,In Transit,2026-10-03 23:12:02.592259,2026-10-04
ORD004946,SX00004946,12229,IL01,Delivered,2026-10-03 23:12:54.437443,2026-10-04
ORD004947,SX00004947,13009,TX01,Delivered,2026-10-03 23:13:46.282628,2026-10-04
ORD004948,SX00004948,17984,CA01,Delivered,2026-10-03 23:14:38.127812,2026-10-06
ORD004949,SX00004949,12077,IL01,In Transit,2026-10-03 23:15:29.972997,2026-10-05
ORD004950,SX00004950,17845,IL01,Delivered,2026-10-03 23:16:21.818181,2026-10-05
ORD004951,SX00004951,13867,IL01,Delivered,2026-10-03 23:17:13.663366,2026-10-06
ORD004952,SX00004952,14873,IL01,Delivered,2026-10-03 23:18:05.508550,2026-10-04
ORD004953,SX00004953,18635,NJ01,Delivered,2026-10-03 23:18:57.353735,2026-10-04
ORD004954,SX00004954,10297,TX01,Delivered,2026-10-03 23:19:49.198919,2026-10-04
ORD004955,SX00004955,15856,NJ01,Delivered,2026-10-03 23:20:41.044104,2026-10-04
ORD004956,SX00004956,19036,IL01,In Transit,2026-10-03 23:21:32.889288,2026-10-06
ORD004957,SX00004957,11015,TX01,Delivered,2026-10-03 23:22:24.734473,2026-10-05
ORD004958,SX00004958,11384,TX01,Delivered,2026-10-03 23:23:16.579657,2026-10-04
ORD004959,SX00004959,19589,CA01,Delivered,2026-10-03 23:24:08.424842,2026-10-04
ORD004960,SX00004960,18745,IL01,Delivered,2026-10-03 23:25:00.270027,2026-10-04
ORD004961,SX00004961,12350,TX01,Delivered,2026-10-03 23:25:52.115211,2026-10-05
ORD004962,SX00004962,11269,CA01,Delivered,2026-10-03 23:26:43.960396,2026-10-05
ORD004963,SX00004963,11260,NJ01,Delivered,2026-10-03 23:27:35.805580,2026-10-06
ORD004964,SX00004964,17701,IL01,Delivered,2026-10-03 23:28:27.650765,2026-10-05
ORD004965,SX00004965,18376,IL01,In Transit,2026-10-03 23:29:19.495949,2026-10-05
ORD004966,SX00004966,14563,CA01,Delivered,2026-10-03 23:30:11.341134,2026-10-04
ORD004967,SX00004967,16897,IL01,Out for Delivery,2026-10-03 23:31:03.186318,2026-10-05
ORD004968,SX00004968,15672,CA01,Delivered,2026-10-03 23:31:55.031503,2026-10-04
ORD004969,SX00004969,15593,TX01,Delivered,2026-10-03 23:32:46.876687,2026-10-06
ORD004970,SX00004970,16155,IL01,Delivered,2026-10-03 23:33:38.721872,2026-10-04
ORD004971,SX00004971,15543,NJ01,Delivered,2026-10-03 23:34:30.567056,2026-10-06
ORD004972,SX00004972,17240,IL01,In Transit,2026-10-03 23:35:22.412241,2026-10-05
ORD004973,SX00004973,14683,IL01,Out for Delivery,2026-10-03 23:36:14.257425,2026-10-06
ORD004974,SX00004974,11881,TX01,Delivered,2026-10-03 23:37:06.102610,2026-10-04
ORD004975,SX00004975,18713,TX01,Delivered,2026-10-03 23:37:57.947794,2026-10-05
ORD004976,SX00004976,13809,IL01,In Transit,2026-10-03 23:38:49.792979,2026-10-05
ORD004977,SX00004977,15807,TX01,In Transit,2026-10-03 23:39:41.638163,2026-10-04
ORD004978,SX00004978,14883,IL01,Out for Delivery,2026-10-03 23:40:33.483348,2026-10-05
ORD004979,SX00004979,17206,NJ01,Delivered,2026-10-03 23:41:25.328532,2026-10-04
ORD004980,SX00004980,14155,NJ01,In Transit,2026-10-03 23:42:17.173717,2026-10-06
ORD004981,SX00004981,14673,IL01,Delivered,2026-10-03 23:43:09.018901,2026-10-06
ORD004982,SX00004982,11409,CA01,Delivered,2026-10-03 23:44:00.864086,2026-10-05
ORD004983,SX00004983,19886,TX01,Delivered,2026-10-03 23:44:52.709270,2026-10-04
ORD004984,SX00004984,15197,NJ01,Delivered,2026-10-03 23:45:44.554455,2026-10-04
ORD004985,SX00004985,17452,NJ01,Delivered,2026-10-03 23:46:36.399639,2026-10-06
ORD004986,SX00004986,18718,IL01,Delivered,2026-10-03 23:47:28.244824,2026-10-04
ORD004987,SX00004987,12172,IL01,Delivered,2026-10-03 23:48:20.090009,2026-10-05
ORD004988,SX00004988,10279,TX01,Delivered,2026-10-03 23:49:11.935193,2026-10-05
ORD004989,SX00004989,13977,CA01,Delivered,2026-10-03 23:50:03.780378,2026-10-06
ORD004990,SX00004990,12669,TX01,Delivered,2026-10-03 23:50:55.625562,2026-10-04
ORD004991,SX00004991,17825,IL01,Delivered,2026-10-03 23:51:47.470747,2026-10-05
ORD004992,SX00004992,19943,NJ01,In Transit,2026-10-03 23:52:39.315931,2026-10-05
ORD004993,SX00004993,13981,IL01,Delivered,2026-10-03 23:53:31.161116,2026-10-05
ORD004994,SX00004994,14769,IL01,Delivered,2026-10-03 23:54:23.006300,2026-10-04
ORD004995,SX00004995,15247,NJ01,Out for Delivery,2026-10-03 23:55:14.851485,2026-10-06
ORD004996,SX00004996,14427,NJ01,Delivered,2026-10-03 23:56:06.696669,2026-10-06
ORD004997,SX00004997,16135,IL01,In Transit,2026-10-03 23:56:58.541854,2026-10-05
ORD004998,SX00004998,15573,NJ01,Delivered,2026-10-03 23:57:50.387038,2026-10-06
ORD004999,SX00004999,14131,TX01,Out for Delivery,2026-10-03 23:58:42.232223,2026-10-05
ORD005000,SX00005000,19900,IL01,Delivered,2026-10-03 23:59:34.077407,2026-10-05
ORD005001,SX00005001,17189,TX01,In Transit,2026-10-04 00:00:25.922592,2026-10-05
ORD005002,SX00005002,14535,IL01,Delivered,2026-10-04 00:01:17.767776,2026-10-06
ORD005003,SX00005003,12776,NJ01,Out for Delivery,2026-10-04 00:02:09.612961,2026-10-06
ORD005004,SX00005004,19311,TX01,Delivered,2026-10-04 00:03:01.458145,2026-10-05
ORD005005,SX00005005,17697,NJ01,Delivered,2026-10-04 00:03:53.303330,2026-10-05
ORD005006,SX00005006,18386,CA01,Delivered,2026-10-04 00:04:45.148514,2026-10-07
ORD005007,SX00005007,10662,IL01,Out for Delivery,2026-10-04 00:05:36.993699,2026-10-05
ORD005008,SX00005008,18671,NJ01,Delivered,2026-10-04 00:06:28.838883,2026-10-06
ORD005009,SX00005009,18044,NJ01,Delivered,2026-10-04 00:07:20.684068,2026-10-05
ORD005010,SX00005010,14218,TX01,Delivered,2026-10-04 00:08:12.529252,2026-10-05
ORD005011,SX00005011,19615,TX01,Delivered,2026-10-04 00:09:04.374437,2026-10-07
ORD005012,SX00005012,15060,TX01,Delivered,2026-10-04 00:09:56.219621,2026-10-05
ORD005013,SX00005013,15874,TX01,Delivered,2026-10-04 00:10:48.064806,2026-10-06
ORD005014,SX00005014,15581,IL01,Exception,2026-10-04 00:11:39.909990,2026-10-06
ORD005015,SX00005015,12014,IL01,Delivered,2026-10-04 00:12:31.755175,2026-10-06
ORD005016,SX00005016,13789,NJ01,Out for Delivery,2026-10-04 00:13:23.600360,2026-10-05
ORD005017,SX00005017,19103,NJ01,Delivered,2026-10-04 00:14:15.445544,2026-10-05
ORD005018,SX00005018,17148,CA01,In Transit,2026-10-04 00:15:07.290729,2026-10-06
ORD005019,SX00005019,17766,IL01,Delivered,2026-10-04 00:15:59.135913,2026-10-05
ORD005020,SX00005020,12364,IL01,Delivered,2026-10-04 00:16:50.981098,2026-10-07
ORD005021,SX00005021,13629,NJ01,Delivered,2026-10-04 00:17:42.826282,2026-10-07
ORD005022,SX00005022,15919,CA01,Delivered,2026-10-04 00:18:34.671467,2026-10-07
ORD005023,SX00005023,15675,CA01,Exception,2026-10-04 00:19:26.516651,2026-10-07
ORD005024,SX00005024,18872,IL01,Delivered,2026-10-04 00:20:18.361836,2026-10-06
ORD005025,SX00005025,16638,IL01,In Transit,2026-10-04 00:21:10.207020,2026-10-05
ORD005026,SX00005026,14651,NJ01,Delivered,2026-10-04 00:22:02.052205,2026-10-07
ORD005027,SX00005027,10609,IL01,Delivered,2026-10-04 00:22:53.897389,2026-10-06
ORD005028,SX00005028,17940,CA01,Delivered,2026-10-04 00:23:45.742574,2026-10-07
ORD005029,SX00005029,13866,NJ01,Delivered,2026-10-04 00:24:37.587758,2026-10-05
ORD005030,SX00005030,10371,IL01,Delivered,2026-10-04 00:25:29.432943,2026-10-07
ORD005031,SX00005031,16998,IL01,In Transit,2026-10-04 00:26:21.278127,2026-10-07
ORD005032,SX00005032,10615,IL01,Out for Delivery,2026-10-04 00:27:13.123312,2026-10-07
ORD005033,SX00005033,16911,TX01,Delivered,2026-10-04 00:28:04.968496,2026-10-07
ORD005034,SX00005034,16010,IL01,Out for Delivery,2026-10-04 00:28:56.813681,2026-10-05
ORD005035,SX00005035,12253,IL01,Delivered,2026-10-04 00:29:48.658865,2026-10-06
ORD005036,SX00005036,14942,CA01,Delivered,2026-10-04 00:30:40.504050,2026-10-07
ORD005037,SX00005037,10864,IL01,Delivered,2026-10-04 00:31:32.349234,2026-10-06
ORD005038,SX00005038,11268,TX01,Delivered,2026-10-04 00:32:24.194419,2026-10-05
ORD005039,SX00005039,17454,IL01,Delivered,2026-10-04 00:33:16.039603,2026-10-05
ORD005040,SX00005040,18976,NJ01,Delivered,2026-10-04 00:34:07.884788,2026-10-07
ORD005041,SX00005041,14571,IL01,Delivered,2026-10-04 00:34:59.729972,2026-10-06
ORD005042,SX00005042,15229,IL01,Delivered,2026-10-04 00:35:51.575157,2026-10-07
ORD005043,SX00005043,12237,NJ01,Delivered,2026-10-04 00:36:43.420342,2026-10-05
ORD005044,SX00005044,14054,IL01,Delivered,2026-10-04 00:37:35.265526,2026-10-07
ORD005045,SX00005045,10935,NJ01,Delivered,2026-10-04 00:38:27.110711,2026-10-07
ORD005046,SX00005046,16394,IL01,Delivered,2026-10-04 00:39:18.955895,2026-10-06
ORD005047,SX00005047,17891,TX01,In Transit,2026-10-04 00:40:10.801080,2026-10-05
ORD005048,SX00005048,10325,CA01,Delivered,2026-10-04 00:41:02.646264,2026-10-07
ORD005049,SX00005049,19726,IL01,Delivered,2026-10-04 00:41:54.491449,2026-10-07
ORD005050,SX00005050,17774,IL01,In Transit,2026-10-04 00:42:46.336633,2026-10-07
ORD005051,SX00005051,13861,TX01,Delivered,2026-10-04 00:43:38.181818,2026-10-06
ORD005052,SX00005052,11985,NJ01,In Transit,2026-10-04 00:44:30.027002,2026-10-05
ORD005053,SX00005053,14932,IL01,Delivered,2026-10-04 00:45:21.872187,2026-10-07
ORD005054,SX00005054,14603,NJ01,Delivered,2026-10-04 00:46:13.717371,2026-10-07
ORD005055,SX00005055,12778,IL01,Delivered,2026-10-04 00:47:05.562556,2026-10-07
ORD005056,SX00005056,19462,IL01,Delivered,2026-10-04 00:47:57.407740,2026-10-05
ORD005057,SX00005057,18832,CA01,In Transit,2026-10-04 00:48:49.252925,2026-10-06
ORD005058,SX00005058,17754,TX01,Delivered,2026-10-04 00:49:41.098109,2026-10-06
ORD005059,SX00005059,14078,TX01,Exception,2026-10-04 00:50:32.943294,2026-10-07
ORD005060,SX00005060,11367,IL01,Delivered,2026-10-04 00:51:24.788478,2026-10-07
ORD005061,SX00005061,14042,IL01,Out for Delivery,2026-10-04 00:52:16.633663,2026-10-06
ORD005062,SX00005062,12575,CA01,Delivered,2026-10-04 00:53:08.478847,2026-10-06
ORD005063,SX00005063,16754,IL01,Delivered,2026-10-04 00:54:00.324032,2026-10-06
ORD005064,SX00005064,11581,IL01,Delivered,2026-10-04 00:54:52.169216,2026-10-07
ORD005065,SX00005065,11986,IL01,Delivered,2026-10-04 00:55:44.014401,2026-10-07
ORD005066,SX00005066,12240,NJ01,In Transit,2026-10-04 00:56:35.859585,2026-10-06
ORD005067,SX00005067,13966,IL01,Delivered,2026-10-04 00:57:27.704770,2026-10-06
ORD005068,SX00005068,17604,IL01,Delivered,2026-10-04 00:58:19.549954,2026-10-05
ORD005069,SX00005069,18320,CA01,Delivered,2026-10-04 00:59:11.395139,2026-10-07
ORD005070,SX00005070,15968,NJ01,Delivered,2026-10-04 01:00:03.240324,2026-10-05
ORD005071,SX00005071,19043,IL01,Delivered,2026-10-04 01:00:55.085508,2026-10-06
ORD005072,SX00005072,17493,TX01,In Transit,2026-10-04 01:01:46.930693,2026-10-07
ORD005073,SX00005073,14103,IL01,Delivered,2026-10-04 01:02:38.775877,2026-10-07
ORD005074,SX00005074,12076,NJ01,Out for Delivery,2026-10-04 01:03:30.621062,2026-10-05
ORD005075,SX00005075,15231,NJ01,Exception,2026-10-04 01:04:22.466246,2026-10-05
ORD005076,SX00005076,12994,IL01,In Transit,2026-10-04 01:05:14.311431,2026-10-05
ORD005077,SX00005077,13744,IL01,Delivered,2026-10-04 01:06:06.156615,2026-10-05
ORD005078,SX00005078,15594,TX01,Delivered,2026-10-04 01:06:58.001800,2026-10-07
ORD005079,SX00005079,17531,CA01,Delivered,2026-10-04 01:07:49.846984,2026-10-06
ORD005080,SX00005080,17371,NJ01,Out for Delivery,2026-10-04 01:08:41.692169,2026-10-06
ORD005081,SX00005081,11644,IL01,Out for Delivery,2026-10-04 01:09:33.537353,2026-10-06
ORD005082,SX00005082,13144,IL01,Delivered,2026-10-04 01:10:25.382538,2026-10-05
ORD005083,SX00005083,10242,IL01,Delivered,2026-10-04 01:11:17.227722,2026-10-06
ORD005084,SX00005084,14085,IL01,Out for Delivery,2026-10-04 01:12:09.072907,2026-10-05
ORD005085,SX00005085,17954,NJ01,Delivered,2026-10-04 01:13:00.918091,2026-10-05
ORD005086,SX00005086,17269,NJ01,Delivered,2026-10-04 01:13:52.763276,2026-10-06
ORD005087,SX00005087,17130,IL01,Exception,2026-10-04 01:14:44.608460,2026-10-06
ORD005088,SX00005088,16828,IL01,In Transit,2026-10-04 01:15:36.453645,2026-10-06
ORD005089,SX00005089,18362,NJ01,Out for Delivery,2026-10-04 01:16:28.298829,2026-10-07
ORD005090,SX00005090,18844,IL01,Delivered,2026-10-04 01:17:20.144014,2026-10-05
ORD005091,SX00005091,16331,CA01,Delivered,2026-10-04 01:18:11.989198,2026-10-07
ORD005092,SX00005092,13512,NJ01,Delivered,2026-10-04 01:19:03.834383,2026-10-06
ORD005093,SX00005093,11499,CA01,Delivered,2026-10-04 01:19:55.679567,2026-10-07
ORD005094,SX00005094,12158,CA01,Delivered,2026-10-04 01:20:47.524752,2026-10-07
ORD005095,SX00005095,15162,TX01,Out for Delivery,2026-10-04 01:21:39.369936,2026-10-06
ORD005096,SX00005096,14039,IL01,Out for Delivery,2026-10-04 01:22:31.215121,2026-10-06
ORD005097,SX00005097,12035,CA01,Delivered,2026-10-04 01:23:23.060306,2026-10-05
ORD005098,SX00005098,17977,IL01,Delivered,2026-10-04 01:24:14.905490,2026-10-05
ORD005099,SX00005099,10857,IL01,Delivered,2026-10-04 01:25:06.750675,2026-10-07
ORD005100,SX00005100,13823,NJ01,Delivered,2026-10-04 01:25:58.595859,2026-10-06
ORD005101,SX00005101,16770,IL01,Delivered,2026-10-04 01:26:50.441044,2026-10-05
ORD005102,SX00005102,19241,IL01,Delivered,2026-10-04 01:27:42.286228,2026-10-05
ORD005103,SX00005103,10298,IL01,Delivered,2026-10-04 01:28:34.131413,2026-10-07
ORD005104,SX00005104,17244,IL01,Out for Delivery,2026-10-04 01:29:25.976597,2026-10-07
ORD005105,SX00005105,10923,TX01,Delivered,2026-10-04 01:30:17.821782,2026-10-07
ORD005106,SX00005106,14232,IL01,Delivered,2026-10-04 01:31:09.666966,2026-10-06
ORD005107,SX00005107,14306,NJ01,In Transit,2026-10-04 01:32:01.512151,2026-10-05
ORD005108,SX00005108,12799,CA01,Delivered,2026-10-04 01:32:53.357335,2026-10-05
ORD005109,SX00005109,16578,NJ01,Out for Delivery,2026-10-04 01:33:45.202520,2026-10-05
ORD005110,SX00005110,14875,NJ01,Delivered,2026-10-04 01:34:37.047704,2026-10-07
ORD005111,SX00005111,15326,CA01,Out for Delivery,2026-10-04 01:35:28.892889,2026-10-06
ORD005112,SX00005112,16582,IL01,Delivered,2026-10-04 01:36:20.738073,2026-10-07
ORD005113,SX00005113,11802,NJ01,Delivered,2026-10-04 01:37:12.583258,2026-10-07
ORD005114,SX00005114,12657,CA01,Delivered,2026-10-04 01:38:04.428442,2026-10-06
ORD005115,SX00005115,13346,CA01,Exception,2026-10-04 01:38:56.273627,2026-10-06
ORD005116,SX00005116,19663,NJ01,Delivered,2026-10-04 01:39:48.118811,2026-10-07
ORD005117,SX00005117,12949,IL01,Delivered,2026-10-04 01:40:39.963996,2026-10-06
ORD005118,SX00005118,10941,CA01,Delivered,2026-10-04 01:41:31.809180,2026-10-07
ORD005119,SX00005119,11907,IL01,Delivered,2026-10-04 01:42:23.654365,2026-10-05
ORD005120,SX00005120,14837,IL01,Delivered,2026-10-04 01:43:15.499549,2026-10-06
ORD005121,SX00005121,18105,IL01,Exception,2026-10-04 01:44:07.344734,2026-10-05
ORD005122,SX00005122,11243,NJ01,Out for Delivery,2026-10-04 01:44:59.189918,2026-10-06
ORD005123,SX00005123,15696,TX01,Delivered,2026-10-04 01:45:51.035103,2026-10-07
ORD005124,SX00005124,11466,TX01,Delivered,2026-10-04 01:46:42.880288,2026-10-07
ORD005125,SX00005125,13957,TX01,Delivered,2026-10-04 01:47:34.725472,2026-10-07
ORD005126,SX00005126,11966,IL01,Delivered,2026-10-04 01:48:26.570657,2026-10-07
ORD005127,SX00005127,10375,NJ01,Delivered,2026-10-04 01:49:18.415841,2026-10-07
ORD005128,SX00005128,10262,TX01,In Transit,2026-10-04 01:50:10.261026,2026-10-07
ORD005129,SX00005129,14362,NJ01,Delivered,2026-10-04 01:51:02.106210,2026-10-06
ORD005130,SX00005130,16502,CA01,Delivered,2026-10-04 01:51:53.951395,2026-10-06
ORD005131,SX00005131,17833,TX01,In Transit,2026-10-04 01:52:45.796579,2026-10-05
ORD005132,SX00005132,11893,NJ01,Delivered,2026-10-04 01:53:37.641764,2026-10-06
ORD005133,SX00005133,18106,IL01,Delivered,2026-10-04 01:54:29.486948,2026-10-06
ORD005134,SX00005134,11652,TX01,In Transit,2026-10-04 01:55:21.332133,2026-10-05
ORD005135,SX00005135,15540,CA01,Delivered,2026-10-04 01:56:13.177317,2026-10-05
ORD005136,SX00005136,13892,IL01,Delivered,2026-10-04 01:57:05.022502,2026-10-07
ORD005137,SX00005137,10599,TX01,Delivered,2026-10-04 01:57:56.867686,2026-10-05
ORD005138,SX00005138,14815,IL01,Delivered,2026-10-04 01:58:48.712871,2026-10-05
ORD005139,SX00005139,11912,NJ01,Delivered,2026-10-04 01:59:40.558055,2026-10-06
ORD005140,SX00005140,19484,NJ01,Delivered,2026-10-04 02:00:32.403240,2026-10-07
ORD005141,SX00005141,18792,TX01,Delivered,2026-10-04 02:01:24.248424,2026-10-05
ORD005142,SX00005142,18572,CA01,Delivered,2026-10-04 02:02:16.093609,2026-10-07
ORD005143,SX00005143,14213,IL01,In Transit,2026-10-04 02:03:07.938793,2026-10-07
ORD005144,SX00005144,13637,IL01,Delivered,2026-10-04 02:03:59.783978,2026-10-05
ORD005145,SX00005145,19290,TX01,In Transit,2026-10-04 02:04:51.629162,2026-10-05
ORD005146,SX00005146,15599,IL01,In Transit,2026-10-04 02:05:43.474347,2026-10-05
ORD005147,SX00005147,16448,NJ01,In Transit,2026-10-04 02:06:35.319531,2026-10-05
ORD005148,SX00005148,18557,IL01,Delivered,2026-10-04 02:07:27.164716,2026-10-07
ORD005149,SX00005149,17382,IL01,Delivered,2026-10-04 02:08:19.009900,2026-10-06
ORD005150,SX00005150,18982,TX01,Delivered,2026-10-04 02:09:10.855085,2026-10-07
ORD005151,SX00005151,13569,TX01,In Transit,2026-10-04 02:10:02.700270,2026-10-07
ORD005152,SX00005152,17707,IL01,Delivered,2026-10-04 02:10:54.545454,2026-10-07
ORD005153,SX00005153,10746,IL01,In Transit,2026-10-04 02:11:46.390639,2026-10-05
ORD005154,SX00005154,18504,IL01,Delivered,2026-10-04 02:12:38.235823,2026-10-05
ORD005155,SX00005155,14633,NJ01,Delivered,2026-10-04 02:13:30.081008,2026-10-06
ORD005156,SX00005156,10920,IL01,Delivered,2026-10-04 02:14:21.926192,2026-10-06
ORD005157,SX00005157,19269,NJ01,Delivered,2026-10-04 02:15:13.771377,2026-10-06
ORD005158,SX00005158,17008,TX01,Delivered,2026-10-04 02:16:05.616561,2026-10-07
ORD005159,SX00005159,12381,TX01,Out for Delivery,2026-10-04 02:16:57.461746,2026-10-06
ORD005160,SX00005160,13618,IL01,Delivered,2026-10-04 02:17:49.306930,2026-10-07
ORD005161,SX00005161,18989,TX01,Delivered,2026-10-04 02:18:41.152115,2026-10-05
ORD005162,SX00005162,14443,CA01,Delivered,2026-10-04 02:19:32.997299,2026-10-07
ORD005163,SX00005163,10272,IL01,Delivered,2026-10-04 02:20:24.842484,2026-10-05
ORD005164,SX00005164,11773,IL01,Delivered,2026-10-04 02:21:16.687668,2026-10-05
ORD005165,SX00005165,12547,NJ01,In Transit,2026-10-04 02:22:08.532853,2026-10-06
ORD005166,SX00005166,13164,IL01,In Transit,2026-10-04 02:23:00.378037,2026-10-05
ORD005167,SX00005167,14780,TX01,In Transit,2026-10-04 02:23:52.223222,2026-10-06
ORD005168,SX00005168,10946,TX01,Delivered,2026-10-04 02:24:44.068406,2026-10-06
ORD005169,SX00005169,10506,NJ01,Delivered,2026-10-04 02:25:35.913591,2026-10-06
ORD005170,SX00005170,16719,TX01,In Transit,2026-10-04 02:26:27.758775,2026-10-07
ORD005171,SX00005171,18435,TX01,Delivered,2026-10-04 02:27:19.603960,2026-10-06
ORD005172,SX00005172,18697,IL01,Delivered,2026-10-04 02:28:11.449144,2026-10-06
ORD005173,SX00005173,16360,IL01,In Transit,2026-10-04 02:29:03.294329,2026-10-05
ORD005174,SX00005174,17657,CA01,In Transit,2026-10-04 02:29:55.139513,2026-10-07
ORD005175,SX00005175,13590,CA01,Delivered,2026-10-04 02:30:46.984698,2026-10-06
ORD005176,SX00005176,11192,TX01,Delivered,2026-10-04 02:31:38.829882,2026-10-06
ORD005177,SX00005177,11464,CA01,Delivered,2026-10-04 02:32:30.675067,2026-10-06
ORD005178,SX00005178,10390,IL01,Delivered,2026-10-04 02:33:22.520252,2026-10-05
ORD005179,SX00005179,15615,IL01,Delivered,2026-10-04 02:34:14.365436,2026-10-05
ORD005180,SX00005180,16106,IL01,Delivered,2026-10-04 02:35:06.210621,2026-10-05
ORD005181,SX00005181,18864,IL01,Delivered,2026-10-04 02:35:58.055805,2026-10-06
ORD005182,SX00005182,12560,TX01,In Transit,2026-10-04 02:36:49.900990,2026-10-06
ORD005183,SX00005183,15867,CA01,In Transit,2026-10-04 02:37:41.746174,2026-10-06
ORD005184,SX00005184,11211,TX01,Delivered,2026-10-04 02:38:33.591359,2026-10-06
ORD005185,SX00005185,19121,NJ01,Delivered,2026-10-04 02:39:25.436543,2026-10-06
ORD005186,SX00005186,11539,IL01,Delivered,2026-10-04 02:40:17.281728,2026-10-05
ORD005187,SX00005187,19104,IL01,Delivered,2026-10-04 02:41:09.126912,2026-10-06
ORD005188,SX00005188,10643,IL01,Delivered,2026-10-04 02:42:00.972097,2026-10-07
ORD005189,SX00005189,18693,TX01,Exception,2026-10-04 02:42:52.817281,2026-10-06
ORD005190,SX00005190,18921,NJ01,Delivered,2026-10-04 02:43:44.662466,2026-10-05
ORD005191,SX00005191,11283,CA01,Delivered,2026-10-04 02:44:36.507650,2026-10-06
ORD005192,SX00005192,17680,CA01,Delivered,2026-10-04 02:45:28.352835,2026-10-07
ORD005193,SX00005193,17345,IL01,Delivered,2026-10-04 02:46:20.198019,2026-10-06
ORD005194,SX00005194,14386,IL01,Delivered,2026-10-04 02:47:12.043204,2026-10-07
ORD005195,SX00005195,10919,TX01,Delivered,2026-10-04 02:48:03.888388,2026-10-07
ORD005196,SX00005196,12339,IL01,Delivered,2026-10-04 02:48:55.733573,2026-10-05
ORD005197,SX00005197,18947,TX01,Delivered,2026-10-04 02:49:47.578757,2026-10-07
ORD005198,SX00005198,15930,NJ01,Delivered,2026-10-04 02:50:39.423942,2026-10-06
ORD005199,SX00005199,15402,IL01,Delivered,2026-10-04 02:51:31.269126,2026-10-07
ORD005200,SX00005200,15663,NJ01,Delivered,2026-10-04 02:52:23.114311,2026-10-06
ORD005201,SX00005201,15275,NJ01,In Transit,2026-10-04 02:53:14.959495,2026-10-06
ORD005202,SX00005202,10507,CA01,Delivered,2026-10-04 02:54:06.804680,2026-10-06
ORD005203,SX00005203,11436,IL01,In Transit,2026-10-04 02:54:58.649864,2026-10-06
ORD005204,SX00005204,18750,CA01,Delivered,2026-10-04 02:55:50.495049,2026-10-05
ORD005205,SX00005205,17354,TX01,Delivered,2026-10-04 02:56:42.340234,2026-10-06
ORD005206,SX00005206,14516,TX01,Delivered,2026-10-04 02:57:34.185418,2026-10-05
ORD005207,SX00005207,13622,IL01,Delivered,2026-10-04 02:58:26.030603,2026-10-07
ORD005208,SX00005208,14399,NJ01,Delivered,2026-10-04 02:59:17.875787,2026-10-06
ORD005209,SX00005209,15037,NJ01,Delivered,2026-10-04 03:00:09.720972,2026-10-07
ORD005210,SX00005210,18111,NJ01,In Transit,2026-10-04 03:01:01.566156,2026-10-05
ORD005211,SX00005211,13715,TX01,Delivered,2026-10-04 03:01:53.411341,2026-10-06
ORD005212,SX00005212,17837,NJ01,Delivered,2026-10-04 03:02:45.256525,2026-10-06
ORD005213,SX00005213,11301,CA01,Delivered,2026-10-04 03:03:37.101710,2026-10-05
ORD005214,SX00005214,17370,IL01,Delivered,2026-10-04 03:04:28.946894,2026-10-07
ORD005215,SX00005215,15185,TX01,Out for Delivery,2026-10-04 03:05:20.792079,2026-10-05
ORD005216,SX00005216,12155,IL01,Exception,2026-10-04 03:06:12.637263,2026-10-07
ORD005217,SX00005217,16411,TX01,Delivered,2026-10-04 03:07:04.482448,2026-10-07
ORD005218,SX00005218,16365,CA01,Delivered,2026-10-04 03:07:56.327632,2026-10-07
ORD005219,SX00005219,10692,IL01,In Transit,2026-10-04 03:08:48.172817,2026-10-06
ORD005220,SX00005220,11478,NJ01,Delivered,2026-10-04 03:09:40.018001,2026-10-05
ORD005221,SX00005221,16396,TX01,Delivered,2026-10-04 03:10:31.863186,2026-10-06
ORD005222,SX00005222,18448,IL01,Exception,2026-10-04 03:11:23.708370,2026-10-05
ORD005223,SX00005223,10441,NJ01,Delivered,2026-10-04 03:12:15.553555,2026-10-07
ORD005224,SX00005224,12646,IL01,Delivered,2026-10-04 03:13:07.398739,2026-10-06
ORD005225,SX00005225,15209,CA01,In Transit,2026-10-04 03:13:59.243924,2026-10-06
ORD005226,SX00005226,16533,CA01,Exception,2026-10-04 03:14:51.089108,2026-10-06
ORD005227,SX00005227,14677,TX01,In Transit,2026-10-04 03:15:42.934293,2026-10-07
ORD005228,SX00005228,17211,TX01,Delivered,2026-10-04 03:16:34.779477,2026-10-05
ORD005229,SX00005229,19927,TX01,Out for Delivery,2026-10-04 03:17:26.624662,2026-10-07
ORD005230,SX00005230,12645,IL01,Exception,2026-10-04 03:18:18.469846,2026-10-06
ORD005231,SX00005231,18210,NJ01,Out for Delivery,2026-10-04 03:19:10.315031,2026-10-06
ORD005232,SX00005232,19316,NJ01,Delivered,2026-10-04 03:20:02.160216,2026-10-07
ORD005233,SX00005233,17933,CA01,In Transit,2026-10-04 03:20:54.005400,2026-10-06
ORD005234,SX00005234,15476,TX01,Delivered,2026-10-04 03:21:45.850585,2026-10-06
ORD005235,SX00005235,17928,NJ01,Delivered,2026-10-04 03:22:37.695769,2026-10-05
ORD005236,SX00005236,12080,TX01,Delivered,2026-10-04 03:23:29.540954,2026-10-05
ORD005237,SX00005237,16089,IL01,In Transit,2026-10-04 03:24:21.386138,2026-10-05
ORD005238,SX00005238,17396,TX01,Out for Delivery,2026-10-04 03:25:13.231323,2026-10-05
ORD005239,SX00005239,19739,NJ01,In Transit,2026-10-04 03:26:05.076507,2026-10-05
ORD005240,SX00005240,17797,IL01,Delivered,2026-10-04 03:26:56.921692,2026-10-05
ORD005241,SX00005241,10861,NJ01,Delivered,2026-10-04 03:27:48.766876,2026-10-06
ORD005242,SX00005242,18346,TX01,Delivered,2026-10-04 03:28:40.612061,2026-10-06
ORD005243,SX00005243,13494,NJ01,Out for Delivery,2026-10-04 03:29:32.457245,2026-10-05
ORD005244,SX00005244,10904,NJ01,Delivered,2026-10-04 03:30:24.302430,2026-10-07
ORD005245,SX00005245,11269,TX01,In Transit,2026-10-04 03:31:16.147614,2026-10-05
ORD005246,SX00005246,10404,TX01,Delivered,2026-10-04 03:32:07.992799,2026-10-06
ORD005247,SX00005247,19035,CA01,Out for Delivery,2026-10-04 03:32:59.837983,2026-10-07
ORD005248,SX00005248,19974,IL01,Delivered,2026-10-04 03:33:51.683168,2026-10-07
ORD005249,SX00005249,19756,CA01,Delivered,2026-10-04 03:34:43.528352,2026-10-07
ORD005250,SX00005250,11184,NJ01,Exception,2026-10-04 03:35:35.373537,2026-10-06
ORD005251,SX00005251,18938,TX01,In Transit,2026-10-04 03:36:27.218721,2026-10-07
ORD005252,SX00005252,11725,TX01,Delivered,2026-10-04 03:37:19.063906,2026-10-06
ORD005253,SX00005253,18462,IL01,Delivered,2026-10-04 03:38:10.909090,2026-10-06
ORD005254,SX00005254,15811,IL01,In Transit,2026-10-04 03:39:02.754275,2026-10-05
ORD005255,SX00005255,15606,TX01,Delivered,2026-10-04 03:39:54.599459,2026-10-06
ORD005256,SX00005256,13956,NJ01,In Transit,2026-10-04 03:40:46.444644,2026-10-07
ORD005257,SX00005257,10171,TX01,Delivered,2026-10-04 03:41:38.289828,2026-10-06
ORD005258,SX00005258,18465,NJ01,Exception,2026-10-04 03:42:30.135013,2026-10-06
ORD005259,SX00005259,12306,IL01,Delivered,2026-10-04 03:43:21.980198,2026-10-05
ORD005260,SX00005260,19350,IL01,In Transit,2026-10-04 03:44:13.825382,2026-10-05
ORD005261,SX00005261,19898,TX01,Delivered,2026-10-04 03:45:05.670567,2026-10-06
ORD005262,SX00005262,19963,IL01,Delivered,2026-10-04 03:45:57.515751,2026-10-06
ORD005263,SX00005263,10421,TX01,Delivered,2026-10-04 03:46:49.360936,2026-10-06
ORD005264,SX00005264,15540,IL01,In Transit,2026-10-04 03:47:41.206120,2026-10-05
ORD005265,SX00005265,19401,TX01,In Transit,2026-10-04 03:48:33.051305,2026-10-05
ORD005266,SX00005266,14675,IL01,Delivered,2026-10-04 03:49:24.896489,2026-10-07
ORD005267,SX00005267,19082,IL01,Delivered,2026-10-04 03:50:16.741674,2026-10-07
ORD005268,SX00005268,16748,TX01,In Transit,2026-10-04 03:51:08.586858,2026-10-07
ORD005269,SX00005269,16103,NJ01,In Transit,2026-10-04 03:52:00.432043,2026-10-07
ORD005270,SX00005270,11473,IL01,Delivered,2026-10-04 03:52:52.277227,2026-10-05
ORD005271,SX00005271,13243,CA01,Exception,2026-10-04 03:53:44.122412,2026-10-05
ORD005272,SX00005272,12181,IL01,In Transit,2026-10-04 03:54:35.967596,2026-10-06
ORD005273,SX00005273,19641,NJ01,Delivered,2026-10-04 03:55:27.812781,2026-10-07
ORD005274,SX00005274,13096,IL01,Delivered,2026-10-04 03:56:19.657965,2026-10-06
ORD005275,SX00005275,16646,IL01,Delivered,2026-10-04 03:57:11.503150,2026-10-06
ORD005276,SX00005276,19782,NJ01,In Transit,2026-10-04 03:58:03.348334,2026-10-05
ORD005277,SX00005277,15882,IL01,Delivered,2026-10-04 03:58:55.193519,2026-10-06
ORD005278,SX00005278,15982,TX01,In Transit,2026-10-04 03:59:47.038703,2026-10-06
ORD005279,SX00005279,15798,IL01,Delivered,2026-10-04 04:00:38.883888,2026-10-05
ORD005280,SX00005280,19627,TX01,Out for Delivery,2026-10-04 04:01:30.729072,2026-10-05
ORD005281,SX00005281,18415,IL01,In Transit,2026-10-04 04:02:22.574257,2026-10-05
ORD005282,SX00005282,18411,IL01,Delivered,2026-10-04 04:03:14.419441,2026-10-05
ORD005283,SX00005283,19846,IL01,Delivered,2026-10-04 04:04:06.264626,2026-10-07
ORD005284,SX00005284,18456,TX01,Delivered,2026-10-04 04:04:58.109810,2026-10-07
ORD005285,SX00005285,19145,NJ01,In Transit,2026-10-04 04:05:49.954995,2026-10-07
ORD005286,SX00005286,14524,TX01,In Transit,2026-10-04 04:06:41.800180,2026-10-06
ORD005287,SX00005287,16559,NJ01,Delivered,2026-10-04 04:07:33.645364,2026-10-07
ORD005288,SX00005288,17620,TX01,Delivered,2026-10-04 04:08:25.490549,2026-10-05
ORD005289,SX00005289,12774,NJ01,Delivered,2026-10-04 04:09:17.335733,2026-10-07
ORD005290,SX00005290,15673,IL01,Delivered,2026-10-04 04:10:09.180918,2026-10-05
ORD005291,SX00005291,13124,IL01,Delivered,2026-10-04 04:11:01.026102,2026-10-07
ORD005292,SX00005292,18671,NJ01,Delivered,2026-10-04 04:11:52.871287,2026-10-07
ORD005293,SX00005293,11353,NJ01,Delivered,2026-10-04 04:12:44.716471,2026-10-05
ORD005294,SX00005294,19081,IL01,Delivered,2026-10-04 04:13:36.561656,2026-10-05
ORD005295,SX00005295,13854,TX01,Delivered,2026-10-04 04:14:28.406840,2026-10-06
ORD005296,SX00005296,18134,NJ01,Out for Delivery,2026-10-04 04:15:20.252025,2026-10-06
ORD005297,SX00005297,10924,NJ01,Delivered,2026-10-04 04:16:12.097209,2026-10-06
ORD005298,SX00005298,12170,IL01,Delivered,2026-10-04 04:17:03.942394,2026-10-07
ORD005299,SX00005299,15506,NJ01,Delivered,2026-10-04 04:17:55.787578,2026-10-07
ORD005300,SX00005300,12395,IL01,Delivered,2026-10-04 04:18:47.632763,2026-10-05
ORD005301,SX00005301,18220,IL01,Out for Delivery,2026-10-04 04:19:39.477947,2026-10-05
ORD005302,SX00005302,18226,TX01,Delivered,2026-10-04 04:20:31.323132,2026-10-06
ORD005303,SX00005303,15515,IL01,Delivered,2026-10-04 04:21:23.168316,2026-10-05
ORD005304,SX00005304,12670,IL01,Delivered,2026-10-04 04:22:15.013501,2026-10-07
ORD005305,SX00005305,13365,IL01,Delivered,2026-10-04 04:23:06.858685,2026-10-05
ORD005306,SX00005306,10588,NJ01,Delivered,2026-10-04 04:23:58.703870,2026-10-05
ORD005307,SX00005307,13138,IL01,Delivered,2026-10-04 04:24:50.549054,2026-10-05
ORD005308,SX00005308,19095,IL01,Delivered,2026-10-04 04:25:42.394239,2026-10-05
ORD005309,SX00005309,16663,NJ01,In Transit,2026-10-04 04:26:34.239423,2026-10-05
ORD005310,SX00005310,14086,NJ01,Delivered,2026-10-04 04:27:26.084608,2026-10-06
ORD005311,SX00005311,18531,CA01,Delivered,2026-10-04 04:28:17.929792,2026-10-06
ORD005312,SX00005312,14270,IL01,Out for Delivery,2026-10-04 04:29:09.774977,2026-10-07
ORD005313,SX00005313,16019,IL01,Delivered,2026-10-04 04:30:01.620162,2026-10-06
ORD005314,SX00005314,19906,NJ01,Out for Delivery,2026-10-04 04:30:53.465346,2026-10-05
ORD005315,SX00005315,10556,IL01,Exception,2026-10-04 04:31:45.310531,2026-10-06
ORD005316,SX00005316,18022,CA01,Delivered,2026-10-04 04:32:37.155715,2026-10-07
ORD005317,SX00005317,15452,NJ01,Delivered,2026-10-04 04:33:29.000900,2026-10-06
ORD005318,SX00005318,13567,IL01,Delivered,2026-10-04 04:34:20.846084,2026-10-07
ORD005319,SX00005319,13899,TX01,In Transit,2026-10-04 04:35:12.691269,2026-10-07
ORD005320,SX00005320,16477,IL01,Delivered,2026-10-04 04:36:04.536453,2026-10-07
ORD005321,SX00005321,17500,CA01,In Transit,2026-10-04 04:36:56.381638,2026-10-05
ORD005322,SX00005322,11016,CA01,Exception,2026-10-04 04:37:48.226822,2026-10-07
ORD005323,SX00005323,16470,NJ01,In Transit,2026-10-04 04:38:40.072007,2026-10-06
ORD005324,SX00005324,12062,IL01,Out for Delivery,2026-10-04 04:39:31.917191,2026-10-06
ORD005325,SX00005325,19030,IL01,In Transit,2026-10-04 04:40:23.762376,2026-10-06
ORD005326,SX00005326,19829,IL01,Out for Delivery,2026-10-04 04:41:15.607560,2026-10-07
ORD005327,SX00005327,14321,IL01,Delivered,2026-10-04 04:42:07.452745,2026-10-07
ORD005328,SX00005328,13496,NJ01,In Transit,2026-10-04 04:42:59.297929,2026-10-05
ORD005329,SX00005329,11813,CA01,In Transit,2026-10-04 04:43:51.143114,2026-10-07
ORD005330,SX00005330,16256,NJ01,Delivered,2026-10-04 04:44:42.988298,2026-10-06
ORD005331,SX00005331,19643,TX01,Delivered,2026-10-04 04:45:34.833483,2026-10-05
ORD005332,SX00005332,12313,TX01,Delivered,2026-10-04 04:46:26.678667,2026-10-06
ORD005333,SX00005333,19706,CA01,Delivered,2026-10-04 04:47:18.523852,2026-10-05
ORD005334,SX00005334,11231,IL01,Delivered,2026-10-04 04:48:10.369036,2026-10-07
ORD005335,SX00005335,19837,NJ01,Delivered,2026-10-04 04:49:02.214221,2026-10-05
ORD005336,SX00005336,15831,TX01,Exception,2026-10-04 04:49:54.059405,2026-10-07
ORD005337,SX00005337,12999,TX01,Delivered,2026-10-04 04:50:45.904590,2026-10-07
ORD005338,SX00005338,13440,CA01,In Transit,2026-10-04 04:51:37.749774,2026-10-06
ORD005339,SX00005339,14056,TX01,Delivered,2026-10-04 04:52:29.594959,2026-10-07
ORD005340,SX00005340,10305,IL01,Delivered,2026-10-04 04:53:21.440144,2026-10-07
ORD005341,SX00005341,19915,NJ01,Delivered,2026-10-04 04:54:13.285328,2026-10-07
ORD005342,SX00005342,11689,IL01,Delivered,2026-10-04 04:55:05.130513,2026-10-06
ORD005343,SX00005343,19709,NJ01,In Transit,2026-10-04 04:55:56.975697,2026-10-07
ORD005344,SX00005344,13917,NJ01,In Transit,2026-10-04 04:56:48.820882,2026-10-06
ORD005345,SX00005345,17080,TX01,In Transit,2026-10-04 04:57:40.666066,2026-10-05
ORD005346,SX00005346,18611,CA01,Delivered,2026-10-04 04:58:32.511251,2026-10-06
ORD005347,SX00005347,12936,TX01,In Transit,2026-10-04 04:59:24.356435,2026-10-06
ORD005348,SX00005348,13862,IL01,Delivered,2026-10-04 05:00:16.201620,2026-10-07
ORD005349,SX00005349,19642,IL01,Delivered,2026-10-04 05:01:08.046804,2026-10-06
ORD005350,SX00005350,15649,CA01,Out for Delivery,2026-10-04 05:01:59.891989,2026-10-05
ORD005351,SX00005351,13261,IL01,Out for Delivery,2026-10-04 05:02:51.737173,2026-10-06
ORD005352,SX00005352,19356,IL01,Delivered,2026-10-04 05:03:43.582358,2026-10-07
ORD005353,SX00005353,11819,IL01,Out for Delivery,2026-10-04 05:04:35.427542,2026-10-05
ORD005354,SX00005354,11342,NJ01,In Transit,2026-10-04 05:05:27.272727,2026-10-07
ORD005355,SX00005355,15560,IL01,Delivered,2026-10-04 05:06:19.117911,2026-10-07
ORD005356,SX00005356,12226,CA01,Delivered,2026-10-04 05:07:10.963096,2026-10-06
ORD005357,SX00005357,11079,CA01,Exception,2026-10-04 05:08:02.808280,2026-10-07
ORD005358,SX00005358,14206,CA01,In Transit,2026-10-04 05:08:54.653465,2026-10-05
ORD005359,SX00005359,16280,IL01,Delivered,2026-10-04 05:09:46.498649,2026-10-05
ORD005360,SX00005360,17235,CA01,Delivered,2026-10-04 05:10:38.343834,2026-10-05
ORD005361,SX00005361,10813,CA01,Delivered,2026-10-04 05:11:30.189018,2026-10-05
ORD005362,SX00005362,15089,CA01,Delivered,2026-10-04 05:12:22.034203,2026-10-06
ORD005363,SX00005363,12031,TX01,Delivered,2026-10-04 05:13:13.879387,2026-10-05
ORD005364,SX00005364,18514,TX01,Delivered,2026-10-04 05:14:05.724572,2026-10-06
ORD005365,SX00005365,19095,IL01,Delivered,2026-10-04 05:14:57.569756,2026-10-07
ORD005366,SX00005366,19733,CA01,Out for Delivery,2026-10-04 05:15:49.414941,2026-10-07
ORD005367,SX00005367,15911,IL01,Exception,2026-10-04 05:16:41.260126,2026-10-06
ORD005368,SX00005368,12653,IL01,In Transit,2026-10-04 05:17:33.105310,2026-10-07
ORD005369,SX00005369,13340,CA01,Out for Delivery,2026-10-04 05:18:24.950495,2026-10-07
ORD005370,SX00005370,17876,NJ01,In Transit,2026-10-04 05:19:16.795679,2026-10-05
ORD005371,SX00005371,11141,IL01,Delivered,2026-10-04 05:20:08.640864,2026-10-07
ORD005372,SX00005372,19041,CA01,Out for Delivery,2026-10-04 05:21:00.486048,2026-10-07
ORD005373,SX00005373,18558,CA01,Delivered,2026-10-04 05:21:52.331233,2026-10-06
ORD005374,SX00005374,12897,IL01,Delivered,2026-10-04 05:22:44.176417,2026-10-05
ORD005375,SX00005375,19281,CA01,Delivered,2026-10-04 05:23:36.021602,2026-10-07
ORD005376,SX00005376,14041,IL01,Delivered,2026-10-04 05:24:27.866786,2026-10-07
ORD005377,SX00005377,12038,IL01,Delivered,2026-10-04 05:25:19.711971,2026-10-06
ORD005378,SX00005378,14270,IL01,In Transit,2026-10-04 05:26:11.557155,2026-10-07
ORD005379,SX00005379,14683,IL01,Delivered,2026-10-04 05:27:03.402340,2026-10-05
ORD005380,SX00005380,10494,IL01,Exception,2026-10-04 05:27:55.247524,2026-10-05
ORD005381,SX00005381,17116,IL01,Delivered,2026-10-04 05:28:47.092709,2026-10-05
ORD005382,SX00005382,11784,CA01,Out for Delivery,2026-10-04 05:29:38.937893,2026-10-06
ORD005383,SX00005383,13510,TX01,Delivered,2026-10-04 05:30:30.783078,2026-10-05
ORD005384,SX00005384,13786,CA01,Delivered,2026-10-04 05:31:22.628262,2026-10-05
ORD005385,SX00005385,15266,TX01,Delivered,2026-10-04 05:32:14.473447,2026-10-05
ORD005386,SX00005386,19190,IL01,Delivered,2026-10-04 05:33:06.318631,2026-10-05
ORD005387,SX00005387,15428,CA01,Delivered,2026-10-04 05:33:58.163816,2026-10-05
ORD005388,SX00005388,16681,CA01,Delivered,2026-10-04 05:34:50.009000,2026-10-05
ORD005389,SX00005389,16893,IL01,Delivered,2026-10-04 05:35:41.854185,2026-10-06
ORD005390,SX00005390,19643,IL01,Delivered,2026-10-04 05:36:33.699369,2026-10-05
ORD005391,SX00005391,19943,TX01,Exception,2026-10-04 05:37:25.544554,2026-10-07
ORD005392,SX00005392,14658,TX01,Delivered,2026-10-04 05:38:17.389738,2026-10-06
ORD005393,SX00005393,17082,CA01,Delivered,2026-10-04 05:39:09.234923,2026-10-07
ORD005394,SX00005394,16869,IL01,In Transit,2026-10-04 05:40:01.080108,2026-10-07
ORD005395,SX00005395,17607,IL01,Delivered,2026-10-04 05:40:52.925292,2026-10-05
ORD005396,SX00005396,17669,NJ01,Delivered,2026-10-04 05:41:44.770477,2026-10-07
ORD005397,SX00005397,16219,NJ01,Delivered,2026-10-04 05:42:36.615661,2026-10-07
ORD005398,SX00005398,14534,IL01,Delivered,2026-10-04 05:43:28.460846,2026-10-07
ORD005399,SX00005399,15979,IL01,Delivered,2026-10-04 05:44:20.306030,2026-10-05
ORD005400,SX00005400,18890,NJ01,Delivered,2026-10-04 05:45:12.151215,2026-10-05
ORD005401,SX00005401,11312,TX01,Delivered,2026-10-04 05:46:03.996399,2026-10-05
ORD005402,SX00005402,12962,IL01,In Transit,2026-10-04 05:46:55.841584,2026-10-06
ORD005403,SX00005403,12938,NJ01,In Transit,2026-10-04 05:47:47.686768,2026-10-05
ORD005404,SX00005404,13197,TX01,In Transit,2026-10-04 05:48:39.531953,2026-10-05
ORD005405,SX00005405,15296,CA01,Delivered,2026-10-04 05:49:31.377137,2026-10-07
ORD005406,SX00005406,17204,IL01,Delivered,2026-10-04 05:50:23.222322,2026-10-05
ORD005407,SX00005407,15730,IL01,Delivered,2026-10-04 05:51:15.067506,2026-10-07
ORD005408,SX00005408,10126,CA01,Delivered,2026-10-04 05:52:06.912691,2026-10-05
ORD005409,SX00005409,15602,IL01,Delivered,2026-10-04 05:52:58.757875,2026-10-05
ORD005410,SX00005410,11191,TX01,Out for Delivery,2026-10-04 05:53:50.603060,2026-10-05
ORD005411,SX00005411,12639,NJ01,Delivered,2026-10-04 05:54:42.448244,2026-10-05
ORD005412,SX00005412,11366,IL01,Delivered,2026-10-04 05:55:34.293429,2026-10-05
ORD005413,SX00005413,19211,TX01,Delivered,2026-10-04 05:56:26.138613,2026-10-05
ORD005414,SX00005414,16453,TX01,In Transit,2026-10-04 05:57:17.983798,2026-10-05
ORD005415,SX00005415,16671,NJ01,Delivered,2026-10-04 05:58:09.828982,2026-10-07
ORD005416,SX00005416,16683,IL01,Delivered,2026-10-04 05:59:01.674167,2026-10-06
ORD005417,SX00005417,14539,CA01,Out for Delivery,2026-10-04 05:59:53.519351,2026-10-06
ORD005418,SX00005418,18876,NJ01,Delivered,2026-10-04 06:00:45.364536,2026-10-05
ORD005419,SX00005419,12887,NJ01,Delivered,2026-10-04 06:01:37.209720,2026-10-06
ORD005420,SX00005420,19654,CA01,In Transit,2026-10-04 06:02:29.054905,2026-10-07
ORD005421,SX00005421,14086,NJ01,Out for Delivery,2026-10-04 06:03:20.900090,2026-10-07
ORD005422,SX00005422,12261,TX01,Delivered,2026-10-04 06:04:12.745274,2026-10-07
ORD005423,SX00005423,14180,CA01,Delivered,2026-10-04 06:05:04.590459,2026-10-06
ORD005424,SX00005424,12841,IL01,Delivered,2026-10-04 06:05:56.435643,2026-10-06
ORD005425,SX00005425,19959,NJ01,Delivered,2026-10-04 06:06:48.280828,2026-10-06
ORD005426,SX00005426,16040,CA01,Delivered,2026-10-04 06:07:40.126012,2026-10-05
ORD005427,SX00005427,13560,IL01,Exception,2026-10-04 06:08:31.971197,2026-10-07
ORD005428,SX00005428,14758,IL01,Delivered,2026-10-04 06:09:23.816381,2026-10-07
ORD005429,SX00005429,10626,CA01,Delivered,2026-10-04 06:10:15.661566,2026-10-05
ORD005430,SX00005430,15014,TX01,Delivered,2026-10-04 06:11:07.506750,2026-10-06
ORD005431,SX00005431,11375,CA01,Delivered,2026-10-04 06:11:59.351935,2026-10-07
ORD005432,SX00005432,11181,IL01,Delivered,2026-10-04 06:12:51.197119,2026-10-06
ORD005433,SX00005433,15708,IL01,Delivered,2026-10-04 06:13:43.042304,2026-10-05
ORD005434,SX00005434,10490,IL01,In Transit,2026-10-04 06:14:34.887488,2026-10-06
ORD005435,SX00005435,13729,TX01,Delivered,2026-10-04 06:15:26.732673,2026-10-05
ORD005436,SX00005436,15974,NJ01,Delivered,2026-10-04 06:16:18.577857,2026-10-06
ORD005437,SX00005437,13534,IL01,Delivered,2026-10-04 06:17:10.423042,2026-10-05
ORD005438,SX00005438,13296,IL01,Delivered,2026-10-04 06:18:02.268226,2026-10-07
ORD005439,SX00005439,11940,NJ01,Delivered,2026-10-04 06:18:54.113411,2026-10-05
ORD005440,SX00005440,15014,NJ01,In Transit,2026-10-04 06:19:45.958595,2026-10-06
ORD005441,SX00005441,11882,IL01,Out for Delivery,2026-10-04 06:20:37.803780,2026-10-07
ORD005442,SX00005442,14908,CA01,Delivered,2026-10-04 06:21:29.648964,2026-10-06
ORD005443,SX00005443,12987,IL01,In Transit,2026-10-04 06:22:21.494149,2026-10-06
ORD005444,SX00005444,15585,TX01,Delivered,2026-10-04 06:23:13.339333,2026-10-05
ORD005445,SX00005445,13159,CA01,Delivered,2026-10-04 06:24:05.184518,2026-10-05
ORD005446,SX00005446,14530,NJ01,Delivered,2026-10-04 06:24:57.029702,2026-10-06
ORD005447,SX00005447,10681,IL01,Delivered,2026-10-04 06:25:48.874887,2026-10-05
ORD005448,SX00005448,15254,IL01,Delivered,2026-10-04 06:26:40.720072,2026-10-06
ORD005449,SX00005449,11073,CA01,Delivered,2026-10-04 06:27:32.565256,2026-10-05
ORD005450,SX00005450,12387,IL01,Delivered,2026-10-04 06:28:24.410441,2026-10-05
ORD005451,SX00005451,12693,TX01,Delivered,2026-10-04 06:29:16.255625,2026-10-06
ORD005452,SX00005452,19562,CA01,Delivered,2026-10-04 06:30:08.100810,2026-10-07
ORD005453,SX00005453,14340,CA01,Delivered,2026-10-04 06:30:59.945994,2026-10-05
ORD005454,SX00005454,12156,NJ01,In Transit,2026-10-04 06:31:51.791179,2026-10-06
ORD005455,SX00005455,17966,TX01,Delivered,2026-10-04 06:32:43.636363,2026-10-07
ORD005456,SX00005456,12580,CA01,Delivered,2026-10-04 06:33:35.481548,2026-10-05
ORD005457,SX00005457,17257,IL01,Delivered,2026-10-04 06:34:27.326732,2026-10-05
ORD005458,SX00005458,12159,IL01,Out for Delivery,2026-10-04 06:35:19.171917,2026-10-06
ORD005459,SX00005459,16772,IL01,Delivered,2026-10-04 06:36:11.017101,2026-10-05
ORD005460,SX00005460,11627,IL01,In Transit,2026-10-04 06:37:02.862286,2026-10-06
ORD005461,SX00005461,18219,CA01,Delivered,2026-10-04 06:37:54.707470,2026-10-06
ORD005462,SX00005462,17080,NJ01,Out for Delivery,2026-10-04 06:38:46.552655,2026-10-05
ORD005463,SX00005463,11985,CA01,Delivered,2026-10-04 06:39:38.397839,2026-10-07
ORD005464,SX00005464,19713,TX01,Delivered,2026-10-04 06:40:30.243024,2026-10-05
ORD005465,SX00005465,18488,TX01,Delivered,2026-10-04 06:41:22.088208,2026-10-07
ORD005466,SX00005466,12181,NJ01,Delivered,2026-10-04 06:42:13.933393,2026-10-05
ORD005467,SX00005467,12296,IL01,Delivered,2026-10-04 06:43:05.778577,2026-10-07
ORD005468,SX00005468,17164,CA01,Delivered,2026-10-04 06:43:57.623762,2026-10-05
ORD005469,SX00005469,12597,NJ01,Delivered,2026-10-04 06:44:49.468946,2026-10-07
ORD005470,SX00005470,10901,NJ01,Delivered,2026-10-04 06:45:41.314131,2026-10-07
ORD005471,SX00005471,16060,IL01,Out for Delivery,2026-10-04 06:46:33.159315,2026-10-05
ORD005472,SX00005472,19290,CA01,Out for Delivery,2026-10-04 06:47:25.004500,2026-10-05
ORD005473,SX00005473,11677,CA01,Delivered,2026-10-04 06:48:16.849684,2026-10-06
ORD005474,SX00005474,12881,NJ01,Delivered,2026-10-04 06:49:08.694869,2026-10-07
ORD005475,SX00005475,15622,NJ01,Delivered,2026-10-04 06:50:00.540054,2026-10-05
ORD005476,SX00005476,18052,TX01,In Transit,2026-10-04 06:50:52.385238,2026-10-06
ORD005477,SX00005477,11378,IL01,In Transit,2026-10-04 06:51:44.230423,2026-10-05
ORD005478,SX00005478,11248,IL01,Out for Delivery,2026-10-04 06:52:36.075607,2026-10-07
ORD005479,SX00005479,15650,TX01,Delivered,2026-10-04 06:53:27.920792,2026-10-05
ORD005480,SX00005480,16079,IL01,In Transit,2026-10-04 06:54:19.765976,2026-10-05
ORD005481,SX00005481,19456,NJ01,In Transit,2026-10-04 06:55:11.611161,2026-10-06
ORD005482,SX00005482,17036,NJ01,Delivered,2026-10-04 06:56:03.456345,2026-10-05
ORD005483,SX00005483,16487,IL01,In Transit,2026-10-04 06:56:55.301530,2026-10-06
ORD005484,SX00005484,11058,IL01,Delivered,2026-10-04 06:57:47.146714,2026-10-07
ORD005485,SX00005485,12048,IL01,Delivered,2026-10-04 06:58:38.991899,2026-10-07
ORD005486,SX00005486,16115,IL01,Out for Delivery,2026-10-04 06:59:30.837083,2026-10-05
ORD005487,SX00005487,14248,NJ01,Delivered,2026-10-04 07:00:22.682268,2026-10-06
ORD005488,SX00005488,12476,TX01,In Transit,2026-10-04 07:01:14.527452,2026-10-07
ORD005489,SX00005489,14603,CA01,Delivered,2026-10-04 07:02:06.372637,2026-10-05
ORD005490,SX00005490,13553,IL01,In Transit,2026-10-04 07:02:58.217821,2026-10-05
ORD005491,SX00005491,19953,CA01,Delivered,2026-10-04 07:03:50.063006,2026-10-05
ORD005492,SX00005492,10220,IL01,Out for Delivery,2026-10-04 07:04:41.908190,2026-10-05
ORD005493,SX00005493,14818,NJ01,In Transit,2026-10-04 07:05:33.753375,2026-10-05
ORD005494,SX00005494,17192,NJ01,Delivered,2026-10-04 07:06:25.598559,2026-10-06
ORD005495,SX00005495,14623,NJ01,Delivered,2026-10-04 07:07:17.443744,2026-10-05
ORD005496,SX00005496,17349,TX01,In Transit,2026-10-04 07:08:09.288928,2026-10-05
ORD005497,SX00005497,15618,IL01,Delivered,2026-10-04 07:09:01.134113,2026-10-05
ORD005498,SX00005498,19856,IL01,Delivered,2026-10-04 07:09:52.979297,2026-10-05
ORD005499,SX00005499,17209,CA01,Delivered,2026-10-04 07:10:44.824482,2026-10-05
ORD005500,SX00005500,14576,IL01,Out for Delivery,2026-10-04 07:11:36.669666,2026-10-05
ORD005501,SX00005501,11871,IL01,Delivered,2026-10-04 07:12:28.514851,2026-10-05
ORD005502,SX00005502,17915,IL01,Out for Delivery,2026-10-04 07:13:20.360036,2026-10-07
ORD005503,SX00005503,11462,IL01,In Transit,2026-10-04 07:14:12.205220,2026-10-07
ORD005504,SX00005504,15521,NJ01,Delivered,2026-10-04 07:15:04.050405,2026-10-05
ORD005505,SX00005505,18536,NJ01,Delivered,2026-10-04 07:15:55.895589,2026-10-06
ORD005506,SX00005506,18236,IL01,Out for Delivery,2026-10-04 07:16:47.740774,2026-10-05
ORD005507,SX00005507,17813,IL01,In Transit,2026-10-04 07:17:39.585958,2026-10-06
ORD005508,SX00005508,12068,TX01,Delivered,2026-10-04 07:18:31.431143,2026-10-06
ORD005509,SX00005509,15753,TX01,Out for Delivery,2026-10-04 07:19:23.276327,2026-10-06
ORD005510,SX00005510,17237,CA01,Delivered,2026-10-04 07:20:15.121512,2026-10-06
ORD005511,SX00005511,17016,CA01,Delivered,2026-10-04 07:21:06.966696,2026-10-06
ORD005512,SX00005512,16191,CA01,In Transit,2026-10-04 07:21:58.811881,2026-10-07
ORD005513,SX00005513,11514,TX01,Delivered,2026-10-04 07:22:50.657065,2026-10-05
ORD005514,SX00005514,12598,NJ01,Delivered,2026-10-04 07:23:42.502250,2026-10-07
ORD005515,SX00005515,11001,IL01,In Transit,2026-10-04 07:24:34.347434,2026-10-07
ORD005516,SX00005516,11033,NJ01,Delivered,2026-10-04 07:25:26.192619,2026-10-05
ORD005517,SX00005517,16899,IL01,Delivered,2026-10-04 07:26:18.037803,2026-10-07
ORD005518,SX00005518,18465,CA01,Delivered,2026-10-04 07:27:09.882988,2026-10-05
ORD005519,SX00005519,15051,NJ01,Delivered,2026-10-04 07:28:01.728172,2026-10-05
ORD005520,SX00005520,19971,TX01,Delivered,2026-10-04 07:28:53.573357,2026-10-05
ORD005521,SX00005521,14476,IL01,In Transit,2026-10-04 07:29:45.418541,2026-10-05
ORD005522,SX00005522,10478,NJ01,Delivered,2026-10-04 07:30:37.263726,2026-10-06
ORD005523,SX00005523,10515,IL01,In Transit,2026-10-04 07:31:29.108910,2026-10-06
ORD005524,SX00005524,11191,IL01,In Transit,2026-10-04 07:32:20.954095,2026-10-07
ORD005525,SX00005525,16297,IL01,In Transit,2026-10-04 07:33:12.799279,2026-10-05
ORD005526,SX00005526,19603,IL01,Delivered,2026-10-04 07:34:04.644464,2026-10-05
ORD005527,SX00005527,10271,NJ01,Delivered,2026-10-04 07:34:56.489648,2026-10-05
ORD005528,SX00005528,18334,NJ01,Delivered,2026-10-04 07:35:48.334833,2026-10-05
ORD005529,SX00005529,17778,CA01,In Transit,2026-10-04 07:36:40.180018,2026-10-06
ORD005530,SX00005530,16008,NJ01,Delivered,2026-10-04 07:37:32.025202,2026-10-06
ORD005531,SX00005531,17987,IL01,Delivered,2026-10-04 07:38:23.870387,2026-10-06
ORD005532,SX00005532,13332,CA01,Delivered,2026-10-04 07:39:15.715571,2026-10-07
ORD005533,SX00005533,10787,NJ01,In Transit,2026-10-04 07:40:07.560756,2026-10-05
ORD005534,SX00005534,16222,NJ01,Delivered,2026-10-04 07:40:59.405940,2026-10-06
ORD005535,SX00005535,19873,NJ01,Exception,2026-10-04 07:41:51.251125,2026-10-06
ORD005536,SX00005536,10622,TX01,Delivered,2026-10-04 07:42:43.096309,2026-10-05
ORD005537,SX00005537,13841,IL01,Delivered,2026-10-04 07:43:34.941494,2026-10-06
ORD005538,SX00005538,13676,IL01,Delivered,2026-10-04 07:44:26.786678,2026-10-05
ORD005539,SX00005539,12572,TX01,Delivered,2026-10-04 07:45:18.631863,2026-10-05
ORD005540,SX00005540,16915,IL01,Out for Delivery,2026-10-04 07:46:10.477047,2026-10-06
ORD005541,SX00005541,15033,CA01,Delivered,2026-10-04 07:47:02.322232,2026-10-07
ORD005542,SX00005542,17788,NJ01,Delivered,2026-10-04 07:47:54.167416,2026-10-05
ORD005543,SX00005543,15214,NJ01,In Transit,2026-10-04 07:48:46.012601,2026-10-07
ORD005544,SX00005544,14712,TX01,Delivered,2026-10-04 07:49:37.857785,2026-10-06
ORD005545,SX00005545,10066,IL01,Exception,2026-10-04 07:50:29.702970,2026-10-05
ORD005546,SX00005546,17533,CA01,Delivered,2026-10-04 07:51:21.548154,2026-10-05
ORD005547,SX00005547,14616,CA01,Delivered,2026-10-04 07:52:13.393339,2026-10-06
ORD005548,SX00005548,11140,NJ01,Delivered,2026-10-04 07:53:05.238523,2026-10-07
ORD005549,SX00005549,15730,CA01,In Transit,2026-10-04 07:53:57.083708,2026-10-06
ORD005550,SX00005550,17465,IL01,Delivered,2026-10-04 07:54:48.928892,2026-10-06
ORD005551,SX00005551,19379,CA01,Exception,2026-10-04 07:55:40.774077,2026-10-06
ORD005552,SX00005552,14471,IL01,In Transit,2026-10-04 07:56:32.619261,2026-10-07
ORD005553,SX00005553,13339,IL01,Out for Delivery,2026-10-04 07:57:24.464446,2026-10-05
ORD005554,SX00005554,10548,IL01,Exception,2026-10-04 07:58:16.309630,2026-10-05
ORD005555,SX00005555,17675,IL01,Delivered,2026-10-04 07:59:08.154815,2026-10-06
ORD005556,SX00005556,18264,IL01,Delivered,2026-10-04 08:00:00.000000,2026-10-06
ORD005557,SX00005557,10198,CA01,Delivered,2026-10-04 08:00:51.845184,2026-10-07
ORD005558,SX00005558,19973,CA01,Delivered,2026-10-04 08:01:43.690369,2026-10-06
ORD005559,SX00005559,10571,IL01,Delivered,2026-10-04 08:02:35.535553,2026-10-07
ORD005560,SX00005560,10790,IL01,Delivered,2026-10-04 08:03:27.380738,2026-10-07
ORD005561,SX00005561,19830,CA01,Delivered,2026-10-04 08:04:19.225922,2026-10-07
ORD005562,SX00005562,11174,IL01,Delivered,2026-10-04 08:05:11.071107,2026-10-06
ORD005563,SX00005563,10178,IL01,Delivered,2026-10-04 08:06:02.916291,2026-10-05
ORD005564,SX00005564,12244,NJ01,Delivered,2026-10-04 08:06:54.761476,2026-10-07
ORD005565,SX00005565,14086,NJ01,Delivered,2026-10-04 08:07:46.606660,2026-10-05
ORD005566,SX00005566,10734,IL01,Delivered,2026-10-04 08:08:38.451845,2026-10-07
ORD005567,SX00005567,16232,TX01,Delivered,2026-10-04 08:09:30.297029,2026-10-06
ORD005568,SX00005568,10798,NJ01,In Transit,2026-10-04 08:10:22.142214,2026-10-07
ORD005569,SX00005569,17601,IL01,Delivered,2026-10-04 08:11:13.987398,2026-10-07
ORD005570,SX00005570,18979,CA01,In Transit,2026-10-04 08:12:05.832583,2026-10-05
ORD005571,SX00005571,12795,NJ01,Delivered,2026-10-04 08:12:57.677767,2026-10-06
ORD005572,SX00005572,14588,IL01,Delivered,2026-10-04 08:13:49.522952,2026-10-07
ORD005573,SX00005573,17297,IL01,Delivered,2026-10-04 08:14:41.368136,2026-10-06
ORD005574,SX00005574,13084,IL01,Delivered,2026-10-04 08:15:33.213321,2026-10-05
ORD005575,SX00005575,10731,NJ01,Delivered,2026-10-04 08:16:25.058505,2026-10-06
ORD005576,SX00005576,11129,IL01,In Transit,2026-10-04 08:17:16.903690,2026-10-06
ORD005577,SX00005577,11605,NJ01,Out for Delivery,2026-10-04 08:18:08.748874,2026-10-05
ORD005578,SX00005578,12933,IL01,Out for Delivery,2026-10-04 08:19:00.594059,2026-10-07
ORD005579,SX00005579,19407,TX01,Delivered,2026-10-04 08:19:52.439243,2026-10-07
ORD005580,SX00005580,18516,TX01,Delivered,2026-10-04 08:20:44.284428,2026-10-06
ORD005581,SX00005581,15074,NJ01,Delivered,2026-10-04 08:21:36.129612,2026-10-07
ORD005582,SX00005582,17099,TX01,Delivered,2026-10-04 08:22:27.974797,2026-10-05
ORD005583,SX00005583,11490,CA01,In Transit,2026-10-04 08:23:19.819981,2026-10-06
ORD005584,SX00005584,10893,NJ01,Delivered,2026-10-04 08:24:11.665166,2026-10-06
ORD005585,SX00005585,11390,IL01,Out for Delivery,2026-10-04 08:25:03.510351,2026-10-07
ORD005586,SX00005586,13389,NJ01,Delivered,2026-10-04 08:25:55.355535,2026-10-07
ORD005587,SX00005587,14239,CA01,Delivered,2026-10-04 08:26:47.200720,2026-10-07
ORD005588,SX00005588,14479,IL01,Exception,2026-10-04 08:27:39.045904,2026-10-06
ORD005589,SX00005589,12263,IL01,Out for Delivery,2026-10-04 08:28:30.891089,2026-10-07
ORD005590,SX00005590,13432,NJ01,Delivered,2026-10-04 08:29:22.736273,2026-10-06
ORD005591,SX00005591,12371,TX01,Delivered,2026-10-04 08:30:14.581458,2026-10-07
ORD005592,SX00005592,14312,TX01,Delivered,2026-10-04 08:31:06.426642,2026-10-06
ORD005593,SX00005593,11515,IL01,Delivered,2026-10-04 08:31:58.271827,2026-10-06
ORD005594,SX00005594,16326,IL01,In Transit,2026-10-04 08:32:50.117011,2026-10-06
ORD005595,SX00005595,17088,CA01,Delivered,2026-10-04 08:33:41.962196,2026-10-07
ORD005596,SX00005596,15586,IL01,Delivered,2026-10-04 08:34:33.807380,2026-10-07
ORD005597,SX00005597,12917,IL01,Delivered,2026-10-04 08:35:25.652565,2026-10-05
ORD005598,SX00005598,15731,NJ01,Delivered,2026-10-04 08:36:17.497749,2026-10-06
ORD005599,SX00005599,17686,TX01,Delivered,2026-10-04 08:37:09.342934,2026-10-07
ORD005600,SX00005600,11167,TX01,Out for Delivery,2026-10-04 08:38:01.188118,2026-10-05
ORD005601,SX00005601,18302,CA01,Delivered,2026-10-04 08:38:53.033303,2026-10-05
ORD005602,SX00005602,15109,IL01,In Transit,2026-10-04 08:39:44.878487,2026-10-07
ORD005603,SX00005603,14327,IL01,Delivered,2026-10-04 08:40:36.723672,2026-10-06
ORD005604,SX00005604,15810,IL01,In Transit,2026-10-04 08:41:28.568856,2026-10-05
ORD005605,SX00005605,13655,CA01,Out for Delivery,2026-10-04 08:42:20.414041,2026-10-05
ORD005606,SX00005606,13793,NJ01,Delivered,2026-10-04 08:43:12.259225,2026-10-06
ORD005607,SX00005607,19947,IL01,Delivered,2026-10-04 08:44:04.104410,2026-10-07
ORD005608,SX00005608,16738,TX01,Delivered,2026-10-04 08:44:55.949594,2026-10-06
ORD005609,SX00005609,11577,IL01,Delivered,2026-10-04 08:45:47.794779,2026-10-06
ORD005610,SX00005610,19488,NJ01,In Transit,2026-10-04 08:46:39.639963,2026-10-07
ORD005611,SX00005611,12220,CA01,Delivered,2026-10-04 08:47:31.485148,2026-10-05
ORD005612,SX00005612,19164,IL01,Delivered,2026-10-04 08:48:23.330333,2026-10-06
ORD005613,SX00005613,11030,IL01,Delivered,2026-10-04 08:49:15.175517,2026-10-05
ORD005614,SX00005614,16691,IL01,Delivered,2026-10-04 08:50:07.020702,2026-10-05
ORD005615,SX00005615,13992,IL01,Delivered,2026-10-04 08:50:58.865886,2026-10-05
ORD005616,SX00005616,10913,IL01,Delivered,2026-10-04 08:51:50.711071,2026-10-07
ORD005617,SX00005617,16358,TX01,In Transit,2026-10-04 08:52:42.556255,2026-10-05
ORD005618,SX00005618,12181,IL01,Delivered,2026-10-04 08:53:34.401440,2026-10-06
ORD005619,SX00005619,13197,CA01,Delivered,2026-10-04 08:54:26.246624,2026-10-06
ORD005620,SX00005620,16040,IL01,In Transit,2026-10-04 08:55:18.091809,2026-10-06
ORD005621,SX00005621,11462,IL01,Delivered,2026-10-04 08:56:09.936993,2026-10-07
ORD005622,SX00005622,17037,IL01,In Transit,2026-10-04 08:57:01.782178,2026-10-06
ORD005623,SX00005623,19499,TX01,In Transit,2026-10-04 08:57:53.627362,2026-10-07
ORD005624,SX00005624,14994,NJ01,In Transit,2026-10-04 08:58:45.472547,2026-10-05
ORD005625,SX00005625,19381,TX01,Delivered,2026-10-04 08:59:37.317731,2026-10-05
ORD005626,SX00005626,15308,TX01,In Transit,2026-10-04 09:00:29.162916,2026-10-07
ORD005627,SX00005627,16221,CA01,In Transit,2026-10-04 09:01:21.008100,2026-10-07
ORD005628,SX00005628,17090,TX01,In Transit,2026-10-04 09:02:12.853285,2026-10-07
ORD005629,SX00005629,17769,IL01,Delivered,2026-10-04 09:03:04.698469,2026-10-05
ORD005630,SX00005630,10687,TX01,Delivered,2026-10-04 09:03:56.543654,2026-10-07
ORD005631,SX00005631,14661,CA01,Delivered,2026-10-04 09:04:48.388838,2026-10-05
ORD005632,SX00005632,19399,CA01,Delivered,2026-10-04 09:05:40.234023,2026-10-05
ORD005633,SX00005633,11894,IL01,Delivered,2026-10-04 09:06:32.079207,2026-10-06
ORD005634,SX00005634,17389,NJ01,Delivered,2026-10-04 09:07:23.924392,2026-10-05
ORD005635,SX00005635,14922,IL01,Out for Delivery,2026-10-04 09:08:15.769576,2026-10-07
ORD005636,SX00005636,16322,IL01,Out for Delivery,2026-10-04 09:09:07.614761,2026-10-07
ORD005637,SX00005637,13183,TX01,In Transit,2026-10-04 09:09:59.459945,2026-10-07
ORD005638,SX00005638,13797,CA01,Exception,2026-10-04 09:10:51.305130,2026-10-05
ORD005639,SX00005639,15178,NJ01,Exception,2026-10-04 09:11:43.150315,2026-10-05
ORD005640,SX00005640,19836,CA01,Out for Delivery,2026-10-04 09:12:34.995499,2026-10-06
ORD005641,SX00005641,13968,IL01,Delivered,2026-10-04 09:13:26.840684,2026-10-06
ORD005642,SX00005642,12716,IL01,Delivered,2026-10-04 09:14:18.685868,2026-10-07
ORD005643,SX00005643,10190,NJ01,Delivered,2026-10-04 09:15:10.531053,2026-10-05
ORD005644,SX00005644,11335,IL01,Delivered,2026-10-04 09:16:02.376237,2026-10-07
ORD005645,SX00005645,18181,CA01,In Transit,2026-10-04 09:16:54.221422,2026-10-07
ORD005646,SX00005646,10378,IL01,Delivered,2026-10-04 09:17:46.066606,2026-10-07
ORD005647,SX00005647,13829,NJ01,Delivered,2026-10-04 09:18:37.911791,2026-10-06
ORD005648,SX00005648,16380,NJ01,Delivered,2026-10-04 09:19:29.756975,2026-10-07
ORD005649,SX00005649,10615,IL01,Delivered,2026-10-04 09:20:21.602160,2026-10-06
ORD005650,SX00005650,12330,CA01,Delivered,2026-10-04 09:21:13.447344,2026-10-05
ORD005651,SX00005651,11754,NJ01,In Transit,2026-10-04 09:22:05.292529,2026-10-07
ORD005652,SX00005652,10463,NJ01,Delivered,2026-10-04 09:22:57.137713,2026-10-06
ORD005653,SX00005653,19158,TX01,Delivered,2026-10-04 09:23:48.982898,2026-10-05
ORD005654,SX00005654,14267,IL01,In Transit,2026-10-04 09:24:40.828082,2026-10-06
ORD005655,SX00005655,13158,TX01,In Transit,2026-10-04 09:25:32.673267,2026-10-07
ORD005656,SX00005656,13624,IL01,Delivered,2026-10-04 09:26:24.518451,2026-10-05
ORD005657,SX00005657,14938,IL01,Delivered,2026-10-04 09:27:16.363636,2026-10-05
ORD005658,SX00005658,15417,CA01,Delivered,2026-10-04 09:28:08.208820,2026-10-05
ORD005659,SX00005659,16004,TX01,In Transit,2026-10-04 09:29:00.054005,2026-10-06
ORD005660,SX00005660,18881,IL01,Delivered,2026-10-04 09:29:51.899189,2026-10-06
ORD005661,SX00005661,15603,NJ01,Delivered,2026-10-04 09:30:43.744374,2026-10-06
ORD005662,SX00005662,12212,CA01,Delivered,2026-10-04 09:31:35.589558,2026-10-05
ORD005663,SX00005663,16120,IL01,In Transit,2026-10-04 09:32:27.434743,2026-10-07
ORD005664,SX00005664,15818,IL01,Delivered,2026-10-04 09:33:19.279927,2026-10-07
ORD005665,SX00005665,10382,NJ01,Delivered,2026-10-04 09:34:11.125112,2026-10-05
ORD005666,SX00005666,12256,IL01,Delivered,2026-10-04 09:35:02.970297,2026-10-07
ORD005667,SX00005667,11412,IL01,Delivered,2026-10-04 09:35:54.815481,2026-10-05
ORD005668,SX00005668,19775,CA01,Delivered,2026-10-04 09:36:46.660666,2026-10-07
ORD005669,SX00005669,16146,IL01,Delivered,2026-10-04 09:37:38.505850,2026-10-07
ORD005670,SX00005670,10371,TX01,Delivered,2026-10-04 09:38:30.351035,2026-10-07
ORD005671,SX00005671,15806,NJ01,In Transit,2026-10-04 09:39:22.196219,2026-10-06
ORD005672,SX00005672,15565,NJ01,Delivered,2026-10-04 09:40:14.041404,2026-10-06
ORD005673,SX00005673,18802,TX01,In Transit,2026-10-04 09:41:05.886588,2026-10-05
ORD005674,SX00005674,18307,NJ01,Delivered,2026-10-04 09:41:57.731773,2026-10-06
ORD005675,SX00005675,17437,IL01,Delivered,2026-10-04 09:42:49.576957,2026-10-05
ORD005676,SX00005676,10446,IL01,Delivered,2026-10-04 09:43:41.422142,2026-10-06
ORD005677,SX00005677,11391,TX01,Delivered,2026-10-04 09:44:33.267326,2026-10-07
ORD005678,SX00005678,11340,IL01,Delivered,2026-10-04 09:45:25.112511,2026-10-06
ORD005679,SX00005679,12939,IL01,Delivered,2026-10-04 09:46:16.957695,2026-10-06
ORD005680,SX00005680,15969,CA01,In Transit,2026-10-04 09:47:08.802880,2026-10-06
ORD005681,SX00005681,19265,CA01,Exception,2026-10-04 09:48:00.648064,2026-10-05
ORD005682,SX00005682,14813,IL01,Delivered,2026-10-04 09:48:52.493249,2026-10-05
ORD005683,SX00005683,13569,IL01,Delivered,2026-10-04 09:49:44.338433,2026-10-07
ORD005684,SX00005684,15454,TX01,Delivered,2026-10-04 09:50:36.183618,2026-10-07
ORD005685,SX00005685,13150,TX01,In Transit,2026-10-04 09:51:28.028802,2026-10-07
ORD005686,SX00005686,19797,IL01,Delivered,2026-10-04 09:52:19.873987,2026-10-06
ORD005687,SX00005687,16414,IL01,Delivered,2026-10-04 09:53:11.719171,2026-10-07
ORD005688,SX00005688,14657,TX01,Delivered,2026-10-04 09:54:03.564356,2026-10-05
ORD005689,SX00005689,16947,CA01,Delivered,2026-10-04 09:54:55.409540,2026-10-07
ORD005690,SX00005690,17943,TX01,Delivered,2026-10-04 09:55:47.254725,2026-10-07
ORD005691,SX00005691,13662,IL01,Delivered,2026-10-04 09:56:39.099909,2026-10-07
ORD005692,SX00005692,14482,NJ01,Delivered,2026-10-04 09:57:30.945094,2026-10-07
ORD005693,SX00005693,14797,NJ01,Delivered,2026-10-04 09:58:22.790279,2026-10-07
ORD005694,SX00005694,15068,IL01,Delivered,2026-10-04 09:59:14.635463,2026-10-05
ORD005695,SX00005695,15480,IL01,Delivered,2026-10-04 10:00:06.480648,2026-10-06
ORD005696,SX00005696,18033,IL01,Delivered,2026-10-04 10:00:58.325832,2026-10-07
ORD005697,SX00005697,10983,NJ01,Delivered,2026-10-04 10:01:50.171017,2026-10-06
ORD005698,SX00005698,15607,NJ01,Delivered,2026-10-04 10:02:42.016201,2026-10-07
ORD005699,SX00005699,18543,TX01,Delivered,2026-10-04 10:03:33.861386,2026-10-06
ORD005700,SX00005700,19916,TX01,In Transit,2026-10-04 10:04:25.706570,2026-10-05
ORD005701,SX00005701,19471,CA01,In Transit,2026-10-04 10:05:17.551755,2026-10-06
ORD005702,SX00005702,11907,TX01,Delivered,2026-10-04 10:06:09.396939,2026-10-07
ORD005703,SX00005703,16924,IL01,Delivered,2026-10-04 10:07:01.242124,2026-10-06
ORD005704,SX00005704,19216,IL01,In Transit,2026-10-04 10:07:53.087308,2026-10-06
ORD005705,SX00005705,18737,NJ01,Delivered,2026-10-04 10:08:44.932493,2026-10-07
ORD005706,SX00005706,14174,IL01,Delivered,2026-10-04 10:09:36.777677,2026-10-06
ORD005707,SX00005707,19080,CA01,In Transit,2026-10-04 10:10:28.622862,2026-10-07
ORD005708,SX00005708,17265,IL01,Delivered,2026-10-04 10:11:20.468046,2026-10-05
ORD005709,SX00005709,19297,IL01,Delivered,2026-10-04 10:12:12.313231,2026-10-07
ORD005710,SX00005710,11990,NJ01,Delivered,2026-10-04 10:13:04.158415,2026-10-05
ORD005711,SX00005711,15596,NJ01,Delivered,2026-10-04 10:13:56.003600,2026-10-06
ORD005712,SX00005712,13998,TX01,Delivered,2026-10-04 10:14:47.848784,2026-10-07
ORD005713,SX00005713,13775,NJ01,Delivered,2026-10-04 10:15:39.693969,2026-10-06
ORD005714,SX00005714,19112,IL01,Delivered,2026-10-04 10:16:31.539153,2026-10-05
ORD005715,SX00005715,14645,IL01,Delivered,2026-10-04 10:17:23.384338,2026-10-05
ORD005716,SX00005716,12061,CA01,Delivered,2026-10-04 10:18:15.229522,2026-10-06
ORD005717,SX00005717,14487,IL01,Delivered,2026-10-04 10:19:07.074707,2026-10-07
ORD005718,SX00005718,14435,IL01,Delivered,2026-10-04 10:19:58.919891,2026-10-07
ORD005719,SX00005719,12644,NJ01,Delivered,2026-10-04 10:20:50.765076,2026-10-07
ORD005720,SX00005720,11045,IL01,Delivered,2026-10-04 10:21:42.610261,2026-10-07
ORD005721,SX00005721,17951,NJ01,Delivered,2026-10-04 10:22:34.455445,2026-10-05
ORD005722,SX00005722,16449,TX01,Delivered,2026-10-04 10:23:26.300630,2026-10-07
ORD005723,SX00005723,12681,TX01,Delivered,2026-10-04 10:24:18.145814,2026-10-06
ORD005724,SX00005724,13199,TX01,Delivered,2026-10-04 10:25:09.990999,2026-10-05
ORD005725,SX00005725,16768,IL01,Delivered,2026-10-04 10:26:01.836183,2026-10-06
ORD005726,SX00005726,19130,NJ01,Delivered,2026-10-04 10:26:53.681368,2026-10-06
ORD005727,SX00005727,17440,IL01,Delivered,2026-10-04 10:27:45.526552,2026-10-06
ORD005728,SX00005728,18633,IL01,In Transit,2026-10-04 10:28:37.371737,2026-10-05
ORD005729,SX00005729,12550,NJ01,Delivered,2026-10-04 10:29:29.216921,2026-10-07
ORD005730,SX00005730,14225,IL01,Delivered,2026-10-04 10:30:21.062106,2026-10-06
ORD005731,SX00005731,10596,TX01,In Transit,2026-10-04 10:31:12.907290,2026-10-06
ORD005732,SX00005732,16054,TX01,Delivered,2026-10-04 10:32:04.752475,2026-10-07
ORD005733,SX00005733,11505,CA01,Exception,2026-10-04 10:32:56.597659,2026-10-07
ORD005734,SX00005734,19053,TX01,Out for Delivery,2026-10-04 10:33:48.442844,2026-10-07
ORD005735,SX00005735,16468,IL01,Delivered,2026-10-04 10:34:40.288028,2026-10-07
ORD005736,SX00005736,17236,IL01,Out for Delivery,2026-10-04 10:35:32.133213,2026-10-06
ORD005737,SX00005737,11551,IL01,In Transit,2026-10-04 10:36:23.978397,2026-10-05
ORD005738,SX00005738,19928,IL01,Out for Delivery,2026-10-04 10:37:15.823582,2026-10-07
ORD005739,SX00005739,16852,IL01,Delivered,2026-10-04 10:38:07.668766,2026-10-07
ORD005740,SX00005740,11449,IL01,Delivered,2026-10-04 10:38:59.513951,2026-10-06
ORD005741,SX00005741,15953,NJ01,Delivered,2026-10-04 10:39:51.359135,2026-10-07
ORD005742,SX00005742,18456,TX01,Delivered,2026-10-04 10:40:43.204320,2026-10-06
ORD005743,SX00005743,18042,TX01,Delivered,2026-10-04 10:41:35.049504,2026-10-06
ORD005744,SX00005744,12659,NJ01,Delivered,2026-10-04 10:42:26.894689,2026-10-06
ORD005745,SX00005745,17509,NJ01,Exception,2026-10-04 10:43:18.739873,2026-10-06
ORD005746,SX00005746,17893,NJ01,Delivered,2026-10-04 10:44:10.585058,2026-10-07
ORD005747,SX00005747,17445,TX01,In Transit,2026-10-04 10:45:02.430243,2026-10-05
ORD005748,SX00005748,12721,IL01,Delivered,2026-10-04 10:45:54.275427,2026-10-07
ORD005749,SX00005749,19654,TX01,Delivered,2026-10-04 10:46:46.120612,2026-10-05
ORD005750,SX00005750,19637,NJ01,Delivered,2026-10-04 10:47:37.965796,2026-10-07
ORD005751,SX00005751,12925,IL01,Delivered,2026-10-04 10:48:29.810981,2026-10-06
ORD005752,SX00005752,19824,IL01,Exception,2026-10-04 10:49:21.656165,2026-10-07
ORD005753,SX00005753,17104,IL01,Delivered,2026-10-04 10:50:13.501350,2026-10-06
ORD005754,SX00005754,16240,NJ01,Delivered,2026-10-04 10:51:05.346534,2026-10-07
ORD005755,SX00005755,10512,TX01,Delivered,2026-10-04 10:51:57.191719,2026-10-06
ORD005756,SX00005756,10215,IL01,Delivered,2026-10-04 10:52:49.036903,2026-10-05
ORD005757,SX00005757,17299,IL01,Delivered,2026-10-04 10:53:40.882088,2026-10-06
ORD005758,SX00005758,13153,CA01,Delivered,2026-10-04 10:54:32.727272,2026-10-07
ORD005759,SX00005759,17450,IL01,Delivered,2026-10-04 10:55:24.572457,2026-10-06
ORD005760,SX00005760,11706,IL01,Delivered,2026-10-04 10:56:16.417641,2026-10-05
ORD005761,SX00005761,11567,IL01,Delivered,2026-10-04 10:57:08.262826,2026-10-05
ORD005762,SX00005762,11128,TX01,In Transit,2026-10-04 10:58:00.108010,2026-10-07
ORD005763,SX00005763,13510,NJ01,Delivered,2026-10-04 10:58:51.953195,2026-10-06
ORD005764,SX00005764,17867,NJ01,Delivered,2026-10-04 10:59:43.798379,2026-10-07
ORD005765,SX00005765,12365,CA01,Delivered,2026-10-04 11:00:35.643564,2026-10-06
ORD005766,SX00005766,15583,TX01,In Transit,2026-10-04 11:01:27.488748,2026-10-05
ORD005767,SX00005767,14897,IL01,In Transit,2026-10-04 11:02:19.333933,2026-10-07
ORD005768,SX00005768,15718,TX01,In Transit,2026-10-04 11:03:11.179117,2026-10-05
ORD005769,SX00005769,16001,IL01,Delivered,2026-10-04 11:04:03.024302,2026-10-06
ORD005770,SX00005770,14567,TX01,Delivered,2026-10-04 11:04:54.869486,2026-10-05
ORD005771,SX00005771,19271,IL01,Delivered,2026-10-04 11:05:46.714671,2026-10-06
ORD005772,SX00005772,12741,TX01,In Transit,2026-10-04 11:06:38.559855,2026-10-07
ORD005773,SX00005773,13020,IL01,Delivered,2026-10-04 11:07:30.405040,2026-10-06
ORD005774,SX00005774,16256,CA01,Delivered,2026-10-04 11:08:22.250225,2026-10-06
ORD005775,SX00005775,10228,IL01,In Transit,2026-10-04 11:09:14.095409,2026-10-07
ORD005776,SX00005776,18362,NJ01,Delivered,2026-10-04 11:10:05.940594,2026-10-07
ORD005777,SX00005777,10294,IL01,Delivered,2026-10-04 11:10:57.785778,2026-10-05
ORD005778,SX00005778,14284,CA01,Delivered,2026-10-04 11:11:49.630963,2026-10-06
ORD005779,SX00005779,18617,TX01,Delivered,2026-10-04 11:12:41.476147,2026-10-06
ORD005780,SX00005780,16801,IL01,Delivered,2026-10-04 11:13:33.321332,2026-10-05
ORD005781,SX00005781,10918,CA01,Delivered,2026-10-04 11:14:25.166516,2026-10-06
ORD005782,SX00005782,10498,IL01,In Transit,2026-10-04 11:15:17.011701,2026-10-06
ORD005783,SX00005783,12809,TX01,Out for Delivery,2026-10-04 11:16:08.856885,2026-10-07
ORD005784,SX00005784,14961,TX01,Delivered,2026-10-04 11:17:00.702070,2026-10-07
ORD005785,SX00005785,19017,IL01,Delivered,2026-10-04 11:17:52.547254,2026-10-07
ORD005786,SX00005786,13779,CA01,Delivered,2026-10-04 11:18:44.392439,2026-10-05
ORD005787,SX00005787,12118,IL01,Delivered,2026-10-04 11:19:36.237623,2026-10-07
ORD005788,SX00005788,16391,IL01,Delivered,2026-10-04 11:20:28.082808,2026-10-05
ORD005789,SX00005789,10145,CA01,Delivered,2026-10-04 11:21:19.927992,2026-10-07
ORD005790,SX00005790,17942,TX01,In Transit,2026-10-04 11:22:11.773177,2026-10-06
ORD005791,SX00005791,14565,IL01,Exception,2026-10-04 11:23:03.618361,2026-10-06
ORD005792,SX00005792,10192,IL01,Delivered,2026-10-04 11:23:55.463546,2026-10-07
ORD005793,SX00005793,15187,TX01,Delivered,2026-10-04 11:24:47.308730,2026-10-07
ORD005794,SX00005794,16637,IL01,Delivered,2026-10-04 11:25:39.153915,2026-10-05
ORD005795,SX00005795,18243,CA01,Delivered,2026-10-04 11:26:30.999099,2026-10-06
ORD005796,SX00005796,12410,TX01,Delivered,2026-10-04 11:27:22.844284,2026-10-07
ORD005797,SX00005797,11820,IL01,In Transit,2026-10-04 11:28:14.689468,2026-10-07
ORD005798,SX00005798,12964,IL01,In Transit,2026-10-04 11:29:06.534653,2026-10-06
ORD005799,SX00005799,12521,NJ01,Delivered,2026-10-04 11:29:58.379837,2026-10-07
ORD005800,SX00005800,12568,IL01,Delivered,2026-10-04 11:30:50.225022,2026-10-06
ORD005801,SX00005801,15882,TX01,Out for Delivery,2026-10-04 11:31:42.070207,2026-10-07
ORD005802,SX00005802,11867,CA01,In Transit,2026-10-04 11:32:33.915391,2026-10-06
ORD005803,SX00005803,17465,NJ01,Delivered,2026-10-04 11:33:25.760576,2026-10-05
ORD005804,SX00005804,17602,NJ01,Delivered,2026-10-04 11:34:17.605760,2026-10-07
ORD005805,SX00005805,13199,IL01,In Transit,2026-10-04 11:35:09.450945,2026-10-07
ORD005806,SX00005806,16103,TX01,Delivered,2026-10-04 11:36:01.296129,2026-10-07
ORD005807,SX00005807,10240,TX01,Delivered,2026-10-04 11:36:53.141314,2026-10-05
ORD005808,SX00005808,13440,TX01,Delivered,2026-10-04 11:37:44.986498,2026-10-07
ORD005809,SX00005809,14631,IL01,In Transit,2026-10-04 11:38:36.831683,2026-10-07
ORD005810,SX00005810,19599,CA01,Delivered,2026-10-04 11:39:28.676867,2026-10-06
ORD005811,SX00005811,18274,IL01,Delivered,2026-10-04 11:40:20.522052,2026-10-07
ORD005812,SX00005812,15077,TX01,Out for Delivery,2026-10-04 11:41:12.367236,2026-10-07
ORD005813,SX00005813,13768,TX01,Out for Delivery,2026-10-04 11:42:04.212421,2026-10-06
ORD005814,SX00005814,19142,TX01,In Transit,2026-10-04 11:42:56.057605,2026-10-05
ORD005815,SX00005815,17995,IL01,Delivered,2026-10-04 11:43:47.902790,2026-10-05
ORD005816,SX00005816,18802,NJ01,Delivered,2026-10-04 11:44:39.747974,2026-10-06
ORD005817,SX00005817,16429,IL01,Delivered,2026-10-04 11:45:31.593159,2026-10-05
ORD005818,SX00005818,13605,TX01,Delivered,2026-10-04 11:46:23.438343,2026-10-05
ORD005819,SX00005819,12173,IL01,Out for Delivery,2026-10-04 11:47:15.283528,2026-10-07
ORD005820,SX00005820,19714,IL01,Out for Delivery,2026-10-04 11:48:07.128712,2026-10-07
ORD005821,SX00005821,16568,IL01,Delivered,2026-10-04 11:48:58.973897,2026-10-07
ORD005822,SX00005822,12601,TX01,Delivered,2026-10-04 11:49:50.819081,2026-10-05
ORD005823,SX00005823,12657,NJ01,Delivered,2026-10-04 11:50:42.664266,2026-10-07
ORD005824,SX00005824,16080,TX01,Delivered,2026-10-04 11:51:34.509450,2026-10-05
ORD005825,SX00005825,17325,TX01,Delivered,2026-10-04 11:52:26.354635,2026-10-07
ORD005826,SX00005826,12159,TX01,Delivered,2026-10-04 11:53:18.199819,2026-10-05
ORD005827,SX00005827,13830,IL01,Delivered,2026-10-04 11:54:10.045004,2026-10-06
ORD005828,SX00005828,18313,TX01,Out for Delivery,2026-10-04 11:55:01.890189,2026-10-06
ORD005829,SX00005829,14368,NJ01,Delivered,2026-10-04 11:55:53.735373,2026-10-07
ORD005830,SX00005830,11317,IL01,Delivered,2026-10-04 11:56:45.580558,2026-10-05
ORD005831,SX00005831,14493,IL01,In Transit,2026-10-04 11:57:37.425742,2026-10-06
ORD005832,SX00005832,11230,IL01,Delivered,2026-10-04 11:58:29.270927,2026-10-06
ORD005833,SX00005833,11133,IL01,Delivered,2026-10-04 11:59:21.116111,2026-10-07
ORD005834,SX00005834,17607,IL01,Delivered,2026-10-04 12:00:12.961296,2026-10-07
ORD005835,SX00005835,11301,IL01,In Transit,2026-10-04 12:01:04.806480,2026-10-05
ORD005836,SX00005836,11910,NJ01,In Transit,2026-10-04 12:01:56.651665,2026-10-06
ORD005837,SX00005837,18082,IL01,In Transit,2026-10-04 12:02:48.496849,2026-10-05
ORD005838,SX00005838,18107,IL01,Delivered,2026-10-04 12:03:40.342034,2026-10-05
ORD005839,SX00005839,19697,CA01,In Transit,2026-10-04 12:04:32.187218,2026-10-07
ORD005840,SX00005840,17970,NJ01,Delivered,2026-10-04 12:05:24.032403,2026-10-05
ORD005841,SX00005841,11916,IL01,Delivered,2026-10-04 12:06:15.877587,2026-10-05
ORD005842,SX00005842,16996,NJ01,Exception,2026-10-04 12:07:07.722772,2026-10-06
ORD005843,SX00005843,12757,IL01,Delivered,2026-10-04 12:07:59.567956,2026-10-05
ORD005844,SX00005844,16464,IL01,Out for Delivery,2026-10-04 12:08:51.413141,2026-10-06
ORD005845,SX00005845,10178,IL01,In Transit,2026-10-04 12:09:43.258325,2026-10-06
ORD005846,SX00005846,19088,CA01,Delivered,2026-10-04 12:10:35.103510,2026-10-05
ORD005847,SX00005847,16362,TX01,Delivered,2026-10-04 12:11:26.948694,2026-10-05
ORD005848,SX00005848,19743,TX01,Delivered,2026-10-04 12:12:18.793879,2026-10-06
ORD005849,SX00005849,18683,CA01,In Transit,2026-10-04 12:13:10.639063,2026-10-05
ORD005850,SX00005850,10060,CA01,Delivered,2026-10-04 12:14:02.484248,2026-10-06
ORD005851,SX00005851,19269,TX01,In Transit,2026-10-04 12:14:54.329432,2026-10-05
ORD005852,SX00005852,16681,TX01,Delivered,2026-10-04 12:15:46.174617,2026-10-06
ORD005853,SX00005853,12895,IL01,Delivered,2026-10-04 12:16:38.019801,2026-10-06
ORD005854,SX00005854,10585,IL01,Delivered,2026-10-04 12:17:29.864986,2026-10-07
ORD005855,SX00005855,15823,NJ01,Delivered,2026-10-04 12:18:21.710171,2026-10-05
ORD005856,SX00005856,10534,NJ01,In Transit,2026-10-04 12:19:13.555355,2026-10-06
ORD005857,SX00005857,13462,CA01,Delivered,2026-10-04 12:20:05.400540,2026-10-06
ORD005858,SX00005858,14011,NJ01,Delivered,2026-10-04 12:20:57.245724,2026-10-05
ORD005859,SX00005859,13398,TX01,Delivered,2026-10-04 12:21:49.090909,2026-10-05
ORD005860,SX00005860,12155,NJ01,Delivered,2026-10-04 12:22:40.936093,2026-10-05
ORD005861,SX00005861,15966,IL01,Delivered,2026-10-04 12:23:32.781278,2026-10-07
ORD005862,SX00005862,17329,NJ01,In Transit,2026-10-04 12:24:24.626462,2026-10-05
ORD005863,SX00005863,16957,NJ01,Delivered,2026-10-04 12:25:16.471647,2026-10-07
ORD005864,SX00005864,19196,NJ01,Delivered,2026-10-04 12:26:08.316831,2026-10-05
ORD005865,SX00005865,15325,NJ01,Delivered,2026-10-04 12:27:00.162016,2026-10-07
ORD005866,SX00005866,18518,IL01,Delivered,2026-10-04 12:27:52.007200,2026-10-05
ORD005867,SX00005867,14703,NJ01,Delivered,2026-10-04 12:28:43.852385,2026-10-07
ORD005868,SX00005868,12706,NJ01,Delivered,2026-10-04 12:29:35.697569,2026-10-06
ORD005869,SX00005869,10001,NJ01,Delivered,2026-10-04 12:30:27.542754,2026-10-07
ORD005870,SX00005870,19225,NJ01,Delivered,2026-10-04 12:31:19.387938,2026-10-07
ORD005871,SX00005871,18316,IL01,Delivered,2026-10-04 12:32:11.233123,2026-10-06
ORD005872,SX00005872,11104,IL01,In Transit,2026-10-04 12:33:03.078307,2026-10-05
ORD005873,SX00005873,11861,IL01,Delivered,2026-10-04 12:33:54.923492,2026-10-06
ORD005874,SX00005874,15269,NJ01,Delivered,2026-10-04 12:34:46.768676,2026-10-06
ORD005875,SX00005875,16943,NJ01,Delivered,2026-10-04 12:35:38.613861,2026-10-06
ORD005876,SX00005876,18320,CA01,Out for Delivery,2026-10-04 12:36:30.459045,2026-10-07
ORD005877,SX00005877,10437,IL01,In Transit,2026-10-04 12:37:22.304230,2026-10-06
ORD005878,SX00005878,14846,IL01,Delivered,2026-10-04 12:38:14.149414,2026-10-05
ORD005879,SX00005879,13129,NJ01,Delivered,2026-10-04 12:39:05.994599,2026-10-07
ORD005880,SX00005880,19413,NJ01,In Transit,2026-10-04 12:39:57.839783,2026-10-07
ORD005881,SX00005881,18081,NJ01,Delivered,2026-10-04 12:40:49.684968,2026-10-06
ORD005882,SX00005882,10901,TX01,Exception,2026-10-04 12:41:41.530153,2026-10-07
ORD005883,SX00005883,15398,TX01,Delivered,2026-10-04 12:42:33.375337,2026-10-05
ORD005884,SX00005884,16678,IL01,Delivered,2026-10-04 12:43:25.220522,2026-10-07
ORD005885,SX00005885,15529,CA01,Delivered,2026-10-04 12:44:17.065706,2026-10-06
ORD005886,SX00005886,16604,IL01,Delivered,2026-10-04 12:45:08.910891,2026-10-06
ORD005887,SX00005887,13918,NJ01,Exception,2026-10-04 12:46:00.756075,2026-10-06
ORD005888,SX00005888,11067,TX01,In Transit,2026-10-04 12:46:52.601260,2026-10-07
ORD005889,SX00005889,10026,TX01,Delivered,2026-10-04 12:47:44.446444,2026-10-06
ORD005890,SX00005890,16937,IL01,Delivered,2026-10-04 12:48:36.291629,2026-10-07
ORD005891,SX00005891,17264,IL01,In Transit,2026-10-04 12:49:28.136813,2026-10-06
ORD005892,SX00005892,17118,NJ01,Delivered,2026-10-04 12:50:19.981998,2026-10-06
ORD005893,SX00005893,10547,IL01,Delivered,2026-10-04 12:51:11.827182,2026-10-06
ORD005894,SX00005894,18758,IL01,Delivered,2026-10-04 12:52:03.672367,2026-10-05
ORD005895,SX00005895,18895,NJ01,Delivered,2026-10-04 12:52:55.517551,2026-10-05
ORD005896,SX00005896,15338,NJ01,In Transit,2026-10-04 12:53:47.362736,2026-10-06
ORD005897,SX00005897,13140,TX01,Delivered,2026-10-04 12:54:39.207920,2026-10-06
ORD005898,SX00005898,17996,IL01,Delivered,2026-10-04 12:55:31.053105,2026-10-07
ORD005899,SX00005899,11590,TX01,In Transit,2026-10-04 12:56:22.898289,2026-10-07
ORD005900,SX00005900,17776,IL01,Delivered,2026-10-04 12:57:14.743474,2026-10-05
ORD005901,SX00005901,14943,CA01,Delivered,2026-10-04 12:58:06.588658,2026-10-07
ORD005902,SX00005902,18997,NJ01,In Transit,2026-10-04 12:58:58.433843,2026-10-07
ORD005903,SX00005903,17798,NJ01,Delivered,2026-10-04 12:59:50.279027,2026-10-07
ORD005904,SX00005904,13791,CA01,Delivered,2026-10-04 13:00:42.124212,2026-10-07
ORD005905,SX00005905,11357,IL01,Delivered,2026-10-04 13:01:33.969396,2026-10-05
ORD005906,SX00005906,18092,IL01,In Transit,2026-10-04 13:02:25.814581,2026-10-05
ORD005907,SX00005907,13225,NJ01,Delivered,2026-10-04 13:03:17.659765,2026-10-07
ORD005908,SX00005908,12460,IL01,Delivered,2026-10-04 13:04:09.504950,2026-10-07
ORD005909,SX00005909,18737,NJ01,Delivered,2026-10-04 13:05:01.350135,2026-10-05
ORD005910,SX00005910,12728,IL01,In Transit,2026-10-04 13:05:53.195319,2026-10-06
ORD005911,SX00005911,16726,CA01,Delivered,2026-10-04 13:06:45.040504,2026-10-07
ORD005912,SX00005912,17481,NJ01,In Transit,2026-10-04 13:07:36.885688,2026-10-06
ORD005913,SX00005913,16430,IL01,Delivered,2026-10-04 13:08:28.730873,2026-10-07
ORD005914,SX00005914,13114,TX01,Delivered,2026-10-04 13:09:20.576057,2026-10-05
ORD005915,SX00005915,10616,IL01,Out for Delivery,2026-10-04 13:10:12.421242,2026-10-07
ORD005916,SX00005916,13644,IL01,Delivered,2026-10-04 13:11:04.266426,2026-10-06
ORD005917,SX00005917,16413,IL01,Delivered,2026-10-04 13:11:56.111611,2026-10-05
ORD005918,SX00005918,11203,NJ01,Delivered,2026-10-04 13:12:47.956795,2026-10-07
ORD005919,SX00005919,19951,NJ01,Delivered,2026-10-04 13:13:39.801980,2026-10-07
ORD005920,SX00005920,12565,NJ01,Delivered,2026-10-04 13:14:31.647164,2026-10-05
ORD005921,SX00005921,13174,IL01,Exception,2026-10-04 13:15:23.492349,2026-10-07
ORD005922,SX00005922,13081,CA01,In Transit,2026-10-04 13:16:15.337533,2026-10-05
ORD005923,SX00005923,12630,TX01,Delivered,2026-10-04 13:17:07.182718,2026-10-07
ORD005924,SX00005924,13161,IL01,Out for Delivery,2026-10-04 13:17:59.027902,2026-10-05
ORD005925,SX00005925,14321,TX01,Delivered,2026-10-04 13:18:50.873087,2026-10-07
ORD005926,SX00005926,18861,NJ01,Delivered,2026-10-04 13:19:42.718271,2026-10-05
ORD005927,SX00005927,16269,IL01,Delivered,2026-10-04 13:20:34.563456,2026-10-05
ORD005928,SX00005928,17099,IL01,Delivered,2026-10-04 13:21:26.408640,2026-10-07
ORD005929,SX00005929,17376,IL01,Delivered,2026-10-04 13:22:18.253825,2026-10-05
ORD005930,SX00005930,14078,TX01,Out for Delivery,2026-10-04 13:23:10.099009,2026-10-07
ORD005931,SX00005931,15801,NJ01,In Transit,2026-10-04 13:24:01.944194,2026-10-07
ORD005932,SX00005932,14151,IL01,Delivered,2026-10-04 13:24:53.789378,2026-10-07
ORD005933,SX00005933,18911,IL01,Delivered,2026-10-04 13:25:45.634563,2026-10-05
ORD005934,SX00005934,12600,NJ01,Delivered,2026-10-04 13:26:37.479747,2026-10-07
ORD005935,SX00005935,16175,NJ01,Out for Delivery,2026-10-04 13:27:29.324932,2026-10-05
ORD005936,SX00005936,10666,TX01,Delivered,2026-10-04 13:28:21.170117,2026-10-06
ORD005937,SX00005937,10283,CA01,Delivered,2026-10-04 13:29:13.015301,2026-10-06
ORD005938,SX00005938,15840,NJ01,Out for Delivery,2026-10-04 13:30:04.860486,2026-10-06
ORD005939,SX00005939,13565,NJ01,Delivered,2026-10-04 13:30:56.705670,2026-10-07
ORD005940,SX00005940,14593,IL01,Delivered,2026-10-04 13:31:48.550855,2026-10-05
ORD005941,SX00005941,11465,TX01,Delivered,2026-10-04 13:32:40.396039,2026-10-07
ORD005942,SX00005942,18321,IL01,Delivered,2026-10-04 13:33:32.241224,2026-10-05
ORD005943,SX00005943,14734,IL01,Delivered,2026-10-04 13:34:24.086408,2026-10-06
ORD005944,SX00005944,16257,TX01,Delivered,2026-10-04 13:35:15.931593,2026-10-06
ORD005945,SX00005945,17366,IL01,Delivered,2026-10-04 13:36:07.776777,2026-10-06
ORD005946,SX00005946,13672,IL01,Delivered,2026-10-04 13:36:59.621962,2026-10-07
ORD005947,SX00005947,17382,NJ01,Delivered,2026-10-04 13:37:51.467146,2026-10-07
ORD005948,SX00005948,16587,IL01,Delivered,2026-10-04 13:38:43.312331,2026-10-05
ORD005949,SX00005949,10992,IL01,Delivered,2026-10-04 13:39:35.157515,2026-10-05
ORD005950,SX00005950,16858,NJ01,Out for Delivery,2026-10-04 13:40:27.002700,2026-10-06
ORD005951,SX00005951,12121,NJ01,Delivered,2026-10-04 13:41:18.847884,2026-10-07
ORD005952,SX00005952,12223,IL01,Delivered,2026-10-04 13:42:10.693069,2026-10-07
ORD005953,SX00005953,14522,CA01,Delivered,2026-10-04 13:43:02.538253,2026-10-05
ORD005954,SX00005954,13188,IL01,Delivered,2026-10-04 13:43:54.383438,2026-10-05
ORD005955,SX00005955,13237,TX01,Delivered,2026-10-04 13:44:46.228622,2026-10-07
ORD005956,SX00005956,14136,IL01,Out for Delivery,2026-10-04 13:45:38.073807,2026-10-07
ORD005957,SX00005957,10343,NJ01,Delivered,2026-10-04 13:46:29.918991,2026-10-05
ORD005958,SX00005958,14704,IL01,In Transit,2026-10-04 13:47:21.764176,2026-10-07
ORD005959,SX00005959,14823,IL01,Delivered,2026-10-04 13:48:13.609360,2026-10-07
ORD005960,SX00005960,14920,IL01,Delivered,2026-10-04 13:49:05.454545,2026-10-06
ORD005961,SX00005961,13201,NJ01,In Transit,2026-10-04 13:49:57.299729,2026-10-07
ORD005962,SX00005962,15471,NJ01,Delivered,2026-10-04 13:50:49.144914,2026-10-07
ORD005963,SX00005963,10888,IL01,Delivered,2026-10-04 13:51:40.990099,2026-10-07
ORD005964,SX00005964,19533,CA01,Delivered,2026-10-04 13:52:32.835283,2026-10-05
ORD005965,SX00005965,17127,IL01,Delivered,2026-10-04 13:53:24.680468,2026-10-06
ORD005966,SX00005966,13720,NJ01,Delivered,2026-10-04 13:54:16.525652,2026-10-05
ORD005967,SX00005967,12883,IL01,In Transit,2026-10-04 13:55:08.370837,2026-10-06
ORD005968,SX00005968,14212,NJ01,Delivered,2026-10-04 13:56:00.216021,2026-10-06
ORD005969,SX00005969,16961,TX01,Out for Delivery,2026-10-04 13:56:52.061206,2026-10-07
ORD005970,SX00005970,12415,NJ01,Delivered,2026-10-04 13:57:43.906390,2026-10-06
ORD005971,SX00005971,19309,IL01,Delivered,2026-10-04 13:58:35.751575,2026-10-06
ORD005972,SX00005972,13001,IL01,Delivered,2026-10-04 13:59:27.596759,2026-10-07
ORD005973,SX00005973,11738,TX01,Delivered,2026-10-04 14:00:19.441944,2026-10-07
ORD005974,SX00005974,11364,IL01,Delivered,2026-10-04 14:01:11.287128,2026-10-06
ORD005975,SX00005975,12708,IL01,Delivered,2026-10-04 14:02:03.132313,2026-10-05
ORD005976,SX00005976,10924,IL01,Exception,2026-10-04 14:02:54.977497,2026-10-06
ORD005977,SX00005977,10151,IL01,In Transit,2026-10-04 14:03:46.822682,2026-10-05
ORD005978,SX00005978,18777,IL01,In Transit,2026-10-04 14:04:38.667866,2026-10-05
ORD005979,SX00005979,18044,CA01,Delivered,2026-10-04 14:05:30.513051,2026-10-06
ORD005980,SX00005980,10912,TX01,Out for Delivery,2026-10-04 14:06:22.358235,2026-10-05
ORD005981,SX00005981,12321,NJ01,Delivered,2026-10-04 14:07:14.203420,2026-10-06
ORD005982,SX00005982,10495,IL01,In Transit,2026-10-04 14:08:06.048604,2026-10-05
ORD005983,SX00005983,12148,NJ01,Delivered,2026-10-04 14:08:57.893789,2026-10-05
ORD005984,SX00005984,10556,NJ01,Delivered,2026-10-04 14:09:49.738973,2026-10-06
ORD005985,SX00005985,11552,NJ01,Exception,2026-10-04 14:10:41.584158,2026-10-07
ORD005986,SX00005986,12120,IL01,Delivered,2026-10-04 14:11:33.429342,2026-10-07
ORD005987,SX00005987,13085,CA01,Out for Delivery,2026-10-04 14:12:25.274527,2026-10-06
ORD005988,SX00005988,13504,NJ01,Delivered,2026-10-04 14:13:17.119711,2026-10-06
ORD005989,SX00005989,10156,CA01,Delivered,2026-10-04 14:14:08.964896,2026-10-07
ORD005990,SX00005990,18926,IL01,In Transit,2026-10-04 14:15:00.810081,2026-10-07
ORD005991,SX00005991,17505,IL01,Delivered,2026-10-04 14:15:52.655265,2026-10-05
ORD005992,SX00005992,17162,IL01,In Transit,2026-10-04 14:16:44.500450,2026-10-05
ORD005993,SX00005993,15523,TX01,Delivered,2026-10-04 14:17:36.345634,2026-10-05
ORD005994,SX00005994,17543,IL01,Delivered,2026-10-04 14:18:28.190819,2026-10-07
ORD005995,SX00005995,18055,TX01,Delivered,2026-10-04 14:19:20.036003,2026-10-06
ORD005996,SX00005996,14654,TX01,Delivered,2026-10-04 14:20:11.881188,2026-10-05
ORD005997,SX00005997,16250,TX01,In Transit,2026-10-04 14:21:03.726372,2026-10-06
ORD005998,SX00005998,17246,TX01,Delivered,2026-10-04 14:21:55.571557,2026-10-07
ORD005999,SX00005999,10154,TX01,Delivered,2026-10-04 14:22:47.416741,2026-10-05
ORD006000,SX00006000,17950,TX01,In Transit,2026-10-04 14:23:39.261926,2026-10-07
ORD006001,SX00006001,10996,IL01,Delivered,2026-10-04 14:24:31.107110,2026-10-06
ORD006002,SX00006002,14626,TX01,Out for Delivery,2026-10-04 14:25:22.952295,2026-10-05
ORD006003,SX00006003,12905,CA01,Out for Delivery,2026-10-04 14:26:14.797479,2026-10-06
ORD006004,SX00006004,19369,IL01,Delivered,2026-10-04 14:27:06.642664,2026-10-06
ORD006005,SX00006005,10153,CA01,Delivered,2026-10-04 14:27:58.487848,2026-10-05
ORD006006,SX00006006,17853,IL01,Delivered,2026-10-04 14:28:50.333033,2026-10-05
ORD006007,SX00006007,16481,IL01,In Transit,2026-10-04 14:29:42.178217,2026-10-07
ORD006008,SX00006008,15599,IL01,Delivered,2026-10-04 14:30:34.023402,2026-10-05
ORD006009,SX00006009,11716,IL01,In Transit,2026-10-04 14:31:25.868586,2026-10-05
ORD006010,SX00006010,10786,TX01,Delivered,2026-10-04 14:32:17.713771,2026-10-05
ORD006011,SX00006011,14368,CA01,In Transit,2026-10-04 14:33:09.558955,2026-10-05
ORD006012,SX00006012,18096,TX01,In Transit,2026-10-04 14:34:01.404140,2026-10-05
ORD006013,SX00006013,14272,CA01,Out for Delivery,2026-10-04 14:34:53.249324,2026-10-07
ORD006014,SX00006014,13767,IL01,Delivered,2026-10-04 14:35:45.094509,2026-10-06
ORD006015,SX00006015,18834,IL01,Delivered,2026-10-04 14:36:36.939693,2026-10-07
ORD006016,SX00006016,15994,NJ01,Delivered,2026-10-04 14:37:28.784878,2026-10-06
ORD006017,SX00006017,17216,TX01,Delivered,2026-10-04 14:38:20.630063,2026-10-05
ORD006018,SX00006018,18857,IL01,Delivered,2026-10-04 14:39:12.475247,2026-10-07
ORD006019,SX00006019,13426,CA01,Exception,2026-10-04 14:40:04.320432,2026-10-06
ORD006020,SX00006020,13783,NJ01,In Transit,2026-10-04 14:40:56.165616,2026-10-06
ORD006021,SX00006021,15427,CA01,Delivered,2026-10-04 14:41:48.010801,2026-10-05
ORD006022,SX00006022,17011,IL01,In Transit,2026-10-04 14:42:39.855985,2026-10-05
ORD006023,SX00006023,18052,NJ01,Delivered,2026-10-04 14:43:31.701170,2026-10-06
ORD006024,SX00006024,13701,TX01,Delivered,2026-10-04 14:44:23.546354,2026-10-07
ORD006025,SX00006025,19261,TX01,In Transit,2026-10-04 14:45:15.391539,2026-10-06
ORD006026,SX00006026,12349,IL01,Exception,2026-10-04 14:46:07.236723,2026-10-07
ORD006027,SX00006027,17011,CA01,Delivered,2026-10-04 14:46:59.081908,2026-10-07
ORD006028,SX00006028,17055,CA01,In Transit,2026-10-04 14:47:50.927092,2026-10-06
ORD006029,SX00006029,11212,IL01,In Transit,2026-10-04 14:48:42.772277,2026-10-07
ORD006030,SX00006030,16965,IL01,Delivered,2026-10-04 14:49:34.617461,2026-10-06
ORD006031,SX00006031,19344,NJ01,Delivered,2026-10-04 14:50:26.462646,2026-10-06
ORD006032,SX00006032,16704,NJ01,In Transit,2026-10-04 14:51:18.307830,2026-10-05
ORD006033,SX00006033,17433,TX01,In Transit,2026-10-04 14:52:10.153015,2026-10-06
ORD006034,SX00006034,12511,IL01,Delivered,2026-10-04 14:53:01.998199,2026-10-06
ORD006035,SX00006035,10143,NJ01,Delivered,2026-10-04 14:53:53.843384,2026-10-05
ORD006036,SX00006036,17367,NJ01,Delivered,2026-10-04 14:54:45.688568,2026-10-05
ORD006037,SX00006037,13228,IL01,In Transit,2026-10-04 14:55:37.533753,2026-10-07
ORD006038,SX00006038,14582,NJ01,Delivered,2026-10-04 14:56:29.378937,2026-10-07
ORD006039,SX00006039,16031,IL01,Delivered,2026-10-04 14:57:21.224122,2026-10-05
ORD006040,SX00006040,14243,IL01,In Transit,2026-10-04 14:58:13.069306,2026-10-05
ORD006041,SX00006041,19549,NJ01,Delivered,2026-10-04 14:59:04.914491,2026-10-05
ORD006042,SX00006042,12713,CA01,In Transit,2026-10-04 14:59:56.759675,2026-10-06
ORD006043,SX00006043,14185,IL01,Out for Delivery,2026-10-04 15:00:48.604860,2026-10-06
ORD006044,SX00006044,19549,IL01,In Transit,2026-10-04 15:01:40.450045,2026-10-06
ORD006045,SX00006045,17328,IL01,Out for Delivery,2026-10-04 15:02:32.295229,2026-10-05
ORD006046,SX00006046,14633,IL01,Out for Delivery,2026-10-04 15:03:24.140414,2026-10-07
ORD006047,SX00006047,13192,NJ01,Delivered,2026-10-04 15:04:15.985598,2026-10-07
ORD006048,SX00006048,10300,TX01,In Transit,2026-10-04 15:05:07.830783,2026-10-06
ORD006049,SX00006049,10723,IL01,Delivered,2026-10-04 15:05:59.675967,2026-10-06
ORD006050,SX00006050,15694,CA01,Delivered,2026-10-04 15:06:51.521152,2026-10-05
ORD006051,SX00006051,13010,IL01,Delivered,2026-10-04 15:07:43.366336,2026-10-05
ORD006052,SX00006052,15555,CA01,Delivered,2026-10-04 15:08:35.211521,2026-10-07
ORD006053,SX00006053,10067,CA01,Delivered,2026-10-04 15:09:27.056705,2026-10-07
ORD006054,SX00006054,12506,NJ01,Delivered,2026-10-04 15:10:18.901890,2026-10-05
ORD006055,SX00006055,11537,IL01,Delivered,2026-10-04 15:11:10.747074,2026-10-07
ORD006056,SX00006056,10397,NJ01,Out for Delivery,2026-10-04 15:12:02.592259,2026-10-07
ORD006057,SX00006057,15680,NJ01,Delivered,2026-10-04 15:12:54.437443,2026-10-06
ORD006058,SX00006058,19355,CA01,Delivered,2026-10-04 15:13:46.282628,2026-10-05
ORD006059,SX00006059,14825,NJ01,Delivered,2026-10-04 15:14:38.127812,2026-10-05
ORD006060,SX00006060,18747,NJ01,Delivered,2026-10-04 15:15:29.972997,2026-10-05
ORD006061,SX00006061,16048,TX01,In Transit,2026-10-04 15:16:21.818181,2026-10-06
ORD006062,SX00006062,13661,CA01,Delivered,2026-10-04 15:17:13.663366,2026-10-05
ORD006063,SX00006063,19943,NJ01,Delivered,2026-10-04 15:18:05.508550,2026-10-07
ORD006064,SX00006064,12941,CA01,In Transit,2026-10-04 15:18:57.353735,2026-10-06
ORD006065,SX00006065,17067,NJ01,Delivered,2026-10-04 15:19:49.198919,2026-10-06
ORD006066,SX00006066,15091,TX01,Out for Delivery,2026-10-04 15:20:41.044104,2026-10-05
ORD006067,SX00006067,11601,TX01,Delivered,2026-10-04 15:21:32.889288,2026-10-07
ORD006068,SX00006068,11480,TX01,Delivered,2026-10-04 15:22:24.734473,2026-10-05
ORD006069,SX00006069,16230,IL01,Delivered,2026-10-04 15:23:16.579657,2026-10-07
ORD006070,SX00006070,19294,NJ01,Delivered,2026-10-04 15:24:08.424842,2026-10-05
ORD006071,SX00006071,13276,NJ01,Delivered,2026-10-04 15:25:00.270027,2026-10-07
ORD006072,SX00006072,16447,IL01,Delivered,2026-10-04 15:25:52.115211,2026-10-07
ORD006073,SX00006073,15499,IL01,In Transit,2026-10-04 15:26:43.960396,2026-10-07
ORD006074,SX00006074,16273,TX01,In Transit,2026-10-04 15:27:35.805580,2026-10-06
ORD006075,SX00006075,11299,NJ01,Delivered,2026-10-04 15:28:27.650765,2026-10-05
ORD006076,SX00006076,15818,IL01,Delivered,2026-10-04 15:29:19.495949,2026-10-05
ORD006077,SX00006077,16701,TX01,Out for Delivery,2026-10-04 15:30:11.341134,2026-10-05
ORD006078,SX00006078,14994,CA01,Delivered,2026-10-04 15:31:03.186318,2026-10-06
ORD006079,SX00006079,17489,NJ01,Delivered,2026-10-04 15:31:55.031503,2026-10-07
ORD006080,SX00006080,19727,IL01,Delivered,2026-10-04 15:32:46.876687,2026-10-06
ORD006081,SX00006081,18269,CA01,In Transit,2026-10-04 15:33:38.721872,2026-10-06
ORD006082,SX00006082,12831,CA01,Delivered,2026-10-04 15:34:30.567056,2026-10-07
ORD006083,SX00006083,12721,IL01,Out for Delivery,2026-10-04 15:35:22.412241,2026-10-05
ORD006084,SX00006084,11532,IL01,Delivered,2026-10-04 15:36:14.257425,2026-10-06
ORD006085,SX00006085,18429,NJ01,Delivered,2026-10-04 15:37:06.102610,2026-10-07
ORD006086,SX00006086,15253,TX01,Delivered,2026-10-04 15:37:57.947794,2026-10-07
ORD006087,SX00006087,11996,IL01,Delivered,2026-10-04 15:38:49.792979,2026-10-05
ORD006088,SX00006088,15311,NJ01,Delivered,2026-10-04 15:39:41.638163,2026-10-07
ORD006089,SX00006089,10277,NJ01,Out for Delivery,2026-10-04 15:40:33.483348,2026-10-07
ORD006090,SX00006090,13089,CA01,Delivered,2026-10-04 15:41:25.328532,2026-10-07
ORD006091,SX00006091,10523,NJ01,Out for Delivery,2026-10-04 15:42:17.173717,2026-10-05
ORD006092,SX00006092,14275,NJ01,Delivered,2026-10-04 15:43:09.018901,2026-10-05
ORD006093,SX00006093,15365,CA01,Delivered,2026-10-04 15:44:00.864086,2026-10-07
ORD006094,SX00006094,13122,IL01,Delivered,2026-10-04 15:44:52.709270,2026-10-07
ORD006095,SX00006095,18167,IL01,Delivered,2026-10-04 15:45:44.554455,2026-10-05
ORD006096,SX00006096,15190,TX01,Delivered,2026-10-04 15:46:36.399639,2026-10-05
ORD006097,SX00006097,14575,IL01,Out for Delivery,2026-10-04 15:47:28.244824,2026-10-05
ORD006098,SX00006098,17727,TX01,Delivered,2026-10-04 15:48:20.090009,2026-10-06
ORD006099,SX00006099,11797,IL01,Delivered,2026-10-04 15:49:11.935193,2026-10-05
ORD006100,SX00006100,12131,IL01,Delivered,2026-10-04 15:50:03.780378,2026-10-07
ORD006101,SX00006101,17322,CA01,Out for Delivery,2026-10-04 15:50:55.625562,2026-10-05
ORD006102,SX00006102,16500,NJ01,Out for Delivery,2026-10-04 15:51:47.470747,2026-10-07
ORD006103,SX00006103,10815,TX01,Delivered,2026-10-04 15:52:39.315931,2026-10-07
ORD006104,SX00006104,18634,IL01,Delivered,2026-10-04 15:53:31.161116,2026-10-07
ORD006105,SX00006105,16666,IL01,In Transit,2026-10-04 15:54:23.006300,2026-10-05
ORD006106,SX00006106,10142,TX01,In Transit,2026-10-04 15:55:14.851485,2026-10-05
ORD006107,SX00006107,11410,IL01,Delivered,2026-10-04 15:56:06.696669,2026-10-05
ORD006108,SX00006108,10534,NJ01,Delivered,2026-10-04 15:56:58.541854,2026-10-05
ORD006109,SX00006109,19908,IL01,In Transit,2026-10-04 15:57:50.387038,2026-10-05
ORD006110,SX00006110,13364,IL01,Delivered,2026-10-04 15:58:42.232223,2026-10-06
ORD006111,SX00006111,11032,TX01,Delivered,2026-10-04 15:59:34.077407,2026-10-05
ORD006112,SX00006112,13342,TX01,Delivered,2026-10-04 16:00:25.922592,2026-10-06
ORD006113,SX00006113,19602,TX01,Delivered,2026-10-04 16:01:17.767776,2026-10-07
ORD006114,SX00006114,16085,TX01,Out for Delivery,2026-10-04 16:02:09.612961,2026-10-07
ORD006115,SX00006115,14500,NJ01,Delivered,2026-10-04 16:03:01.458145,2026-10-07
ORD006116,SX00006116,11172,NJ01,In Transit,2026-10-04 16:03:53.303330,2026-10-07
ORD006117,SX00006117,19080,TX01,Delivered,2026-10-04 16:04:45.148514,2026-10-06
ORD006118,SX00006118,14517,IL01,In Transit,2026-10-04 16:05:36.993699,2026-10-06
ORD006119,SX00006119,18007,IL01,Delivered,2026-10-04 16:06:28.838883,2026-10-07
ORD006120,SX00006120,11641,CA01,Delivered,2026-10-04 16:07:20.684068,2026-10-05
ORD006121,SX00006121,10471,IL01,Out for Delivery,2026-10-04 16:08:12.529252,2026-10-07
ORD006122,SX00006122,12940,IL01,Delivered,2026-10-04 16:09:04.374437,2026-10-07
ORD006123,SX00006123,18738,NJ01,Delivered,2026-10-04 16:09:56.219621,2026-10-06
ORD006124,SX00006124,14726,TX01,Delivered,2026-10-04 16:10:48.064806,2026-10-07
ORD006125,SX00006125,17670,NJ01,Delivered,2026-10-04 16:11:39.909990,2026-10-06
ORD006126,SX00006126,13723,IL01,Delivered,2026-10-04 16:12:31.755175,2026-10-06
ORD006127,SX00006127,10363,CA01,In Transit,2026-10-04 16:13:23.600360,2026-10-07
ORD006128,SX00006128,13309,TX01,Delivered,2026-10-04 16:14:15.445544,2026-10-05
ORD006129,SX00006129,10545,TX01,Delivered,2026-10-04 16:15:07.290729,2026-10-06
ORD006130,SX00006130,13240,IL01,Delivered,2026-10-04 16:15:59.135913,2026-10-06
ORD006131,SX00006131,16665,IL01,Delivered,2026-10-04 16:16:50.981098,2026-10-06
ORD006132,SX00006132,11936,IL01,In Transit,2026-10-04 16:17:42.826282,2026-10-07
ORD006133,SX00006133,19154,IL01,Out for Delivery,2026-10-04 16:18:34.671467,2026-10-07
ORD006134,SX00006134,10882,IL01,Delivered,2026-10-04 16:19:26.516651,2026-10-06
ORD006135,SX00006135,13840,IL01,Delivered,2026-10-04 16:20:18.361836,2026-10-05
ORD006136,SX00006136,16923,NJ01,Delivered,2026-10-04 16:21:10.207020,2026-10-07
ORD006137,SX00006137,19062,TX01,Delivered,2026-10-04 16:22:02.052205,2026-10-05
ORD006138,SX00006138,14611,TX01,Delivered,2026-10-04 16:22:53.897389,2026-10-05
ORD006139,SX00006139,19057,IL01,Delivered,2026-10-04 16:23:45.742574,2026-10-07
ORD006140,SX00006140,15204,NJ01,Delivered,2026-10-04 16:24:37.587758,2026-10-06
ORD006141,SX00006141,17288,IL01,Delivered,2026-10-04 16:25:29.432943,2026-10-05
ORD006142,SX00006142,13203,NJ01,Delivered,2026-10-04 16:26:21.278127,2026-10-06
ORD006143,SX00006143,12244,NJ01,Delivered,2026-10-04 16:27:13.123312,2026-10-05
ORD006144,SX00006144,10018,NJ01,Exception,2026-10-04 16:28:04.968496,2026-10-06
ORD006145,SX00006145,10641,CA01,Delivered,2026-10-04 16:28:56.813681,2026-10-07
ORD006146,SX00006146,13083,TX01,Delivered,2026-10-04 16:29:48.658865,2026-10-05
ORD006147,SX00006147,15200,NJ01,Delivered,2026-10-04 16:30:40.504050,2026-10-05
ORD006148,SX00006148,18521,CA01,In Transit,2026-10-04 16:31:32.349234,2026-10-05
ORD006149,SX00006149,10865,TX01,Delivered,2026-10-04 16:32:24.194419,2026-10-06
ORD006150,SX00006150,10773,TX01,Delivered,2026-10-04 16:33:16.039603,2026-10-05
ORD006151,SX00006151,14732,NJ01,Delivered,2026-10-04 16:34:07.884788,2026-10-05
ORD006152,SX00006152,13518,NJ01,In Transit,2026-10-04 16:34:59.729972,2026-10-06
ORD006153,SX00006153,16795,TX01,In Transit,2026-10-04 16:35:51.575157,2026-10-06
ORD006154,SX00006154,16984,IL01,Delivered,2026-10-04 16:36:43.420342,2026-10-07
ORD006155,SX00006155,12567,TX01,In Transit,2026-10-04 16:37:35.265526,2026-10-06
ORD006156,SX00006156,11674,CA01,In Transit,2026-10-04 16:38:27.110711,2026-10-05
ORD006157,SX00006157,10739,TX01,Exception,2026-10-04 16:39:18.955895,2026-10-05
ORD006158,SX00006158,11545,IL01,Out for Delivery,2026-10-04 16:40:10.801080,2026-10-07
ORD006159,SX00006159,19327,IL01,Delivered,2026-10-04 16:41:02.646264,2026-10-07
ORD006160,SX00006160,15127,TX01,In Transit,2026-10-04 16:41:54.491449,2026-10-05
ORD006161,SX00006161,16947,CA01,Delivered,2026-10-04 16:42:46.336633,2026-10-06
ORD006162,SX00006162,16620,IL01,Delivered,2026-10-04 16:43:38.181818,2026-10-05
ORD006163,SX00006163,19065,TX01,Delivered,2026-10-04 16:44:30.027002,2026-10-07
ORD006164,SX00006164,14555,CA01,Delivered,2026-10-04 16:45:21.872187,2026-10-05
ORD006165,SX00006165,15645,IL01,Delivered,2026-10-04 16:46:13.717371,2026-10-05
ORD006166,SX00006166,18943,TX01,Exception,2026-10-04 16:47:05.562556,2026-10-05
ORD006167,SX00006167,17124,IL01,Delivered,2026-10-04 16:47:57.407740,2026-10-07
ORD006168,SX00006168,19045,NJ01,Delivered,2026-10-04 16:48:49.252925,2026-10-07
ORD006169,SX00006169,13732,NJ01,Delivered,2026-10-04 16:49:41.098109,2026-10-07
ORD006170,SX00006170,12283,TX01,Delivered,2026-10-04 16:50:32.943294,2026-10-06
ORD006171,SX00006171,19521,TX01,Out for Delivery,2026-10-04 16:51:24.788478,2026-10-07
ORD006172,SX00006172,18669,NJ01,Delivered,2026-10-04 16:52:16.633663,2026-10-06
ORD006173,SX00006173,16998,CA01,Delivered,2026-10-04 16:53:08.478847,2026-10-06
ORD006174,SX00006174,15413,TX01,Out for Delivery,2026-10-04 16:54:00.324032,2026-10-07
ORD006175,SX00006175,11269,TX01,Delivered,2026-10-04 16:54:52.169216,2026-10-06
ORD006176,SX00006176,17868,NJ01,Exception,2026-10-04 16:55:44.014401,2026-10-06
ORD006177,SX00006177,12603,IL01,Delivered,2026-10-04 16:56:35.859585,2026-10-05
ORD006178,SX00006178,15961,NJ01,In Transit,2026-10-04 16:57:27.704770,2026-10-06
ORD006179,SX00006179,19661,CA01,Delivered,2026-10-04 16:58:19.549954,2026-10-06
ORD006180,SX00006180,18569,IL01,Out for Delivery,2026-10-04 16:59:11.395139,2026-10-07
ORD006181,SX00006181,17557,CA01,Delivered,2026-10-04 17:00:03.240324,2026-10-05
ORD006182,SX00006182,11680,TX01,Delivered,2026-10-04 17:00:55.085508,2026-10-06
ORD006183,SX00006183,18433,TX01,Out for Delivery,2026-10-04 17:01:46.930693,2026-10-06
ORD006184,SX00006184,19111,TX01,Delivered,2026-10-04 17:02:38.775877,2026-10-06
ORD006185,SX00006185,15682,NJ01,In Transit,2026-10-04 17:03:30.621062,2026-10-07
ORD006186,SX00006186,18084,TX01,In Transit,2026-10-04 17:04:22.466246,2026-10-07
ORD006187,SX00006187,15367,NJ01,Delivered,2026-10-04 17:05:14.311431,2026-10-05
ORD006188,SX00006188,10069,TX01,Delivered,2026-10-04 17:06:06.156615,2026-10-06
ORD006189,SX00006189,13924,TX01,Out for Delivery,2026-10-04 17:06:58.001800,2026-10-05
ORD006190,SX00006190,16200,TX01,In Transit,2026-10-04 17:07:49.846984,2026-10-07
ORD006191,SX00006191,12007,TX01,Delivered,2026-10-04 17:08:41.692169,2026-10-06
ORD006192,SX00006192,18992,IL01,Delivered,2026-10-04 17:09:33.537353,2026-10-06
ORD006193,SX00006193,18119,IL01,Delivered,2026-10-04 17:10:25.382538,2026-10-05
ORD006194,SX00006194,12779,TX01,Delivered,2026-10-04 17:11:17.227722,2026-10-06
ORD006195,SX00006195,14920,IL01,Delivered,2026-10-04 17:12:09.072907,2026-10-07
ORD006196,SX00006196,10755,NJ01,In Transit,2026-10-04 17:13:00.918091,2026-10-05
ORD006197,SX00006197,16495,NJ01,In Transit,2026-10-04 17:13:52.763276,2026-10-05
ORD006198,SX00006198,15935,IL01,In Transit,2026-10-04 17:14:44.608460,2026-10-06
ORD006199,SX00006199,19513,IL01,Delivered,2026-10-04 17:15:36.453645,2026-10-07
ORD006200,SX00006200,12330,TX01,Delivered,2026-10-04 17:16:28.298829,2026-10-06
ORD006201,SX00006201,15705,NJ01,In Transit,2026-10-04 17:17:20.144014,2026-10-05
ORD006202,SX00006202,18301,NJ01,In Transit,2026-10-04 17:18:11.989198,2026-10-05
ORD006203,SX00006203,11016,CA01,Delivered,2026-10-04 17:19:03.834383,2026-10-07
ORD006204,SX00006204,17347,IL01,Delivered,2026-10-04 17:19:55.679567,2026-10-05
ORD006205,SX00006205,18216,IL01,Delivered,2026-10-04 17:20:47.524752,2026-10-07
ORD006206,SX00006206,14938,TX01,Delivered,2026-10-04 17:21:39.369936,2026-10-06
ORD006207,SX00006207,12838,TX01,Delivered,2026-10-04 17:22:31.215121,2026-10-07
ORD006208,SX00006208,10737,NJ01,Delivered,2026-10-04 17:23:23.060306,2026-10-06
ORD006209,SX00006209,16200,CA01,Delivered,2026-10-04 17:24:14.905490,2026-10-06
ORD006210,SX00006210,18371,CA01,Out for Delivery,2026-10-04 17:25:06.750675,2026-10-05
ORD006211,SX00006211,10231,IL01,Delivered,2026-10-04 17:25:58.595859,2026-10-06
ORD006212,SX00006212,11917,IL01,Delivered,2026-10-04 17:26:50.441044,2026-10-05
ORD006213,SX00006213,18534,TX01,In Transit,2026-10-04 17:27:42.286228,2026-10-07
ORD006214,SX00006214,15918,IL01,Delivered,2026-10-04 17:28:34.131413,2026-10-07
ORD006215,SX00006215,12623,IL01,In Transit,2026-10-04 17:29:25.976597,2026-10-06
ORD006216,SX00006216,18646,TX01,In Transit,2026-10-04 17:30:17.821782,2026-10-07
ORD006217,SX00006217,16401,NJ01,Out for Delivery,2026-10-04 17:31:09.666966,2026-10-06
ORD006218,SX00006218,17072,NJ01,Delivered,2026-10-04 17:32:01.512151,2026-10-07
ORD006219,SX00006219,12276,IL01,Delivered,2026-10-04 17:32:53.357335,2026-10-06
ORD006220,SX00006220,17393,TX01,Delivered,2026-10-04 17:33:45.202520,2026-10-06
ORD006221,SX00006221,18787,NJ01,In Transit,2026-10-04 17:34:37.047704,2026-10-07
ORD006222,SX00006222,13874,IL01,Delivered,2026-10-04 17:35:28.892889,2026-10-07
ORD006223,SX00006223,14530,IL01,Delivered,2026-10-04 17:36:20.738073,2026-10-07
ORD006224,SX00006224,17164,NJ01,Delivered,2026-10-04 17:37:12.583258,2026-10-07
ORD006225,SX00006225,14497,CA01,Delivered,2026-10-04 17:38:04.428442,2026-10-06
ORD006226,SX00006226,17933,CA01,In Transit,2026-10-04 17:38:56.273627,2026-10-06
ORD006227,SX00006227,12135,IL01,Delivered,2026-10-04 17:39:48.118811,2026-10-07
ORD006228,SX00006228,16727,TX01,Delivered,2026-10-04 17:40:39.963996,2026-10-07
ORD006229,SX00006229,11565,TX01,Delivered,2026-10-04 17:41:31.809180,2026-10-05
ORD006230,SX00006230,10308,TX01,In Transit,2026-10-04 17:42:23.654365,2026-10-06
ORD006231,SX00006231,18534,NJ01,Out for Delivery,2026-10-04 17:43:15.499549,2026-10-06
ORD006232,SX00006232,18627,IL01,Delivered,2026-10-04 17:44:07.344734,2026-10-07
ORD006233,SX00006233,18368,TX01,Delivered,2026-10-04 17:44:59.189918,2026-10-05
ORD006234,SX00006234,10138,IL01,Delivered,2026-10-04 17:45:51.035103,2026-10-07
ORD006235,SX00006235,10193,IL01,Delivered,2026-10-04 17:46:42.880288,2026-10-06
ORD006236,SX00006236,13257,NJ01,Delivered,2026-10-04 17:47:34.725472,2026-10-06
ORD006237,SX00006237,13235,CA01,Delivered,2026-10-04 17:48:26.570657,2026-10-05
ORD006238,SX00006238,10942,IL01,Out for Delivery,2026-10-04 17:49:18.415841,2026-10-07
ORD006239,SX00006239,14620,NJ01,Out for Delivery,2026-10-04 17:50:10.261026,2026-10-05
ORD006240,SX00006240,15720,IL01,Delivered,2026-10-04 17:51:02.106210,2026-10-07
ORD006241,SX00006241,16353,CA01,Delivered,2026-10-04 17:51:53.951395,2026-10-05
ORD006242,SX00006242,14957,NJ01,Delivered,2026-10-04 17:52:45.796579,2026-10-07
ORD006243,SX00006243,19145,IL01,Delivered,2026-10-04 17:53:37.641764,2026-10-07
ORD006244,SX00006244,19494,IL01,Delivered,2026-10-04 17:54:29.486948,2026-10-07
ORD006245,SX00006245,13381,NJ01,In Transit,2026-10-04 17:55:21.332133,2026-10-06
ORD006246,SX00006246,15839,IL01,Delivered,2026-10-04 17:56:13.177317,2026-10-07
ORD006247,SX00006247,12880,IL01,In Transit,2026-10-04 17:57:05.022502,2026-10-06
ORD006248,SX00006248,14887,TX01,Delivered,2026-10-04 17:57:56.867686,2026-10-05
ORD006249,SX00006249,10545,NJ01,Exception,2026-10-04 17:58:48.712871,2026-10-07
ORD006250,SX00006250,11927,TX01,Delivered,2026-10-04 17:59:40.558055,2026-10-06
ORD006251,SX00006251,14152,IL01,In Transit,2026-10-04 18:00:32.403240,2026-10-05
ORD006252,SX00006252,10004,NJ01,Delivered,2026-10-04 18:01:24.248424,2026-10-07
ORD006253,SX00006253,15533,NJ01,In Transit,2026-10-04 18:02:16.093609,2026-10-05
ORD006254,SX00006254,19554,IL01,Delivered,2026-10-04 18:03:07.938793,2026-10-06
ORD006255,SX00006255,15378,NJ01,Delivered,2026-10-04 18:03:59.783978,2026-10-06
ORD006256,SX00006256,16233,IL01,Delivered,2026-10-04 18:04:51.629162,2026-10-07
ORD006257,SX00006257,12663,TX01,Delivered,2026-10-04 18:05:43.474347,2026-10-06
ORD006258,SX00006258,19465,NJ01,Delivered,2026-10-04 18:06:35.319531,2026-10-06
ORD006259,SX00006259,13326,NJ01,Delivered,2026-10-04 18:07:27.164716,2026-10-05
ORD006260,SX00006260,13659,IL01,Delivered,2026-10-04 18:08:19.009900,2026-10-07
ORD006261,SX00006261,11131,IL01,Exception,2026-10-04 18:09:10.855085,2026-10-07
ORD006262,SX00006262,14763,NJ01,Delivered,2026-10-04 18:10:02.700270,2026-10-07
ORD006263,SX00006263,16737,NJ01,In Transit,2026-10-04 18:10:54.545454,2026-10-05
ORD006264,SX00006264,15092,IL01,Delivered,2026-10-04 18:11:46.390639,2026-10-06
ORD006265,SX00006265,16022,IL01,Delivered,2026-10-04 18:12:38.235823,2026-10-07
ORD006266,SX00006266,13159,IL01,Delivered,2026-10-04 18:13:30.081008,2026-10-07
ORD006267,SX00006267,16159,NJ01,Delivered,2026-10-04 18:14:21.926192,2026-10-05
ORD006268,SX00006268,17318,IL01,Delivered,2026-10-04 18:15:13.771377,2026-10-05
ORD006269,SX00006269,18445,NJ01,Delivered,2026-10-04 18:16:05.616561,2026-10-07
ORD006270,SX00006270,15307,IL01,Delivered,2026-10-04 18:16:57.461746,2026-10-07
ORD006271,SX00006271,18520,NJ01,Out for Delivery,2026-10-04 18:17:49.306930,2026-10-05
ORD006272,SX00006272,13044,IL01,Delivered,2026-10-04 18:18:41.152115,2026-10-05
ORD006273,SX00006273,19612,NJ01,In Transit,2026-10-04 18:19:32.997299,2026-10-05
ORD006274,SX00006274,15636,IL01,Exception,2026-10-04 18:20:24.842484,2026-10-05
ORD006275,SX00006275,12892,IL01,Delivered,2026-10-04 18:21:16.687668,2026-10-06
ORD006276,SX00006276,15288,NJ01,Out for Delivery,2026-10-04 18:22:08.532853,2026-10-06
ORD006277,SX00006277,15812,IL01,Delivered,2026-10-04 18:23:00.378037,2026-10-07
ORD006278,SX00006278,10654,IL01,In Transit,2026-10-04 18:23:52.223222,2026-10-06
ORD006279,SX00006279,15481,TX01,Delivered,2026-10-04 18:24:44.068406,2026-10-05
ORD006280,SX00006280,10759,CA01,Delivered,2026-10-04 18:25:35.913591,2026-10-07
ORD006281,SX00006281,16782,IL01,Delivered,2026-10-04 18:26:27.758775,2026-10-05
ORD006282,SX00006282,11798,TX01,Out for Delivery,2026-10-04 18:27:19.603960,2026-10-06
ORD006283,SX00006283,15159,NJ01,Out for Delivery,2026-10-04 18:28:11.449144,2026-10-05
ORD006284,SX00006284,18446,IL01,Delivered,2026-10-04 18:29:03.294329,2026-10-07
ORD006285,SX00006285,15262,CA01,Delivered,2026-10-04 18:29:55.139513,2026-10-06
ORD006286,SX00006286,13823,TX01,In Transit,2026-10-04 18:30:46.984698,2026-10-07
ORD006287,SX00006287,11876,CA01,In Transit,2026-10-04 18:31:38.829882,2026-10-06
ORD006288,SX00006288,16154,IL01,Delivered,2026-10-04 18:32:30.675067,2026-10-05
ORD006289,SX00006289,17787,IL01,Delivered,2026-10-04 18:33:22.520252,2026-10-07
ORD006290,SX00006290,14516,NJ01,In Transit,2026-10-04 18:34:14.365436,2026-10-06
ORD006291,SX00006291,13734,NJ01,In Transit,2026-10-04 18:35:06.210621,2026-10-06
ORD006292,SX00006292,19436,IL01,Delivered,2026-10-04 18:35:58.055805,2026-10-06
ORD006293,SX00006293,15972,CA01,In Transit,2026-10-04 18:36:49.900990,2026-10-06
ORD006294,SX00006294,16639,NJ01,Delivered,2026-10-04 18:37:41.746174,2026-10-05
ORD006295,SX00006295,15356,NJ01,Out for Delivery,2026-10-04 18:38:33.591359,2026-10-05
ORD006296,SX00006296,16380,NJ01,Delivered,2026-10-04 18:39:25.436543,2026-10-06
ORD006297,SX00006297,11008,NJ01,Delivered,2026-10-04 18:40:17.281728,2026-10-05
ORD006298,SX00006298,14314,IL01,In Transit,2026-10-04 18:41:09.126912,2026-10-05
ORD006299,SX00006299,19702,CA01,Delivered,2026-10-04 18:42:00.972097,2026-10-06
ORD006300,SX00006300,12508,IL01,Out for Delivery,2026-10-04 18:42:52.817281,2026-10-05
ORD006301,SX00006301,14758,IL01,Delivered,2026-10-04 18:43:44.662466,2026-10-07
ORD006302,SX00006302,12682,CA01,Out for Delivery,2026-10-04 18:44:36.507650,2026-10-07
ORD006303,SX00006303,17311,CA01,Delivered,2026-10-04 18:45:28.352835,2026-10-05
ORD006304,SX00006304,10989,TX01,Delivered,2026-10-04 18:46:20.198019,2026-10-06
ORD006305,SX00006305,18446,CA01,In Transit,2026-10-04 18:47:12.043204,2026-10-07
ORD006306,SX00006306,14711,NJ01,In Transit,2026-10-04 18:48:03.888388,2026-10-05
ORD006307,SX00006307,16479,CA01,Delivered,2026-10-04 18:48:55.733573,2026-10-05
ORD006308,SX00006308,16964,IL01,Delivered,2026-10-04 18:49:47.578757,2026-10-06
ORD006309,SX00006309,18075,TX01,Delivered,2026-10-04 18:50:39.423942,2026-10-06
ORD006310,SX00006310,14452,TX01,Delivered,2026-10-04 18:51:31.269126,2026-10-05
ORD006311,SX00006311,18447,IL01,In Transit,2026-10-04 18:52:23.114311,2026-10-06
ORD006312,SX00006312,11007,NJ01,Delivered,2026-10-04 18:53:14.959495,2026-10-07
ORD006313,SX00006313,16496,NJ01,In Transit,2026-10-04 18:54:06.804680,2026-10-07
ORD006314,SX00006314,19947,TX01,Delivered,2026-10-04 18:54:58.649864,2026-10-05
ORD006315,SX00006315,17688,IL01,Delivered,2026-10-04 18:55:50.495049,2026-10-05
ORD006316,SX00006316,13908,TX01,Delivered,2026-10-04 18:56:42.340234,2026-10-06
ORD006317,SX00006317,12803,IL01,Delivered,2026-10-04 18:57:34.185418,2026-10-07
ORD006318,SX00006318,14379,NJ01,Delivered,2026-10-04 18:58:26.030603,2026-10-06
ORD006319,SX00006319,10098,CA01,Delivered,2026-10-04 18:59:17.875787,2026-10-05
ORD006320,SX00006320,18388,NJ01,In Transit,2026-10-04 19:00:09.720972,2026-10-05
ORD006321,SX00006321,10877,IL01,Delivered,2026-10-04 19:01:01.566156,2026-10-05
ORD006322,SX00006322,11868,IL01,Exception,2026-10-04 19:01:53.411341,2026-10-05
ORD006323,SX00006323,12665,TX01,Out for Delivery,2026-10-04 19:02:45.256525,2026-10-05
ORD006324,SX00006324,11388,CA01,Delivered,2026-10-04 19:03:37.101710,2026-10-05
ORD006325,SX00006325,12415,CA01,Out for Delivery,2026-10-04 19:04:28.946894,2026-10-06
ORD006326,SX00006326,18761,TX01,Delivered,2026-10-04 19:05:20.792079,2026-10-06
ORD006327,SX00006327,12637,IL01,Delivered,2026-10-04 19:06:12.637263,2026-10-06
ORD006328,SX00006328,17242,IL01,Delivered,2026-10-04 19:07:04.482448,2026-10-07
ORD006329,SX00006329,19257,IL01,In Transit,2026-10-04 19:07:56.327632,2026-10-06
ORD006330,SX00006330,18613,IL01,Out for Delivery,2026-10-04 19:08:48.172817,2026-10-05
ORD006331,SX00006331,12883,IL01,Delivered,2026-10-04 19:09:40.018001,2026-10-06
ORD006332,SX00006332,11204,IL01,Delivered,2026-10-04 19:10:31.863186,2026-10-06
ORD006333,SX00006333,10544,NJ01,Delivered,2026-10-04 19:11:23.708370,2026-10-07
ORD006334,SX00006334,11223,IL01,Delivered,2026-10-04 19:12:15.553555,2026-10-05
ORD006335,SX00006335,13172,TX01,Delivered,2026-10-04 19:13:07.398739,2026-10-07
ORD006336,SX00006336,18959,CA01,In Transit,2026-10-04 19:13:59.243924,2026-10-07
ORD006337,SX00006337,16450,NJ01,Delivered,2026-10-04 19:14:51.089108,2026-10-07
ORD006338,SX00006338,16520,TX01,Delivered,2026-10-04 19:15:42.934293,2026-10-06
ORD006339,SX00006339,10654,TX01,Delivered,2026-10-04 19:16:34.779477,2026-10-05
ORD006340,SX00006340,16821,IL01,Delivered,2026-10-04 19:17:26.624662,2026-10-05
ORD006341,SX00006341,12446,IL01,Delivered,2026-10-04 19:18:18.469846,2026-10-07
ORD006342,SX00006342,15892,IL01,Delivered,2026-10-04 19:19:10.315031,2026-10-05
ORD006343,SX00006343,18412,IL01,Exception,2026-10-04 19:20:02.160216,2026-10-05
ORD006344,SX00006344,13666,TX01,In Transit,2026-10-04 19:20:54.005400,2026-10-07
ORD006345,SX00006345,14277,CA01,Delivered,2026-10-04 19:21:45.850585,2026-10-06
ORD006346,SX00006346,14402,CA01,Delivered,2026-10-04 19:22:37.695769,2026-10-07
ORD006347,SX00006347,12569,IL01,Delivered,2026-10-04 19:23:29.540954,2026-10-07
ORD006348,SX00006348,15515,CA01,In Transit,2026-10-04 19:24:21.386138,2026-10-06
ORD006349,SX00006349,19205,IL01,Delivered,2026-10-04 19:25:13.231323,2026-10-06
ORD006350,SX00006350,13985,TX01,Exception,2026-10-04 19:26:05.076507,2026-10-06
ORD006351,SX00006351,18167,IL01,Exception,2026-10-04 19:26:56.921692,2026-10-06
ORD006352,SX00006352,17448,IL01,Delivered,2026-10-04 19:27:48.766876,2026-10-07
ORD006353,SX00006353,14310,IL01,Exception,2026-10-04 19:28:40.612061,2026-10-06
ORD006354,SX00006354,13019,CA01,Out for Delivery,2026-10-04 19:29:32.457245,2026-10-05
ORD006355,SX00006355,13681,IL01,Delivered,2026-10-04 19:30:24.302430,2026-10-07
ORD006356,SX00006356,19635,IL01,Delivered,2026-10-04 19:31:16.147614,2026-10-07
ORD006357,SX00006357,14196,CA01,In Transit,2026-10-04 19:32:07.992799,2026-10-06
ORD006358,SX00006358,10572,CA01,Delivered,2026-10-04 19:32:59.837983,2026-10-06
ORD006359,SX00006359,19524,IL01,Delivered,2026-10-04 19:33:51.683168,2026-10-05
ORD006360,SX00006360,14753,TX01,Delivered,2026-10-04 19:34:43.528352,2026-10-06
ORD006361,SX00006361,17082,IL01,Delivered,2026-10-04 19:35:35.373537,2026-10-07
ORD006362,SX00006362,14002,IL01,Out for Delivery,2026-10-04 19:36:27.218721,2026-10-06
ORD006363,SX00006363,15629,NJ01,Delivered,2026-10-04 19:37:19.063906,2026-10-05
ORD006364,SX00006364,18417,NJ01,In Transit,2026-10-04 19:38:10.909090,2026-10-07
ORD006365,SX00006365,14200,NJ01,Delivered,2026-10-04 19:39:02.754275,2026-10-07
ORD006366,SX00006366,11997,NJ01,In Transit,2026-10-04 19:39:54.599459,2026-10-06
ORD006367,SX00006367,18963,NJ01,Delivered,2026-10-04 19:40:46.444644,2026-10-05
ORD006368,SX00006368,17422,TX01,Delivered,2026-10-04 19:41:38.289828,2026-10-05
ORD006369,SX00006369,14524,TX01,Delivered,2026-10-04 19:42:30.135013,2026-10-06
ORD006370,SX00006370,18625,NJ01,In Transit,2026-10-04 19:43:21.980198,2026-10-07
ORD006371,SX00006371,13407,IL01,Delivered,2026-10-04 19:44:13.825382,2026-10-07
ORD006372,SX00006372,16731,NJ01,In Transit,2026-10-04 19:45:05.670567,2026-10-07
ORD006373,SX00006373,17795,TX01,Delivered,2026-10-04 19:45:57.515751,2026-10-06
ORD006374,SX00006374,19057,NJ01,Delivered,2026-10-04 19:46:49.360936,2026-10-07
ORD006375,SX00006375,12793,NJ01,Out for Delivery,2026-10-04 19:47:41.206120,2026-10-07
ORD006376,SX00006376,17334,IL01,Delivered,2026-10-04 19:48:33.051305,2026-10-06
ORD006377,SX00006377,12911,NJ01,Delivered,2026-10-04 19:49:24.896489,2026-10-07
ORD006378,SX00006378,17952,IL01,Delivered,2026-10-04 19:50:16.741674,2026-10-06
ORD006379,SX00006379,12415,CA01,Delivered,2026-10-04 19:51:08.586858,2026-10-05
ORD006380,SX00006380,10250,TX01,In Transit,2026-10-04 19:52:00.432043,2026-10-05
ORD006381,SX00006381,14951,IL01,Delivered,2026-10-04 19:52:52.277227,2026-10-06
ORD006382,SX00006382,18098,NJ01,In Transit,2026-10-04 19:53:44.122412,2026-10-06
ORD006383,SX00006383,15289,TX01,In Transit,2026-10-04 19:54:35.967596,2026-10-06
ORD006384,SX00006384,18102,IL01,Delivered,2026-10-04 19:55:27.812781,2026-10-07
ORD006385,SX00006385,17257,NJ01,Delivered,2026-10-04 19:56:19.657965,2026-10-07
ORD006386,SX00006386,15565,TX01,Exception,2026-10-04 19:57:11.503150,2026-10-06
ORD006387,SX00006387,16437,TX01,Exception,2026-10-04 19:58:03.348334,2026-10-06
ORD006388,SX00006388,19110,IL01,Delivered,2026-10-04 19:58:55.193519,2026-10-07
ORD006389,SX00006389,11173,NJ01,Delivered,2026-10-04 19:59:47.038703,2026-10-07
ORD006390,SX00006390,18624,CA01,Delivered,2026-10-04 20:00:38.883888,2026-10-06
ORD006391,SX00006391,10835,CA01,Delivered,2026-10-04 20:01:30.729072,2026-10-07
ORD006392,SX00006392,12262,TX01,In Transit,2026-10-04 20:02:22.574257,2026-10-07
ORD006393,SX00006393,19089,CA01,Delivered,2026-10-04 20:03:14.419441,2026-10-05
ORD006394,SX00006394,14567,NJ01,Delivered,2026-10-04 20:04:06.264626,2026-10-06
ORD006395,SX00006395,13815,NJ01,In Transit,2026-10-04 20:04:58.109810,2026-10-06
ORD006396,SX00006396,10246,NJ01,Out for Delivery,2026-10-04 20:05:49.954995,2026-10-07
ORD006397,SX00006397,12429,IL01,Out for Delivery,2026-10-04 20:06:41.800180,2026-10-05
ORD006398,SX00006398,19182,NJ01,Delivered,2026-10-04 20:07:33.645364,2026-10-06
ORD006399,SX00006399,19118,NJ01,Delivered,2026-10-04 20:08:25.490549,2026-10-06
ORD006400,SX00006400,15287,TX01,Delivered,2026-10-04 20:09:17.335733,2026-10-07
ORD006401,SX00006401,12607,TX01,In Transit,2026-10-04 20:10:09.180918,2026-10-06
ORD006402,SX00006402,19266,NJ01,Out for Delivery,2026-10-04 20:11:01.026102,2026-10-07
ORD006403,SX00006403,15930,IL01,Out for Delivery,2026-10-04 20:11:52.871287,2026-10-05
ORD006404,SX00006404,14022,IL01,In Transit,2026-10-04 20:12:44.716471,2026-10-05
ORD006405,SX00006405,14784,IL01,Delivered,2026-10-04 20:13:36.561656,2026-10-06
ORD006406,SX00006406,16617,TX01,Delivered,2026-10-04 20:14:28.406840,2026-10-07
ORD006407,SX00006407,13151,IL01,Delivered,2026-10-04 20:15:20.252025,2026-10-05
ORD006408,SX00006408,15580,NJ01,Out for Delivery,2026-10-04 20:16:12.097209,2026-10-06
ORD006409,SX00006409,17054,IL01,Delivered,2026-10-04 20:17:03.942394,2026-10-06
ORD006410,SX00006410,17706,TX01,Delivered,2026-10-04 20:17:55.787578,2026-10-06
ORD006411,SX00006411,17619,CA01,Delivered,2026-10-04 20:18:47.632763,2026-10-07
ORD006412,SX00006412,14573,TX01,Delivered,2026-10-04 20:19:39.477947,2026-10-07
ORD006413,SX00006413,13491,IL01,In Transit,2026-10-04 20:20:31.323132,2026-10-05
ORD006414,SX00006414,10706,NJ01,Delivered,2026-10-04 20:21:23.168316,2026-10-07
ORD006415,SX00006415,16997,IL01,In Transit,2026-10-04 20:22:15.013501,2026-10-07
ORD006416,SX00006416,15233,IL01,Delivered,2026-10-04 20:23:06.858685,2026-10-06
ORD006417,SX00006417,18945,IL01,Delivered,2026-10-04 20:23:58.703870,2026-10-06
ORD006418,SX00006418,15755,IL01,Delivered,2026-10-04 20:24:50.549054,2026-10-05
ORD006419,SX00006419,16960,IL01,Out for Delivery,2026-10-04 20:25:42.394239,2026-10-06
ORD006420,SX00006420,18779,IL01,Delivered,2026-10-04 20:26:34.239423,2026-10-06
ORD006421,SX00006421,11334,IL01,Delivered,2026-10-04 20:27:26.084608,2026-10-06
ORD006422,SX00006422,15588,NJ01,Delivered,2026-10-04 20:28:17.929792,2026-10-07
ORD006423,SX00006423,11847,CA01,Delivered,2026-10-04 20:29:09.774977,2026-10-06
ORD006424,SX00006424,16851,CA01,Delivered,2026-10-04 20:30:01.620162,2026-10-05
ORD006425,SX00006425,17211,IL01,Delivered,2026-10-04 20:30:53.465346,2026-10-05
ORD006426,SX00006426,17865,NJ01,Exception,2026-10-04 20:31:45.310531,2026-10-06
ORD006427,SX00006427,13317,CA01,In Transit,2026-10-04 20:32:37.155715,2026-10-06
ORD006428,SX00006428,16811,IL01,Delivered,2026-10-04 20:33:29.000900,2026-10-05
ORD006429,SX00006429,10164,TX01,In Transit,2026-10-04 20:34:20.846084,2026-10-07
ORD006430,SX00006430,17060,NJ01,In Transit,2026-10-04 20:35:12.691269,2026-10-06
ORD006431,SX00006431,13057,CA01,Out for Delivery,2026-10-04 20:36:04.536453,2026-10-05
ORD006432,SX00006432,14428,CA01,Delivered,2026-10-04 20:36:56.381638,2026-10-07
ORD006433,SX00006433,10402,TX01,Delivered,2026-10-04 20:37:48.226822,2026-10-05
ORD006434,SX00006434,18605,TX01,In Transit,2026-10-04 20:38:40.072007,2026-10-07
ORD006435,SX00006435,18236,IL01,In Transit,2026-10-04 20:39:31.917191,2026-10-05
ORD006436,SX00006436,16349,IL01,Delivered,2026-10-04 20:40:23.762376,2026-10-05
ORD006437,SX00006437,14157,NJ01,Delivered,2026-10-04 20:41:15.607560,2026-10-07
ORD006438,SX00006438,10867,IL01,Delivered,2026-10-04 20:42:07.452745,2026-10-06
ORD006439,SX00006439,18210,IL01,Delivered,2026-10-04 20:42:59.297929,2026-10-05
ORD006440,SX00006440,10364,IL01,Delivered,2026-10-04 20:43:51.143114,2026-10-06
ORD006441,SX00006441,17467,CA01,Delivered,2026-10-04 20:44:42.988298,2026-10-05
ORD006442,SX00006442,16571,IL01,Delivered,2026-10-04 20:45:34.833483,2026-10-07
ORD006443,SX00006443,10579,IL01,Delivered,2026-10-04 20:46:26.678667,2026-10-06
ORD006444,SX00006444,17674,NJ01,Delivered,2026-10-04 20:47:18.523852,2026-10-07
ORD006445,SX00006445,18737,NJ01,Delivered,2026-10-04 20:48:10.369036,2026-10-07
ORD006446,SX00006446,16468,IL01,Delivered,2026-10-04 20:49:02.214221,2026-10-06
ORD006447,SX00006447,14150,CA01,Delivered,2026-10-04 20:49:54.059405,2026-10-06
ORD006448,SX00006448,13039,NJ01,Delivered,2026-10-04 20:50:45.904590,2026-10-06
ORD006449,SX00006449,14137,NJ01,Delivered,2026-10-04 20:51:37.749774,2026-10-07
ORD006450,SX00006450,10452,IL01,Delivered,2026-10-04 20:52:29.594959,2026-10-07
ORD006451,SX00006451,16537,NJ01,Delivered,2026-10-04 20:53:21.440144,2026-10-07
ORD006452,SX00006452,11381,TX01,Delivered,2026-10-04 20:54:13.285328,2026-10-06
ORD006453,SX00006453,18154,IL01,Delivered,2026-10-04 20:55:05.130513,2026-10-05
ORD006454,SX00006454,11467,IL01,In Transit,2026-10-04 20:55:56.975697,2026-10-06
ORD006455,SX00006455,12738,IL01,Delivered,2026-10-04 20:56:48.820882,2026-10-05
ORD006456,SX00006456,17572,CA01,In Transit,2026-10-04 20:57:40.666066,2026-10-07
ORD006457,SX00006457,19408,IL01,Delivered,2026-10-04 20:58:32.511251,2026-10-05
ORD006458,SX00006458,16747,CA01,Out for Delivery,2026-10-04 20:59:24.356435,2026-10-06
ORD006459,SX00006459,10880,IL01,Delivered,2026-10-04 21:00:16.201620,2026-10-06
ORD006460,SX00006460,13149,NJ01,Delivered,2026-10-04 21:01:08.046804,2026-10-06
ORD006461,SX00006461,18276,TX01,Delivered,2026-10-04 21:01:59.891989,2026-10-05
ORD006462,SX00006462,17892,IL01,Out for Delivery,2026-10-04 21:02:51.737173,2026-10-06
ORD006463,SX00006463,14144,NJ01,Delivered,2026-10-04 21:03:43.582358,2026-10-05
ORD006464,SX00006464,11168,IL01,In Transit,2026-10-04 21:04:35.427542,2026-10-07
ORD006465,SX00006465,13129,IL01,Delivered,2026-10-04 21:05:27.272727,2026-10-05
ORD006466,SX00006466,13645,TX01,In Transit,2026-10-04 21:06:19.117911,2026-10-07
ORD006467,SX00006467,12526,IL01,Out for Delivery,2026-10-04 21:07:10.963096,2026-10-05
ORD006468,SX00006468,13516,TX01,Exception,2026-10-04 21:08:02.808280,2026-10-07
ORD006469,SX00006469,13367,IL01,In Transit,2026-10-04 21:08:54.653465,2026-10-06
ORD006470,SX00006470,17338,IL01,Delivered,2026-10-04 21:09:46.498649,2026-10-05
ORD006471,SX00006471,13555,TX01,Delivered,2026-10-04 21:10:38.343834,2026-10-07
ORD006472,SX00006472,15111,NJ01,Delivered,2026-10-04 21:11:30.189018,2026-10-06
ORD006473,SX00006473,16752,IL01,Delivered,2026-10-04 21:12:22.034203,2026-10-06
ORD006474,SX00006474,10445,NJ01,Delivered,2026-10-04 21:13:13.879387,2026-10-07
ORD006475,SX00006475,16364,IL01,Delivered,2026-10-04 21:14:05.724572,2026-10-07
ORD006476,SX00006476,13626,CA01,In Transit,2026-10-04 21:14:57.569756,2026-10-05
ORD006477,SX00006477,14016,IL01,Delivered,2026-10-04 21:15:49.414941,2026-10-07
ORD006478,SX00006478,13875,IL01,Delivered,2026-10-04 21:16:41.260126,2026-10-07
ORD006479,SX00006479,15497,TX01,Delivered,2026-10-04 21:17:33.105310,2026-10-06
ORD006480,SX00006480,16238,IL01,Out for Delivery,2026-10-04 21:18:24.950495,2026-10-07
ORD006481,SX00006481,10261,IL01,Delivered,2026-10-04 21:19:16.795679,2026-10-07
ORD006482,SX00006482,14992,IL01,Delivered,2026-10-04 21:20:08.640864,2026-10-07
ORD006483,SX00006483,14025,CA01,Exception,2026-10-04 21:21:00.486048,2026-10-06
ORD006484,SX00006484,18283,CA01,Delivered,2026-10-04 21:21:52.331233,2026-10-06
ORD006485,SX00006485,14222,TX01,In Transit,2026-10-04 21:22:44.176417,2026-10-06
ORD006486,SX00006486,14175,NJ01,Out for Delivery,2026-10-04 21:23:36.021602,2026-10-06
ORD006487,SX00006487,19174,NJ01,Delivered,2026-10-04 21:24:27.866786,2026-10-05
ORD006488,SX00006488,13443,NJ01,Exception,2026-10-04 21:25:19.711971,2026-10-06
ORD006489,SX00006489,15011,IL01,In Transit,2026-10-04 21:26:11.557155,2026-10-06
ORD006490,SX00006490,10693,CA01,Delivered,2026-10-04 21:27:03.402340,2026-10-05
ORD006491,SX00006491,18347,IL01,Delivered,2026-10-04 21:27:55.247524,2026-10-05
ORD006492,SX00006492,11812,IL01,Delivered,2026-10-04 21:28:47.092709,2026-10-05
ORD006493,SX00006493,15724,CA01,Out for Delivery,2026-10-04 21:29:38.937893,2026-10-07
ORD006494,SX00006494,11407,TX01,Delivered,2026-10-04 21:30:30.783078,2026-10-06
ORD006495,SX00006495,18032,IL01,In Transit,2026-10-04 21:31:22.628262,2026-10-07
ORD006496,SX00006496,19408,IL01,Delivered,2026-10-04 21:32:14.473447,2026-10-05
ORD006497,SX00006497,11410,NJ01,In Transit,2026-10-04 21:33:06.318631,2026-10-05
ORD006498,SX00006498,13497,NJ01,Delivered,2026-10-04 21:33:58.163816,2026-10-05
ORD006499,SX00006499,14372,NJ01,Delivered,2026-10-04 21:34:50.009000,2026-10-05
ORD006500,SX00006500,17394,IL01,Delivered,2026-10-04 21:35:41.854185,2026-10-07
ORD006501,SX00006501,10551,CA01,In Transit,2026-10-04 21:36:33.699369,2026-10-05
ORD006502,SX00006502,19368,IL01,Delivered,2026-10-04 21:37:25.544554,2026-10-06
ORD006503,SX00006503,14332,NJ01,In Transit,2026-10-04 21:38:17.389738,2026-10-06
ORD006504,SX00006504,10997,NJ01,Delivered,2026-10-04 21:39:09.234923,2026-10-06
ORD006505,SX00006505,14076,IL01,In Transit,2026-10-04 21:40:01.080108,2026-10-07
ORD006506,SX00006506,16099,IL01,In Transit,2026-10-04 21:40:52.925292,2026-10-05
ORD006507,SX00006507,15555,CA01,Delivered,2026-10-04 21:41:44.770477,2026-10-07
ORD006508,SX00006508,14052,CA01,In Transit,2026-10-04 21:42:36.615661,2026-10-06
ORD006509,SX00006509,15303,IL01,Delivered,2026-10-04 21:43:28.460846,2026-10-05
ORD006510,SX00006510,18118,CA01,Out for Delivery,2026-10-04 21:44:20.306030,2026-10-07
ORD006511,SX00006511,16102,IL01,Delivered,2026-10-04 21:45:12.151215,2026-10-05
ORD006512,SX00006512,15490,NJ01,Delivered,2026-10-04 21:46:03.996399,2026-10-05
ORD006513,SX00006513,18564,IL01,In Transit,2026-10-04 21:46:55.841584,2026-10-07
ORD006514,SX00006514,15616,CA01,In Transit,2026-10-04 21:47:47.686768,2026-10-06
ORD006515,SX00006515,12248,IL01,Delivered,2026-10-04 21:48:39.531953,2026-10-07
ORD006516,SX00006516,10848,NJ01,Exception,2026-10-04 21:49:31.377137,2026-10-07
ORD006517,SX00006517,16354,TX01,Delivered,2026-10-04 21:50:23.222322,2026-10-06
ORD006518,SX00006518,18695,IL01,Exception,2026-10-04 21:51:15.067506,2026-10-07
ORD006519,SX00006519,18070,NJ01,Delivered,2026-10-04 21:52:06.912691,2026-10-05
ORD006520,SX00006520,18894,IL01,Delivered,2026-10-04 21:52:58.757875,2026-10-06
ORD006521,SX00006521,13625,TX01,Delivered,2026-10-04 21:53:50.603060,2026-10-07
ORD006522,SX00006522,10314,IL01,Exception,2026-10-04 21:54:42.448244,2026-10-05
ORD006523,SX00006523,12376,NJ01,Delivered,2026-10-04 21:55:34.293429,2026-10-06
ORD006524,SX00006524,19232,CA01,Out for Delivery,2026-10-04 21:56:26.138613,2026-10-07
ORD006525,SX00006525,14378,IL01,In Transit,2026-10-04 21:57:17.983798,2026-10-06
ORD006526,SX00006526,18449,IL01,Delivered,2026-10-04 21:58:09.828982,2026-10-05
ORD006527,SX00006527,10574,TX01,Delivered,2026-10-04 21:59:01.674167,2026-10-05
ORD006528,SX00006528,19744,TX01,Delivered,2026-10-04 21:59:53.519351,2026-10-06
ORD006529,SX00006529,15585,CA01,Delivered,2026-10-04 22:00:45.364536,2026-10-05
ORD006530,SX00006530,15492,IL01,Delivered,2026-10-04 22:01:37.209720,2026-10-05
ORD006531,SX00006531,18949,IL01,Out for Delivery,2026-10-04 22:02:29.054905,2026-10-06
ORD006532,SX00006532,12810,TX01,Delivered,2026-10-04 22:03:20.900090,2026-10-06
ORD006533,SX00006533,18134,TX01,Out for Delivery,2026-10-04 22:04:12.745274,2026-10-07
ORD006534,SX00006534,19296,NJ01,Delivered,2026-10-04 22:05:04.590459,2026-10-07
ORD006535,SX00006535,15670,IL01,Delivered,2026-10-04 22:05:56.435643,2026-10-06
ORD006536,SX00006536,17715,IL01,Delivered,2026-10-04 22:06:48.280828,2026-10-05
ORD006537,SX00006537,16567,IL01,In Transit,2026-10-04 22:07:40.126012,2026-10-05
ORD006538,SX00006538,13459,CA01,Delivered,2026-10-04 22:08:31.971197,2026-10-06
ORD006539,SX00006539,16117,IL01,Out for Delivery,2026-10-04 22:09:23.816381,2026-10-06
ORD006540,SX00006540,13992,NJ01,Delivered,2026-10-04 22:10:15.661566,2026-10-06
ORD006541,SX00006541,17837,NJ01,Out for Delivery,2026-10-04 22:11:07.506750,2026-10-05
ORD006542,SX00006542,10203,IL01,Out for Delivery,2026-10-04 22:11:59.351935,2026-10-07
ORD006543,SX00006543,12775,IL01,In Transit,2026-10-04 22:12:51.197119,2026-10-07
ORD006544,SX00006544,11992,TX01,Delivered,2026-10-04 22:13:43.042304,2026-10-05
ORD006545,SX00006545,12243,IL01,Delivered,2026-10-04 22:14:34.887488,2026-10-07
ORD006546,SX00006546,18498,IL01,In Transit,2026-10-04 22:15:26.732673,2026-10-06
ORD006547,SX00006547,11687,IL01,Delivered,2026-10-04 22:16:18.577857,2026-10-06
ORD006548,SX00006548,14109,TX01,In Transit,2026-10-04 22:17:10.423042,2026-10-05
ORD006549,SX00006549,11860,CA01,In Transit,2026-10-04 22:18:02.268226,2026-10-05
ORD006550,SX00006550,15176,NJ01,Delivered,2026-10-04 22:18:54.113411,2026-10-06
ORD006551,SX00006551,10722,TX01,Delivered,2026-10-04 22:19:45.958595,2026-10-06
ORD006552,SX00006552,18971,NJ01,Delivered,2026-10-04 22:20:37.803780,2026-10-05
ORD006553,SX00006553,18720,NJ01,Delivered,2026-10-04 22:21:29.648964,2026-10-05
ORD006554,SX00006554,14893,CA01,Out for Delivery,2026-10-04 22:22:21.494149,2026-10-06
ORD006555,SX00006555,10343,NJ01,In Transit,2026-10-04 22:23:13.339333,2026-10-06
ORD006556,SX00006556,15398,IL01,Delivered,2026-10-04 22:24:05.184518,2026-10-07
ORD006557,SX00006557,18400,CA01,In Transit,2026-10-04 22:24:57.029702,2026-10-07
ORD006558,SX00006558,14736,TX01,Delivered,2026-10-04 22:25:48.874887,2026-10-06
ORD006559,SX00006559,13406,IL01,Delivered,2026-10-04 22:26:40.720072,2026-10-05
ORD006560,SX00006560,19503,CA01,Delivered,2026-10-04 22:27:32.565256,2026-10-07
ORD006561,SX00006561,10919,IL01,Exception,2026-10-04 22:28:24.410441,2026-10-07
ORD006562,SX00006562,15819,IL01,Exception,2026-10-04 22:29:16.255625,2026-10-06
ORD006563,SX00006563,12044,NJ01,Delivered,2026-10-04 22:30:08.100810,2026-10-05
ORD006564,SX00006564,10418,IL01,Delivered,2026-10-04 22:30:59.945994,2026-10-05
ORD006565,SX00006565,11749,TX01,Delivered,2026-10-04 22:31:51.791179,2026-10-06
ORD006566,SX00006566,17378,IL01,In Transit,2026-10-04 22:32:43.636363,2026-10-05
ORD006567,SX00006567,11099,IL01,Delivered,2026-10-04 22:33:35.481548,2026-10-06
ORD006568,SX00006568,13392,NJ01,Delivered,2026-10-04 22:34:27.326732,2026-10-05
ORD006569,SX00006569,12772,NJ01,In Transit,2026-10-04 22:35:19.171917,2026-10-06
ORD006570,SX00006570,16784,IL01,Delivered,2026-10-04 22:36:11.017101,2026-10-05
ORD006571,SX00006571,11545,CA01,Delivered,2026-10-04 22:37:02.862286,2026-10-06
ORD006572,SX00006572,11070,NJ01,Delivered,2026-10-04 22:37:54.707470,2026-10-06
ORD006573,SX00006573,16522,IL01,In Transit,2026-10-04 22:38:46.552655,2026-10-05
ORD006574,SX00006574,11850,IL01,Exception,2026-10-04 22:39:38.397839,2026-10-06
ORD006575,SX00006575,15053,TX01,Delivered,2026-10-04 22:40:30.243024,2026-10-07
ORD006576,SX00006576,12939,NJ01,Delivered,2026-10-04 22:41:22.088208,2026-10-05
ORD006577,SX00006577,17194,IL01,Delivered,2026-10-04 22:42:13.933393,2026-10-06
ORD006578,SX00006578,15851,IL01,Delivered,2026-10-04 22:43:05.778577,2026-10-05
ORD006579,SX00006579,16673,NJ01,Delivered,2026-10-04 22:43:57.623762,2026-10-05
ORD006580,SX00006580,10678,IL01,Delivered,2026-10-04 22:44:49.468946,2026-10-06
ORD006581,SX00006581,10988,TX01,Delivered,2026-10-04 22:45:41.314131,2026-10-07
ORD006582,SX00006582,19799,CA01,In Transit,2026-10-04 22:46:33.159315,2026-10-05
ORD006583,SX00006583,11502,IL01,Delivered,2026-10-04 22:47:25.004500,2026-10-07
ORD006584,SX00006584,11789,CA01,Exception,2026-10-04 22:48:16.849684,2026-10-07
ORD006585,SX00006585,15281,CA01,Delivered,2026-10-04 22:49:08.694869,2026-10-06
ORD006586,SX00006586,15027,CA01,Delivered,2026-10-04 22:50:00.540054,2026-10-06
ORD006587,SX00006587,11425,CA01,Delivered,2026-10-04 22:50:52.385238,2026-10-05
ORD006588,SX00006588,16654,TX01,Delivered,2026-10-04 22:51:44.230423,2026-10-06
ORD006589,SX00006589,12440,NJ01,Out for Delivery,2026-10-04 22:52:36.075607,2026-10-05
ORD006590,SX00006590,16856,NJ01,In Transit,2026-10-04 22:53:27.920792,2026-10-05
ORD006591,SX00006591,17367,NJ01,Delivered,2026-10-04 22:54:19.765976,2026-10-07
ORD006592,SX00006592,19470,CA01,In Transit,2026-10-04 22:55:11.611161,2026-10-06
ORD006593,SX00006593,12594,IL01,Exception,2026-10-04 22:56:03.456345,2026-10-06
ORD006594,SX00006594,14689,IL01,Delivered,2026-10-04 22:56:55.301530,2026-10-05
ORD006595,SX00006595,12436,IL01,Delivered,2026-10-04 22:57:47.146714,2026-10-07
ORD006596,SX00006596,15517,TX01,Delivered,2026-10-04 22:58:38.991899,2026-10-06
ORD006597,SX00006597,19219,TX01,In Transit,2026-10-04 22:59:30.837083,2026-10-07
ORD006598,SX00006598,16310,NJ01,Delivered,2026-10-04 23:00:22.682268,2026-10-07
ORD006599,SX00006599,13539,IL01,Delivered,2026-10-04 23:01:14.527452,2026-10-05
ORD006600,SX00006600,13483,TX01,Delivered,2026-10-04 23:02:06.372637,2026-10-06
ORD006601,SX00006601,17371,IL01,Delivered,2026-10-04 23:02:58.217821,2026-10-06
ORD006602,SX00006602,12241,NJ01,In Transit,2026-10-04 23:03:50.063006,2026-10-06
ORD006603,SX00006603,16378,IL01,Delivered,2026-10-04 23:04:41.908190,2026-10-07
ORD006604,SX00006604,12765,CA01,Delivered,2026-10-04 23:05:33.753375,2026-10-06
ORD006605,SX00006605,19365,NJ01,Exception,2026-10-04 23:06:25.598559,2026-10-05
ORD006606,SX00006606,14911,NJ01,Delivered,2026-10-04 23:07:17.443744,2026-10-07
ORD006607,SX00006607,10403,TX01,Delivered,2026-10-04 23:08:09.288928,2026-10-06
ORD006608,SX00006608,13382,NJ01,In Transit,2026-10-04 23:09:01.134113,2026-10-07
ORD006609,SX00006609,14163,IL01,In Transit,2026-10-04 23:09:52.979297,2026-10-07
ORD006610,SX00006610,17630,NJ01,Delivered,2026-10-04 23:10:44.824482,2026-10-07
ORD006611,SX00006611,10087,CA01,Delivered,2026-10-04 23:11:36.669666,2026-10-05
ORD006612,SX00006612,19350,NJ01,In Transit,2026-10-04 23:12:28.514851,2026-10-06
ORD006613,SX00006613,15816,TX01,Delivered,2026-10-04 23:13:20.360036,2026-10-06
ORD006614,SX00006614,15470,CA01,In Transit,2026-10-04 23:14:12.205220,2026-10-07
ORD006615,SX00006615,16276,TX01,In Transit,2026-10-04 23:15:04.050405,2026-10-06
ORD006616,SX00006616,15739,TX01,Delivered,2026-10-04 23:15:55.895589,2026-10-07
ORD006617,SX00006617,14273,TX01,In Transit,2026-10-04 23:16:47.740774,2026-10-07
ORD006618,SX00006618,19573,CA01,Delivered,2026-10-04 23:17:39.585958,2026-10-07
ORD006619,SX00006619,16523,CA01,In Transit,2026-10-04 23:18:31.431143,2026-10-05
ORD006620,SX00006620,15003,CA01,In Transit,2026-10-04 23:19:23.276327,2026-10-06
ORD006621,SX00006621,18038,NJ01,Delivered,2026-10-04 23:20:15.121512,2026-10-07
ORD006622,SX00006622,16606,IL01,Delivered,2026-10-04 23:21:06.966696,2026-10-06
ORD006623,SX00006623,12064,IL01,Delivered,2026-10-04 23:21:58.811881,2026-10-05
ORD006624,SX00006624,15315,IL01,Delivered,2026-10-04 23:22:50.657065,2026-10-05
ORD006625,SX00006625,10317,CA01,Delivered,2026-10-04 23:23:42.502250,2026-10-07
ORD006626,SX00006626,11502,CA01,In Transit,2026-10-04 23:24:34.347434,2026-10-05
ORD006627,SX00006627,16130,NJ01,Delivered,2026-10-04 23:25:26.192619,2026-10-05
ORD006628,SX00006628,17419,NJ01,Delivered,2026-10-04 23:26:18.037803,2026-10-05
ORD006629,SX00006629,12042,IL01,In Transit,2026-10-04 23:27:09.882988,2026-10-05
ORD006630,SX00006630,14598,NJ01,Delivered,2026-10-04 23:28:01.728172,2026-10-05
ORD006631,SX00006631,10118,TX01,In Transit,2026-10-04 23:28:53.573357,2026-10-05
ORD006632,SX00006632,10709,NJ01,Delivered,2026-10-04 23:29:45.418541,2026-10-06
ORD006633,SX00006633,13557,IL01,Delivered,2026-10-04 23:30:37.263726,2026-10-05
ORD006634,SX00006634,13250,NJ01,Delivered,2026-10-04 23:31:29.108910,2026-10-06
ORD006635,SX00006635,18061,IL01,Out for Delivery,2026-10-04 23:32:20.954095,2026-10-07
ORD006636,SX00006636,18609,CA01,Delivered,2026-10-04 23:33:12.799279,2026-10-05
ORD006637,SX00006637,12603,IL01,Delivered,2026-10-04 23:34:04.644464,2026-10-05
ORD006638,SX00006638,11101,CA01,Delivered,2026-10-04 23:34:56.489648,2026-10-06
ORD006639,SX00006639,14421,IL01,In Transit,2026-10-04 23:35:48.334833,2026-10-05
ORD006640,SX00006640,17857,IL01,Delivered,2026-10-04 23:36:40.180018,2026-10-06
ORD006641,SX00006641,18177,NJ01,In Transit,2026-10-04 23:37:32.025202,2026-10-06
ORD006642,SX00006642,16082,TX01,In Transit,2026-10-04 23:38:23.870387,2026-10-05
ORD006643,SX00006643,16658,NJ01,Delivered,2026-10-04 23:39:15.715571,2026-10-07
ORD006644,SX00006644,12261,IL01,Delivered,2026-10-04 23:40:07.560756,2026-10-07
ORD006645,SX00006645,18021,IL01,Delivered,2026-10-04 23:40:59.405940,2026-10-07
ORD006646,SX00006646,10508,NJ01,Delivered,2026-10-04 23:41:51.251125,2026-10-06
ORD006647,SX00006647,12379,IL01,Delivered,2026-10-04 23:42:43.096309,2026-10-06
ORD006648,SX00006648,18879,IL01,Delivered,2026-10-04 23:43:34.941494,2026-10-05
ORD006649,SX00006649,14752,TX01,Delivered,2026-10-04 23:44:26.786678,2026-10-06
ORD006650,SX00006650,19484,IL01,Delivered,2026-10-04 23:45:18.631863,2026-10-07
ORD006651,SX00006651,15495,IL01,Delivered,2026-10-04 23:46:10.477047,2026-10-05
ORD006652,SX00006652,13209,IL01,Delivered,2026-10-04 23:47:02.322232,2026-10-07
ORD006653,SX00006653,17398,CA01,Out for Delivery,2026-10-04 23:47:54.167416,2026-10-05
ORD006654,SX00006654,16743,IL01,Delivered,2026-10-04 23:48:46.012601,2026-10-07
ORD006655,SX00006655,15648,CA01,Delivered,2026-10-04 23:49:37.857785,2026-10-05
ORD006656,SX00006656,15171,IL01,Delivered,2026-10-04 23:50:29.702970,2026-10-07
ORD006657,SX00006657,17890,TX01,Delivered,2026-10-04 23:51:21.548154,2026-10-06
ORD006658,SX00006658,10324,IL01,Delivered,2026-10-04 23:52:13.393339,2026-10-07
ORD006659,SX00006659,13557,NJ01,Delivered,2026-10-04 23:53:05.238523,2026-10-05
ORD006660,SX00006660,13587,TX01,Delivered,2026-10-04 23:53:57.083708,2026-10-07
ORD006661,SX00006661,10151,TX01,In Transit,2026-10-04 23:54:48.928892,2026-10-06
ORD006662,SX00006662,10954,TX01,Out for Delivery,2026-10-04 23:55:40.774077,2026-10-05
ORD006663,SX00006663,14354,TX01,Delivered,2026-10-04 23:56:32.619261,2026-10-06
ORD006664,SX00006664,17160,IL01,In Transit,2026-10-04 23:57:24.464446,2026-10-07
ORD006665,SX00006665,19383,NJ01,Delivered,2026-10-04 23:58:16.309630,2026-10-05
ORD006666,SX00006666,10687,NJ01,Delivered,2026-10-04 23:59:08.154815,2026-10-07
ORD006667,SX00006667,18501,CA01,Delivered,2026-10-05 00:00:00.000000,2026-10-06
ORD006668,SX00006668,19694,IL01,Delivered,2026-10-05 00:00:51.845184,2026-10-07
ORD006669,SX00006669,13127,CA01,Delivered,2026-10-05 00:01:43.690369,2026-10-07
ORD006670,SX00006670,16763,NJ01,In Transit,2026-10-05 00:02:35.535553,2026-10-07
ORD006671,SX00006671,13395,TX01,Delivered,2026-10-05 00:03:27.380738,2026-10-08
ORD006672,SX00006672,19005,IL01,Delivered,2026-10-05 00:04:19.225922,2026-10-06
ORD006673,SX00006673,10845,NJ01,Delivered,2026-10-05 00:05:11.071107,2026-10-07
ORD006674,SX00006674,11164,TX01,Delivered,2026-10-05 00:06:02.916291,2026-10-08
ORD006675,SX00006675,15904,NJ01,Delivered,2026-10-05 00:06:54.761476,2026-10-08
ORD006676,SX00006676,19959,CA01,Delivered,2026-10-05 00:07:46.606660,2026-10-06
ORD006677,SX00006677,15360,TX01,Delivered,2026-10-05 00:08:38.451845,2026-10-07
ORD006678,SX00006678,10354,NJ01,Delivered,2026-10-05 00:09:30.297029,2026-10-08
ORD006679,SX00006679,11872,CA01,Delivered,2026-10-05 00:10:22.142214,2026-10-07
ORD006680,SX00006680,12024,TX01,Delivered,2026-10-05 00:11:13.987398,2026-10-06
ORD006681,SX00006681,12817,NJ01,Delivered,2026-10-05 00:12:05.832583,2026-10-07
ORD006682,SX00006682,13832,IL01,Delivered,2026-10-05 00:12:57.677767,2026-10-07
ORD006683,SX00006683,18257,IL01,Delivered,2026-10-05 00:13:49.522952,2026-10-08
ORD006684,SX00006684,12581,TX01,Delivered,2026-10-05 00:14:41.368136,2026-10-08
ORD006685,SX00006685,19582,CA01,Delivered,2026-10-05 00:15:33.213321,2026-10-06
ORD006686,SX00006686,19322,IL01,Delivered,2026-10-05 00:16:25.058505,2026-10-06
ORD006687,SX00006687,12486,IL01,In Transit,2026-10-05 00:17:16.903690,2026-10-06
ORD006688,SX00006688,19026,NJ01,Delivered,2026-10-05 00:18:08.748874,2026-10-08
ORD006689,SX00006689,18418,IL01,Out for Delivery,2026-10-05 00:19:00.594059,2026-10-06
ORD006690,SX00006690,12443,TX01,Delivered,2026-10-05 00:19:52.439243,2026-10-06
ORD006691,SX00006691,18919,TX01,In Transit,2026-10-05 00:20:44.284428,2026-10-08
ORD006692,SX00006692,11036,IL01,In Transit,2026-10-05 00:21:36.129612,2026-10-06
ORD006693,SX00006693,18684,CA01,Out for Delivery,2026-10-05 00:22:27.974797,2026-10-08
ORD006694,SX00006694,17435,NJ01,Out for Delivery,2026-10-05 00:23:19.819981,2026-10-06
ORD006695,SX00006695,11548,NJ01,Delivered,2026-10-05 00:24:11.665166,2026-10-08
ORD006696,SX00006696,19335,IL01,Delivered,2026-10-05 00:25:03.510351,2026-10-07
ORD006697,SX00006697,15065,NJ01,Delivered,2026-10-05 00:25:55.355535,2026-10-08
ORD006698,SX00006698,16496,CA01,Delivered,2026-10-05 00:26:47.200720,2026-10-08
ORD006699,SX00006699,16183,IL01,In Transit,2026-10-05 00:27:39.045904,2026-10-08
ORD006700,SX00006700,13957,IL01,Delivered,2026-10-05 00:28:30.891089,2026-10-06
ORD006701,SX00006701,13407,IL01,In Transit,2026-10-05 00:29:22.736273,2026-10-08
ORD006702,SX00006702,10639,IL01,Delivered,2026-10-05 00:30:14.581458,2026-10-08
ORD006703,SX00006703,10172,IL01,Delivered,2026-10-05 00:31:06.426642,2026-10-06
ORD006704,SX00006704,15666,IL01,Exception,2026-10-05 00:31:58.271827,2026-10-07
ORD006705,SX00006705,14354,CA01,Delivered,2026-10-05 00:32:50.117011,2026-10-08
ORD006706,SX00006706,13959,TX01,Delivered,2026-10-05 00:33:41.962196,2026-10-06
ORD006707,SX00006707,18708,IL01,Delivered,2026-10-05 00:34:33.807380,2026-10-07
ORD006708,SX00006708,18714,TX01,In Transit,2026-10-05 00:35:25.652565,2026-10-08
ORD006709,SX00006709,12886,IL01,In Transit,2026-10-05 00:36:17.497749,2026-10-07
ORD006710,SX00006710,12164,NJ01,In Transit,2026-10-05 00:37:09.342934,2026-10-08
ORD006711,SX00006711,13945,IL01,Delivered,2026-10-05 00:38:01.188118,2026-10-08
ORD006712,SX00006712,15235,IL01,Delivered,2026-10-05 00:38:53.033303,2026-10-07
ORD006713,SX00006713,17746,CA01,Delivered,2026-10-05 00:39:44.878487,2026-10-07
ORD006714,SX00006714,12590,IL01,Delivered,2026-10-05 00:40:36.723672,2026-10-07
ORD006715,SX00006715,17754,TX01,Delivered,2026-10-05 00:41:28.568856,2026-10-08
ORD006716,SX00006716,14934,NJ01,Delivered,2026-10-05 00:42:20.414041,2026-10-08
ORD006717,SX00006717,14076,IL01,Delivered,2026-10-05 00:43:12.259225,2026-10-06
ORD006718,SX00006718,15185,TX01,Delivered,2026-10-05 00:44:04.104410,2026-10-06
ORD006719,SX00006719,11093,NJ01,Delivered,2026-10-05 00:44:55.949594,2026-10-06
ORD006720,SX00006720,13880,IL01,Delivered,2026-10-05 00:45:47.794779,2026-10-08
ORD006721,SX00006721,16559,IL01,Delivered,2026-10-05 00:46:39.639963,2026-10-07
ORD006722,SX00006722,12785,IL01,Delivered,2026-10-05 00:47:31.485148,2026-10-06
ORD006723,SX00006723,16065,CA01,Delivered,2026-10-05 00:48:23.330333,2026-10-08
ORD006724,SX00006724,16539,NJ01,In Transit,2026-10-05 00:49:15.175517,2026-10-07
ORD006725,SX00006725,11574,IL01,Delivered,2026-10-05 00:50:07.020702,2026-10-06
ORD006726,SX00006726,15676,CA01,In Transit,2026-10-05 00:50:58.865886,2026-10-07
ORD006727,SX00006727,18060,IL01,Delivered,2026-10-05 00:51:50.711071,2026-10-07
ORD006728,SX00006728,13990,IL01,Delivered,2026-10-05 00:52:42.556255,2026-10-06
ORD006729,SX00006729,15210,IL01,Delivered,2026-10-05 00:53:34.401440,2026-10-06
ORD006730,SX00006730,14845,NJ01,Delivered,2026-10-05 00:54:26.246624,2026-10-08
ORD006731,SX00006731,19285,IL01,Delivered,2026-10-05 00:55:18.091809,2026-10-07
ORD006732,SX00006732,11189,NJ01,Delivered,2026-10-05 00:56:09.936993,2026-10-06
ORD006733,SX00006733,12689,CA01,Out for Delivery,2026-10-05 00:57:01.782178,2026-10-06
ORD006734,SX00006734,14095,IL01,Delivered,2026-10-05 00:57:53.627362,2026-10-07
ORD006735,SX00006735,11875,IL01,Delivered,2026-10-05 00:58:45.472547,2026-10-07
ORD006736,SX00006736,17768,IL01,Delivered,2026-10-05 00:59:37.317731,2026-10-07
ORD006737,SX00006737,13406,NJ01,Delivered,2026-10-05 01:00:29.162916,2026-10-06
ORD006738,SX00006738,19979,CA01,In Transit,2026-10-05 01:01:21.008100,2026-10-06
ORD006739,SX00006739,13932,IL01,Delivered,2026-10-05 01:02:12.853285,2026-10-08
ORD006740,SX00006740,19799,IL01,Delivered,2026-10-05 01:03:04.698469,2026-10-07
ORD006741,SX00006741,18240,IL01,Delivered,2026-10-05 01:03:56.543654,2026-10-06
ORD006742,SX00006742,15408,IL01,Delivered,2026-10-05 01:04:48.388838,2026-10-06
ORD006743,SX00006743,13861,TX01,Delivered,2026-10-05 01:05:40.234023,2026-10-07
ORD006744,SX00006744,17406,IL01,Delivered,2026-10-05 01:06:32.079207,2026-10-06
ORD006745,SX00006745,12833,IL01,In Transit,2026-10-05 01:07:23.924392,2026-10-07
ORD006746,SX00006746,15285,NJ01,Delivered,2026-10-05 01:08:15.769576,2026-10-06
ORD006747,SX00006747,19589,IL01,Delivered,2026-10-05 01:09:07.614761,2026-10-07
ORD006748,SX00006748,17645,NJ01,In Transit,2026-10-05 01:09:59.459945,2026-10-07
ORD006749,SX00006749,19023,IL01,Delivered,2026-10-05 01:10:51.305130,2026-10-06
ORD006750,SX00006750,14777,CA01,Delivered,2026-10-05 01:11:43.150315,2026-10-07
ORD006751,SX00006751,12735,IL01,Out for Delivery,2026-10-05 01:12:34.995499,2026-10-08
ORD006752,SX00006752,18273,CA01,Delivered,2026-10-05 01:13:26.840684,2026-10-08
ORD006753,SX00006753,18278,IL01,Delivered,2026-10-05 01:14:18.685868,2026-10-07
ORD006754,SX00006754,16368,TX01,Delivered,2026-10-05 01:15:10.531053,2026-10-08
ORD006755,SX00006755,10821,IL01,In Transit,2026-10-05 01:16:02.376237,2026-10-06
ORD006756,SX00006756,17525,TX01,Delivered,2026-10-05 01:16:54.221422,2026-10-06
ORD006757,SX00006757,10162,IL01,In Transit,2026-10-05 01:17:46.066606,2026-10-07
ORD006758,SX00006758,17777,NJ01,Delivered,2026-10-05 01:18:37.911791,2026-10-06
ORD006759,SX00006759,11932,TX01,Delivered,2026-10-05 01:19:29.756975,2026-10-06
ORD006760,SX00006760,13535,NJ01,Delivered,2026-10-05 01:20:21.602160,2026-10-08
ORD006761,SX00006761,15956,NJ01,Delivered,2026-10-05 01:21:13.447344,2026-10-06
ORD006762,SX00006762,13446,IL01,In Transit,2026-10-05 01:22:05.292529,2026-10-06
ORD006763,SX00006763,12790,IL01,In Transit,2026-10-05 01:22:57.137713,2026-10-08
ORD006764,SX00006764,12707,NJ01,Delivered,2026-10-05 01:23:48.982898,2026-10-07
ORD006765,SX00006765,17959,IL01,Delivered,2026-10-05 01:24:40.828082,2026-10-07
ORD006766,SX00006766,13933,IL01,Delivered,2026-10-05 01:25:32.673267,2026-10-08
ORD006767,SX00006767,13385,IL01,Delivered,2026-10-05 01:26:24.518451,2026-10-08
ORD006768,SX00006768,16636,IL01,Delivered,2026-10-05 01:27:16.363636,2026-10-06
ORD006769,SX00006769,10922,NJ01,In Transit,2026-10-05 01:28:08.208820,2026-10-06
ORD006770,SX00006770,18089,NJ01,Delivered,2026-10-05 01:29:00.054005,2026-10-07
ORD006771,SX00006771,19774,CA01,Delivered,2026-10-05 01:29:51.899189,2026-10-07
ORD006772,SX00006772,10564,IL01,In Transit,2026-10-05 01:30:43.744374,2026-10-08
ORD006773,SX00006773,13258,CA01,Delivered,2026-10-05 01:31:35.589558,2026-10-06
ORD006774,SX00006774,12500,TX01,In Transit,2026-10-05 01:32:27.434743,2026-10-08
ORD006775,SX00006775,14566,CA01,In Transit,2026-10-05 01:33:19.279927,2026-10-07
ORD006776,SX00006776,19179,TX01,Delivered,2026-10-05 01:34:11.125112,2026-10-07
ORD006777,SX00006777,16881,TX01,Delivered,2026-10-05 01:35:02.970297,2026-10-08
ORD006778,SX00006778,13636,IL01,Delivered,2026-10-05 01:35:54.815481,2026-10-06
ORD006779,SX00006779,16030,IL01,In Transit,2026-10-05 01:36:46.660666,2026-10-06
ORD006780,SX00006780,10223,IL01,Delivered,2026-10-05 01:37:38.505850,2026-10-08
ORD006781,SX00006781,16297,CA01,In Transit,2026-10-05 01:38:30.351035,2026-10-07
ORD006782,SX00006782,10350,CA01,Delivered,2026-10-05 01:39:22.196219,2026-10-08
ORD006783,SX00006783,17314,TX01,Delivered,2026-10-05 01:40:14.041404,2026-10-08
ORD006784,SX00006784,11928,CA01,Exception,2026-10-05 01:41:05.886588,2026-10-06
ORD006785,SX00006785,17743,CA01,Delivered,2026-10-05 01:41:57.731773,2026-10-07
ORD006786,SX00006786,18540,NJ01,Out for Delivery,2026-10-05 01:42:49.576957,2026-10-07
ORD006787,SX00006787,14732,NJ01,Delivered,2026-10-05 01:43:41.422142,2026-10-06
ORD006788,SX00006788,11017,NJ01,Delivered,2026-10-05 01:44:33.267326,2026-10-07
ORD006789,SX00006789,12226,NJ01,Delivered,2026-10-05 01:45:25.112511,2026-10-07
ORD006790,SX00006790,17206,IL01,Out for Delivery,2026-10-05 01:46:16.957695,2026-10-06
ORD006791,SX00006791,17170,NJ01,Out for Delivery,2026-10-05 01:47:08.802880,2026-10-07
ORD006792,SX00006792,16207,TX01,In Transit,2026-10-05 01:48:00.648064,2026-10-07
ORD006793,SX00006793,12419,NJ01,Delivered,2026-10-05 01:48:52.493249,2026-10-08
ORD006794,SX00006794,16240,CA01,Delivered,2026-10-05 01:49:44.338433,2026-10-07
ORD006795,SX00006795,11893,IL01,Delivered,2026-10-05 01:50:36.183618,2026-10-08
ORD006796,SX00006796,15322,IL01,Delivered,2026-10-05 01:51:28.028802,2026-10-08
ORD006797,SX00006797,17718,TX01,In Transit,2026-10-05 01:52:19.873987,2026-10-08
ORD006798,SX00006798,16878,TX01,In Transit,2026-10-05 01:53:11.719171,2026-10-06
ORD006799,SX00006799,11125,IL01,Delivered,2026-10-05 01:54:03.564356,2026-10-06
ORD006800,SX00006800,13117,NJ01,In Transit,2026-10-05 01:54:55.409540,2026-10-07
ORD006801,SX00006801,14161,NJ01,In Transit,2026-10-05 01:55:47.254725,2026-10-08
ORD006802,SX00006802,14042,CA01,Out for Delivery,2026-10-05 01:56:39.099909,2026-10-07
ORD006803,SX00006803,14433,NJ01,Delivered,2026-10-05 01:57:30.945094,2026-10-07
ORD006804,SX00006804,18638,IL01,In Transit,2026-10-05 01:58:22.790279,2026-10-07
ORD006805,SX00006805,12658,NJ01,Delivered,2026-10-05 01:59:14.635463,2026-10-07
ORD006806,SX00006806,13483,CA01,Delivered,2026-10-05 02:00:06.480648,2026-10-07
ORD006807,SX00006807,12944,TX01,Delivered,2026-10-05 02:00:58.325832,2026-10-08
ORD006808,SX00006808,17210,TX01,Delivered,2026-10-05 02:01:50.171017,2026-10-08
ORD006809,SX00006809,17653,IL01,Delivered,2026-10-05 02:02:42.016201,2026-10-08
ORD006810,SX00006810,18787,CA01,Delivered,2026-10-05 02:03:33.861386,2026-10-08
ORD006811,SX00006811,11986,TX01,In Transit,2026-10-05 02:04:25.706570,2026-10-06
ORD006812,SX00006812,11074,TX01,Delivered,2026-10-05 02:05:17.551755,2026-10-08
ORD006813,SX00006813,14305,IL01,Delivered,2026-10-05 02:06:09.396939,2026-10-08
ORD006814,SX00006814,13007,CA01,Delivered,2026-10-05 02:07:01.242124,2026-10-08
ORD006815,SX00006815,10969,NJ01,Delivered,2026-10-05 02:07:53.087308,2026-10-06
ORD006816,SX00006816,18772,CA01,Delivered,2026-10-05 02:08:44.932493,2026-10-07
ORD006817,SX00006817,12824,IL01,Delivered,2026-10-05 02:09:36.777677,2026-10-06
ORD006818,SX00006818,11211,IL01,In Transit,2026-10-05 02:10:28.622862,2026-10-08
ORD006819,SX00006819,10229,IL01,In Transit,2026-10-05 02:11:20.468046,2026-10-08
ORD006820,SX00006820,14284,NJ01,Delivered,2026-10-05 02:12:12.313231,2026-10-06
ORD006821,SX00006821,13185,NJ01,Delivered,2026-10-05 02:13:04.158415,2026-10-07
ORD006822,SX00006822,10501,NJ01,Delivered,2026-10-05 02:13:56.003600,2026-10-06
ORD006823,SX00006823,10048,NJ01,Delivered,2026-10-05 02:14:47.848784,2026-10-06
ORD006824,SX00006824,13566,TX01,Delivered,2026-10-05 02:15:39.693969,2026-10-08
ORD006825,SX00006825,13055,IL01,In Transit,2026-10-05 02:16:31.539153,2026-10-06
ORD006826,SX00006826,18880,IL01,Delivered,2026-10-05 02:17:23.384338,2026-10-06
ORD006827,SX00006827,10386,CA01,In Transit,2026-10-05 02:18:15.229522,2026-10-06
ORD006828,SX00006828,10969,NJ01,Delivered,2026-10-05 02:19:07.074707,2026-10-06
ORD006829,SX00006829,19197,NJ01,Delivered,2026-10-05 02:19:58.919891,2026-10-06
ORD006830,SX00006830,15820,NJ01,Delivered,2026-10-05 02:20:50.765076,2026-10-06
ORD006831,SX00006831,13052,NJ01,Delivered,2026-10-05 02:21:42.610261,2026-10-08
ORD006832,SX00006832,17397,IL01,Delivered,2026-10-05 02:22:34.455445,2026-10-08
ORD006833,SX00006833,12302,NJ01,Delivered,2026-10-05 02:23:26.300630,2026-10-08
ORD006834,SX00006834,12283,CA01,Delivered,2026-10-05 02:24:18.145814,2026-10-08
ORD006835,SX00006835,19799,NJ01,Delivered,2026-10-05 02:25:09.990999,2026-10-06
ORD006836,SX00006836,14366,IL01,Delivered,2026-10-05 02:26:01.836183,2026-10-06
ORD006837,SX00006837,10122,TX01,Delivered,2026-10-05 02:26:53.681368,2026-10-06
ORD006838,SX00006838,16799,IL01,Delivered,2026-10-05 02:27:45.526552,2026-10-06
ORD006839,SX00006839,19472,IL01,Delivered,2026-10-05 02:28:37.371737,2026-10-08
ORD006840,SX00006840,13727,CA01,Delivered,2026-10-05 02:29:29.216921,2026-10-08
ORD006841,SX00006841,18450,IL01,Delivered,2026-10-05 02:30:21.062106,2026-10-06
ORD006842,SX00006842,19139,CA01,Out for Delivery,2026-10-05 02:31:12.907290,2026-10-06
ORD006843,SX00006843,14958,NJ01,In Transit,2026-10-05 02:32:04.752475,2026-10-06
ORD006844,SX00006844,10524,TX01,Out for Delivery,2026-10-05 02:32:56.597659,2026-10-06
ORD006845,SX00006845,19079,NJ01,Delivered,2026-10-05 02:33:48.442844,2026-10-07
ORD006846,SX00006846,18399,IL01,Delivered,2026-10-05 02:34:40.288028,2026-10-07
ORD006847,SX00006847,10148,TX01,In Transit,2026-10-05 02:35:32.133213,2026-10-07
ORD006848,SX00006848,18001,CA01,Delivered,2026-10-05 02:36:23.978397,2026-10-07
ORD006849,SX00006849,10437,TX01,Delivered,2026-10-05 02:37:15.823582,2026-10-06
ORD006850,SX00006850,13749,NJ01,Delivered,2026-10-05 02:38:07.668766,2026-10-06
ORD006851,SX00006851,18186,CA01,Delivered,2026-10-05 02:38:59.513951,2026-10-06
ORD006852,SX00006852,14453,IL01,Delivered,2026-10-05 02:39:51.359135,2026-10-07
ORD006853,SX00006853,15336,IL01,Delivered,2026-10-05 02:40:43.204320,2026-10-07
ORD006854,SX00006854,14551,IL01,Delivered,2026-10-05 02:41:35.049504,2026-10-06
ORD006855,SX00006855,12823,TX01,Out for Delivery,2026-10-05 02:42:26.894689,2026-10-07
ORD006856,SX00006856,15728,TX01,Delivered,2026-10-05 02:43:18.739873,2026-10-08
ORD006857,SX00006857,18677,NJ01,Delivered,2026-10-05 02:44:10.585058,2026-10-07
ORD006858,SX00006858,18391,CA01,Out for Delivery,2026-10-05 02:45:02.430243,2026-10-07
ORD006859,SX00006859,11982,TX01,Delivered,2026-10-05 02:45:54.275427,2026-10-07
ORD006860,SX00006860,16996,IL01,In Transit,2026-10-05 02:46:46.120612,2026-10-07
ORD006861,SX00006861,19663,IL01,Delivered,2026-10-05 02:47:37.965796,2026-10-06
ORD006862,SX00006862,12311,CA01,Delivered,2026-10-05 02:48:29.810981,2026-10-08
ORD006863,SX00006863,17225,IL01,Out for Delivery,2026-10-05 02:49:21.656165,2026-10-06
ORD006864,SX00006864,19713,NJ01,Delivered,2026-10-05 02:50:13.501350,2026-10-07
ORD006865,SX00006865,10604,IL01,Delivered,2026-10-05 02:51:05.346534,2026-10-07
ORD006866,SX00006866,18175,IL01,Delivered,2026-10-05 02:51:57.191719,2026-10-07
ORD006867,SX00006867,15785,NJ01,Delivered,2026-10-05 02:52:49.036903,2026-10-07
ORD006868,SX00006868,19609,IL01,In Transit,2026-10-05 02:53:40.882088,2026-10-07
ORD006869,SX00006869,14597,CA01,Delivered,2026-10-05 02:54:32.727272,2026-10-08
ORD006870,SX00006870,17759,NJ01,Delivered,2026-10-05 02:55:24.572457,2026-10-06
ORD006871,SX00006871,17532,TX01,In Transit,2026-10-05 02:56:16.417641,2026-10-07
ORD006872,SX00006872,18740,TX01,Delivered,2026-10-05 02:57:08.262826,2026-10-08
ORD006873,SX00006873,10838,TX01,In Transit,2026-10-05 02:58:00.108010,2026-10-06
ORD006874,SX00006874,13815,CA01,Delivered,2026-10-05 02:58:51.953195,2026-10-06
ORD006875,SX00006875,10847,IL01,Delivered,2026-10-05 02:59:43.798379,2026-10-06
ORD006876,SX00006876,14709,IL01,Delivered,2026-10-05 03:00:35.643564,2026-10-07
ORD006877,SX00006877,14507,IL01,Out for Delivery,2026-10-05 03:01:27.488748,2026-10-07
ORD006878,SX00006878,16575,CA01,Delivered,2026-10-05 03:02:19.333933,2026-10-08
ORD006879,SX00006879,14773,CA01,Delivered,2026-10-05 03:03:11.179117,2026-10-08
ORD006880,SX00006880,14468,IL01,Delivered,2026-10-05 03:04:03.024302,2026-10-06
ORD006881,SX00006881,15192,TX01,Delivered,2026-10-05 03:04:54.869486,2026-10-07
ORD006882,SX00006882,13320,IL01,Delivered,2026-10-05 03:05:46.714671,2026-10-06
ORD006883,SX00006883,14698,IL01,In Transit,2026-10-05 03:06:38.559855,2026-10-06
ORD006884,SX00006884,14311,TX01,Delivered,2026-10-05 03:07:30.405040,2026-10-08
ORD006885,SX00006885,13673,IL01,Delivered,2026-10-05 03:08:22.250225,2026-10-07
ORD006886,SX00006886,11564,NJ01,Delivered,2026-10-05 03:09:14.095409,2026-10-08
ORD006887,SX00006887,11840,TX01,Delivered,2026-10-05 03:10:05.940594,2026-10-07
ORD006888,SX00006888,16058,TX01,Out for Delivery,2026-10-05 03:10:57.785778,2026-10-06
ORD006889,SX00006889,17131,NJ01,Delivered,2026-10-05 03:11:49.630963,2026-10-06
ORD006890,SX00006890,10726,NJ01,In Transit,2026-10-05 03:12:41.476147,2026-10-06
ORD006891,SX00006891,19436,NJ01,Delivered,2026-10-05 03:13:33.321332,2026-10-07
ORD006892,SX00006892,16697,IL01,In Transit,2026-10-05 03:14:25.166516,2026-10-06
ORD006893,SX00006893,19257,TX01,Delivered,2026-10-05 03:15:17.011701,2026-10-07
ORD006894,SX00006894,10282,IL01,Out for Delivery,2026-10-05 03:16:08.856885,2026-10-07
ORD006895,SX00006895,11081,IL01,Delivered,2026-10-05 03:17:00.702070,2026-10-08
ORD006896,SX00006896,13885,NJ01,In Transit,2026-10-05 03:17:52.547254,2026-10-06
ORD006897,SX00006897,12881,CA01,Delivered,2026-10-05 03:18:44.392439,2026-10-08
ORD006898,SX00006898,12970,IL01,Delivered,2026-10-05 03:19:36.237623,2026-10-07
ORD006899,SX00006899,19344,IL01,Delivered,2026-10-05 03:20:28.082808,2026-10-06
ORD006900,SX00006900,16985,IL01,In Transit,2026-10-05 03:21:19.927992,2026-10-06
ORD006901,SX00006901,10947,IL01,Delivered,2026-10-05 03:22:11.773177,2026-10-07
ORD006902,SX00006902,14760,NJ01,In Transit,2026-10-05 03:23:03.618361,2026-10-06
ORD006903,SX00006903,19909,IL01,Delivered,2026-10-05 03:23:55.463546,2026-10-07
ORD006904,SX00006904,10066,TX01,Exception,2026-10-05 03:24:47.308730,2026-10-06
ORD006905,SX00006905,18828,TX01,Delivered,2026-10-05 03:25:39.153915,2026-10-06
ORD006906,SX00006906,18505,TX01,Delivered,2026-10-05 03:26:30.999099,2026-10-07
ORD006907,SX00006907,10564,NJ01,Delivered,2026-10-05 03:27:22.844284,2026-10-08
ORD006908,SX00006908,19793,IL01,Delivered,2026-10-05 03:28:14.689468,2026-10-07
ORD006909,SX00006909,19017,IL01,Delivered,2026-10-05 03:29:06.534653,2026-10-06
ORD006910,SX00006910,13670,NJ01,Delivered,2026-10-05 03:29:58.379837,2026-10-07
ORD006911,SX00006911,19217,IL01,In Transit,2026-10-05 03:30:50.225022,2026-10-07
ORD006912,SX00006912,12251,TX01,In Transit,2026-10-05 03:31:42.070207,2026-10-07
ORD006913,SX00006913,10804,IL01,Delivered,2026-10-05 03:32:33.915391,2026-10-06
ORD006914,SX00006914,14631,IL01,Delivered,2026-10-05 03:33:25.760576,2026-10-08
ORD006915,SX00006915,19583,IL01,Delivered,2026-10-05 03:34:17.605760,2026-10-08
ORD006916,SX00006916,11235,IL01,Delivered,2026-10-05 03:35:09.450945,2026-10-06
ORD006917,SX00006917,16720,CA01,Delivered,2026-10-05 03:36:01.296129,2026-10-08
ORD006918,SX00006918,16906,IL01,In Transit,2026-10-05 03:36:53.141314,2026-10-07
ORD006919,SX00006919,16016,CA01,Out for Delivery,2026-10-05 03:37:44.986498,2026-10-07
ORD006920,SX00006920,13549,NJ01,Delivered,2026-10-05 03:38:36.831683,2026-10-08
ORD006921,SX00006921,17938,CA01,Delivered,2026-10-05 03:39:28.676867,2026-10-08
ORD006922,SX00006922,14141,NJ01,Delivered,2026-10-05 03:40:20.522052,2026-10-08
ORD006923,SX00006923,16966,CA01,Out for Delivery,2026-10-05 03:41:12.367236,2026-10-07
ORD006924,SX00006924,19546,IL01,Delivered,2026-10-05 03:42:04.212421,2026-10-07
ORD006925,SX00006925,15335,NJ01,Delivered,2026-10-05 03:42:56.057605,2026-10-06
ORD006926,SX00006926,15077,IL01,In Transit,2026-10-05 03:43:47.902790,2026-10-06
ORD006927,SX00006927,15611,NJ01,Delivered,2026-10-05 03:44:39.747974,2026-10-07
ORD006928,SX00006928,18089,NJ01,Delivered,2026-10-05 03:45:31.593159,2026-10-07
ORD006929,SX00006929,12892,NJ01,Delivered,2026-10-05 03:46:23.438343,2026-10-06
ORD006930,SX00006930,15577,IL01,In Transit,2026-10-05 03:47:15.283528,2026-10-06
ORD006931,SX00006931,13618,IL01,Delivered,2026-10-05 03:48:07.128712,2026-10-07
ORD006932,SX00006932,11559,TX01,Exception,2026-10-05 03:48:58.973897,2026-10-08
ORD006933,SX00006933,16683,NJ01,Out for Delivery,2026-10-05 03:49:50.819081,2026-10-07
ORD006934,SX00006934,11507,IL01,In Transit,2026-10-05 03:50:42.664266,2026-10-08
ORD006935,SX00006935,12063,CA01,Delivered,2026-10-05 03:51:34.509450,2026-10-07
ORD006936,SX00006936,13642,CA01,In Transit,2026-10-05 03:52:26.354635,2026-10-06
ORD006937,SX00006937,12000,CA01,Delivered,2026-10-05 03:53:18.199819,2026-10-06
ORD006938,SX00006938,11294,TX01,Delivered,2026-10-05 03:54:10.045004,2026-10-06
ORD006939,SX00006939,14065,IL01,Delivered,2026-10-05 03:55:01.890189,2026-10-07
ORD006940,SX00006940,18014,CA01,Delivered,2026-10-05 03:55:53.735373,2026-10-07
ORD006941,SX00006941,19945,NJ01,In Transit,2026-10-05 03:56:45.580558,2026-10-07
ORD006942,SX00006942,11603,IL01,Out for Delivery,2026-10-05 03:57:37.425742,2026-10-08
ORD006943,SX00006943,11322,TX01,Delivered,2026-10-05 03:58:29.270927,2026-10-07
ORD006944,SX00006944,15956,IL01,In Transit,2026-10-05 03:59:21.116111,2026-10-08
ORD006945,SX00006945,12441,NJ01,Out for Delivery,2026-10-05 04:00:12.961296,2026-10-08
ORD006946,SX00006946,11098,IL01,Out for Delivery,2026-10-05 04:01:04.806480,2026-10-08
ORD006947,SX00006947,15073,NJ01,Delivered,2026-10-05 04:01:56.651665,2026-10-06
ORD006948,SX00006948,19697,NJ01,Delivered,2026-10-05 04:02:48.496849,2026-10-08
ORD006949,SX00006949,19318,NJ01,Delivered,2026-10-05 04:03:40.342034,2026-10-08
ORD006950,SX00006950,18488,IL01,Delivered,2026-10-05 04:04:32.187218,2026-10-06
ORD006951,SX00006951,13787,NJ01,Delivered,2026-10-05 04:05:24.032403,2026-10-08
ORD006952,SX00006952,12096,NJ01,Exception,2026-10-05 04:06:15.877587,2026-10-07
ORD006953,SX00006953,12208,IL01,Out for Delivery,2026-10-05 04:07:07.722772,2026-10-07
ORD006954,SX00006954,15988,CA01,Delivered,2026-10-05 04:07:59.567956,2026-10-06
ORD006955,SX00006955,10175,NJ01,Delivered,2026-10-05 04:08:51.413141,2026-10-06
ORD006956,SX00006956,17169,CA01,Delivered,2026-10-05 04:09:43.258325,2026-10-08
ORD006957,SX00006957,16014,IL01,Delivered,2026-10-05 04:10:35.103510,2026-10-08
ORD006958,SX00006958,11667,IL01,Delivered,2026-10-05 04:11:26.948694,2026-10-08
ORD006959,SX00006959,18867,IL01,In Transit,2026-10-05 04:12:18.793879,2026-10-06
ORD006960,SX00006960,11823,NJ01,Delivered,2026-10-05 04:13:10.639063,2026-10-08
ORD006961,SX00006961,15147,IL01,Delivered,2026-10-05 04:14:02.484248,2026-10-07
ORD006962,SX00006962,11356,NJ01,Delivered,2026-10-05 04:14:54.329432,2026-10-07
ORD006963,SX00006963,13072,IL01,Delivered,2026-10-05 04:15:46.174617,2026-10-08
ORD006964,SX00006964,13259,IL01,In Transit,2026-10-05 04:16:38.019801,2026-10-06
ORD006965,SX00006965,16199,NJ01,In Transit,2026-10-05 04:17:29.864986,2026-10-07
ORD006966,SX00006966,10546,CA01,Delivered,2026-10-05 04:18:21.710171,2026-10-06
ORD006967,SX00006967,15231,IL01,In Transit,2026-10-05 04:19:13.555355,2026-10-07
ORD006968,SX00006968,17965,TX01,Delivered,2026-10-05 04:20:05.400540,2026-10-08
ORD006969,SX00006969,12083,TX01,Delivered,2026-10-05 04:20:57.245724,2026-10-08
ORD006970,SX00006970,12040,NJ01,Delivered,2026-10-05 04:21:49.090909,2026-10-06
ORD006971,SX00006971,14534,CA01,Delivered,2026-10-05 04:22:40.936093,2026-10-08
ORD006972,SX00006972,11752,CA01,Delivered,2026-10-05 04:23:32.781278,2026-10-06
ORD006973,SX00006973,19807,IL01,Delivered,2026-10-05 04:24:24.626462,2026-10-06
ORD006974,SX00006974,11849,TX01,Delivered,2026-10-05 04:25:16.471647,2026-10-07
ORD006975,SX00006975,12642,TX01,Delivered,2026-10-05 04:26:08.316831,2026-10-07
ORD006976,SX00006976,11600,NJ01,Out for Delivery,2026-10-05 04:27:00.162016,2026-10-08
ORD006977,SX00006977,14402,IL01,Delivered,2026-10-05 04:27:52.007200,2026-10-06
ORD006978,SX00006978,13799,CA01,Out for Delivery,2026-10-05 04:28:43.852385,2026-10-07
ORD006979,SX00006979,10618,TX01,Delivered,2026-10-05 04:29:35.697569,2026-10-08
ORD006980,SX00006980,11132,IL01,In Transit,2026-10-05 04:30:27.542754,2026-10-08
ORD006981,SX00006981,15491,IL01,Delivered,2026-10-05 04:31:19.387938,2026-10-07
ORD006982,SX00006982,15795,CA01,Delivered,2026-10-05 04:32:11.233123,2026-10-08
ORD006983,SX00006983,17633,IL01,Delivered,2026-10-05 04:33:03.078307,2026-10-07
ORD006984,SX00006984,11487,TX01,Delivered,2026-10-05 04:33:54.923492,2026-10-06
ORD006985,SX00006985,17848,IL01,In Transit,2026-10-05 04:34:46.768676,2026-10-08
ORD006986,SX00006986,15009,IL01,Out for Delivery,2026-10-05 04:35:38.613861,2026-10-06
ORD006987,SX00006987,19749,IL01,Delivered,2026-10-05 04:36:30.459045,2026-10-07
ORD006988,SX00006988,12113,IL01,Delivered,2026-10-05 04:37:22.304230,2026-10-06
ORD006989,SX00006989,11044,IL01,Delivered,2026-10-05 04:38:14.149414,2026-10-07
ORD006990,SX00006990,12431,NJ01,Delivered,2026-10-05 04:39:05.994599,2026-10-08
ORD006991,SX00006991,17979,NJ01,Out for Delivery,2026-10-05 04:39:57.839783,2026-10-08
ORD006992,SX00006992,11582,IL01,Delivered,2026-10-05 04:40:49.684968,2026-10-08
ORD006993,SX00006993,11308,TX01,Delivered,2026-10-05 04:41:41.530153,2026-10-06
ORD006994,SX00006994,14917,NJ01,Delivered,2026-10-05 04:42:33.375337,2026-10-06
ORD006995,SX00006995,18793,NJ01,Delivered,2026-10-05 04:43:25.220522,2026-10-06
ORD006996,SX00006996,11620,NJ01,In Transit,2026-10-05 04:44:17.065706,2026-10-07
ORD006997,SX00006997,17503,NJ01,Delivered,2026-10-05 04:45:08.910891,2026-10-08
ORD006998,SX00006998,14766,CA01,Delivered,2026-10-05 04:46:00.756075,2026-10-06
ORD006999,SX00006999,15362,TX01,Delivered,2026-10-05 04:46:52.601260,2026-10-07
ORD007000,SX00007000,15192,IL01,Delivered,2026-10-05 04:47:44.446444,2026-10-06
ORD007001,SX00007001,16622,TX01,Delivered,2026-10-05 04:48:36.291629,2026-10-07
ORD007002,SX00007002,16093,IL01,Out for Delivery,2026-10-05 04:49:28.136813,2026-10-08
ORD007003,SX00007003,16704,IL01,Out for Delivery,2026-10-05 04:50:19.981998,2026-10-06
ORD007004,SX00007004,10100,NJ01,Out for Delivery,2026-10-05 04:51:11.827182,2026-10-08
ORD007005,SX00007005,16657,TX01,Exception,2026-10-05 04:52:03.672367,2026-10-06
ORD007006,SX00007006,15875,IL01,Delivered,2026-10-05 04:52:55.517551,2026-10-07
ORD007007,SX00007007,14271,CA01,Delivered,2026-10-05 04:53:47.362736,2026-10-08
ORD007008,SX00007008,10237,IL01,Delivered,2026-10-05 04:54:39.207920,2026-10-06
ORD007009,SX00007009,17226,IL01,Out for Delivery,2026-10-05 04:55:31.053105,2026-10-06
ORD007010,SX00007010,18032,CA01,In Transit,2026-10-05 04:56:22.898289,2026-10-08
ORD007011,SX00007011,15218,NJ01,Delivered,2026-10-05 04:57:14.743474,2026-10-07
ORD007012,SX00007012,14025,TX01,Out for Delivery,2026-10-05 04:58:06.588658,2026-10-08
ORD007013,SX00007013,16073,TX01,Delivered,2026-10-05 04:58:58.433843,2026-10-06
ORD007014,SX00007014,12542,CA01,Delivered,2026-10-05 04:59:50.279027,2026-10-08
ORD007015,SX00007015,11537,IL01,Delivered,2026-10-05 05:00:42.124212,2026-10-08
ORD007016,SX00007016,10754,IL01,Delivered,2026-10-05 05:01:33.969396,2026-10-07
ORD007017,SX00007017,17396,TX01,Delivered,2026-10-05 05:02:25.814581,2026-10-07
ORD007018,SX00007018,17823,NJ01,Delivered,2026-10-05 05:03:17.659765,2026-10-08
ORD007019,SX00007019,15507,NJ01,In Transit,2026-10-05 05:04:09.504950,2026-10-07
ORD007020,SX00007020,14235,IL01,Delivered,2026-10-05 05:05:01.350135,2026-10-07
ORD007021,SX00007021,10540,IL01,In Transit,2026-10-05 05:05:53.195319,2026-10-06
ORD007022,SX00007022,15510,NJ01,Delivered,2026-10-05 05:06:45.040504,2026-10-07
ORD007023,SX00007023,18461,IL01,Exception,2026-10-05 05:07:36.885688,2026-10-08
ORD007024,SX00007024,17926,IL01,In Transit,2026-10-05 05:08:28.730873,2026-10-08
ORD007025,SX00007025,15131,IL01,Exception,2026-10-05 05:09:20.576057,2026-10-06
ORD007026,SX00007026,18697,IL01,Delivered,2026-10-05 05:10:12.421242,2026-10-06
ORD007027,SX00007027,11129,TX01,Delivered,2026-10-05 05:11:04.266426,2026-10-06
ORD007028,SX00007028,13145,TX01,Delivered,2026-10-05 05:11:56.111611,2026-10-08
ORD007029,SX00007029,18553,IL01,Delivered,2026-10-05 05:12:47.956795,2026-10-08
ORD007030,SX00007030,13720,IL01,Delivered,2026-10-05 05:13:39.801980,2026-10-07
ORD007031,SX00007031,19648,NJ01,Delivered,2026-10-05 05:14:31.647164,2026-10-06
ORD007032,SX00007032,14067,IL01,Delivered,2026-10-05 05:15:23.492349,2026-10-07
ORD007033,SX00007033,14195,TX01,Out for Delivery,2026-10-05 05:16:15.337533,2026-10-07
ORD007034,SX00007034,19873,TX01,Delivered,2026-10-05 05:17:07.182718,2026-10-08
ORD007035,SX00007035,19244,CA01,Exception,2026-10-05 05:17:59.027902,2026-10-07
ORD007036,SX00007036,17281,NJ01,Delivered,2026-10-05 05:18:50.873087,2026-10-06
ORD007037,SX00007037,12509,IL01,Delivered,2026-10-05 05:19:42.718271,2026-10-06
ORD007038,SX00007038,15016,NJ01,Delivered,2026-10-05 05:20:34.563456,2026-10-08
ORD007039,SX00007039,16533,IL01,In Transit,2026-10-05 05:21:26.408640,2026-10-08
ORD007040,SX00007040,14727,IL01,In Transit,2026-10-05 05:22:18.253825,2026-10-08
ORD007041,SX00007041,10681,IL01,In Transit,2026-10-05 05:23:10.099009,2026-10-06
ORD007042,SX00007042,13932,NJ01,Delivered,2026-10-05 05:24:01.944194,2026-10-08
ORD007043,SX00007043,15560,IL01,Delivered,2026-10-05 05:24:53.789378,2026-10-06
ORD007044,SX00007044,14016,IL01,Delivered,2026-10-05 05:25:45.634563,2026-10-07
ORD007045,SX00007045,17339,NJ01,Delivered,2026-10-05 05:26:37.479747,2026-10-08
ORD007046,SX00007046,10719,CA01,Exception,2026-10-05 05:27:29.324932,2026-10-08
ORD007047,SX00007047,10074,IL01,Out for Delivery,2026-10-05 05:28:21.170117,2026-10-08
ORD007048,SX00007048,19485,NJ01,Delivered,2026-10-05 05:29:13.015301,2026-10-06
ORD007049,SX00007049,14157,IL01,In Transit,2026-10-05 05:30:04.860486,2026-10-07
ORD007050,SX00007050,18511,CA01,Delivered,2026-10-05 05:30:56.705670,2026-10-08
ORD007051,SX00007051,12149,IL01,Delivered,2026-10-05 05:31:48.550855,2026-10-07
ORD007052,SX00007052,19644,CA01,Delivered,2026-10-05 05:32:40.396039,2026-10-08
ORD007053,SX00007053,19747,IL01,Delivered,2026-10-05 05:33:32.241224,2026-10-06
ORD007054,SX00007054,16713,TX01,Delivered,2026-10-05 05:34:24.086408,2026-10-07
ORD007055,SX00007055,14207,IL01,Delivered,2026-10-05 05:35:15.931593,2026-10-07
ORD007056,SX00007056,17141,IL01,Out for Delivery,2026-10-05 05:36:07.776777,2026-10-08
ORD007057,SX00007057,18652,IL01,Delivered,2026-10-05 05:36:59.621962,2026-10-07
ORD007058,SX00007058,19078,IL01,Delivered,2026-10-05 05:37:51.467146,2026-10-06
ORD007059,SX00007059,13936,TX01,Delivered,2026-10-05 05:38:43.312331,2026-10-07
ORD007060,SX00007060,19307,NJ01,In Transit,2026-10-05 05:39:35.157515,2026-10-07
ORD007061,SX00007061,11075,NJ01,Delivered,2026-10-05 05:40:27.002700,2026-10-07
ORD007062,SX00007062,13876,CA01,In Transit,2026-10-05 05:41:18.847884,2026-10-07
ORD007063,SX00007063,14615,NJ01,Delivered,2026-10-05 05:42:10.693069,2026-10-08
ORD007064,SX00007064,17265,CA01,Delivered,2026-10-05 05:43:02.538253,2026-10-08
ORD007065,SX00007065,16379,IL01,Delivered,2026-10-05 05:43:54.383438,2026-10-07
ORD007066,SX00007066,19118,CA01,Delivered,2026-10-05 05:44:46.228622,2026-10-07
ORD007067,SX00007067,14652,IL01,Delivered,2026-10-05 05:45:38.073807,2026-10-06
ORD007068,SX00007068,16792,NJ01,Delivered,2026-10-05 05:46:29.918991,2026-10-08
ORD007069,SX00007069,19247,NJ01,Delivered,2026-10-05 05:47:21.764176,2026-10-08
ORD007070,SX00007070,17456,NJ01,Delivered,2026-10-05 05:48:13.609360,2026-10-08
ORD007071,SX00007071,14674,NJ01,Delivered,2026-10-05 05:49:05.454545,2026-10-07
ORD007072,SX00007072,10541,IL01,In Transit,2026-10-05 05:49:57.299729,2026-10-08
ORD007073,SX00007073,12161,CA01,In Transit,2026-10-05 05:50:49.144914,2026-10-06
ORD007074,SX00007074,12251,CA01,In Transit,2026-10-05 05:51:40.990099,2026-10-06
ORD007075,SX00007075,19244,CA01,Delivered,2026-10-05 05:52:32.835283,2026-10-06
ORD007076,SX00007076,14569,CA01,Delivered,2026-10-05 05:53:24.680468,2026-10-06
ORD007077,SX00007077,12744,TX01,In Transit,2026-10-05 05:54:16.525652,2026-10-06
ORD007078,SX00007078,16041,CA01,Delivered,2026-10-05 05:55:08.370837,2026-10-08
ORD007079,SX00007079,14675,CA01,In Transit,2026-10-05 05:56:00.216021,2026-10-07
ORD007080,SX00007080,11560,NJ01,In Transit,2026-10-05 05:56:52.061206,2026-10-07
ORD007081,SX00007081,11164,TX01,Delivered,2026-10-05 05:57:43.906390,2026-10-07
ORD007082,SX00007082,15419,CA01,Delivered,2026-10-05 05:58:35.751575,2026-10-07
ORD007083,SX00007083,12722,TX01,Exception,2026-10-05 05:59:27.596759,2026-10-08
ORD007084,SX00007084,10470,NJ01,In Transit,2026-10-05 06:00:19.441944,2026-10-08
ORD007085,SX00007085,19608,IL01,In Transit,2026-10-05 06:01:11.287128,2026-10-08
ORD007086,SX00007086,11468,TX01,Delivered,2026-10-05 06:02:03.132313,2026-10-06
ORD007087,SX00007087,17925,CA01,Delivered,2026-10-05 06:02:54.977497,2026-10-07
ORD007088,SX00007088,10808,IL01,Delivered,2026-10-05 06:03:46.822682,2026-10-08
ORD007089,SX00007089,18363,IL01,Delivered,2026-10-05 06:04:38.667866,2026-10-08
ORD007090,SX00007090,16719,IL01,Delivered,2026-10-05 06:05:30.513051,2026-10-08
ORD007091,SX00007091,15073,NJ01,In Transit,2026-10-05 06:06:22.358235,2026-10-07
ORD007092,SX00007092,18012,IL01,Delivered,2026-10-05 06:07:14.203420,2026-10-07
ORD007093,SX00007093,11645,NJ01,Delivered,2026-10-05 06:08:06.048604,2026-10-06
ORD007094,SX00007094,18249,CA01,Delivered,2026-10-05 06:08:57.893789,2026-10-06
ORD007095,SX00007095,11129,TX01,Delivered,2026-10-05 06:09:49.738973,2026-10-06
ORD007096,SX00007096,11353,IL01,Out for Delivery,2026-10-05 06:10:41.584158,2026-10-07
ORD007097,SX00007097,10767,CA01,In Transit,2026-10-05 06:11:33.429342,2026-10-06
ORD007098,SX00007098,13895,NJ01,Delivered,2026-10-05 06:12:25.274527,2026-10-06
ORD007099,SX00007099,18874,IL01,Delivered,2026-10-05 06:13:17.119711,2026-10-08
ORD007100,SX00007100,13454,NJ01,Delivered,2026-10-05 06:14:08.964896,2026-10-07
ORD007101,SX00007101,17329,TX01,Delivered,2026-10-05 06:15:00.810081,2026-10-06
ORD007102,SX00007102,11790,TX01,Delivered,2026-10-05 06:15:52.655265,2026-10-06
ORD007103,SX00007103,19669,CA01,Delivered,2026-10-05 06:16:44.500450,2026-10-07
ORD007104,SX00007104,10885,IL01,In Transit,2026-10-05 06:17:36.345634,2026-10-06
ORD007105,SX00007105,17734,IL01,Delivered,2026-10-05 06:18:28.190819,2026-10-07
ORD007106,SX00007106,13906,IL01,Delivered,2026-10-05 06:19:20.036003,2026-10-07
ORD007107,SX00007107,14492,TX01,Delivered,2026-10-05 06:20:11.881188,2026-10-07
ORD007108,SX00007108,19730,TX01,Out for Delivery,2026-10-05 06:21:03.726372,2026-10-06
ORD007109,SX00007109,12073,NJ01,Exception,2026-10-05 06:21:55.571557,2026-10-06
ORD007110,SX00007110,10312,IL01,In Transit,2026-10-05 06:22:47.416741,2026-10-06
ORD007111,SX00007111,16269,CA01,Delivered,2026-10-05 06:23:39.261926,2026-10-07
ORD007112,SX00007112,15317,CA01,Delivered,2026-10-05 06:24:31.107110,2026-10-06
ORD007113,SX00007113,10810,IL01,In Transit,2026-10-05 06:25:22.952295,2026-10-08
ORD007114,SX00007114,16841,TX01,Out for Delivery,2026-10-05 06:26:14.797479,2026-10-07
ORD007115,SX00007115,12032,NJ01,Delivered,2026-10-05 06:27:06.642664,2026-10-06
ORD007116,SX00007116,19699,IL01,Delivered,2026-10-05 06:27:58.487848,2026-10-07
ORD007117,SX00007117,17129,IL01,Delivered,2026-10-05 06:28:50.333033,2026-10-06
ORD007118,SX00007118,12705,IL01,In Transit,2026-10-05 06:29:42.178217,2026-10-07
ORD007119,SX00007119,18788,IL01,Delivered,2026-10-05 06:30:34.023402,2026-10-08
ORD007120,SX00007120,12147,NJ01,Delivered,2026-10-05 06:31:25.868586,2026-10-07
ORD007121,SX00007121,10615,IL01,Exception,2026-10-05 06:32:17.713771,2026-10-07
ORD007122,SX00007122,10947,IL01,In Transit,2026-10-05 06:33:09.558955,2026-10-07
ORD007123,SX00007123,15677,NJ01,Delivered,2026-10-05 06:34:01.404140,2026-10-06
ORD007124,SX00007124,14651,IL01,Delivered,2026-10-05 06:34:53.249324,2026-10-07
ORD007125,SX00007125,17866,TX01,Delivered,2026-10-05 06:35:45.094509,2026-10-06
ORD007126,SX00007126,12013,NJ01,Delivered,2026-10-05 06:36:36.939693,2026-10-07
ORD007127,SX00007127,13697,NJ01,Delivered,2026-10-05 06:37:28.784878,2026-10-06
ORD007128,SX00007128,10490,CA01,Delivered,2026-10-05 06:38:20.630063,2026-10-06
ORD007129,SX00007129,14350,IL01,Delivered,2026-10-05 06:39:12.475247,2026-10-06
ORD007130,SX00007130,12428,NJ01,Delivered,2026-10-05 06:40:04.320432,2026-10-06
ORD007131,SX00007131,14987,IL01,Exception,2026-10-05 06:40:56.165616,2026-10-07
ORD007132,SX00007132,18733,CA01,In Transit,2026-10-05 06:41:48.010801,2026-10-07
ORD007133,SX00007133,19479,TX01,Delivered,2026-10-05 06:42:39.855985,2026-10-06
ORD007134,SX00007134,19825,IL01,Out for Delivery,2026-10-05 06:43:31.701170,2026-10-06
ORD007135,SX00007135,14920,TX01,Delivered,2026-10-05 06:44:23.546354,2026-10-06
ORD007136,SX00007136,12926,IL01,In Transit,2026-10-05 06:45:15.391539,2026-10-08
ORD007137,SX00007137,19544,CA01,Delivered,2026-10-05 06:46:07.236723,2026-10-08
ORD007138,SX00007138,17282,IL01,In Transit,2026-10-05 06:46:59.081908,2026-10-07
ORD007139,SX00007139,14376,TX01,Delivered,2026-10-05 06:47:50.927092,2026-10-08
ORD007140,SX00007140,19490,IL01,Delivered,2026-10-05 06:48:42.772277,2026-10-08
ORD007141,SX00007141,14868,NJ01,In Transit,2026-10-05 06:49:34.617461,2026-10-06
ORD007142,SX00007142,16986,CA01,Delivered,2026-10-05 06:50:26.462646,2026-10-06
ORD007143,SX00007143,16862,CA01,Delivered,2026-10-05 06:51:18.307830,2026-10-08
ORD007144,SX00007144,14423,IL01,Delivered,2026-10-05 06:52:10.153015,2026-10-08
ORD007145,SX00007145,16870,NJ01,Delivered,2026-10-05 06:53:01.998199,2026-10-08
ORD007146,SX00007146,18159,IL01,Delivered,2026-10-05 06:53:53.843384,2026-10-06
ORD007147,SX00007147,12073,NJ01,Delivered,2026-10-05 06:54:45.688568,2026-10-07
ORD007148,SX00007148,16170,IL01,Delivered,2026-10-05 06:55:37.533753,2026-10-08
ORD007149,SX00007149,10701,IL01,Delivered,2026-10-05 06:56:29.378937,2026-10-07
ORD007150,SX00007150,18113,NJ01,Out for Delivery,2026-10-05 06:57:21.224122,2026-10-07
ORD007151,SX00007151,16825,IL01,Delivered,2026-10-05 06:58:13.069306,2026-10-08
ORD007152,SX00007152,17867,NJ01,Delivered,2026-10-05 06:59:04.914491,2026-10-07
ORD007153,SX00007153,14264,IL01,Delivered,2026-10-05 06:59:56.759675,2026-10-06
ORD007154,SX00007154,17968,IL01,In Transit,2026-10-05 07:00:48.604860,2026-10-08
ORD007155,SX00007155,18146,TX01,In Transit,2026-10-05 07:01:40.450045,2026-10-08
ORD007156,SX00007156,17776,IL01,Delivered,2026-10-05 07:02:32.295229,2026-10-08
ORD007157,SX00007157,18558,IL01,Out for Delivery,2026-10-05 07:03:24.140414,2026-10-08
ORD007158,SX00007158,18719,NJ01,In Transit,2026-10-05 07:04:15.985598,2026-10-06
ORD007159,SX00007159,14886,NJ01,In Transit,2026-10-05 07:05:07.830783,2026-10-06
ORD007160,SX00007160,13935,TX01,Delivered,2026-10-05 07:05:59.675967,2026-10-07
ORD007161,SX00007161,14619,IL01,Delivered,2026-10-05 07:06:51.521152,2026-10-08
ORD007162,SX00007162,15191,IL01,Delivered,2026-10-05 07:07:43.366336,2026-10-08
ORD007163,SX00007163,16875,CA01,Delivered,2026-10-05 07:08:35.211521,2026-10-07
ORD007164,SX00007164,17856,CA01,Delivered,2026-10-05 07:09:27.056705,2026-10-06
ORD007165,SX00007165,15401,IL01,Delivered,2026-10-05 07:10:18.901890,2026-10-08
ORD007166,SX00007166,13022,NJ01,In Transit,2026-10-05 07:11:10.747074,2026-10-07
ORD007167,SX00007167,15738,IL01,Delivered,2026-10-05 07:12:02.592259,2026-10-06
ORD007168,SX00007168,15984,IL01,Delivered,2026-10-05 07:12:54.437443,2026-10-07
ORD007169,SX00007169,11770,IL01,Out for Delivery,2026-10-05 07:13:46.282628,2026-10-07
ORD007170,SX00007170,19969,NJ01,Delivered,2026-10-05 07:14:38.127812,2026-10-06
ORD007171,SX00007171,18989,IL01,Delivered,2026-10-05 07:15:29.972997,2026-10-08
ORD007172,SX00007172,13215,CA01,Delivered,2026-10-05 07:16:21.818181,2026-10-06
ORD007173,SX00007173,16694,NJ01,Out for Delivery,2026-10-05 07:17:13.663366,2026-10-08
ORD007174,SX00007174,12976,IL01,Out for Delivery,2026-10-05 07:18:05.508550,2026-10-06
ORD007175,SX00007175,13737,TX01,Delivered,2026-10-05 07:18:57.353735,2026-10-08
ORD007176,SX00007176,19903,IL01,Out for Delivery,2026-10-05 07:19:49.198919,2026-10-08
ORD007177,SX00007177,10752,NJ01,Delivered,2026-10-05 07:20:41.044104,2026-10-07
ORD007178,SX00007178,11392,IL01,Delivered,2026-10-05 07:21:32.889288,2026-10-07
ORD007179,SX00007179,16789,IL01,Delivered,2026-10-05 07:22:24.734473,2026-10-08
ORD007180,SX00007180,10677,IL01,Delivered,2026-10-05 07:23:16.579657,2026-10-06
ORD007181,SX00007181,10105,IL01,Delivered,2026-10-05 07:24:08.424842,2026-10-08
ORD007182,SX00007182,14753,IL01,Delivered,2026-10-05 07:25:00.270027,2026-10-06
ORD007183,SX00007183,11946,IL01,Delivered,2026-10-05 07:25:52.115211,2026-10-08
ORD007184,SX00007184,15544,CA01,Delivered,2026-10-05 07:26:43.960396,2026-10-06
ORD007185,SX00007185,11095,IL01,Delivered,2026-10-05 07:27:35.805580,2026-10-07
ORD007186,SX00007186,16985,IL01,In Transit,2026-10-05 07:28:27.650765,2026-10-06
ORD007187,SX00007187,11782,CA01,Delivered,2026-10-05 07:29:19.495949,2026-10-07
ORD007188,SX00007188,14541,NJ01,Delivered,2026-10-05 07:30:11.341134,2026-10-06
ORD007189,SX00007189,13257,NJ01,Delivered,2026-10-05 07:31:03.186318,2026-10-07
ORD007190,SX00007190,16213,IL01,Out for Delivery,2026-10-05 07:31:55.031503,2026-10-06
ORD007191,SX00007191,14869,TX01,Delivered,2026-10-05 07:32:46.876687,2026-10-08
ORD007192,SX00007192,11561,IL01,Delivered,2026-10-05 07:33:38.721872,2026-10-06
ORD007193,SX00007193,14006,TX01,Delivered,2026-10-05 07:34:30.567056,2026-10-07
ORD007194,SX00007194,19867,CA01,Delivered,2026-10-05 07:35:22.412241,2026-10-07
ORD007195,SX00007195,19314,NJ01,Delivered,2026-10-05 07:36:14.257425,2026-10-06
ORD007196,SX00007196,13981,IL01,Delivered,2026-10-05 07:37:06.102610,2026-10-08
ORD007197,SX00007197,19493,NJ01,In Transit,2026-10-05 07:37:57.947794,2026-10-06
ORD007198,SX00007198,15682,NJ01,Delivered,2026-10-05 07:38:49.792979,2026-10-06
ORD007199,SX00007199,15782,NJ01,In Transit,2026-10-05 07:39:41.638163,2026-10-07
ORD007200,SX00007200,10943,NJ01,Delivered,2026-10-05 07:40:33.483348,2026-10-08
ORD007201,SX00007201,14550,TX01,Delivered,2026-10-05 07:41:25.328532,2026-10-08
ORD007202,SX00007202,19137,NJ01,Delivered,2026-10-05 07:42:17.173717,2026-10-08
ORD007203,SX00007203,10600,CA01,Delivered,2026-10-05 07:43:09.018901,2026-10-08
ORD007204,SX00007204,16376,TX01,Delivered,2026-10-05 07:44:00.864086,2026-10-06
ORD007205,SX00007205,19609,IL01,In Transit,2026-10-05 07:44:52.709270,2026-10-08
ORD007206,SX00007206,11524,TX01,In Transit,2026-10-05 07:45:44.554455,2026-10-08
ORD007207,SX00007207,13766,IL01,In Transit,2026-10-05 07:46:36.399639,2026-10-08
ORD007208,SX00007208,10250,TX01,Delivered,2026-10-05 07:47:28.244824,2026-10-07
ORD007209,SX00007209,19736,IL01,Delivered,2026-10-05 07:48:20.090009,2026-10-07
ORD007210,SX00007210,10078,NJ01,In Transit,2026-10-05 07:49:11.935193,2026-10-07
ORD007211,SX00007211,13123,TX01,Delivered,2026-10-05 07:50:03.780378,2026-10-08
ORD007212,SX00007212,19089,IL01,In Transit,2026-10-05 07:50:55.625562,2026-10-06
ORD007213,SX00007213,17064,TX01,In Transit,2026-10-05 07:51:47.470747,2026-10-06
ORD007214,SX00007214,18417,NJ01,In Transit,2026-10-05 07:52:39.315931,2026-10-07
ORD007215,SX00007215,11209,IL01,Delivered,2026-10-05 07:53:31.161116,2026-10-07
ORD007216,SX00007216,15153,NJ01,Out for Delivery,2026-10-05 07:54:23.006300,2026-10-08
ORD007217,SX00007217,14898,CA01,Delivered,2026-10-05 07:55:14.851485,2026-10-07
ORD007218,SX00007218,12178,IL01,Delivered,2026-10-05 07:56:06.696669,2026-10-07
ORD007219,SX00007219,17610,TX01,Delivered,2026-10-05 07:56:58.541854,2026-10-07
ORD007220,SX00007220,18895,TX01,Delivered,2026-10-05 07:57:50.387038,2026-10-07
ORD007221,SX00007221,12544,CA01,Delivered,2026-10-05 07:58:42.232223,2026-10-06
ORD007222,SX00007222,15522,TX01,Out for Delivery,2026-10-05 07:59:34.077407,2026-10-08
ORD007223,SX00007223,12370,NJ01,Delivered,2026-10-05 08:00:25.922592,2026-10-06
ORD007224,SX00007224,13281,CA01,Delivered,2026-10-05 08:01:17.767776,2026-10-07
ORD007225,SX00007225,14710,TX01,Delivered,2026-10-05 08:02:09.612961,2026-10-08
ORD007226,SX00007226,10328,TX01,Delivered,2026-10-05 08:03:01.458145,2026-10-08
ORD007227,SX00007227,15579,IL01,Delivered,2026-10-05 08:03:53.303330,2026-10-06
ORD007228,SX00007228,14228,IL01,Exception,2026-10-05 08:04:45.148514,2026-10-06
ORD007229,SX00007229,16794,NJ01,Delivered,2026-10-05 08:05:36.993699,2026-10-07
ORD007230,SX00007230,10120,NJ01,In Transit,2026-10-05 08:06:28.838883,2026-10-06
ORD007231,SX00007231,16749,IL01,In Transit,2026-10-05 08:07:20.684068,2026-10-07
ORD007232,SX00007232,10964,IL01,Delivered,2026-10-05 08:08:12.529252,2026-10-07
ORD007233,SX00007233,14224,NJ01,Delivered,2026-10-05 08:09:04.374437,2026-10-07
ORD007234,SX00007234,13675,IL01,Delivered,2026-10-05 08:09:56.219621,2026-10-08
ORD007235,SX00007235,15694,IL01,Out for Delivery,2026-10-05 08:10:48.064806,2026-10-08
ORD007236,SX00007236,12076,IL01,Delivered,2026-10-05 08:11:39.909990,2026-10-06
ORD007237,SX00007237,16865,TX01,Delivered,2026-10-05 08:12:31.755175,2026-10-06
ORD007238,SX00007238,15643,NJ01,Out for Delivery,2026-10-05 08:13:23.600360,2026-10-08
ORD007239,SX00007239,18524,IL01,In Transit,2026-10-05 08:14:15.445544,2026-10-06
ORD007240,SX00007240,15249,IL01,Delivered,2026-10-05 08:15:07.290729,2026-10-07
ORD007241,SX00007241,11316,NJ01,Exception,2026-10-05 08:15:59.135913,2026-10-07
ORD007242,SX00007242,11196,TX01,Delivered,2026-10-05 08:16:50.981098,2026-10-08
ORD007243,SX00007243,13170,TX01,In Transit,2026-10-05 08:17:42.826282,2026-10-06
ORD007244,SX00007244,19621,IL01,Delivered,2026-10-05 08:18:34.671467,2026-10-06
ORD007245,SX00007245,10355,NJ01,Delivered,2026-10-05 08:19:26.516651,2026-10-08
ORD007246,SX00007246,19718,CA01,Delivered,2026-10-05 08:20:18.361836,2026-10-07
ORD007247,SX00007247,10028,IL01,Delivered,2026-10-05 08:21:10.207020,2026-10-07
ORD007248,SX00007248,11013,NJ01,Delivered,2026-10-05 08:22:02.052205,2026-10-06
ORD007249,SX00007249,19019,IL01,Delivered,2026-10-05 08:22:53.897389,2026-10-08
ORD007250,SX00007250,12024,IL01,Delivered,2026-10-05 08:23:45.742574,2026-10-08
ORD007251,SX00007251,18490,IL01,Delivered,2026-10-05 08:24:37.587758,2026-10-07
ORD007252,SX00007252,15839,NJ01,In Transit,2026-10-05 08:25:29.432943,2026-10-07
ORD007253,SX00007253,15791,IL01,Delivered,2026-10-05 08:26:21.278127,2026-10-06
ORD007254,SX00007254,10754,IL01,Delivered,2026-10-05 08:27:13.123312,2026-10-08
ORD007255,SX00007255,18961,IL01,In Transit,2026-10-05 08:28:04.968496,2026-10-06
ORD007256,SX00007256,13735,IL01,Delivered,2026-10-05 08:28:56.813681,2026-10-06
ORD007257,SX00007257,11238,NJ01,Out for Delivery,2026-10-05 08:29:48.658865,2026-10-08
ORD007258,SX00007258,11906,IL01,In Transit,2026-10-05 08:30:40.504050,2026-10-08
ORD007259,SX00007259,17399,IL01,Delivered,2026-10-05 08:31:32.349234,2026-10-07
ORD007260,SX00007260,17961,TX01,Exception,2026-10-05 08:32:24.194419,2026-10-08
ORD007261,SX00007261,19756,NJ01,Delivered,2026-10-05 08:33:16.039603,2026-10-06
ORD007262,SX00007262,19410,NJ01,Delivered,2026-10-05 08:34:07.884788,2026-10-06
ORD007263,SX00007263,14601,IL01,Delivered,2026-10-05 08:34:59.729972,2026-10-08
ORD007264,SX00007264,19549,NJ01,Delivered,2026-10-05 08:35:51.575157,2026-10-06
ORD007265,SX00007265,11460,IL01,Delivered,2026-10-05 08:36:43.420342,2026-10-08
ORD007266,SX00007266,17669,IL01,In Transit,2026-10-05 08:37:35.265526,2026-10-07
ORD007267,SX00007267,11416,TX01,Delivered,2026-10-05 08:38:27.110711,2026-10-07
ORD007268,SX00007268,17766,CA01,Exception,2026-10-05 08:39:18.955895,2026-10-08
ORD007269,SX00007269,11428,NJ01,In Transit,2026-10-05 08:40:10.801080,2026-10-06
ORD007270,SX00007270,14378,IL01,In Transit,2026-10-05 08:41:02.646264,2026-10-08
ORD007271,SX00007271,17529,CA01,Delivered,2026-10-05 08:41:54.491449,2026-10-08
ORD007272,SX00007272,14474,IL01,Delivered,2026-10-05 08:42:46.336633,2026-10-07
ORD007273,SX00007273,13071,CA01,In Transit,2026-10-05 08:43:38.181818,2026-10-08
ORD007274,SX00007274,10555,IL01,In Transit,2026-10-05 08:44:30.027002,2026-10-07
ORD007275,SX00007275,18547,IL01,Out for Delivery,2026-10-05 08:45:21.872187,2026-10-07
ORD007276,SX00007276,11563,NJ01,Out for Delivery,2026-10-05 08:46:13.717371,2026-10-08
ORD007277,SX00007277,11040,CA01,Delivered,2026-10-05 08:47:05.562556,2026-10-08
ORD007278,SX00007278,12686,CA01,Out for Delivery,2026-10-05 08:47:57.407740,2026-10-08
ORD007279,SX00007279,12553,NJ01,Delivered,2026-10-05 08:48:49.252925,2026-10-08
ORD007280,SX00007280,11779,TX01,Delivered,2026-10-05 08:49:41.098109,2026-10-07
ORD007281,SX00007281,10075,NJ01,Delivered,2026-10-05 08:50:32.943294,2026-10-08
ORD007282,SX00007282,14326,TX01,Out for Delivery,2026-10-05 08:51:24.788478,2026-10-07
ORD007283,SX00007283,15835,TX01,Out for Delivery,2026-10-05 08:52:16.633663,2026-10-07
ORD007284,SX00007284,15057,IL01,Delivered,2026-10-05 08:53:08.478847,2026-10-06
ORD007285,SX00007285,12349,IL01,Delivered,2026-10-05 08:54:00.324032,2026-10-07
ORD007286,SX00007286,12773,CA01,Exception,2026-10-05 08:54:52.169216,2026-10-06
ORD007287,SX00007287,12262,CA01,Delivered,2026-10-05 08:55:44.014401,2026-10-08
ORD007288,SX00007288,13229,IL01,Delivered,2026-10-05 08:56:35.859585,2026-10-06
ORD007289,SX00007289,10392,IL01,Delivered,2026-10-05 08:57:27.704770,2026-10-08
ORD007290,SX00007290,11108,CA01,Delivered,2026-10-05 08:58:19.549954,2026-10-07
ORD007291,SX00007291,14362,NJ01,Out for Delivery,2026-10-05 08:59:11.395139,2026-10-06
ORD007292,SX00007292,15188,NJ01,Delivered,2026-10-05 09:00:03.240324,2026-10-08
ORD007293,SX00007293,18802,IL01,Delivered,2026-10-05 09:00:55.085508,2026-10-08
ORD007294,SX00007294,15057,CA01,Delivered,2026-10-05 09:01:46.930693,2026-10-06
ORD007295,SX00007295,13998,IL01,Delivered,2026-10-05 09:02:38.775877,2026-10-06
ORD007296,SX00007296,18864,IL01,Delivered,2026-10-05 09:03:30.621062,2026-10-08
ORD007297,SX00007297,16566,IL01,Out for Delivery,2026-10-05 09:04:22.466246,2026-10-08
ORD007298,SX00007298,13677,CA01,In Transit,2026-10-05 09:05:14.311431,2026-10-07
ORD007299,SX00007299,15796,TX01,Exception,2026-10-05 09:06:06.156615,2026-10-08
ORD007300,SX00007300,16363,TX01,Out for Delivery,2026-10-05 09:06:58.001800,2026-10-06
ORD007301,SX00007301,18123,IL01,Delivered,2026-10-05 09:07:49.846984,2026-10-08
ORD007302,SX00007302,18222,CA01,Delivered,2026-10-05 09:08:41.692169,2026-10-08
ORD007303,SX00007303,17690,TX01,Delivered,2026-10-05 09:09:33.537353,2026-10-06
ORD007304,SX00007304,11400,TX01,Delivered,2026-10-05 09:10:25.382538,2026-10-07
ORD007305,SX00007305,14071,CA01,Delivered,2026-10-05 09:11:17.227722,2026-10-08
ORD007306,SX00007306,18808,IL01,Delivered,2026-10-05 09:12:09.072907,2026-10-06
ORD007307,SX00007307,12786,NJ01,Delivered,2026-10-05 09:13:00.918091,2026-10-06
ORD007308,SX00007308,17169,CA01,Delivered,2026-10-05 09:13:52.763276,2026-10-06
ORD007309,SX00007309,10870,TX01,Delivered,2026-10-05 09:14:44.608460,2026-10-06
ORD007310,SX00007310,14196,NJ01,Delivered,2026-10-05 09:15:36.453645,2026-10-07
ORD007311,SX00007311,19604,IL01,Delivered,2026-10-05 09:16:28.298829,2026-10-06
ORD007312,SX00007312,12739,TX01,Delivered,2026-10-05 09:17:20.144014,2026-10-08
ORD007313,SX00007313,10940,NJ01,Delivered,2026-10-05 09:18:11.989198,2026-10-07
ORD007314,SX00007314,10340,IL01,Delivered,2026-10-05 09:19:03.834383,2026-10-06
ORD007315,SX00007315,17422,CA01,Out for Delivery,2026-10-05 09:19:55.679567,2026-10-08
ORD007316,SX00007316,14133,IL01,Delivered,2026-10-05 09:20:47.524752,2026-10-07
ORD007317,SX00007317,10659,IL01,Delivered,2026-10-05 09:21:39.369936,2026-10-08
ORD007318,SX00007318,19752,TX01,Delivered,2026-10-05 09:22:31.215121,2026-10-07
ORD007319,SX00007319,13457,NJ01,Delivered,2026-10-05 09:23:23.060306,2026-10-06
ORD007320,SX00007320,19848,IL01,Delivered,2026-10-05 09:24:14.905490,2026-10-08
ORD007321,SX00007321,12975,IL01,Delivered,2026-10-05 09:25:06.750675,2026-10-06
ORD007322,SX00007322,19241,IL01,Delivered,2026-10-05 09:25:58.595859,2026-10-07
ORD007323,SX00007323,10453,IL01,Delivered,2026-10-05 09:26:50.441044,2026-10-06
ORD007324,SX00007324,19896,IL01,Delivered,2026-10-05 09:27:42.286228,2026-10-06
ORD007325,SX00007325,18184,IL01,Delivered,2026-10-05 09:28:34.131413,2026-10-08
ORD007326,SX00007326,15442,IL01,Delivered,2026-10-05 09:29:25.976597,2026-10-06
ORD007327,SX00007327,10818,NJ01,In Transit,2026-10-05 09:30:17.821782,2026-10-06
ORD007328,SX00007328,14868,CA01,Delivered,2026-10-05 09:31:09.666966,2026-10-06
ORD007329,SX00007329,10012,NJ01,Delivered,2026-10-05 09:32:01.512151,2026-10-07
ORD007330,SX00007330,17727,TX01,Delivered,2026-10-05 09:32:53.357335,2026-10-08
ORD007331,SX00007331,10920,IL01,Delivered,2026-10-05 09:33:45.202520,2026-10-08
ORD007332,SX00007332,14920,TX01,Delivered,2026-10-05 09:34:37.047704,2026-10-06
ORD007333,SX00007333,12418,NJ01,Delivered,2026-10-05 09:35:28.892889,2026-10-08
ORD007334,SX00007334,19506,NJ01,Delivered,2026-10-05 09:36:20.738073,2026-10-07
ORD007335,SX00007335,16475,IL01,Delivered,2026-10-05 09:37:12.583258,2026-10-07
ORD007336,SX00007336,12017,IL01,Delivered,2026-10-05 09:38:04.428442,2026-10-06
ORD007337,SX00007337,17957,NJ01,Delivered,2026-10-05 09:38:56.273627,2026-10-06
ORD007338,SX00007338,19420,NJ01,Delivered,2026-10-05 09:39:48.118811,2026-10-07
ORD007339,SX00007339,14792,CA01,Delivered,2026-10-05 09:40:39.963996,2026-10-07
ORD007340,SX00007340,16830,IL01,Delivered,2026-10-05 09:41:31.809180,2026-10-07
ORD007341,SX00007341,12434,IL01,Delivered,2026-10-05 09:42:23.654365,2026-10-06
ORD007342,SX00007342,12868,NJ01,Delivered,2026-10-05 09:43:15.499549,2026-10-07
ORD007343,SX00007343,11438,CA01,Delivered,2026-10-05 09:44:07.344734,2026-10-06
ORD007344,SX00007344,13543,IL01,In Transit,2026-10-05 09:44:59.189918,2026-10-07
ORD007345,SX00007345,11781,NJ01,Delivered,2026-10-05 09:45:51.035103,2026-10-07
ORD007346,SX00007346,16343,IL01,In Transit,2026-10-05 09:46:42.880288,2026-10-08
ORD007347,SX00007347,12263,NJ01,Delivered,2026-10-05 09:47:34.725472,2026-10-07
ORD007348,SX00007348,10211,TX01,Delivered,2026-10-05 09:48:26.570657,2026-10-06
ORD007349,SX00007349,18699,CA01,Delivered,2026-10-05 09:49:18.415841,2026-10-07
ORD007350,SX00007350,16159,IL01,Out for Delivery,2026-10-05 09:50:10.261026,2026-10-08
ORD007351,SX00007351,17027,IL01,In Transit,2026-10-05 09:51:02.106210,2026-10-07
ORD007352,SX00007352,10331,NJ01,Delivered,2026-10-05 09:51:53.951395,2026-10-07
ORD007353,SX00007353,16860,IL01,Delivered,2026-10-05 09:52:45.796579,2026-10-07
ORD007354,SX00007354,18044,TX01,Delivered,2026-10-05 09:53:37.641764,2026-10-06
ORD007355,SX00007355,18169,NJ01,Out for Delivery,2026-10-05 09:54:29.486948,2026-10-07
ORD007356,SX00007356,18742,IL01,Delivered,2026-10-05 09:55:21.332133,2026-10-07
ORD007357,SX00007357,15720,TX01,Delivered,2026-10-05 09:56:13.177317,2026-10-07
ORD007358,SX00007358,19133,IL01,Delivered,2026-10-05 09:57:05.022502,2026-10-08
ORD007359,SX00007359,10727,CA01,Delivered,2026-10-05 09:57:56.867686,2026-10-06
ORD007360,SX00007360,14975,TX01,Delivered,2026-10-05 09:58:48.712871,2026-10-06
ORD007361,SX00007361,13243,TX01,Delivered,2026-10-05 09:59:40.558055,2026-10-08
ORD007362,SX00007362,10648,IL01,Delivered,2026-10-05 10:00:32.403240,2026-10-06
ORD007363,SX00007363,15095,CA01,Delivered,2026-10-05 10:01:24.248424,2026-10-08
ORD007364,SX00007364,16614,TX01,Delivered,2026-10-05 10:02:16.093609,2026-10-07
ORD007365,SX00007365,17135,IL01,Delivered,2026-10-05 10:03:07.938793,2026-10-06
ORD007366,SX00007366,11009,IL01,Delivered,2026-10-05 10:03:59.783978,2026-10-07
ORD007367,SX00007367,11550,IL01,Out for Delivery,2026-10-05 10:04:51.629162,2026-10-07
ORD007368,SX00007368,18995,CA01,Delivered,2026-10-05 10:05:43.474347,2026-10-06
ORD007369,SX00007369,17492,CA01,Delivered,2026-10-05 10:06:35.319531,2026-10-07
ORD007370,SX00007370,13401,CA01,In Transit,2026-10-05 10:07:27.164716,2026-10-07
ORD007371,SX00007371,17447,TX01,In Transit,2026-10-05 10:08:19.009900,2026-10-08
ORD007372,SX00007372,15424,NJ01,In Transit,2026-10-05 10:09:10.855085,2026-10-06
ORD007373,SX00007373,14241,IL01,Delivered,2026-10-05 10:10:02.700270,2026-10-07
ORD007374,SX00007374,13161,IL01,Delivered,2026-10-05 10:10:54.545454,2026-10-08
ORD007375,SX00007375,14155,IL01,Delivered,2026-10-05 10:11:46.390639,2026-10-06
ORD007376,SX00007376,17478,NJ01,Delivered,2026-10-05 10:12:38.235823,2026-10-07
ORD007377,SX00007377,18719,CA01,Delivered,2026-10-05 10:13:30.081008,2026-10-07
ORD007378,SX00007378,19215,CA01,Delivered,2026-10-05 10:14:21.926192,2026-10-07
ORD007379,SX00007379,16617,IL01,Delivered,2026-10-05 10:15:13.771377,2026-10-07
ORD007380,SX00007380,15660,TX01,Delivered,2026-10-05 10:16:05.616561,2026-10-07
ORD007381,SX00007381,18624,NJ01,Delivered,2026-10-05 10:16:57.461746,2026-10-06
ORD007382,SX00007382,11176,NJ01,Delivered,2026-10-05 10:17:49.306930,2026-10-06
ORD007383,SX00007383,17956,TX01,Delivered,2026-10-05 10:18:41.152115,2026-10-08
ORD007384,SX00007384,18592,IL01,Delivered,2026-10-05 10:19:32.997299,2026-10-08
ORD007385,SX00007385,12233,CA01,Delivered,2026-10-05 10:20:24.842484,2026-10-08
ORD007386,SX00007386,14700,TX01,In Transit,2026-10-05 10:21:16.687668,2026-10-06
ORD007387,SX00007387,15906,TX01,Delivered,2026-10-05 10:22:08.532853,2026-10-06
ORD007388,SX00007388,17860,IL01,In Transit,2026-10-05 10:23:00.378037,2026-10-06
ORD007389,SX00007389,17526,IL01,Delivered,2026-10-05 10:23:52.223222,2026-10-07
ORD007390,SX00007390,15559,IL01,Delivered,2026-10-05 10:24:44.068406,2026-10-06
ORD007391,SX00007391,16732,TX01,Delivered,2026-10-05 10:25:35.913591,2026-10-06
ORD007392,SX00007392,12513,CA01,Delivered,2026-10-05 10:26:27.758775,2026-10-07
ORD007393,SX00007393,17830,NJ01,Delivered,2026-10-05 10:27:19.603960,2026-10-08
ORD007394,SX00007394,19965,TX01,Delivered,2026-10-05 10:28:11.449144,2026-10-08
ORD007395,SX00007395,16944,NJ01,Delivered,2026-10-05 10:29:03.294329,2026-10-08
ORD007396,SX00007396,17910,IL01,Delivered,2026-10-05 10:29:55.139513,2026-10-07
ORD007397,SX00007397,15649,TX01,Delivered,2026-10-05 10:30:46.984698,2026-10-07
ORD007398,SX00007398,11096,TX01,Delivered,2026-10-05 10:31:38.829882,2026-10-07
ORD007399,SX00007399,19120,IL01,Delivered,2026-10-05 10:32:30.675067,2026-10-06
ORD007400,SX00007400,11951,IL01,In Transit,2026-10-05 10:33:22.520252,2026-10-08
ORD007401,SX00007401,19746,NJ01,In Transit,2026-10-05 10:34:14.365436,2026-10-07
ORD007402,SX00007402,19186,IL01,Exception,2026-10-05 10:35:06.210621,2026-10-07
ORD007403,SX00007403,17799,CA01,Delivered,2026-10-05 10:35:58.055805,2026-10-08
ORD007404,SX00007404,18804,NJ01,In Transit,2026-10-05 10:36:49.900990,2026-10-08
ORD007405,SX00007405,10595,IL01,In Transit,2026-10-05 10:37:41.746174,2026-10-06
ORD007406,SX00007406,17875,IL01,Delivered,2026-10-05 10:38:33.591359,2026-10-08
ORD007407,SX00007407,19033,CA01,Delivered,2026-10-05 10:39:25.436543,2026-10-07
ORD007408,SX00007408,14439,TX01,Out for Delivery,2026-10-05 10:40:17.281728,2026-10-06
ORD007409,SX00007409,15972,TX01,Exception,2026-10-05 10:41:09.126912,2026-10-08
ORD007410,SX00007410,10858,IL01,Delivered,2026-10-05 10:42:00.972097,2026-10-06
ORD007411,SX00007411,15519,CA01,Delivered,2026-10-05 10:42:52.817281,2026-10-07
ORD007412,SX00007412,17385,NJ01,In Transit,2026-10-05 10:43:44.662466,2026-10-07
ORD007413,SX00007413,18636,TX01,Delivered,2026-10-05 10:44:36.507650,2026-10-07
ORD007414,SX00007414,19980,CA01,Delivered,2026-10-05 10:45:28.352835,2026-10-07
ORD007415,SX00007415,14317,IL01,Exception,2026-10-05 10:46:20.198019,2026-10-06
ORD007416,SX00007416,13454,NJ01,In Transit,2026-10-05 10:47:12.043204,2026-10-06
ORD007417,SX00007417,11030,IL01,Out for Delivery,2026-10-05 10:48:03.888388,2026-10-07
ORD007418,SX00007418,19487,NJ01,Delivered,2026-10-05 10:48:55.733573,2026-10-06
ORD007419,SX00007419,17906,IL01,Delivered,2026-10-05 10:49:47.578757,2026-10-07
ORD007420,SX00007420,11447,CA01,Exception,2026-10-05 10:50:39.423942,2026-10-07
ORD007421,SX00007421,12850,IL01,Delivered,2026-10-05 10:51:31.269126,2026-10-08
ORD007422,SX00007422,18106,NJ01,In Transit,2026-10-05 10:52:23.114311,2026-10-06
ORD007423,SX00007423,17151,CA01,Delivered,2026-10-05 10:53:14.959495,2026-10-08
ORD007424,SX00007424,19503,CA01,Delivered,2026-10-05 10:54:06.804680,2026-10-07
ORD007425,SX00007425,16952,NJ01,Delivered,2026-10-05 10:54:58.649864,2026-10-08
ORD007426,SX00007426,14055,NJ01,Delivered,2026-10-05 10:55:50.495049,2026-10-07
ORD007427,SX00007427,15402,IL01,Delivered,2026-10-05 10:56:42.340234,2026-10-07
ORD007428,SX00007428,19281,IL01,Delivered,2026-10-05 10:57:34.185418,2026-10-07
ORD007429,SX00007429,11672,NJ01,Delivered,2026-10-05 10:58:26.030603,2026-10-06
ORD007430,SX00007430,14532,IL01,Delivered,2026-10-05 10:59:17.875787,2026-10-07
ORD007431,SX00007431,14924,IL01,In Transit,2026-10-05 11:00:09.720972,2026-10-07
ORD007432,SX00007432,16085,IL01,Delivered,2026-10-05 11:01:01.566156,2026-10-06
ORD007433,SX00007433,17734,NJ01,Delivered,2026-10-05 11:01:53.411341,2026-10-06
ORD007434,SX00007434,14864,NJ01,Delivered,2026-10-05 11:02:45.256525,2026-10-07
ORD007435,SX00007435,19316,IL01,Delivered,2026-10-05 11:03:37.101710,2026-10-06
ORD007436,SX00007436,11221,IL01,Delivered,2026-10-05 11:04:28.946894,2026-10-07
ORD007437,SX00007437,12860,NJ01,Delivered,2026-10-05 11:05:20.792079,2026-10-08
ORD007438,SX00007438,18428,TX01,Delivered,2026-10-05 11:06:12.637263,2026-10-06
ORD007439,SX00007439,19336,NJ01,Delivered,2026-10-05 11:07:04.482448,2026-10-08
ORD007440,SX00007440,13253,TX01,Delivered,2026-10-05 11:07:56.327632,2026-10-07
ORD007441,SX00007441,13782,IL01,Out for Delivery,2026-10-05 11:08:48.172817,2026-10-06
ORD007442,SX00007442,16957,IL01,Out for Delivery,2026-10-05 11:09:40.018001,2026-10-06
ORD007443,SX00007443,10766,IL01,Delivered,2026-10-05 11:10:31.863186,2026-10-07
ORD007444,SX00007444,12681,NJ01,Delivered,2026-10-05 11:11:23.708370,2026-10-06
ORD007445,SX00007445,17710,TX01,Out for Delivery,2026-10-05 11:12:15.553555,2026-10-06
ORD007446,SX00007446,17482,IL01,Delivered,2026-10-05 11:13:07.398739,2026-10-06
ORD007447,SX00007447,15086,NJ01,Delivered,2026-10-05 11:13:59.243924,2026-10-08
ORD007448,SX00007448,17964,NJ01,Delivered,2026-10-05 11:14:51.089108,2026-10-07
ORD007449,SX00007449,12665,CA01,Exception,2026-10-05 11:15:42.934293,2026-10-07
ORD007450,SX00007450,19951,TX01,In Transit,2026-10-05 11:16:34.779477,2026-10-07
ORD007451,SX00007451,13513,TX01,Delivered,2026-10-05 11:17:26.624662,2026-10-06
ORD007452,SX00007452,10495,NJ01,Delivered,2026-10-05 11:18:18.469846,2026-10-06
ORD007453,SX00007453,15822,CA01,Exception,2026-10-05 11:19:10.315031,2026-10-06
ORD007454,SX00007454,12072,CA01,Delivered,2026-10-05 11:20:02.160216,2026-10-07
ORD007455,SX00007455,17795,NJ01,Delivered,2026-10-05 11:20:54.005400,2026-10-08
ORD007456,SX00007456,18529,NJ01,Delivered,2026-10-05 11:21:45.850585,2026-10-07
ORD007457,SX00007457,13949,NJ01,In Transit,2026-10-05 11:22:37.695769,2026-10-07
ORD007458,SX00007458,16033,NJ01,Delivered,2026-10-05 11:23:29.540954,2026-10-08
ORD007459,SX00007459,18328,NJ01,In Transit,2026-10-05 11:24:21.386138,2026-10-06
ORD007460,SX00007460,12555,IL01,Delivered,2026-10-05 11:25:13.231323,2026-10-06
ORD007461,SX00007461,16370,CA01,Delivered,2026-10-05 11:26:05.076507,2026-10-07
ORD007462,SX00007462,14415,NJ01,Delivered,2026-10-05 11:26:56.921692,2026-10-08
ORD007463,SX00007463,15959,TX01,In Transit,2026-10-05 11:27:48.766876,2026-10-07
ORD007464,SX00007464,19107,NJ01,Delivered,2026-10-05 11:28:40.612061,2026-10-07
ORD007465,SX00007465,15993,TX01,Delivered,2026-10-05 11:29:32.457245,2026-10-08
ORD007466,SX00007466,15021,IL01,Delivered,2026-10-05 11:30:24.302430,2026-10-08
ORD007467,SX00007467,12907,NJ01,Delivered,2026-10-05 11:31:16.147614,2026-10-06
ORD007468,SX00007468,12914,NJ01,In Transit,2026-10-05 11:32:07.992799,2026-10-07
ORD007469,SX00007469,13870,IL01,Delivered,2026-10-05 11:32:59.837983,2026-10-08
ORD007470,SX00007470,19190,CA01,Delivered,2026-10-05 11:33:51.683168,2026-10-08
ORD007471,SX00007471,15085,IL01,Delivered,2026-10-05 11:34:43.528352,2026-10-08
ORD007472,SX00007472,16546,NJ01,Delivered,2026-10-05 11:35:35.373537,2026-10-08
ORD007473,SX00007473,10395,IL01,Out for Delivery,2026-10-05 11:36:27.218721,2026-10-07
ORD007474,SX00007474,10938,CA01,Delivered,2026-10-05 11:37:19.063906,2026-10-07
ORD007475,SX00007475,19828,IL01,Delivered,2026-10-05 11:38:10.909090,2026-10-07
ORD007476,SX00007476,12510,NJ01,Delivered,2026-10-05 11:39:02.754275,2026-10-08
ORD007477,SX00007477,14636,IL01,Delivered,2026-10-05 11:39:54.599459,2026-10-06
ORD007478,SX00007478,11649,NJ01,Delivered,2026-10-05 11:40:46.444644,2026-10-08
ORD007479,SX00007479,13690,CA01,Delivered,2026-10-05 11:41:38.289828,2026-10-07
ORD007480,SX00007480,13435,IL01,Out for Delivery,2026-10-05 11:42:30.135013,2026-10-07
ORD007481,SX00007481,13201,TX01,Delivered,2026-10-05 11:43:21.980198,2026-10-07
ORD007482,SX00007482,14179,IL01,Delivered,2026-10-05 11:44:13.825382,2026-10-06
ORD007483,SX00007483,18405,NJ01,Delivered,2026-10-05 11:45:05.670567,2026-10-06
ORD007484,SX00007484,13237,NJ01,Delivered,2026-10-05 11:45:57.515751,2026-10-07
ORD007485,SX00007485,13862,NJ01,Delivered,2026-10-05 11:46:49.360936,2026-10-08
ORD007486,SX00007486,10058,NJ01,Delivered,2026-10-05 11:47:41.206120,2026-10-07
ORD007487,SX00007487,14938,NJ01,Delivered,2026-10-05 11:48:33.051305,2026-10-07
ORD007488,SX00007488,12971,IL01,Delivered,2026-10-05 11:49:24.896489,2026-10-06
ORD007489,SX00007489,19719,NJ01,In Transit,2026-10-05 11:50:16.741674,2026-10-06
ORD007490,SX00007490,18314,IL01,Delivered,2026-10-05 11:51:08.586858,2026-10-06
ORD007491,SX00007491,19628,TX01,Exception,2026-10-05 11:52:00.432043,2026-10-06
ORD007492,SX00007492,19354,TX01,Delivered,2026-10-05 11:52:52.277227,2026-10-07
ORD007493,SX00007493,13345,IL01,Delivered,2026-10-05 11:53:44.122412,2026-10-08
ORD007494,SX00007494,12486,IL01,Delivered,2026-10-05 11:54:35.967596,2026-10-07
ORD007495,SX00007495,10561,IL01,Delivered,2026-10-05 11:55:27.812781,2026-10-07
ORD007496,SX00007496,13981,CA01,Delivered,2026-10-05 11:56:19.657965,2026-10-08
ORD007497,SX00007497,16261,TX01,Delivered,2026-10-05 11:57:11.503150,2026-10-07
ORD007498,SX00007498,11737,IL01,Delivered,2026-10-05 11:58:03.348334,2026-10-08
ORD007499,SX00007499,19096,NJ01,Delivered,2026-10-05 11:58:55.193519,2026-10-06
ORD007500,SX00007500,13554,IL01,Delivered,2026-10-05 11:59:47.038703,2026-10-06
ORD007501,SX00007501,19918,NJ01,Delivered,2026-10-05 12:00:38.883888,2026-10-06
ORD007502,SX00007502,19126,TX01,Delivered,2026-10-05 12:01:30.729072,2026-10-08
ORD007503,SX00007503,17095,NJ01,Delivered,2026-10-05 12:02:22.574257,2026-10-07
ORD007504,SX00007504,18266,CA01,Out for Delivery,2026-10-05 12:03:14.419441,2026-10-06
ORD007505,SX00007505,10294,NJ01,In Transit,2026-10-05 12:04:06.264626,2026-10-06
ORD007506,SX00007506,18212,IL01,Delivered,2026-10-05 12:04:58.109810,2026-10-07
ORD007507,SX00007507,19230,NJ01,Delivered,2026-10-05 12:05:49.954995,2026-10-06
ORD007508,SX00007508,15330,NJ01,Delivered,2026-10-05 12:06:41.800180,2026-10-06
ORD007509,SX00007509,14655,CA01,In Transit,2026-10-05 12:07:33.645364,2026-10-08
ORD007510,SX00007510,11109,IL01,In Transit,2026-10-05 12:08:25.490549,2026-10-07
ORD007511,SX00007511,13771,NJ01,Delivered,2026-10-05 12:09:17.335733,2026-10-08
ORD007512,SX00007512,18563,TX01,In Transit,2026-10-05 12:10:09.180918,2026-10-06
ORD007513,SX00007513,16123,NJ01,Delivered,2026-10-05 12:11:01.026102,2026-10-06
ORD007514,SX00007514,17647,IL01,In Transit,2026-10-05 12:11:52.871287,2026-10-07
ORD007515,SX00007515,11174,CA01,Delivered,2026-10-05 12:12:44.716471,2026-10-06
ORD007516,SX00007516,11164,IL01,Delivered,2026-10-05 12:13:36.561656,2026-10-08
ORD007517,SX00007517,19284,IL01,In Transit,2026-10-05 12:14:28.406840,2026-10-08
ORD007518,SX00007518,19475,CA01,Delivered,2026-10-05 12:15:20.252025,2026-10-07
ORD007519,SX00007519,19037,IL01,Exception,2026-10-05 12:16:12.097209,2026-10-07
ORD007520,SX00007520,18712,IL01,Delivered,2026-10-05 12:17:03.942394,2026-10-06
ORD007521,SX00007521,14466,NJ01,Delivered,2026-10-05 12:17:55.787578,2026-10-07
ORD007522,SX00007522,15538,IL01,In Transit,2026-10-05 12:18:47.632763,2026-10-07
ORD007523,SX00007523,17111,CA01,Delivered,2026-10-05 12:19:39.477947,2026-10-06
ORD007524,SX00007524,18434,NJ01,Delivered,2026-10-05 12:20:31.323132,2026-10-06
ORD007525,SX00007525,12800,NJ01,Delivered,2026-10-05 12:21:23.168316,2026-10-08
ORD007526,SX00007526,14607,IL01,Exception,2026-10-05 12:22:15.013501,2026-10-08
ORD007527,SX00007527,17262,IL01,In Transit,2026-10-05 12:23:06.858685,2026-10-07
ORD007528,SX00007528,11541,NJ01,Delivered,2026-10-05 12:23:58.703870,2026-10-06
ORD007529,SX00007529,12765,NJ01,Delivered,2026-10-05 12:24:50.549054,2026-10-07
ORD007530,SX00007530,14491,TX01,Delivered,2026-10-05 12:25:42.394239,2026-10-08
ORD007531,SX00007531,13083,IL01,Delivered,2026-10-05 12:26:34.239423,2026-10-07
ORD007532,SX00007532,15356,TX01,Exception,2026-10-05 12:27:26.084608,2026-10-08
ORD007533,SX00007533,11857,IL01,Delivered,2026-10-05 12:28:17.929792,2026-10-08
ORD007534,SX00007534,10769,NJ01,Delivered,2026-10-05 12:29:09.774977,2026-10-07
ORD007535,SX00007535,11422,NJ01,Delivered,2026-10-05 12:30:01.620162,2026-10-08
ORD007536,SX00007536,18598,IL01,Exception,2026-10-05 12:30:53.465346,2026-10-08
ORD007537,SX00007537,12972,NJ01,Delivered,2026-10-05 12:31:45.310531,2026-10-06
ORD007538,SX00007538,11872,IL01,Exception,2026-10-05 12:32:37.155715,2026-10-07
ORD007539,SX00007539,15599,NJ01,Delivered,2026-10-05 12:33:29.000900,2026-10-07
ORD007540,SX00007540,12269,TX01,In Transit,2026-10-05 12:34:20.846084,2026-10-07
ORD007541,SX00007541,15275,IL01,Delivered,2026-10-05 12:35:12.691269,2026-10-08
ORD007542,SX00007542,14749,CA01,Delivered,2026-10-05 12:36:04.536453,2026-10-08
ORD007543,SX00007543,16571,NJ01,Delivered,2026-10-05 12:36:56.381638,2026-10-08
ORD007544,SX00007544,19373,CA01,Delivered,2026-10-05 12:37:48.226822,2026-10-07
ORD007545,SX00007545,15072,IL01,Delivered,2026-10-05 12:38:40.072007,2026-10-06
ORD007546,SX00007546,19631,CA01,Out for Delivery,2026-10-05 12:39:31.917191,2026-10-07
ORD007547,SX00007547,15463,IL01,Delivered,2026-10-05 12:40:23.762376,2026-10-07
ORD007548,SX00007548,17450,NJ01,Exception,2026-10-05 12:41:15.607560,2026-10-07
ORD007549,SX00007549,18420,CA01,Delivered,2026-10-05 12:42:07.452745,2026-10-06
ORD007550,SX00007550,13959,IL01,Delivered,2026-10-05 12:42:59.297929,2026-10-07
ORD007551,SX00007551,11313,IL01,Out for Delivery,2026-10-05 12:43:51.143114,2026-10-06
ORD007552,SX00007552,17847,TX01,In Transit,2026-10-05 12:44:42.988298,2026-10-06
ORD007553,SX00007553,11070,NJ01,Delivered,2026-10-05 12:45:34.833483,2026-10-07
ORD007554,SX00007554,19166,NJ01,Delivered,2026-10-05 12:46:26.678667,2026-10-07
ORD007555,SX00007555,19930,IL01,In Transit,2026-10-05 12:47:18.523852,2026-10-07
ORD007556,SX00007556,13285,TX01,In Transit,2026-10-05 12:48:10.369036,2026-10-08
ORD007557,SX00007557,18949,IL01,In Transit,2026-10-05 12:49:02.214221,2026-10-06
ORD007558,SX00007558,13095,CA01,In Transit,2026-10-05 12:49:54.059405,2026-10-07
ORD007559,SX00007559,10320,TX01,Delivered,2026-10-05 12:50:45.904590,2026-10-06
ORD007560,SX00007560,12321,TX01,In Transit,2026-10-05 12:51:37.749774,2026-10-08
ORD007561,SX00007561,10555,IL01,Delivered,2026-10-05 12:52:29.594959,2026-10-08
ORD007562,SX00007562,14939,CA01,Delivered,2026-10-05 12:53:21.440144,2026-10-07
ORD007563,SX00007563,15432,NJ01,Delivered,2026-10-05 12:54:13.285328,2026-10-06
ORD007564,SX00007564,11386,CA01,Delivered,2026-10-05 12:55:05.130513,2026-10-08
ORD007565,SX00007565,14763,IL01,Delivered,2026-10-05 12:55:56.975697,2026-10-08
ORD007566,SX00007566,16854,TX01,Delivered,2026-10-05 12:56:48.820882,2026-10-06
ORD007567,SX00007567,17637,NJ01,Delivered,2026-10-05 12:57:40.666066,2026-10-08
ORD007568,SX00007568,14841,IL01,Delivered,2026-10-05 12:58:32.511251,2026-10-06
ORD007569,SX00007569,13867,NJ01,Delivered,2026-10-05 12:59:24.356435,2026-10-07
ORD007570,SX00007570,13793,IL01,Delivered,2026-10-05 13:00:16.201620,2026-10-06
ORD007571,SX00007571,17373,IL01,Delivered,2026-10-05 13:01:08.046804,2026-10-07
ORD007572,SX00007572,12513,IL01,In Transit,2026-10-05 13:01:59.891989,2026-10-06
ORD007573,SX00007573,13803,NJ01,Delivered,2026-10-05 13:02:51.737173,2026-10-08
ORD007574,SX00007574,12327,NJ01,Delivered,2026-10-05 13:03:43.582358,2026-10-07
ORD007575,SX00007575,18809,NJ01,Exception,2026-10-05 13:04:35.427542,2026-10-06
ORD007576,SX00007576,12165,IL01,Delivered,2026-10-05 13:05:27.272727,2026-10-07
ORD007577,SX00007577,13308,TX01,Delivered,2026-10-05 13:06:19.117911,2026-10-06
ORD007578,SX00007578,16452,CA01,Delivered,2026-10-05 13:07:10.963096,2026-10-06
ORD007579,SX00007579,18067,IL01,In Transit,2026-10-05 13:08:02.808280,2026-10-07
ORD007580,SX00007580,17642,IL01,In Transit,2026-10-05 13:08:54.653465,2026-10-07
ORD007581,SX00007581,16404,NJ01,Delivered,2026-10-05 13:09:46.498649,2026-10-07
ORD007582,SX00007582,10992,TX01,In Transit,2026-10-05 13:10:38.343834,2026-10-08
ORD007583,SX00007583,15424,TX01,In Transit,2026-10-05 13:11:30.189018,2026-10-06
ORD007584,SX00007584,19569,NJ01,Delivered,2026-10-05 13:12:22.034203,2026-10-06
ORD007585,SX00007585,14381,IL01,Delivered,2026-10-05 13:13:13.879387,2026-10-07
ORD007586,SX00007586,13174,TX01,In Transit,2026-10-05 13:14:05.724572,2026-10-06
ORD007587,SX00007587,14782,NJ01,Delivered,2026-10-05 13:14:57.569756,2026-10-06
ORD007588,SX00007588,19497,IL01,Delivered,2026-10-05 13:15:49.414941,2026-10-06
ORD007589,SX00007589,15560,IL01,Delivered,2026-10-05 13:16:41.260126,2026-10-07
ORD007590,SX00007590,17460,NJ01,Delivered,2026-10-05 13:17:33.105310,2026-10-06
ORD007591,SX00007591,13078,NJ01,Delivered,2026-10-05 13:18:24.950495,2026-10-06
ORD007592,SX00007592,12983,TX01,Delivered,2026-10-05 13:19:16.795679,2026-10-08
ORD007593,SX00007593,17259,CA01,Delivered,2026-10-05 13:20:08.640864,2026-10-08
ORD007594,SX00007594,16054,IL01,Out for Delivery,2026-10-05 13:21:00.486048,2026-10-07
ORD007595,SX00007595,12523,CA01,Delivered,2026-10-05 13:21:52.331233,2026-10-06
ORD007596,SX00007596,19677,TX01,Delivered,2026-10-05 13:22:44.176417,2026-10-06
ORD007597,SX00007597,14581,NJ01,Out for Delivery,2026-10-05 13:23:36.021602,2026-10-08
ORD007598,SX00007598,15609,CA01,In Transit,2026-10-05 13:24:27.866786,2026-10-07
ORD007599,SX00007599,12001,TX01,Delivered,2026-10-05 13:25:19.711971,2026-10-07
ORD007600,SX00007600,11387,IL01,Delivered,2026-10-05 13:26:11.557155,2026-10-06
ORD007601,SX00007601,16552,CA01,Delivered,2026-10-05 13:27:03.402340,2026-10-08
ORD007602,SX00007602,11030,TX01,Out for Delivery,2026-10-05 13:27:55.247524,2026-10-08
ORD007603,SX00007603,19957,TX01,Delivered,2026-10-05 13:28:47.092709,2026-10-08
ORD007604,SX00007604,11220,CA01,Delivered,2026-10-05 13:29:38.937893,2026-10-06
ORD007605,SX00007605,16035,NJ01,In Transit,2026-10-05 13:30:30.783078,2026-10-06
ORD007606,SX00007606,19810,TX01,Delivered,2026-10-05 13:31:22.628262,2026-10-06
ORD007607,SX00007607,19455,TX01,In Transit,2026-10-05 13:32:14.473447,2026-10-08
ORD007608,SX00007608,16523,NJ01,Delivered,2026-10-05 13:33:06.318631,2026-10-07
ORD007609,SX00007609,18074,IL01,Delivered,2026-10-05 13:33:58.163816,2026-10-06
ORD007610,SX00007610,19063,TX01,Delivered,2026-10-05 13:34:50.009000,2026-10-06
ORD007611,SX00007611,10834,IL01,Delivered,2026-10-05 13:35:41.854185,2026-10-07
ORD007612,SX00007612,19110,TX01,In Transit,2026-10-05 13:36:33.699369,2026-10-07
ORD007613,SX00007613,11724,CA01,In Transit,2026-10-05 13:37:25.544554,2026-10-08
ORD007614,SX00007614,16598,IL01,In Transit,2026-10-05 13:38:17.389738,2026-10-06
ORD007615,SX00007615,12413,IL01,Delivered,2026-10-05 13:39:09.234923,2026-10-08
ORD007616,SX00007616,19505,IL01,Delivered,2026-10-05 13:40:01.080108,2026-10-06
ORD007617,SX00007617,15993,NJ01,Delivered,2026-10-05 13:40:52.925292,2026-10-08
ORD007618,SX00007618,14498,CA01,Delivered,2026-10-05 13:41:44.770477,2026-10-08
ORD007619,SX00007619,12105,NJ01,Delivered,2026-10-05 13:42:36.615661,2026-10-07
ORD007620,SX00007620,12568,IL01,In Transit,2026-10-05 13:43:28.460846,2026-10-06
ORD007621,SX00007621,19330,NJ01,Delivered,2026-10-05 13:44:20.306030,2026-10-07
ORD007622,SX00007622,10209,TX01,Delivered,2026-10-05 13:45:12.151215,2026-10-07
ORD007623,SX00007623,19256,IL01,In Transit,2026-10-05 13:46:03.996399,2026-10-07
ORD007624,SX00007624,14911,TX01,Delivered,2026-10-05 13:46:55.841584,2026-10-06
ORD007625,SX00007625,12220,IL01,Delivered,2026-10-05 13:47:47.686768,2026-10-08
ORD007626,SX00007626,10233,TX01,Delivered,2026-10-05 13:48:39.531953,2026-10-08
ORD007627,SX00007627,10792,IL01,Out for Delivery,2026-10-05 13:49:31.377137,2026-10-06
ORD007628,SX00007628,13110,IL01,Delivered,2026-10-05 13:50:23.222322,2026-10-06
ORD007629,SX00007629,12166,CA01,Delivered,2026-10-05 13:51:15.067506,2026-10-08
ORD007630,SX00007630,18526,NJ01,Out for Delivery,2026-10-05 13:52:06.912691,2026-10-08
ORD007631,SX00007631,19551,IL01,Out for Delivery,2026-10-05 13:52:58.757875,2026-10-07
ORD007632,SX00007632,15193,CA01,In Transit,2026-10-05 13:53:50.603060,2026-10-08
ORD007633,SX00007633,11214,TX01,Delivered,2026-10-05 13:54:42.448244,2026-10-07
ORD007634,SX00007634,14419,IL01,In Transit,2026-10-05 13:55:34.293429,2026-10-08
ORD007635,SX00007635,17314,NJ01,Delivered,2026-10-05 13:56:26.138613,2026-10-08
ORD007636,SX00007636,18475,CA01,Delivered,2026-10-05 13:57:17.983798,2026-10-08
ORD007637,SX00007637,10212,TX01,Delivered,2026-10-05 13:58:09.828982,2026-10-07
ORD007638,SX00007638,11658,IL01,In Transit,2026-10-05 13:59:01.674167,2026-10-07
ORD007639,SX00007639,15024,NJ01,Delivered,2026-10-05 13:59:53.519351,2026-10-08
ORD007640,SX00007640,19609,NJ01,Delivered,2026-10-05 14:00:45.364536,2026-10-07
ORD007641,SX00007641,15917,TX01,Delivered,2026-10-05 14:01:37.209720,2026-10-07
ORD007642,SX00007642,15141,IL01,Delivered,2026-10-05 14:02:29.054905,2026-10-07
ORD007643,SX00007643,11794,TX01,Delivered,2026-10-05 14:03:20.900090,2026-10-07
ORD007644,SX00007644,15988,IL01,Delivered,2026-10-05 14:04:12.745274,2026-10-06
ORD007645,SX00007645,18296,TX01,In Transit,2026-10-05 14:05:04.590459,2026-10-07
ORD007646,SX00007646,15578,CA01,Delivered,2026-10-05 14:05:56.435643,2026-10-08
ORD007647,SX00007647,15551,IL01,In Transit,2026-10-05 14:06:48.280828,2026-10-07
ORD007648,SX00007648,13845,IL01,Delivered,2026-10-05 14:07:40.126012,2026-10-08
ORD007649,SX00007649,16906,NJ01,Delivered,2026-10-05 14:08:31.971197,2026-10-07
ORD007650,SX00007650,10378,TX01,Delivered,2026-10-05 14:09:23.816381,2026-10-08
ORD007651,SX00007651,13293,IL01,In Transit,2026-10-05 14:10:15.661566,2026-10-06
ORD007652,SX00007652,13329,TX01,Delivered,2026-10-05 14:11:07.506750,2026-10-08
ORD007653,SX00007653,14808,CA01,Delivered,2026-10-05 14:11:59.351935,2026-10-07
ORD007654,SX00007654,17937,TX01,Delivered,2026-10-05 14:12:51.197119,2026-10-07
ORD007655,SX00007655,10224,TX01,Exception,2026-10-05 14:13:43.042304,2026-10-08
ORD007656,SX00007656,10737,IL01,Delivered,2026-10-05 14:14:34.887488,2026-10-06
ORD007657,SX00007657,10235,CA01,Delivered,2026-10-05 14:15:26.732673,2026-10-07
ORD007658,SX00007658,10711,IL01,Out for Delivery,2026-10-05 14:16:18.577857,2026-10-07
ORD007659,SX00007659,15988,IL01,In Transit,2026-10-05 14:17:10.423042,2026-10-08
ORD007660,SX00007660,11888,IL01,Delivered,2026-10-05 14:18:02.268226,2026-10-08
ORD007661,SX00007661,17173,TX01,Delivered,2026-10-05 14:18:54.113411,2026-10-06
ORD007662,SX00007662,11259,CA01,Delivered,2026-10-05 14:19:45.958595,2026-10-08
ORD007663,SX00007663,15246,IL01,In Transit,2026-10-05 14:20:37.803780,2026-10-07
ORD007664,SX00007664,17271,TX01,Delivered,2026-10-05 14:21:29.648964,2026-10-08
ORD007665,SX00007665,10748,TX01,In Transit,2026-10-05 14:22:21.494149,2026-10-06
ORD007666,SX00007666,13551,NJ01,Out for Delivery,2026-10-05 14:23:13.339333,2026-10-06
ORD007667,SX00007667,16400,TX01,Exception,2026-10-05 14:24:05.184518,2026-10-07
ORD007668,SX00007668,16643,IL01,Out for Delivery,2026-10-05 14:24:57.029702,2026-10-08
ORD007669,SX00007669,18701,IL01,Delivered,2026-10-05 14:25:48.874887,2026-10-07
ORD007670,SX00007670,11823,CA01,Delivered,2026-10-05 14:26:40.720072,2026-10-06
ORD007671,SX00007671,16852,NJ01,Delivered,2026-10-05 14:27:32.565256,2026-10-06
ORD007672,SX00007672,17777,IL01,Delivered,2026-10-05 14:28:24.410441,2026-10-08
ORD007673,SX00007673,14232,TX01,Delivered,2026-10-05 14:29:16.255625,2026-10-08
ORD007674,SX00007674,16519,CA01,Delivered,2026-10-05 14:30:08.100810,2026-10-07
ORD007675,SX00007675,11777,NJ01,Out for Delivery,2026-10-05 14:30:59.945994,2026-10-06
ORD007676,SX00007676,11222,IL01,Out for Delivery,2026-10-05 14:31:51.791179,2026-10-07
ORD007677,SX00007677,17630,NJ01,Delivered,2026-10-05 14:32:43.636363,2026-10-07
ORD007678,SX00007678,11777,TX01,Delivered,2026-10-05 14:33:35.481548,2026-10-07
ORD007679,SX00007679,19496,IL01,Delivered,2026-10-05 14:34:27.326732,2026-10-06
ORD007680,SX00007680,17490,IL01,In Transit,2026-10-05 14:35:19.171917,2026-10-08
ORD007681,SX00007681,14859,NJ01,Delivered,2026-10-05 14:36:11.017101,2026-10-06
ORD007682,SX00007682,18893,NJ01,Exception,2026-10-05 14:37:02.862286,2026-10-07
ORD007683,SX00007683,18118,IL01,In Transit,2026-10-05 14:37:54.707470,2026-10-06
ORD007684,SX00007684,12989,IL01,Out for Delivery,2026-10-05 14:38:46.552655,2026-10-07
ORD007685,SX00007685,18343,IL01,In Transit,2026-10-05 14:39:38.397839,2026-10-07
ORD007686,SX00007686,11325,IL01,In Transit,2026-10-05 14:40:30.243024,2026-10-08
ORD007687,SX00007687,19493,IL01,In Transit,2026-10-05 14:41:22.088208,2026-10-07
ORD007688,SX00007688,19903,NJ01,Delivered,2026-10-05 14:42:13.933393,2026-10-06
ORD007689,SX00007689,15127,NJ01,Delivered,2026-10-05 14:43:05.778577,2026-10-08
ORD007690,SX00007690,18998,NJ01,In Transit,2026-10-05 14:43:57.623762,2026-10-08
ORD007691,SX00007691,12722,NJ01,Delivered,2026-10-05 14:44:49.468946,2026-10-08
ORD007692,SX00007692,14656,IL01,Delivered,2026-10-05 14:45:41.314131,2026-10-08
ORD007693,SX00007693,11325,NJ01,In Transit,2026-10-05 14:46:33.159315,2026-10-08
ORD007694,SX00007694,14133,IL01,In Transit,2026-10-05 14:47:25.004500,2026-10-06
ORD007695,SX00007695,19351,IL01,Delivered,2026-10-05 14:48:16.849684,2026-10-07
ORD007696,SX00007696,12869,IL01,Delivered,2026-10-05 14:49:08.694869,2026-10-07
ORD007697,SX00007697,11242,CA01,Delivered,2026-10-05 14:50:00.540054,2026-10-07
ORD007698,SX00007698,18539,IL01,Delivered,2026-10-05 14:50:52.385238,2026-10-07
ORD007699,SX00007699,11831,CA01,Out for Delivery,2026-10-05 14:51:44.230423,2026-10-08
ORD007700,SX00007700,11569,IL01,Delivered,2026-10-05 14:52:36.075607,2026-10-07
ORD007701,SX00007701,17246,NJ01,Exception,2026-10-05 14:53:27.920792,2026-10-07
ORD007702,SX00007702,11918,TX01,Delivered,2026-10-05 14:54:19.765976,2026-10-08
ORD007703,SX00007703,16416,IL01,Delivered,2026-10-05 14:55:11.611161,2026-10-08
ORD007704,SX00007704,13232,IL01,In Transit,2026-10-05 14:56:03.456345,2026-10-08
ORD007705,SX00007705,13758,CA01,Delivered,2026-10-05 14:56:55.301530,2026-10-07
ORD007706,SX00007706,15997,NJ01,Delivered,2026-10-05 14:57:47.146714,2026-10-08
ORD007707,SX00007707,12355,IL01,Exception,2026-10-05 14:58:38.991899,2026-10-08
ORD007708,SX00007708,19589,IL01,In Transit,2026-10-05 14:59:30.837083,2026-10-06
ORD007709,SX00007709,11824,CA01,Delivered,2026-10-05 15:00:22.682268,2026-10-06
ORD007710,SX00007710,17280,CA01,Delivered,2026-10-05 15:01:14.527452,2026-10-07
ORD007711,SX00007711,14060,NJ01,Delivered,2026-10-05 15:02:06.372637,2026-10-08
ORD007712,SX00007712,15324,IL01,Exception,2026-10-05 15:02:58.217821,2026-10-07
ORD007713,SX00007713,10404,TX01,In Transit,2026-10-05 15:03:50.063006,2026-10-06
ORD007714,SX00007714,11721,IL01,Delivered,2026-10-05 15:04:41.908190,2026-10-06
ORD007715,SX00007715,15316,NJ01,Delivered,2026-10-05 15:05:33.753375,2026-10-08
ORD007716,SX00007716,13845,TX01,In Transit,2026-10-05 15:06:25.598559,2026-10-07
ORD007717,SX00007717,14210,IL01,Delivered,2026-10-05 15:07:17.443744,2026-10-06
ORD007718,SX00007718,10064,NJ01,Out for Delivery,2026-10-05 15:08:09.288928,2026-10-08
ORD007719,SX00007719,19491,CA01,Exception,2026-10-05 15:09:01.134113,2026-10-07
ORD007720,SX00007720,16382,TX01,Out for Delivery,2026-10-05 15:09:52.979297,2026-10-08
ORD007721,SX00007721,19607,IL01,In Transit,2026-10-05 15:10:44.824482,2026-10-08
ORD007722,SX00007722,10968,IL01,Delivered,2026-10-05 15:11:36.669666,2026-10-06
ORD007723,SX00007723,10368,IL01,Delivered,2026-10-05 15:12:28.514851,2026-10-07
ORD007724,SX00007724,18424,IL01,In Transit,2026-10-05 15:13:20.360036,2026-10-06
ORD007725,SX00007725,12242,NJ01,Delivered,2026-10-05 15:14:12.205220,2026-10-07
ORD007726,SX00007726,15002,NJ01,Delivered,2026-10-05 15:15:04.050405,2026-10-07
ORD007727,SX00007727,13083,IL01,Delivered,2026-10-05 15:15:55.895589,2026-10-08
ORD007728,SX00007728,18073,IL01,Delivered,2026-10-05 15:16:47.740774,2026-10-08
ORD007729,SX00007729,19112,IL01,Delivered,2026-10-05 15:17:39.585958,2026-10-07
ORD007730,SX00007730,18880,NJ01,In Transit,2026-10-05 15:18:31.431143,2026-10-08
ORD007731,SX00007731,11469,NJ01,Delivered,2026-10-05 15:19:23.276327,2026-10-06
ORD007732,SX00007732,14725,NJ01,Delivered,2026-10-05 15:20:15.121512,2026-10-07
ORD007733,SX00007733,14259,TX01,Delivered,2026-10-05 15:21:06.966696,2026-10-06
ORD007734,SX00007734,13622,TX01,Delivered,2026-10-05 15:21:58.811881,2026-10-08
ORD007735,SX00007735,10823,NJ01,Out for Delivery,2026-10-05 15:22:50.657065,2026-10-07
ORD007736,SX00007736,13431,IL01,Delivered,2026-10-05 15:23:42.502250,2026-10-08
ORD007737,SX00007737,16528,NJ01,Delivered,2026-10-05 15:24:34.347434,2026-10-06
ORD007738,SX00007738,14151,IL01,Delivered,2026-10-05 15:25:26.192619,2026-10-07
ORD007739,SX00007739,14213,IL01,Exception,2026-10-05 15:26:18.037803,2026-10-08
ORD007740,SX00007740,17420,CA01,Delivered,2026-10-05 15:27:09.882988,2026-10-06
ORD007741,SX00007741,18989,IL01,Delivered,2026-10-05 15:28:01.728172,2026-10-06
ORD007742,SX00007742,10779,NJ01,Delivered,2026-10-05 15:28:53.573357,2026-10-08
ORD007743,SX00007743,12892,NJ01,Delivered,2026-10-05 15:29:45.418541,2026-10-07
ORD007744,SX00007744,15534,IL01,Delivered,2026-10-05 15:30:37.263726,2026-10-08
ORD007745,SX00007745,13306,IL01,In Transit,2026-10-05 15:31:29.108910,2026-10-07
ORD007746,SX00007746,12902,NJ01,Delivered,2026-10-05 15:32:20.954095,2026-10-06
ORD007747,SX00007747,13718,IL01,In Transit,2026-10-05 15:33:12.799279,2026-10-06
ORD007748,SX00007748,10021,IL01,Delivered,2026-10-05 15:34:04.644464,2026-10-06
ORD007749,SX00007749,11500,CA01,Delivered,2026-10-05 15:34:56.489648,2026-10-08
ORD007750,SX00007750,19034,NJ01,In Transit,2026-10-05 15:35:48.334833,2026-10-08
ORD007751,SX00007751,19952,IL01,Delivered,2026-10-05 15:36:40.180018,2026-10-08
ORD007752,SX00007752,13641,IL01,In Transit,2026-10-05 15:37:32.025202,2026-10-06
ORD007753,SX00007753,15212,NJ01,In Transit,2026-10-05 15:38:23.870387,2026-10-07
ORD007754,SX00007754,10191,IL01,Exception,2026-10-05 15:39:15.715571,2026-10-08
ORD007755,SX00007755,18587,IL01,Delivered,2026-10-05 15:40:07.560756,2026-10-08
ORD007756,SX00007756,17174,NJ01,Delivered,2026-10-05 15:40:59.405940,2026-10-08
ORD007757,SX00007757,15114,IL01,Delivered,2026-10-05 15:41:51.251125,2026-10-06
ORD007758,SX00007758,14662,NJ01,Delivered,2026-10-05 15:42:43.096309,2026-10-07
ORD007759,SX00007759,14326,NJ01,Delivered,2026-10-05 15:43:34.941494,2026-10-07
ORD007760,SX00007760,19065,IL01,Delivered,2026-10-05 15:44:26.786678,2026-10-07
ORD007761,SX00007761,14335,IL01,Delivered,2026-10-05 15:45:18.631863,2026-10-08
ORD007762,SX00007762,18281,NJ01,Delivered,2026-10-05 15:46:10.477047,2026-10-08
ORD007763,SX00007763,18648,NJ01,In Transit,2026-10-05 15:47:02.322232,2026-10-07
ORD007764,SX00007764,19196,IL01,In Transit,2026-10-05 15:47:54.167416,2026-10-06
ORD007765,SX00007765,15494,IL01,Delivered,2026-10-05 15:48:46.012601,2026-10-07
ORD007766,SX00007766,18536,CA01,In Transit,2026-10-05 15:49:37.857785,2026-10-08
ORD007767,SX00007767,12711,IL01,Delivered,2026-10-05 15:50:29.702970,2026-10-07
ORD007768,SX00007768,17595,CA01,Delivered,2026-10-05 15:51:21.548154,2026-10-07
ORD007769,SX00007769,16273,IL01,Delivered,2026-10-05 15:52:13.393339,2026-10-07
ORD007770,SX00007770,16284,IL01,In Transit,2026-10-05 15:53:05.238523,2026-10-06
ORD007771,SX00007771,19308,NJ01,Delivered,2026-10-05 15:53:57.083708,2026-10-08
ORD007772,SX00007772,18817,IL01,Delivered,2026-10-05 15:54:48.928892,2026-10-08
ORD007773,SX00007773,13994,IL01,Exception,2026-10-05 15:55:40.774077,2026-10-07
ORD007774,SX00007774,11678,IL01,Delivered,2026-10-05 15:56:32.619261,2026-10-08
ORD007775,SX00007775,18414,CA01,Out for Delivery,2026-10-05 15:57:24.464446,2026-10-06
ORD007776,SX00007776,10743,IL01,Delivered,2026-10-05 15:58:16.309630,2026-10-07
ORD007777,SX00007777,10462,NJ01,In Transit,2026-10-05 15:59:08.154815,2026-10-06
ORD007778,SX00007778,11568,TX01,Delivered,2026-10-05 16:00:00.000000,2026-10-07
ORD007779,SX00007779,11736,TX01,In Transit,2026-10-05 16:00:51.845184,2026-10-07
ORD007780,SX00007780,17903,TX01,Exception,2026-10-05 16:01:43.690369,2026-10-07
ORD007781,SX00007781,17002,IL01,In Transit,2026-10-05 16:02:35.535553,2026-10-06
ORD007782,SX00007782,18856,IL01,Delivered,2026-10-05 16:03:27.380738,2026-10-08
ORD007783,SX00007783,11356,IL01,In Transit,2026-10-05 16:04:19.225922,2026-10-08
ORD007784,SX00007784,11014,IL01,In Transit,2026-10-05 16:05:11.071107,2026-10-08
ORD007785,SX00007785,11054,IL01,Delivered,2026-10-05 16:06:02.916291,2026-10-08
ORD007786,SX00007786,11764,IL01,Out for Delivery,2026-10-05 16:06:54.761476,2026-10-06
ORD007787,SX00007787,16009,CA01,Delivered,2026-10-05 16:07:46.606660,2026-10-08
ORD007788,SX00007788,14458,CA01,Delivered,2026-10-05 16:08:38.451845,2026-10-08
ORD007789,SX00007789,19604,IL01,Delivered,2026-10-05 16:09:30.297029,2026-10-07
ORD007790,SX00007790,10667,IL01,Delivered,2026-10-05 16:10:22.142214,2026-10-06
ORD007791,SX00007791,13370,IL01,Delivered,2026-10-05 16:11:13.987398,2026-10-07
ORD007792,SX00007792,15976,IL01,Delivered,2026-10-05 16:12:05.832583,2026-10-08
ORD007793,SX00007793,11394,IL01,Delivered,2026-10-05 16:12:57.677767,2026-10-07
ORD007794,SX00007794,18290,CA01,Delivered,2026-10-05 16:13:49.522952,2026-10-08
ORD007795,SX00007795,14070,IL01,Out for Delivery,2026-10-05 16:14:41.368136,2026-10-07
ORD007796,SX00007796,16982,IL01,Delivered,2026-10-05 16:15:33.213321,2026-10-06
ORD007797,SX00007797,18613,IL01,Delivered,2026-10-05 16:16:25.058505,2026-10-07
ORD007798,SX00007798,15599,CA01,Delivered,2026-10-05 16:17:16.903690,2026-10-07
ORD007799,SX00007799,13650,CA01,Delivered,2026-10-05 16:18:08.748874,2026-10-07
ORD007800,SX00007800,19324,TX01,Delivered,2026-10-05 16:19:00.594059,2026-10-07
ORD007801,SX00007801,19894,NJ01,Delivered,2026-10-05 16:19:52.439243,2026-10-08
ORD007802,SX00007802,13620,IL01,In Transit,2026-10-05 16:20:44.284428,2026-10-07
ORD007803,SX00007803,13190,IL01,Delivered,2026-10-05 16:21:36.129612,2026-10-06
ORD007804,SX00007804,18789,NJ01,Delivered,2026-10-05 16:22:27.974797,2026-10-07
ORD007805,SX00007805,10391,TX01,Delivered,2026-10-05 16:23:19.819981,2026-10-06
ORD007806,SX00007806,11075,IL01,Out for Delivery,2026-10-05 16:24:11.665166,2026-10-07
ORD007807,SX00007807,12650,IL01,Delivered,2026-10-05 16:25:03.510351,2026-10-08
ORD007808,SX00007808,12384,NJ01,Delivered,2026-10-05 16:25:55.355535,2026-10-06
ORD007809,SX00007809,10809,IL01,Out for Delivery,2026-10-05 16:26:47.200720,2026-10-06
ORD007810,SX00007810,18047,NJ01,Out for Delivery,2026-10-05 16:27:39.045904,2026-10-07
ORD007811,SX00007811,15501,IL01,Delivered,2026-10-05 16:28:30.891089,2026-10-08
ORD007812,SX00007812,16895,IL01,Delivered,2026-10-05 16:29:22.736273,2026-10-08
ORD007813,SX00007813,11159,NJ01,Delivered,2026-10-05 16:30:14.581458,2026-10-06
ORD007814,SX00007814,17574,CA01,Delivered,2026-10-05 16:31:06.426642,2026-10-07
ORD007815,SX00007815,11531,IL01,Delivered,2026-10-05 16:31:58.271827,2026-10-08
ORD007816,SX00007816,15481,IL01,Delivered,2026-10-05 16:32:50.117011,2026-10-08
ORD007817,SX00007817,17548,IL01,Out for Delivery,2026-10-05 16:33:41.962196,2026-10-08
ORD007818,SX00007818,14976,NJ01,Delivered,2026-10-05 16:34:33.807380,2026-10-07
ORD007819,SX00007819,15695,TX01,Delivered,2026-10-05 16:35:25.652565,2026-10-07
ORD007820,SX00007820,18445,IL01,Delivered,2026-10-05 16:36:17.497749,2026-10-06
ORD007821,SX00007821,13548,IL01,Delivered,2026-10-05 16:37:09.342934,2026-10-07
ORD007822,SX00007822,16163,CA01,Delivered,2026-10-05 16:38:01.188118,2026-10-08
ORD007823,SX00007823,16671,TX01,In Transit,2026-10-05 16:38:53.033303,2026-10-06
ORD007824,SX00007824,15264,NJ01,Out for Delivery,2026-10-05 16:39:44.878487,2026-10-07
ORD007825,SX00007825,11231,IL01,Exception,2026-10-05 16:40:36.723672,2026-10-08
ORD007826,SX00007826,12423,IL01,In Transit,2026-10-05 16:41:28.568856,2026-10-08
ORD007827,SX00007827,18071,TX01,In Transit,2026-10-05 16:42:20.414041,2026-10-06
ORD007828,SX00007828,14261,NJ01,Delivered,2026-10-05 16:43:12.259225,2026-10-06
ORD007829,SX00007829,19765,NJ01,Delivered,2026-10-05 16:44:04.104410,2026-10-07
ORD007830,SX00007830,12908,IL01,In Transit,2026-10-05 16:44:55.949594,2026-10-07
ORD007831,SX00007831,14712,NJ01,Delivered,2026-10-05 16:45:47.794779,2026-10-06
ORD007832,SX00007832,16755,TX01,Delivered,2026-10-05 16:46:39.639963,2026-10-06
ORD007833,SX00007833,19817,CA01,In Transit,2026-10-05 16:47:31.485148,2026-10-08
ORD007834,SX00007834,13883,IL01,Out for Delivery,2026-10-05 16:48:23.330333,2026-10-07
ORD007835,SX00007835,13515,NJ01,Delivered,2026-10-05 16:49:15.175517,2026-10-08
ORD007836,SX00007836,13403,NJ01,Delivered,2026-10-05 16:50:07.020702,2026-10-06
ORD007837,SX00007837,14598,CA01,Delivered,2026-10-05 16:50:58.865886,2026-10-06
ORD007838,SX00007838,15008,TX01,Delivered,2026-10-05 16:51:50.711071,2026-10-06
ORD007839,SX00007839,16222,CA01,Delivered,2026-10-05 16:52:42.556255,2026-10-07
ORD007840,SX00007840,14009,CA01,Out for Delivery,2026-10-05 16:53:34.401440,2026-10-06
ORD007841,SX00007841,12735,IL01,Delivered,2026-10-05 16:54:26.246624,2026-10-06
ORD007842,SX00007842,14491,TX01,Delivered,2026-10-05 16:55:18.091809,2026-10-07
ORD007843,SX00007843,18593,NJ01,In Transit,2026-10-05 16:56:09.936993,2026-10-06
ORD007844,SX00007844,10974,IL01,Delivered,2026-10-05 16:57:01.782178,2026-10-07
ORD007845,SX00007845,10223,IL01,In Transit,2026-10-05 16:57:53.627362,2026-10-06
ORD007846,SX00007846,14613,IL01,Delivered,2026-10-05 16:58:45.472547,2026-10-07
ORD007847,SX00007847,16777,TX01,In Transit,2026-10-05 16:59:37.317731,2026-10-07
ORD007848,SX00007848,18427,IL01,Delivered,2026-10-05 17:00:29.162916,2026-10-07
ORD007849,SX00007849,14211,CA01,Delivered,2026-10-05 17:01:21.008100,2026-10-07
ORD007850,SX00007850,10225,NJ01,Delivered,2026-10-05 17:02:12.853285,2026-10-08
ORD007851,SX00007851,18183,TX01,Delivered,2026-10-05 17:03:04.698469,2026-10-07
ORD007852,SX00007852,14277,IL01,Delivered,2026-10-05 17:03:56.543654,2026-10-07
ORD007853,SX00007853,11341,NJ01,Delivered,2026-10-05 17:04:48.388838,2026-10-07
ORD007854,SX00007854,14036,NJ01,Exception,2026-10-05 17:05:40.234023,2026-10-07
ORD007855,SX00007855,18401,IL01,Delivered,2026-10-05 17:06:32.079207,2026-10-06
ORD007856,SX00007856,13727,TX01,In Transit,2026-10-05 17:07:23.924392,2026-10-06
ORD007857,SX00007857,13928,NJ01,In Transit,2026-10-05 17:08:15.769576,2026-10-07
ORD007858,SX00007858,12803,IL01,Out for Delivery,2026-10-05 17:09:07.614761,2026-10-07
ORD007859,SX00007859,19301,TX01,Out for Delivery,2026-10-05 17:09:59.459945,2026-10-08
ORD007860,SX00007860,16558,IL01,Delivered,2026-10-05 17:10:51.305130,2026-10-07
ORD007861,SX00007861,10393,NJ01,Delivered,2026-10-05 17:11:43.150315,2026-10-07
ORD007862,SX00007862,16839,NJ01,Delivered,2026-10-05 17:12:34.995499,2026-10-07
ORD007863,SX00007863,19035,IL01,Delivered,2026-10-05 17:13:26.840684,2026-10-06
ORD007864,SX00007864,19716,TX01,Delivered,2026-10-05 17:14:18.685868,2026-10-07
ORD007865,SX00007865,18795,TX01,Delivered,2026-10-05 17:15:10.531053,2026-10-07
ORD007866,SX00007866,10581,TX01,Delivered,2026-10-05 17:16:02.376237,2026-10-08
ORD007867,SX00007867,10132,IL01,In Transit,2026-10-05 17:16:54.221422,2026-10-06
ORD007868,SX00007868,12838,IL01,Exception,2026-10-05 17:17:46.066606,2026-10-08
ORD007869,SX00007869,13385,IL01,In Transit,2026-10-05 17:18:37.911791,2026-10-07
ORD007870,SX00007870,13770,CA01,Delivered,2026-10-05 17:19:29.756975,2026-10-08
ORD007871,SX00007871,12268,IL01,Delivered,2026-10-05 17:20:21.602160,2026-10-07
ORD007872,SX00007872,10975,NJ01,In Transit,2026-10-05 17:21:13.447344,2026-10-07
ORD007873,SX00007873,17605,CA01,Delivered,2026-10-05 17:22:05.292529,2026-10-06
ORD007874,SX00007874,17213,TX01,In Transit,2026-10-05 17:22:57.137713,2026-10-08
ORD007875,SX00007875,19735,TX01,In Transit,2026-10-05 17:23:48.982898,2026-10-07
ORD007876,SX00007876,12835,CA01,Delivered,2026-10-05 17:24:40.828082,2026-10-08
ORD007877,SX00007877,12738,IL01,Delivered,2026-10-05 17:25:32.673267,2026-10-06
ORD007878,SX00007878,19549,IL01,Delivered,2026-10-05 17:26:24.518451,2026-10-07
ORD007879,SX00007879,14134,IL01,Delivered,2026-10-05 17:27:16.363636,2026-10-06
ORD007880,SX00007880,19508,IL01,Delivered,2026-10-05 17:28:08.208820,2026-10-08
ORD007881,SX00007881,16833,NJ01,Exception,2026-10-05 17:29:00.054005,2026-10-08
ORD007882,SX00007882,18353,IL01,Delivered,2026-10-05 17:29:51.899189,2026-10-08
ORD007883,SX00007883,11909,TX01,Delivered,2026-10-05 17:30:43.744374,2026-10-07
ORD007884,SX00007884,19319,IL01,Delivered,2026-10-05 17:31:35.589558,2026-10-07
ORD007885,SX00007885,19850,IL01,Delivered,2026-10-05 17:32:27.434743,2026-10-07
ORD007886,SX00007886,11963,TX01,In Transit,2026-10-05 17:33:19.279927,2026-10-06
ORD007887,SX00007887,15153,IL01,Delivered,2026-10-05 17:34:11.125112,2026-10-08
ORD007888,SX00007888,10966,TX01,Exception,2026-10-05 17:35:02.970297,2026-10-08
ORD007889,SX00007889,10889,CA01,Out for Delivery,2026-10-05 17:35:54.815481,2026-10-08
ORD007890,SX00007890,13061,TX01,Out for Delivery,2026-10-05 17:36:46.660666,2026-10-06
ORD007891,SX00007891,16461,IL01,Delivered,2026-10-05 17:37:38.505850,2026-10-07
ORD007892,SX00007892,16166,CA01,Delivered,2026-10-05 17:38:30.351035,2026-10-06
ORD007893,SX00007893,16967,IL01,In Transit,2026-10-05 17:39:22.196219,2026-10-08
ORD007894,SX00007894,19858,TX01,In Transit,2026-10-05 17:40:14.041404,2026-10-08
ORD007895,SX00007895,18101,IL01,In Transit,2026-10-05 17:41:05.886588,2026-10-06
ORD007896,SX00007896,17379,IL01,Delivered,2026-10-05 17:41:57.731773,2026-10-07
ORD007897,SX00007897,19633,CA01,Delivered,2026-10-05 17:42:49.576957,2026-10-07
ORD007898,SX00007898,17280,IL01,Exception,2026-10-05 17:43:41.422142,2026-10-08
ORD007899,SX00007899,11067,TX01,Delivered,2026-10-05 17:44:33.267326,2026-10-06
ORD007900,SX00007900,14223,IL01,Delivered,2026-10-05 17:45:25.112511,2026-10-07
ORD007901,SX00007901,19018,TX01,Delivered,2026-10-05 17:46:16.957695,2026-10-06
ORD007902,SX00007902,14607,CA01,In Transit,2026-10-05 17:47:08.802880,2026-10-08
ORD007903,SX00007903,13985,NJ01,Delivered,2026-10-05 17:48:00.648064,2026-10-08
ORD007904,SX00007904,13179,NJ01,Delivered,2026-10-05 17:48:52.493249,2026-10-08
ORD007905,SX00007905,14538,NJ01,Delivered,2026-10-05 17:49:44.338433,2026-10-08
ORD007906,SX00007906,12362,CA01,Delivered,2026-10-05 17:50:36.183618,2026-10-07
ORD007907,SX00007907,12224,IL01,In Transit,2026-10-05 17:51:28.028802,2026-10-08
ORD007908,SX00007908,16371,NJ01,Delivered,2026-10-05 17:52:19.873987,2026-10-07
ORD007909,SX00007909,11726,IL01,Delivered,2026-10-05 17:53:11.719171,2026-10-07
ORD007910,SX00007910,15791,IL01,Delivered,2026-10-05 17:54:03.564356,2026-10-06
ORD007911,SX00007911,18073,IL01,Delivered,2026-10-05 17:54:55.409540,2026-10-08
ORD007912,SX00007912,18458,NJ01,Delivered,2026-10-05 17:55:47.254725,2026-10-07
ORD007913,SX00007913,17013,CA01,Out for Delivery,2026-10-05 17:56:39.099909,2026-10-06
ORD007914,SX00007914,10837,IL01,Out for Delivery,2026-10-05 17:57:30.945094,2026-10-06
ORD007915,SX00007915,14584,NJ01,Delivered,2026-10-05 17:58:22.790279,2026-10-08
ORD007916,SX00007916,10686,NJ01,Delivered,2026-10-05 17:59:14.635463,2026-10-08
ORD007917,SX00007917,10356,NJ01,Delivered,2026-10-05 18:00:06.480648,2026-10-06
ORD007918,SX00007918,19063,CA01,In Transit,2026-10-05 18:00:58.325832,2026-10-07
ORD007919,SX00007919,14647,IL01,Delivered,2026-10-05 18:01:50.171017,2026-10-08
ORD007920,SX00007920,14418,IL01,Delivered,2026-10-05 18:02:42.016201,2026-10-06
ORD007921,SX00007921,16642,IL01,In Transit,2026-10-05 18:03:33.861386,2026-10-06
ORD007922,SX00007922,13391,CA01,Delivered,2026-10-05 18:04:25.706570,2026-10-07
ORD007923,SX00007923,14357,CA01,Delivered,2026-10-05 18:05:17.551755,2026-10-07
ORD007924,SX00007924,14879,IL01,Delivered,2026-10-05 18:06:09.396939,2026-10-06
ORD007925,SX00007925,15319,IL01,Delivered,2026-10-05 18:07:01.242124,2026-10-07
ORD007926,SX00007926,12739,NJ01,Out for Delivery,2026-10-05 18:07:53.087308,2026-10-08
ORD007927,SX00007927,19510,TX01,In Transit,2026-10-05 18:08:44.932493,2026-10-06
ORD007928,SX00007928,19727,NJ01,Delivered,2026-10-05 18:09:36.777677,2026-10-07
ORD007929,SX00007929,14784,CA01,Delivered,2026-10-05 18:10:28.622862,2026-10-07
ORD007930,SX00007930,19964,TX01,Delivered,2026-10-05 18:11:20.468046,2026-10-07
ORD007931,SX00007931,10877,CA01,Delivered,2026-10-05 18:12:12.313231,2026-10-07
ORD007932,SX00007932,12870,NJ01,Delivered,2026-10-05 18:13:04.158415,2026-10-06
ORD007933,SX00007933,10292,IL01,Delivered,2026-10-05 18:13:56.003600,2026-10-07
ORD007934,SX00007934,19843,TX01,Delivered,2026-10-05 18:14:47.848784,2026-10-08
ORD007935,SX00007935,18728,NJ01,Delivered,2026-10-05 18:15:39.693969,2026-10-08
ORD007936,SX00007936,12686,IL01,Delivered,2026-10-05 18:16:31.539153,2026-10-06
ORD007937,SX00007937,10233,IL01,Delivered,2026-10-05 18:17:23.384338,2026-10-06
ORD007938,SX00007938,12374,NJ01,Delivered,2026-10-05 18:18:15.229522,2026-10-08
ORD007939,SX00007939,12272,NJ01,Delivered,2026-10-05 18:19:07.074707,2026-10-08
ORD007940,SX00007940,10966,NJ01,Delivered,2026-10-05 18:19:58.919891,2026-10-06
ORD007941,SX00007941,10889,IL01,Delivered,2026-10-05 18:20:50.765076,2026-10-08
ORD007942,SX00007942,13863,NJ01,Delivered,2026-10-05 18:21:42.610261,2026-10-08
ORD007943,SX00007943,16154,IL01,Delivered,2026-10-05 18:22:34.455445,2026-10-06
ORD007944,SX00007944,13400,TX01,Delivered,2026-10-05 18:23:26.300630,2026-10-06
ORD007945,SX00007945,18226,NJ01,Delivered,2026-10-05 18:24:18.145814,2026-10-07
ORD007946,SX00007946,14542,TX01,Delivered,2026-10-05 18:25:09.990999,2026-10-07
ORD007947,SX00007947,13523,TX01,In Transit,2026-10-05 18:26:01.836183,2026-10-08
ORD007948,SX00007948,11763,TX01,Delivered,2026-10-05 18:26:53.681368,2026-10-06
ORD007949,SX00007949,13291,TX01,Exception,2026-10-05 18:27:45.526552,2026-10-07
ORD007950,SX00007950,12488,NJ01,In Transit,2026-10-05 18:28:37.371737,2026-10-08
ORD007951,SX00007951,11558,IL01,Delivered,2026-10-05 18:29:29.216921,2026-10-08
ORD007952,SX00007952,14690,TX01,Out for Delivery,2026-10-05 18:30:21.062106,2026-10-08
ORD007953,SX00007953,16121,NJ01,Delivered,2026-10-05 18:31:12.907290,2026-10-08
ORD007954,SX00007954,12276,NJ01,Delivered,2026-10-05 18:32:04.752475,2026-10-06
ORD007955,SX00007955,14439,IL01,In Transit,2026-10-05 18:32:56.597659,2026-10-08
ORD007956,SX00007956,11103,CA01,Out for Delivery,2026-10-05 18:33:48.442844,2026-10-07
ORD007957,SX00007957,17520,IL01,Delivered,2026-10-05 18:34:40.288028,2026-10-06
ORD007958,SX00007958,19611,IL01,Delivered,2026-10-05 18:35:32.133213,2026-10-08
ORD007959,SX00007959,15409,CA01,In Transit,2026-10-05 18:36:23.978397,2026-10-07
ORD007960,SX00007960,19670,TX01,Out for Delivery,2026-10-05 18:37:15.823582,2026-10-07
ORD007961,SX00007961,17869,IL01,Delivered,2026-10-05 18:38:07.668766,2026-10-06
ORD007962,SX00007962,12956,CA01,Delivered,2026-10-05 18:38:59.513951,2026-10-06
ORD007963,SX00007963,17710,IL01,Delivered,2026-10-05 18:39:51.359135,2026-10-06
ORD007964,SX00007964,16017,TX01,Delivered,2026-10-05 18:40:43.204320,2026-10-07
ORD007965,SX00007965,19574,NJ01,Out for Delivery,2026-10-05 18:41:35.049504,2026-10-07
ORD007966,SX00007966,13384,NJ01,Delivered,2026-10-05 18:42:26.894689,2026-10-08
ORD007967,SX00007967,19761,TX01,Out for Delivery,2026-10-05 18:43:18.739873,2026-10-06
ORD007968,SX00007968,10028,IL01,In Transit,2026-10-05 18:44:10.585058,2026-10-06
ORD007969,SX00007969,18897,IL01,Delivered,2026-10-05 18:45:02.430243,2026-10-06
ORD007970,SX00007970,19212,TX01,Delivered,2026-10-05 18:45:54.275427,2026-10-06
ORD007971,SX00007971,19638,IL01,Delivered,2026-10-05 18:46:46.120612,2026-10-07
ORD007972,SX00007972,17756,CA01,Delivered,2026-10-05 18:47:37.965796,2026-10-06
ORD007973,SX00007973,16948,NJ01,Delivered,2026-10-05 18:48:29.810981,2026-10-07
ORD007974,SX00007974,15755,IL01,Delivered,2026-10-05 18:49:21.656165,2026-10-07
ORD007975,SX00007975,13602,TX01,Delivered,2026-10-05 18:50:13.501350,2026-10-06
ORD007976,SX00007976,15062,IL01,Delivered,2026-10-05 18:51:05.346534,2026-10-07
ORD007977,SX00007977,18071,IL01,Delivered,2026-10-05 18:51:57.191719,2026-10-07
ORD007978,SX00007978,17244,NJ01,Delivered,2026-10-05 18:52:49.036903,2026-10-06
ORD007979,SX00007979,16372,CA01,In Transit,2026-10-05 18:53:40.882088,2026-10-06
ORD007980,SX00007980,17105,NJ01,Delivered,2026-10-05 18:54:32.727272,2026-10-08
ORD007981,SX00007981,13581,IL01,Delivered,2026-10-05 18:55:24.572457,2026-10-07
ORD007982,SX00007982,12762,NJ01,In Transit,2026-10-05 18:56:16.417641,2026-10-07
ORD007983,SX00007983,10572,IL01,In Transit,2026-10-05 18:57:08.262826,2026-10-08
ORD007984,SX00007984,17705,IL01,Out for Delivery,2026-10-05 18:58:00.108010,2026-10-08
ORD007985,SX00007985,10614,TX01,Delivered,2026-10-05 18:58:51.953195,2026-10-06
ORD007986,SX00007986,14050,CA01,Delivered,2026-10-05 18:59:43.798379,2026-10-08
ORD007987,SX00007987,10325,IL01,Delivered,2026-10-05 19:00:35.643564,2026-10-06
ORD007988,SX00007988,13740,NJ01,Delivered,2026-10-05 19:01:27.488748,2026-10-06
ORD007989,SX00007989,10358,CA01,Delivered,2026-10-05 19:02:19.333933,2026-10-06
ORD007990,SX00007990,13777,IL01,Delivered,2026-10-05 19:03:11.179117,2026-10-07
ORD007991,SX00007991,15906,IL01,Delivered,2026-10-05 19:04:03.024302,2026-10-07
ORD007992,SX00007992,11721,CA01,Delivered,2026-10-05 19:04:54.869486,2026-10-06
ORD007993,SX00007993,11349,TX01,Delivered,2026-10-05 19:05:46.714671,2026-10-08
ORD007994,SX00007994,13696,IL01,Delivered,2026-10-05 19:06:38.559855,2026-10-07
ORD007995,SX00007995,13896,IL01,Delivered,2026-10-05 19:07:30.405040,2026-10-07
ORD007996,SX00007996,14260,IL01,Out for Delivery,2026-10-05 19:08:22.250225,2026-10-08
ORD007997,SX00007997,19788,NJ01,In Transit,2026-10-05 19:09:14.095409,2026-10-07
ORD007998,SX00007998,19819,TX01,Delivered,2026-10-05 19:10:05.940594,2026-10-08
ORD007999,SX00007999,16941,NJ01,In Transit,2026-10-05 19:10:57.785778,2026-10-08
ORD008000,SX00008000,13808,NJ01,Delivered,2026-10-05 19:11:49.630963,2026-10-07
ORD008001,SX00008001,15246,IL01,Delivered,2026-10-05 19:12:41.476147,2026-10-08
ORD008002,SX00008002,18384,IL01,Delivered,2026-10-05 19:13:33.321332,2026-10-08
ORD008003,SX00008003,13845,IL01,Out for Delivery,2026-10-05 19:14:25.166516,2026-10-06
ORD008004,SX00008004,12577,TX01,Delivered,2026-10-05 19:15:17.011701,2026-10-06
ORD008005,SX00008005,10091,NJ01,Delivered,2026-10-05 19:16:08.856885,2026-10-07
ORD008006,SX00008006,14234,IL01,Out for Delivery,2026-10-05 19:17:00.702070,2026-10-08
ORD008007,SX00008007,18672,NJ01,Delivered,2026-10-05 19:17:52.547254,2026-10-07
ORD008008,SX00008008,16592,TX01,In Transit,2026-10-05 19:18:44.392439,2026-10-07
ORD008009,SX00008009,18128,NJ01,Delivered,2026-10-05 19:19:36.237623,2026-10-06
ORD008010,SX00008010,11075,IL01,Delivered,2026-10-05 19:20:28.082808,2026-10-08
ORD008011,SX00008011,12513,IL01,Exception,2026-10-05 19:21:19.927992,2026-10-07
ORD008012,SX00008012,18168,IL01,Delivered,2026-10-05 19:22:11.773177,2026-10-07
ORD008013,SX00008013,16861,TX01,In Transit,2026-10-05 19:23:03.618361,2026-10-06
ORD008014,SX00008014,18990,NJ01,Exception,2026-10-05 19:23:55.463546,2026-10-06
ORD008015,SX00008015,10604,TX01,Delivered,2026-10-05 19:24:47.308730,2026-10-06
ORD008016,SX00008016,12979,CA01,Delivered,2026-10-05 19:25:39.153915,2026-10-07
ORD008017,SX00008017,17140,CA01,Delivered,2026-10-05 19:26:30.999099,2026-10-08
ORD008018,SX00008018,17065,IL01,Delivered,2026-10-05 19:27:22.844284,2026-10-06
ORD008019,SX00008019,14916,IL01,Delivered,2026-10-05 19:28:14.689468,2026-10-06
ORD008020,SX00008020,16800,NJ01,Out for Delivery,2026-10-05 19:29:06.534653,2026-10-08
ORD008021,SX00008021,10597,IL01,Delivered,2026-10-05 19:29:58.379837,2026-10-07
ORD008022,SX00008022,19724,TX01,Out for Delivery,2026-10-05 19:30:50.225022,2026-10-07
ORD008023,SX00008023,17320,CA01,In Transit,2026-10-05 19:31:42.070207,2026-10-08
ORD008024,SX00008024,18705,TX01,Exception,2026-10-05 19:32:33.915391,2026-10-06
ORD008025,SX00008025,15622,IL01,Out for Delivery,2026-10-05 19:33:25.760576,2026-10-08
ORD008026,SX00008026,11877,IL01,In Transit,2026-10-05 19:34:17.605760,2026-10-07
ORD008027,SX00008027,11699,IL01,In Transit,2026-10-05 19:35:09.450945,2026-10-07
ORD008028,SX00008028,19221,TX01,In Transit,2026-10-05 19:36:01.296129,2026-10-06
ORD008029,SX00008029,15780,IL01,In Transit,2026-10-05 19:36:53.141314,2026-10-06
ORD008030,SX00008030,10716,IL01,In Transit,2026-10-05 19:37:44.986498,2026-10-08
ORD008031,SX00008031,14086,IL01,In Transit,2026-10-05 19:38:36.831683,2026-10-07
ORD008032,SX00008032,10665,CA01,Delivered,2026-10-05 19:39:28.676867,2026-10-07
ORD008033,SX00008033,17846,TX01,Delivered,2026-10-05 19:40:20.522052,2026-10-08
ORD008034,SX00008034,16611,CA01,Delivered,2026-10-05 19:41:12.367236,2026-10-06
ORD008035,SX00008035,11079,TX01,Delivered,2026-10-05 19:42:04.212421,2026-10-07
ORD008036,SX00008036,18419,NJ01,Delivered,2026-10-05 19:42:56.057605,2026-10-07
ORD008037,SX00008037,18340,IL01,Out for Delivery,2026-10-05 19:43:47.902790,2026-10-06
ORD008038,SX00008038,11069,IL01,Delivered,2026-10-05 19:44:39.747974,2026-10-07
ORD008039,SX00008039,15263,NJ01,Delivered,2026-10-05 19:45:31.593159,2026-10-06
ORD008040,SX00008040,17951,CA01,In Transit,2026-10-05 19:46:23.438343,2026-10-08
ORD008041,SX00008041,11363,IL01,Out for Delivery,2026-10-05 19:47:15.283528,2026-10-06
ORD008042,SX00008042,14508,IL01,In Transit,2026-10-05 19:48:07.128712,2026-10-06
ORD008043,SX00008043,11755,NJ01,In Transit,2026-10-05 19:48:58.973897,2026-10-08
ORD008044,SX00008044,10519,IL01,Delivered,2026-10-05 19:49:50.819081,2026-10-07
ORD008045,SX00008045,15463,NJ01,Delivered,2026-10-05 19:50:42.664266,2026-10-07
ORD008046,SX00008046,17233,IL01,Delivered,2026-10-05 19:51:34.509450,2026-10-06
ORD008047,SX00008047,11102,IL01,Delivered,2026-10-05 19:52:26.354635,2026-10-06
ORD008048,SX00008048,10597,IL01,Delivered,2026-10-05 19:53:18.199819,2026-10-08
ORD008049,SX00008049,13273,NJ01,Out for Delivery,2026-10-05 19:54:10.045004,2026-10-08
ORD008050,SX00008050,15781,NJ01,In Transit,2026-10-05 19:55:01.890189,2026-10-07
ORD008051,SX00008051,16256,IL01,Delivered,2026-10-05 19:55:53.735373,2026-10-07
ORD008052,SX00008052,17258,CA01,Delivered,2026-10-05 19:56:45.580558,2026-10-08
ORD008053,SX00008053,18780,IL01,Delivered,2026-10-05 19:57:37.425742,2026-10-06
ORD008054,SX00008054,16554,IL01,Delivered,2026-10-05 19:58:29.270927,2026-10-08
ORD008055,SX00008055,19599,NJ01,In Transit,2026-10-05 19:59:21.116111,2026-10-07
ORD008056,SX00008056,18002,IL01,Delivered,2026-10-05 20:00:12.961296,2026-10-06
ORD008057,SX00008057,14846,NJ01,In Transit,2026-10-05 20:01:04.806480,2026-10-08
ORD008058,SX00008058,19821,CA01,In Transit,2026-10-05 20:01:56.651665,2026-10-07
ORD008059,SX00008059,19186,TX01,Delivered,2026-10-05 20:02:48.496849,2026-10-06
ORD008060,SX00008060,14798,NJ01,In Transit,2026-10-05 20:03:40.342034,2026-10-06
ORD008061,SX00008061,16605,NJ01,Delivered,2026-10-05 20:04:32.187218,2026-10-06
ORD008062,SX00008062,12986,IL01,Delivered,2026-10-05 20:05:24.032403,2026-10-06
ORD008063,SX00008063,10400,NJ01,Delivered,2026-10-05 20:06:15.877587,2026-10-06
ORD008064,SX00008064,12855,IL01,Delivered,2026-10-05 20:07:07.722772,2026-10-08
ORD008065,SX00008065,13412,CA01,Delivered,2026-10-05 20:07:59.567956,2026-10-06
ORD008066,SX00008066,10056,IL01,Delivered,2026-10-05 20:08:51.413141,2026-10-08
ORD008067,SX00008067,18022,NJ01,Delivered,2026-10-05 20:09:43.258325,2026-10-06
ORD008068,SX00008068,11875,CA01,Delivered,2026-10-05 20:10:35.103510,2026-10-07
ORD008069,SX00008069,14543,TX01,In Transit,2026-10-05 20:11:26.948694,2026-10-06
ORD008070,SX00008070,14298,CA01,Delivered,2026-10-05 20:12:18.793879,2026-10-08
ORD008071,SX00008071,13768,NJ01,In Transit,2026-10-05 20:13:10.639063,2026-10-07
ORD008072,SX00008072,15752,IL01,Delivered,2026-10-05 20:14:02.484248,2026-10-07
ORD008073,SX00008073,14833,TX01,In Transit,2026-10-05 20:14:54.329432,2026-10-08
ORD008074,SX00008074,11353,IL01,Delivered,2026-10-05 20:15:46.174617,2026-10-07
ORD008075,SX00008075,14987,IL01,Delivered,2026-10-05 20:16:38.019801,2026-10-08
ORD008076,SX00008076,16597,TX01,Delivered,2026-10-05 20:17:29.864986,2026-10-06
ORD008077,SX00008077,14311,NJ01,Delivered,2026-10-05 20:18:21.710171,2026-10-06
ORD008078,SX00008078,12934,CA01,Delivered,2026-10-05 20:19:13.555355,2026-10-08
ORD008079,SX00008079,10022,CA01,In Transit,2026-10-05 20:20:05.400540,2026-10-06
ORD008080,SX00008080,11209,CA01,Out for Delivery,2026-10-05 20:20:57.245724,2026-10-07
ORD008081,SX00008081,18940,IL01,Delivered,2026-10-05 20:21:49.090909,2026-10-06
ORD008082,SX00008082,10804,TX01,Delivered,2026-10-05 20:22:40.936093,2026-10-06
ORD008083,SX00008083,18325,TX01,Delivered,2026-10-05 20:23:32.781278,2026-10-07
ORD008084,SX00008084,14416,CA01,Out for Delivery,2026-10-05 20:24:24.626462,2026-10-07
ORD008085,SX00008085,18625,IL01,Delivered,2026-10-05 20:25:16.471647,2026-10-06
ORD008086,SX00008086,15141,IL01,Delivered,2026-10-05 20:26:08.316831,2026-10-06
ORD008087,SX00008087,14968,CA01,Delivered,2026-10-05 20:27:00.162016,2026-10-06
ORD008088,SX00008088,13671,IL01,Delivered,2026-10-05 20:27:52.007200,2026-10-08
ORD008089,SX00008089,17292,NJ01,Delivered,2026-10-05 20:28:43.852385,2026-10-08
ORD008090,SX00008090,17001,IL01,Delivered,2026-10-05 20:29:35.697569,2026-10-06
ORD008091,SX00008091,12098,NJ01,Delivered,2026-10-05 20:30:27.542754,2026-10-06
ORD008092,SX00008092,18444,TX01,Delivered,2026-10-05 20:31:19.387938,2026-10-07
ORD008093,SX00008093,15061,IL01,In Transit,2026-10-05 20:32:11.233123,2026-10-06
ORD008094,SX00008094,19321,TX01,Out for Delivery,2026-10-05 20:33:03.078307,2026-10-06
ORD008095,SX00008095,13264,IL01,Delivered,2026-10-05 20:33:54.923492,2026-10-08
ORD008096,SX00008096,15435,IL01,Delivered,2026-10-05 20:34:46.768676,2026-10-08
ORD008097,SX00008097,18493,IL01,Delivered,2026-10-05 20:35:38.613861,2026-10-08
ORD008098,SX00008098,16691,TX01,Delivered,2026-10-05 20:36:30.459045,2026-10-07
ORD008099,SX00008099,12763,IL01,Delivered,2026-10-05 20:37:22.304230,2026-10-06
ORD008100,SX00008100,14005,NJ01,Delivered,2026-10-05 20:38:14.149414,2026-10-08
ORD008101,SX00008101,13241,TX01,Delivered,2026-10-05 20:39:05.994599,2026-10-07
ORD008102,SX00008102,13057,TX01,Delivered,2026-10-05 20:39:57.839783,2026-10-06
ORD008103,SX00008103,10550,NJ01,Delivered,2026-10-05 20:40:49.684968,2026-10-06
ORD008104,SX00008104,15574,NJ01,Delivered,2026-10-05 20:41:41.530153,2026-10-07
ORD008105,SX00008105,15411,IL01,In Transit,2026-10-05 20:42:33.375337,2026-10-06
ORD008106,SX00008106,11587,NJ01,In Transit,2026-10-05 20:43:25.220522,2026-10-07
ORD008107,SX00008107,15920,IL01,Exception,2026-10-05 20:44:17.065706,2026-10-07
ORD008108,SX00008108,15260,CA01,In Transit,2026-10-05 20:45:08.910891,2026-10-08
ORD008109,SX00008109,14409,TX01,Delivered,2026-10-05 20:46:00.756075,2026-10-07
ORD008110,SX00008110,15783,IL01,In Transit,2026-10-05 20:46:52.601260,2026-10-08
ORD008111,SX00008111,10712,NJ01,Delivered,2026-10-05 20:47:44.446444,2026-10-06
ORD008112,SX00008112,15406,CA01,Delivered,2026-10-05 20:48:36.291629,2026-10-08
ORD008113,SX00008113,17990,IL01,Delivered,2026-10-05 20:49:28.136813,2026-10-07
ORD008114,SX00008114,17420,TX01,Delivered,2026-10-05 20:50:19.981998,2026-10-08
ORD008115,SX00008115,16843,IL01,Out for Delivery,2026-10-05 20:51:11.827182,2026-10-06
ORD008116,SX00008116,12433,NJ01,In Transit,2026-10-05 20:52:03.672367,2026-10-08
ORD008117,SX00008117,13301,CA01,Delivered,2026-10-05 20:52:55.517551,2026-10-06
ORD008118,SX00008118,10270,NJ01,Delivered,2026-10-05 20:53:47.362736,2026-10-07
ORD008119,SX00008119,19986,NJ01,In Transit,2026-10-05 20:54:39.207920,2026-10-08
ORD008120,SX00008120,11079,CA01,Delivered,2026-10-05 20:55:31.053105,2026-10-06
ORD008121,SX00008121,15322,TX01,Delivered,2026-10-05 20:56:22.898289,2026-10-06
ORD008122,SX00008122,18795,TX01,Delivered,2026-10-05 20:57:14.743474,2026-10-08
ORD008123,SX00008123,15257,NJ01,In Transit,2026-10-05 20:58:06.588658,2026-10-08
ORD008124,SX00008124,17982,NJ01,Delivered,2026-10-05 20:58:58.433843,2026-10-08
ORD008125,SX00008125,19777,TX01,In Transit,2026-10-05 20:59:50.279027,2026-10-08
ORD008126,SX00008126,16214,CA01,In Transit,2026-10-05 21:00:42.124212,2026-10-08
ORD008127,SX00008127,15006,TX01,Delivered,2026-10-05 21:01:33.969396,2026-10-06
ORD008128,SX00008128,13985,TX01,Delivered,2026-10-05 21:02:25.814581,2026-10-07
ORD008129,SX00008129,19587,IL01,Delivered,2026-10-05 21:03:17.659765,2026-10-06
ORD008130,SX00008130,18791,TX01,Delivered,2026-10-05 21:04:09.504950,2026-10-08
ORD008131,SX00008131,18705,TX01,Delivered,2026-10-05 21:05:01.350135,2026-10-08
ORD008132,SX00008132,15991,TX01,Delivered,2026-10-05 21:05:53.195319,2026-10-07
ORD008133,SX00008133,16227,IL01,Delivered,2026-10-05 21:06:45.040504,2026-10-08
ORD008134,SX00008134,19258,CA01,Delivered,2026-10-05 21:07:36.885688,2026-10-07
ORD008135,SX00008135,17833,IL01,Delivered,2026-10-05 21:08:28.730873,2026-10-08
ORD008136,SX00008136,12886,IL01,Delivered,2026-10-05 21:09:20.576057,2026-10-06
ORD008137,SX00008137,12653,TX01,Delivered,2026-10-05 21:10:12.421242,2026-10-07
ORD008138,SX00008138,19280,TX01,In Transit,2026-10-05 21:11:04.266426,2026-10-06
ORD008139,SX00008139,14864,IL01,Delivered,2026-10-05 21:11:56.111611,2026-10-08
ORD008140,SX00008140,12514,TX01,Delivered,2026-10-05 21:12:47.956795,2026-10-06
ORD008141,SX00008141,13969,IL01,Delivered,2026-10-05 21:13:39.801980,2026-10-06
ORD008142,SX00008142,13284,IL01,In Transit,2026-10-05 21:14:31.647164,2026-10-06
ORD008143,SX00008143,17740,IL01,Delivered,2026-10-05 21:15:23.492349,2026-10-07
ORD008144,SX00008144,14566,CA01,Out for Delivery,2026-10-05 21:16:15.337533,2026-10-07
ORD008145,SX00008145,12196,IL01,In Transit,2026-10-05 21:17:07.182718,2026-10-07
ORD008146,SX00008146,10789,IL01,Delivered,2026-10-05 21:17:59.027902,2026-10-06
ORD008147,SX00008147,13475,TX01,Delivered,2026-10-05 21:18:50.873087,2026-10-06
ORD008148,SX00008148,19856,NJ01,Delivered,2026-10-05 21:19:42.718271,2026-10-08
ORD008149,SX00008149,11309,TX01,Delivered,2026-10-05 21:20:34.563456,2026-10-07
ORD008150,SX00008150,10864,CA01,Delivered,2026-10-05 21:21:26.408640,2026-10-08
ORD008151,SX00008151,15389,TX01,Delivered,2026-10-05 21:22:18.253825,2026-10-06
ORD008152,SX00008152,13363,IL01,Out for Delivery,2026-10-05 21:23:10.099009,2026-10-07
ORD008153,SX00008153,18215,NJ01,Delivered,2026-10-05 21:24:01.944194,2026-10-08
ORD008154,SX00008154,13003,TX01,Delivered,2026-10-05 21:24:53.789378,2026-10-06
ORD008155,SX00008155,18502,IL01,Delivered,2026-10-05 21:25:45.634563,2026-10-06
ORD008156,SX00008156,11231,IL01,Delivered,2026-10-05 21:26:37.479747,2026-10-06
ORD008157,SX00008157,17959,NJ01,In Transit,2026-10-05 21:27:29.324932,2026-10-07
ORD008158,SX00008158,12711,IL01,Delivered,2026-10-05 21:28:21.170117,2026-10-07
ORD008159,SX00008159,16581,CA01,In Transit,2026-10-05 21:29:13.015301,2026-10-08
ORD008160,SX00008160,17705,TX01,Delivered,2026-10-05 21:30:04.860486,2026-10-06
ORD008161,SX00008161,10421,IL01,In Transit,2026-10-05 21:30:56.705670,2026-10-07
ORD008162,SX00008162,19965,IL01,Delivered,2026-10-05 21:31:48.550855,2026-10-07
ORD008163,SX00008163,10946,CA01,In Transit,2026-10-05 21:32:40.396039,2026-10-06
ORD008164,SX00008164,19378,IL01,In Transit,2026-10-05 21:33:32.241224,2026-10-06
ORD008165,SX00008165,11834,TX01,In Transit,2026-10-05 21:34:24.086408,2026-10-08
ORD008166,SX00008166,11564,NJ01,Delivered,2026-10-05 21:35:15.931593,2026-10-08
ORD008167,SX00008167,17332,CA01,Delivered,2026-10-05 21:36:07.776777,2026-10-08
ORD008168,SX00008168,14944,TX01,Delivered,2026-10-05 21:36:59.621962,2026-10-07
ORD008169,SX00008169,11308,IL01,Exception,2026-10-05 21:37:51.467146,2026-10-07
ORD008170,SX00008170,12986,IL01,Delivered,2026-10-05 21:38:43.312331,2026-10-07
ORD008171,SX00008171,10386,NJ01,In Transit,2026-10-05 21:39:35.157515,2026-10-07
ORD008172,SX00008172,16131,CA01,Delivered,2026-10-05 21:40:27.002700,2026-10-07
ORD008173,SX00008173,19353,IL01,Delivered,2026-10-05 21:41:18.847884,2026-10-06
ORD008174,SX00008174,13258,NJ01,Delivered,2026-10-05 21:42:10.693069,2026-10-08
ORD008175,SX00008175,16121,IL01,Delivered,2026-10-05 21:43:02.538253,2026-10-08
ORD008176,SX00008176,14811,CA01,Delivered,2026-10-05 21:43:54.383438,2026-10-08
ORD008177,SX00008177,16574,TX01,Delivered,2026-10-05 21:44:46.228622,2026-10-08
ORD008178,SX00008178,16697,IL01,Delivered,2026-10-05 21:45:38.073807,2026-10-06
ORD008179,SX00008179,13933,IL01,In Transit,2026-10-05 21:46:29.918991,2026-10-07
ORD008180,SX00008180,11439,IL01,Delivered,2026-10-05 21:47:21.764176,2026-10-07
ORD008181,SX00008181,16169,NJ01,In Transit,2026-10-05 21:48:13.609360,2026-10-07
ORD008182,SX00008182,14480,NJ01,Delivered,2026-10-05 21:49:05.454545,2026-10-08
ORD008183,SX00008183,10055,IL01,In Transit,2026-10-05 21:49:57.299729,2026-10-08
ORD008184,SX00008184,13324,CA01,Delivered,2026-10-05 21:50:49.144914,2026-10-06
ORD008185,SX00008185,16777,NJ01,Delivered,2026-10-05 21:51:40.990099,2026-10-06
ORD008186,SX00008186,10105,TX01,Delivered,2026-10-05 21:52:32.835283,2026-10-07
ORD008187,SX00008187,13201,IL01,Delivered,2026-10-05 21:53:24.680468,2026-10-07
ORD008188,SX00008188,10669,IL01,Delivered,2026-10-05 21:54:16.525652,2026-10-07
ORD008189,SX00008189,18934,NJ01,In Transit,2026-10-05 21:55:08.370837,2026-10-07
ORD008190,SX00008190,10966,TX01,In Transit,2026-10-05 21:56:00.216021,2026-10-07
ORD008191,SX00008191,10307,NJ01,Delivered,2026-10-05 21:56:52.061206,2026-10-07
ORD008192,SX00008192,12138,CA01,In Transit,2026-10-05 21:57:43.906390,2026-10-08
ORD008193,SX00008193,10109,NJ01,Delivered,2026-10-05 21:58:35.751575,2026-10-06
ORD008194,SX00008194,13632,IL01,Delivered,2026-10-05 21:59:27.596759,2026-10-06
ORD008195,SX00008195,16728,CA01,Delivered,2026-10-05 22:00:19.441944,2026-10-08
ORD008196,SX00008196,15684,NJ01,In Transit,2026-10-05 22:01:11.287128,2026-10-07
ORD008197,SX00008197,16499,IL01,Delivered,2026-10-05 22:02:03.132313,2026-10-07
ORD008198,SX00008198,11915,IL01,Out for Delivery,2026-10-05 22:02:54.977497,2026-10-07
ORD008199,SX00008199,10556,TX01,Delivered,2026-10-05 22:03:46.822682,2026-10-06
ORD008200,SX00008200,17619,TX01,In Transit,2026-10-05 22:04:38.667866,2026-10-06
ORD008201,SX00008201,10104,IL01,In Transit,2026-10-05 22:05:30.513051,2026-10-07
ORD008202,SX00008202,12047,IL01,In Transit,2026-10-05 22:06:22.358235,2026-10-07
ORD008203,SX00008203,10145,TX01,Delivered,2026-10-05 22:07:14.203420,2026-10-08
ORD008204,SX00008204,10873,CA01,Delivered,2026-10-05 22:08:06.048604,2026-10-07
ORD008205,SX00008205,10298,IL01,Delivered,2026-10-05 22:08:57.893789,2026-10-08
ORD008206,SX00008206,13238,CA01,Delivered,2026-10-05 22:09:49.738973,2026-10-07
ORD008207,SX00008207,18837,IL01,Out for Delivery,2026-10-05 22:10:41.584158,2026-10-07
ORD008208,SX00008208,16382,IL01,Delivered,2026-10-05 22:11:33.429342,2026-10-07
ORD008209,SX00008209,12511,IL01,Delivered,2026-10-05 22:12:25.274527,2026-10-08
ORD008210,SX00008210,16596,IL01,Delivered,2026-10-05 22:13:17.119711,2026-10-08
ORD008211,SX00008211,10783,IL01,Delivered,2026-10-05 22:14:08.964896,2026-10-08
ORD008212,SX00008212,14992,CA01,In Transit,2026-10-05 22:15:00.810081,2026-10-06
ORD008213,SX00008213,10370,IL01,Delivered,2026-10-05 22:15:52.655265,2026-10-06
ORD008214,SX00008214,10486,IL01,In Transit,2026-10-05 22:16:44.500450,2026-10-07
ORD008215,SX00008215,17378,IL01,Delivered,2026-10-05 22:17:36.345634,2026-10-08
ORD008216,SX00008216,13196,TX01,Delivered,2026-10-05 22:18:28.190819,2026-10-08
ORD008217,SX00008217,19552,CA01,Delivered,2026-10-05 22:19:20.036003,2026-10-07
ORD008218,SX00008218,14287,IL01,Delivered,2026-10-05 22:20:11.881188,2026-10-07
ORD008219,SX00008219,12261,NJ01,Delivered,2026-10-05 22:21:03.726372,2026-10-07
ORD008220,SX00008220,19148,IL01,In Transit,2026-10-05 22:21:55.571557,2026-10-07
ORD008221,SX00008221,18572,NJ01,Delivered,2026-10-05 22:22:47.416741,2026-10-08
ORD008222,SX00008222,10238,IL01,Delivered,2026-10-05 22:23:39.261926,2026-10-06
ORD008223,SX00008223,16843,NJ01,In Transit,2026-10-05 22:24:31.107110,2026-10-08
ORD008224,SX00008224,11105,TX01,Delivered,2026-10-05 22:25:22.952295,2026-10-06
ORD008225,SX00008225,11386,NJ01,In Transit,2026-10-05 22:26:14.797479,2026-10-07
ORD008226,SX00008226,19719,IL01,Delivered,2026-10-05 22:27:06.642664,2026-10-06
ORD008227,SX00008227,11667,IL01,Delivered,2026-10-05 22:27:58.487848,2026-10-08
ORD008228,SX00008228,12691,NJ01,Delivered,2026-10-05 22:28:50.333033,2026-10-08
ORD008229,SX00008229,17756,NJ01,Delivered,2026-10-05 22:29:42.178217,2026-10-08
ORD008230,SX00008230,11996,IL01,Delivered,2026-10-05 22:30:34.023402,2026-10-08
ORD008231,SX00008231,11425,TX01,Delivered,2026-10-05 22:31:25.868586,2026-10-08
ORD008232,SX00008232,18023,NJ01,In Transit,2026-10-05 22:32:17.713771,2026-10-08
ORD008233,SX00008233,16849,IL01,Delivered,2026-10-05 22:33:09.558955,2026-10-07
ORD008234,SX00008234,13247,IL01,Delivered,2026-10-05 22:34:01.404140,2026-10-06
ORD008235,SX00008235,12592,CA01,Delivered,2026-10-05 22:34:53.249324,2026-10-07
ORD008236,SX00008236,11490,IL01,Delivered,2026-10-05 22:35:45.094509,2026-10-06
ORD008237,SX00008237,11224,CA01,Delivered,2026-10-05 22:36:36.939693,2026-10-06
ORD008238,SX00008238,12587,NJ01,Delivered,2026-10-05 22:37:28.784878,2026-10-06
ORD008239,SX00008239,17714,IL01,Out for Delivery,2026-10-05 22:38:20.630063,2026-10-08
ORD008240,SX00008240,13064,TX01,Delivered,2026-10-05 22:39:12.475247,2026-10-08
ORD008241,SX00008241,17804,IL01,Delivered,2026-10-05 22:40:04.320432,2026-10-08
ORD008242,SX00008242,10832,IL01,Delivered,2026-10-05 22:40:56.165616,2026-10-06
ORD008243,SX00008243,12440,IL01,Delivered,2026-10-05 22:41:48.010801,2026-10-06
ORD008244,SX00008244,14795,CA01,Delivered,2026-10-05 22:42:39.855985,2026-10-06
ORD008245,SX00008245,11646,NJ01,Delivered,2026-10-05 22:43:31.701170,2026-10-07
ORD008246,SX00008246,10440,IL01,Delivered,2026-10-05 22:44:23.546354,2026-10-08
ORD008247,SX00008247,15956,IL01,Delivered,2026-10-05 22:45:15.391539,2026-10-08
ORD008248,SX00008248,19721,NJ01,In Transit,2026-10-05 22:46:07.236723,2026-10-08
ORD008249,SX00008249,12367,IL01,Delivered,2026-10-05 22:46:59.081908,2026-10-07
ORD008250,SX00008250,16696,IL01,Exception,2026-10-05 22:47:50.927092,2026-10-07
ORD008251,SX00008251,15190,IL01,Delivered,2026-10-05 22:48:42.772277,2026-10-07
ORD008252,SX00008252,14663,NJ01,In Transit,2026-10-05 22:49:34.617461,2026-10-06
ORD008253,SX00008253,17062,IL01,In Transit,2026-10-05 22:50:26.462646,2026-10-07
ORD008254,SX00008254,14331,NJ01,Out for Delivery,2026-10-05 22:51:18.307830,2026-10-06
ORD008255,SX00008255,19496,TX01,Delivered,2026-10-05 22:52:10.153015,2026-10-06
ORD008256,SX00008256,13034,CA01,Delivered,2026-10-05 22:53:01.998199,2026-10-08
ORD008257,SX00008257,19377,TX01,Delivered,2026-10-05 22:53:53.843384,2026-10-08
ORD008258,SX00008258,13262,NJ01,Delivered,2026-10-05 22:54:45.688568,2026-10-07
ORD008259,SX00008259,12107,TX01,Delivered,2026-10-05 22:55:37.533753,2026-10-06
ORD008260,SX00008260,17036,CA01,Delivered,2026-10-05 22:56:29.378937,2026-10-06
ORD008261,SX00008261,14320,NJ01,Delivered,2026-10-05 22:57:21.224122,2026-10-06
ORD008262,SX00008262,15938,NJ01,Delivered,2026-10-05 22:58:13.069306,2026-10-08
ORD008263,SX00008263,12747,IL01,Delivered,2026-10-05 22:59:04.914491,2026-10-08
ORD008264,SX00008264,14677,CA01,Delivered,2026-10-05 22:59:56.759675,2026-10-08
ORD008265,SX00008265,17972,IL01,Delivered,2026-10-05 23:00:48.604860,2026-10-08
ORD008266,SX00008266,14264,IL01,Delivered,2026-10-05 23:01:40.450045,2026-10-08
ORD008267,SX00008267,13133,NJ01,In Transit,2026-10-05 23:02:32.295229,2026-10-08
ORD008268,SX00008268,11465,TX01,Delivered,2026-10-05 23:03:24.140414,2026-10-07
ORD008269,SX00008269,14109,NJ01,Out for Delivery,2026-10-05 23:04:15.985598,2026-10-07
ORD008270,SX00008270,12211,TX01,Delivered,2026-10-05 23:05:07.830783,2026-10-07
ORD008271,SX00008271,15539,TX01,In Transit,2026-10-05 23:05:59.675967,2026-10-07
ORD008272,SX00008272,19735,NJ01,Delivered,2026-10-05 23:06:51.521152,2026-10-06
ORD008273,SX00008273,11689,NJ01,Out for Delivery,2026-10-05 23:07:43.366336,2026-10-08
ORD008274,SX00008274,19763,NJ01,Delivered,2026-10-05 23:08:35.211521,2026-10-08
ORD008275,SX00008275,17727,CA01,In Transit,2026-10-05 23:09:27.056705,2026-10-07
ORD008276,SX00008276,17764,TX01,Delivered,2026-10-05 23:10:18.901890,2026-10-06
ORD008277,SX00008277,14541,CA01,Delivered,2026-10-05 23:11:10.747074,2026-10-07
ORD008278,SX00008278,13541,IL01,Delivered,2026-10-05 23:12:02.592259,2026-10-08
ORD008279,SX00008279,10818,IL01,Delivered,2026-10-05 23:12:54.437443,2026-10-07
ORD008280,SX00008280,14521,IL01,Delivered,2026-10-05 23:13:46.282628,2026-10-06
ORD008281,SX00008281,11124,NJ01,Out for Delivery,2026-10-05 23:14:38.127812,2026-10-08
ORD008282,SX00008282,15660,CA01,Delivered,2026-10-05 23:15:29.972997,2026-10-06
ORD008283,SX00008283,15641,IL01,Delivered,2026-10-05 23:16:21.818181,2026-10-07
ORD008284,SX00008284,11129,IL01,Delivered,2026-10-05 23:17:13.663366,2026-10-08
ORD008285,SX00008285,11702,IL01,Delivered,2026-10-05 23:18:05.508550,2026-10-06
ORD008286,SX00008286,12001,NJ01,Delivered,2026-10-05 23:18:57.353735,2026-10-06
ORD008287,SX00008287,16912,IL01,In Transit,2026-10-05 23:19:49.198919,2026-10-06
ORD008288,SX00008288,13878,IL01,Delivered,2026-10-05 23:20:41.044104,2026-10-08
ORD008289,SX00008289,17232,TX01,Delivered,2026-10-05 23:21:32.889288,2026-10-08
ORD008290,SX00008290,19998,IL01,Delivered,2026-10-05 23:22:24.734473,2026-10-07
ORD008291,SX00008291,16331,NJ01,Delivered,2026-10-05 23:23:16.579657,2026-10-07
ORD008292,SX00008292,16035,NJ01,Delivered,2026-10-05 23:24:08.424842,2026-10-08
ORD008293,SX00008293,16523,TX01,Delivered,2026-10-05 23:25:00.270027,2026-10-06
ORD008294,SX00008294,18111,IL01,Delivered,2026-10-05 23:25:52.115211,2026-10-08
ORD008295,SX00008295,18736,CA01,Out for Delivery,2026-10-05 23:26:43.960396,2026-10-08
ORD008296,SX00008296,12401,NJ01,Delivered,2026-10-05 23:27:35.805580,2026-10-08
ORD008297,SX00008297,19481,IL01,In Transit,2026-10-05 23:28:27.650765,2026-10-08
ORD008298,SX00008298,18974,IL01,Delivered,2026-10-05 23:29:19.495949,2026-10-07
ORD008299,SX00008299,10539,IL01,Delivered,2026-10-05 23:30:11.341134,2026-10-07
ORD008300,SX00008300,15615,TX01,Delivered,2026-10-05 23:31:03.186318,2026-10-06
ORD008301,SX00008301,12956,NJ01,Delivered,2026-10-05 23:31:55.031503,2026-10-08
ORD008302,SX00008302,18077,IL01,Delivered,2026-10-05 23:32:46.876687,2026-10-08
ORD008303,SX00008303,13722,IL01,Delivered,2026-10-05 23:33:38.721872,2026-10-07
ORD008304,SX00008304,15087,CA01,Exception,2026-10-05 23:34:30.567056,2026-10-07
ORD008305,SX00008305,16460,CA01,Delivered,2026-10-05 23:35:22.412241,2026-10-08
ORD008306,SX00008306,12170,NJ01,In Transit,2026-10-05 23:36:14.257425,2026-10-07
ORD008307,SX00008307,13391,NJ01,Delivered,2026-10-05 23:37:06.102610,2026-10-08
ORD008308,SX00008308,16942,TX01,Delivered,2026-10-05 23:37:57.947794,2026-10-06
ORD008309,SX00008309,11616,TX01,Delivered,2026-10-05 23:38:49.792979,2026-10-06
ORD008310,SX00008310,19108,NJ01,Delivered,2026-10-05 23:39:41.638163,2026-10-06
ORD008311,SX00008311,16458,IL01,Delivered,2026-10-05 23:40:33.483348,2026-10-08
ORD008312,SX00008312,12756,TX01,Delivered,2026-10-05 23:41:25.328532,2026-10-07
ORD008313,SX00008313,16853,IL01,Delivered,2026-10-05 23:42:17.173717,2026-10-06
ORD008314,SX00008314,17709,IL01,Delivered,2026-10-05 23:43:09.018901,2026-10-08
ORD008315,SX00008315,11936,TX01,Delivered,2026-10-05 23:44:00.864086,2026-10-06
ORD008316,SX00008316,13091,NJ01,Delivered,2026-10-05 23:44:52.709270,2026-10-06
ORD008317,SX00008317,10968,CA01,In Transit,2026-10-05 23:45:44.554455,2026-10-07
ORD008318,SX00008318,17297,NJ01,Delivered,2026-10-05 23:46:36.399639,2026-10-08
ORD008319,SX00008319,13203,CA01,Out for Delivery,2026-10-05 23:47:28.244824,2026-10-07
ORD008320,SX00008320,16499,IL01,Delivered,2026-10-05 23:48:20.090009,2026-10-07
ORD008321,SX00008321,15173,TX01,Delivered,2026-10-05 23:49:11.935193,2026-10-07
ORD008322,SX00008322,10889,IL01,Delivered,2026-10-05 23:50:03.780378,2026-10-06
ORD008323,SX00008323,18984,IL01,Delivered,2026-10-05 23:50:55.625562,2026-10-06
ORD008324,SX00008324,19173,IL01,In Transit,2026-10-05 23:51:47.470747,2026-10-06
ORD008325,SX00008325,17382,TX01,Delivered,2026-10-05 23:52:39.315931,2026-10-08
ORD008326,SX00008326,13531,IL01,Delivered,2026-10-05 23:53:31.161116,2026-10-07
ORD008327,SX00008327,10801,NJ01,Delivered,2026-10-05 23:54:23.006300,2026-10-06
ORD008328,SX00008328,18234,IL01,Delivered,2026-10-05 23:55:14.851485,2026-10-07
ORD008329,SX00008329,13349,IL01,Out for Delivery,2026-10-05 23:56:06.696669,2026-10-07
ORD008330,SX00008330,18005,NJ01,In Transit,2026-10-05 23:56:58.541854,2026-10-07
ORD008331,SX00008331,19969,CA01,Delivered,2026-10-05 23:57:50.387038,2026-10-07
ORD008332,SX00008332,13201,IL01,Delivered,2026-10-05 23:58:42.232223,2026-10-07
ORD008333,SX00008333,10349,NJ01,Out for Delivery,2026-10-05 23:59:34.077407,2026-10-06
ORD008334,SX00008334,19759,CA01,Delivered,2026-10-06 00:00:25.922592,2026-10-09
ORD008335,SX00008335,19321,TX01,Out for Delivery,2026-10-06 00:01:17.767776,2026-10-09
ORD008336,SX00008336,19972,TX01,Delivered,2026-10-06 00:02:09.612961,2026-10-09
ORD008337,SX00008337,10583,IL01,Delivered,2026-10-06 00:03:01.458145,2026-10-09
ORD008338,SX00008338,13377,NJ01,In Transit,2026-10-06 00:03:53.303330,2026-10-08
ORD008339,SX00008339,16028,IL01,Delivered,2026-10-06 00:04:45.148514,2026-10-07
ORD008340,SX00008340,17694,NJ01,Delivered,2026-10-06 00:05:36.993699,2026-10-07
ORD008341,SX00008341,16196,TX01,Delivered,2026-10-06 00:06:28.838883,2026-10-08
ORD008342,SX00008342,17083,NJ01,Delivered,2026-10-06 00:07:20.684068,2026-10-08
ORD008343,SX00008343,13401,IL01,Delivered,2026-10-06 00:08:12.529252,2026-10-07
ORD008344,SX00008344,13185,CA01,Delivered,2026-10-06 00:09:04.374437,2026-10-07
ORD008345,SX00008345,15285,NJ01,Delivered,2026-10-06 00:09:56.219621,2026-10-09
ORD008346,SX00008346,19354,CA01,Delivered,2026-10-06 00:10:48.064806,2026-10-09
ORD008347,SX00008347,16772,NJ01,Delivered,2026-10-06 00:11:39.909990,2026-10-09
ORD008348,SX00008348,18490,IL01,Exception,2026-10-06 00:12:31.755175,2026-10-07
ORD008349,SX00008349,13347,NJ01,In Transit,2026-10-06 00:13:23.600360,2026-10-09
ORD008350,SX00008350,10788,NJ01,Delivered,2026-10-06 00:14:15.445544,2026-10-07
ORD008351,SX00008351,14945,IL01,Delivered,2026-10-06 00:15:07.290729,2026-10-07
ORD008352,SX00008352,12889,NJ01,Delivered,2026-10-06 00:15:59.135913,2026-10-08
ORD008353,SX00008353,19569,NJ01,In Transit,2026-10-06 00:16:50.981098,2026-10-07
ORD008354,SX00008354,15273,NJ01,Delivered,2026-10-06 00:17:42.826282,2026-10-08
ORD008355,SX00008355,13272,IL01,In Transit,2026-10-06 00:18:34.671467,2026-10-08
ORD008356,SX00008356,19069,NJ01,Delivered,2026-10-06 00:19:26.516651,2026-10-07
ORD008357,SX00008357,15234,IL01,Delivered,2026-10-06 00:20:18.361836,2026-10-07
ORD008358,SX00008358,19769,NJ01,Delivered,2026-10-06 00:21:10.207020,2026-10-09
ORD008359,SX00008359,16902,IL01,Delivered,2026-10-06 00:22:02.052205,2026-10-07
ORD008360,SX00008360,17612,IL01,Delivered,2026-10-06 00:22:53.897389,2026-10-09
ORD008361,SX00008361,12492,IL01,Delivered,2026-10-06 00:23:45.742574,2026-10-09
ORD008362,SX00008362,16745,IL01,Delivered,2026-10-06 00:24:37.587758,2026-10-07
ORD008363,SX00008363,19574,NJ01,Delivered,2026-10-06 00:25:29.432943,2026-10-09
ORD008364,SX00008364,14240,CA01,Delivered,2026-10-06 00:26:21.278127,2026-10-08
ORD008365,SX00008365,12322,NJ01,Delivered,2026-10-06 00:27:13.123312,2026-10-08
ORD008366,SX00008366,15298,NJ01,In Transit,2026-10-06 00:28:04.968496,2026-10-07
ORD008367,SX00008367,11861,CA01,Delivered,2026-10-06 00:28:56.813681,2026-10-07
ORD008368,SX00008368,16620,CA01,In Transit,2026-10-06 00:29:48.658865,2026-10-07
ORD008369,SX00008369,14047,CA01,Delivered,2026-10-06 00:30:40.504050,2026-10-08
ORD008370,SX00008370,17581,IL01,Delivered,2026-10-06 00:31:32.349234,2026-10-09
ORD008371,SX00008371,17320,NJ01,Delivered,2026-10-06 00:32:24.194419,2026-10-08
ORD008372,SX00008372,11098,TX01,Out for Delivery,2026-10-06 00:33:16.039603,2026-10-09
ORD008373,SX00008373,15247,TX01,Delivered,2026-10-06 00:34:07.884788,2026-10-09
ORD008374,SX00008374,11734,NJ01,Delivered,2026-10-06 00:34:59.729972,2026-10-07
ORD008375,SX00008375,14663,IL01,Out for Delivery,2026-10-06 00:35:51.575157,2026-10-07
ORD008376,SX00008376,15909,CA01,Delivered,2026-10-06 00:36:43.420342,2026-10-07
ORD008377,SX00008377,13416,NJ01,Delivered,2026-10-06 00:37:35.265526,2026-10-08
ORD008378,SX00008378,16302,IL01,Delivered,2026-10-06 00:38:27.110711,2026-10-08
ORD008379,SX00008379,17593,IL01,In Transit,2026-10-06 00:39:18.955895,2026-10-08
ORD008380,SX00008380,10680,NJ01,Delivered,2026-10-06 00:40:10.801080,2026-10-07
ORD008381,SX00008381,18163,IL01,In Transit,2026-10-06 00:41:02.646264,2026-10-07
ORD008382,SX00008382,12070,IL01,Delivered,2026-10-06 00:41:54.491449,2026-10-09
ORD008383,SX00008383,16668,CA01,In Transit,2026-10-06 00:42:46.336633,2026-10-09
ORD008384,SX00008384,18001,IL01,Delivered,2026-10-06 00:43:38.181818,2026-10-07
ORD008385,SX00008385,19921,NJ01,Delivered,2026-10-06 00:44:30.027002,2026-10-08
ORD008386,SX00008386,12191,TX01,Delivered,2026-10-06 00:45:21.872187,2026-10-07
ORD008387,SX00008387,18859,NJ01,In Transit,2026-10-06 00:46:13.717371,2026-10-08
ORD008388,SX00008388,19804,IL01,Delivered,2026-10-06 00:47:05.562556,2026-10-07
ORD008389,SX00008389,17586,NJ01,Delivered,2026-10-06 00:47:57.407740,2026-10-07
ORD008390,SX00008390,18872,IL01,Delivered,2026-10-06 00:48:49.252925,2026-10-09
ORD008391,SX00008391,19164,IL01,Delivered,2026-10-06 00:49:41.098109,2026-10-08
ORD008392,SX00008392,12846,TX01,Exception,2026-10-06 00:50:32.943294,2026-10-08
ORD008393,SX00008393,12463,CA01,Delivered,2026-10-06 00:51:24.788478,2026-10-07
ORD008394,SX00008394,16837,TX01,Delivered,2026-10-06 00:52:16.633663,2026-10-09
ORD008395,SX00008395,14922,IL01,Delivered,2026-10-06 00:53:08.478847,2026-10-07
ORD008396,SX00008396,14392,NJ01,In Transit,2026-10-06 00:54:00.324032,2026-10-07
ORD008397,SX00008397,13183,IL01,In Transit,2026-10-06 00:54:52.169216,2026-10-08
ORD008398,SX00008398,13167,NJ01,Out for Delivery,2026-10-06 00:55:44.014401,2026-10-07
ORD008399,SX00008399,12997,IL01,Delivered,2026-10-06 00:56:35.859585,2026-10-09
ORD008400,SX00008400,16521,CA01,In Transit,2026-10-06 00:57:27.704770,2026-10-07
ORD008401,SX00008401,13227,IL01,Delivered,2026-10-06 00:58:19.549954,2026-10-09
ORD008402,SX00008402,16564,IL01,Delivered,2026-10-06 00:59:11.395139,2026-10-08
ORD008403,SX00008403,19920,NJ01,In Transit,2026-10-06 01:00:03.240324,2026-10-08
ORD008404,SX00008404,12024,IL01,Delivered,2026-10-06 01:00:55.085508,2026-10-07
ORD008405,SX00008405,10329,TX01,In Transit,2026-10-06 01:01:46.930693,2026-10-09
ORD008406,SX00008406,12486,CA01,Delivered,2026-10-06 01:02:38.775877,2026-10-08
ORD008407,SX00008407,11155,IL01,Delivered,2026-10-06 01:03:30.621062,2026-10-09
ORD008408,SX00008408,14477,IL01,Delivered,2026-10-06 01:04:22.466246,2026-10-08
ORD008409,SX00008409,12185,CA01,Delivered,2026-10-06 01:05:14.311431,2026-10-08
ORD008410,SX00008410,17086,TX01,Delivered,2026-10-06 01:06:06.156615,2026-10-09
ORD008411,SX00008411,12317,CA01,Delivered,2026-10-06 01:06:58.001800,2026-10-09
ORD008412,SX00008412,13621,IL01,Out for Delivery,2026-10-06 01:07:49.846984,2026-10-09
ORD008413,SX00008413,14491,IL01,Out for Delivery,2026-10-06 01:08:41.692169,2026-10-08
ORD008414,SX00008414,12511,IL01,Delivered,2026-10-06 01:09:33.537353,2026-10-09
ORD008415,SX00008415,17842,IL01,Delivered,2026-10-06 01:10:25.382538,2026-10-07
ORD008416,SX00008416,18641,TX01,Delivered,2026-10-06 01:11:17.227722,2026-10-09
ORD008417,SX00008417,19546,IL01,Delivered,2026-10-06 01:12:09.072907,2026-10-08
ORD008418,SX00008418,17848,NJ01,Delivered,2026-10-06 01:13:00.918091,2026-10-09
ORD008419,SX00008419,15404,IL01,Delivered,2026-10-06 01:13:52.763276,2026-10-09
ORD008420,SX00008420,15393,TX01,Delivered,2026-10-06 01:14:44.608460,2026-10-09
ORD008421,SX00008421,11293,IL01,In Transit,2026-10-06 01:15:36.453645,2026-10-07
ORD008422,SX00008422,12465,IL01,Delivered,2026-10-06 01:16:28.298829,2026-10-08
ORD008423,SX00008423,13175,NJ01,Delivered,2026-10-06 01:17:20.144014,2026-10-07
ORD008424,SX00008424,17849,IL01,Delivered,2026-10-06 01:18:11.989198,2026-10-07
ORD008425,SX00008425,19425,NJ01,Delivered,2026-10-06 01:19:03.834383,2026-10-08
ORD008426,SX00008426,19629,NJ01,Delivered,2026-10-06 01:19:55.679567,2026-10-08
ORD008427,SX00008427,18444,CA01,Delivered,2026-10-06 01:20:47.524752,2026-10-09
ORD008428,SX00008428,18210,NJ01,Delivered,2026-10-06 01:21:39.369936,2026-10-08
ORD008429,SX00008429,12759,NJ01,Delivered,2026-10-06 01:22:31.215121,2026-10-09
ORD008430,SX00008430,15255,CA01,Delivered,2026-10-06 01:23:23.060306,2026-10-07
ORD008431,SX00008431,18414,CA01,Delivered,2026-10-06 01:24:14.905490,2026-10-09
ORD008432,SX00008432,10002,TX01,In Transit,2026-10-06 01:25:06.750675,2026-10-08
ORD008433,SX00008433,18130,NJ01,Delivered,2026-10-06 01:25:58.595859,2026-10-09
ORD008434,SX00008434,11259,NJ01,Delivered,2026-10-06 01:26:50.441044,2026-10-07
ORD008435,SX00008435,18190,IL01,In Transit,2026-10-06 01:27:42.286228,2026-10-08
ORD008436,SX00008436,14323,CA01,Delivered,2026-10-06 01:28:34.131413,2026-10-08
ORD008437,SX00008437,15773,TX01,Delivered,2026-10-06 01:29:25.976597,2026-10-09
ORD008438,SX00008438,12568,IL01,Delivered,2026-10-06 01:30:17.821782,2026-10-09
ORD008439,SX00008439,11885,IL01,Delivered,2026-10-06 01:31:09.666966,2026-10-09
ORD008440,SX00008440,17060,IL01,Delivered,2026-10-06 01:32:01.512151,2026-10-07
ORD008441,SX00008441,17844,IL01,Delivered,2026-10-06 01:32:53.357335,2026-10-07
ORD008442,SX00008442,16111,IL01,In Transit,2026-10-06 01:33:45.202520,2026-10-08
ORD008443,SX00008443,19491,NJ01,Delivered,2026-10-06 01:34:37.047704,2026-10-08
ORD008444,SX00008444,12338,IL01,Delivered,2026-10-06 01:35:28.892889,2026-10-07
ORD008445,SX00008445,19268,NJ01,Delivered,2026-10-06 01:36:20.738073,2026-10-09
ORD008446,SX00008446,13758,IL01,Delivered,2026-10-06 01:37:12.583258,2026-10-09
ORD008447,SX00008447,14810,IL01,Delivered,2026-10-06 01:38:04.428442,2026-10-07
ORD008448,SX00008448,19139,NJ01,In Transit,2026-10-06 01:38:56.273627,2026-10-09
ORD008449,SX00008449,16791,CA01,Delivered,2026-10-06 01:39:48.118811,2026-10-07
ORD008450,SX00008450,17171,NJ01,Delivered,2026-10-06 01:40:39.963996,2026-10-09
ORD008451,SX00008451,12731,NJ01,Delivered,2026-10-06 01:41:31.809180,2026-10-09
ORD008452,SX00008452,10869,NJ01,Delivered,2026-10-06 01:42:23.654365,2026-10-08
ORD008453,SX00008453,15166,IL01,In Transit,2026-10-06 01:43:15.499549,2026-10-09
ORD008454,SX00008454,10093,IL01,Delivered,2026-10-06 01:44:07.344734,2026-10-09
ORD008455,SX00008455,12987,IL01,Delivered,2026-10-06 01:44:59.189918,2026-10-07
ORD008456,SX00008456,19967,NJ01,Exception,2026-10-06 01:45:51.035103,2026-10-07
ORD008457,SX00008457,18627,TX01,Delivered,2026-10-06 01:46:42.880288,2026-10-07
ORD008458,SX00008458,14947,TX01,Delivered,2026-10-06 01:47:34.725472,2026-10-07
ORD008459,SX00008459,16651,IL01,In Transit,2026-10-06 01:48:26.570657,2026-10-09
ORD008460,SX00008460,16979,TX01,In Transit,2026-10-06 01:49:18.415841,2026-10-07
ORD008461,SX00008461,16794,IL01,Delivered,2026-10-06 01:50:10.261026,2026-10-08
ORD008462,SX00008462,16524,IL01,Delivered,2026-10-06 01:51:02.106210,2026-10-07
ORD008463,SX00008463,13144,IL01,Delivered,2026-10-06 01:51:53.951395,2026-10-09
ORD008464,SX00008464,13587,NJ01,Delivered,2026-10-06 01:52:45.796579,2026-10-08
ORD008465,SX00008465,10076,IL01,Delivered,2026-10-06 01:53:37.641764,2026-10-09
ORD008466,SX00008466,19007,NJ01,In Transit,2026-10-06 01:54:29.486948,2026-10-08
ORD008467,SX00008467,18959,CA01,Delivered,2026-10-06 01:55:21.332133,2026-10-08
ORD008468,SX00008468,16553,IL01,Delivered,2026-10-06 01:56:13.177317,2026-10-08
ORD008469,SX00008469,18297,NJ01,Delivered,2026-10-06 01:57:05.022502,2026-10-09
ORD008470,SX00008470,16694,IL01,Delivered,2026-10-06 01:57:56.867686,2026-10-08
ORD008471,SX00008471,12873,IL01,Delivered,2026-10-06 01:58:48.712871,2026-10-09
ORD008472,SX00008472,13346,IL01,Out for Delivery,2026-10-06 01:59:40.558055,2026-10-08
ORD008473,SX00008473,17024,CA01,Delivered,2026-10-06 02:00:32.403240,2026-10-07
ORD008474,SX00008474,13148,NJ01,Delivered,2026-10-06 02:01:24.248424,2026-10-07
ORD008475,SX00008475,19657,TX01,Delivered,2026-10-06 02:02:16.093609,2026-10-08
ORD008476,SX00008476,10244,IL01,In Transit,2026-10-06 02:03:07.938793,2026-10-08
ORD008477,SX00008477,12625,TX01,In Transit,2026-10-06 02:03:59.783978,2026-10-07
ORD008478,SX00008478,13849,CA01,In Transit,2026-10-06 02:04:51.629162,2026-10-07
ORD008479,SX00008479,19597,TX01,Delivered,2026-10-06 02:05:43.474347,2026-10-09
ORD008480,SX00008480,19173,CA01,In Transit,2026-10-06 02:06:35.319531,2026-10-07
ORD008481,SX00008481,17737,IL01,Delivered,2026-10-06 02:07:27.164716,2026-10-09
ORD008482,SX00008482,18333,NJ01,Delivered,2026-10-06 02:08:19.009900,2026-10-08
ORD008483,SX00008483,10892,NJ01,Out for Delivery,2026-10-06 02:09:10.855085,2026-10-09
ORD008484,SX00008484,15487,NJ01,In Transit,2026-10-06 02:10:02.700270,2026-10-08
ORD008485,SX00008485,17251,CA01,In Transit,2026-10-06 02:10:54.545454,2026-10-09
ORD008486,SX00008486,17310,IL01,Delivered,2026-10-06 02:11:46.390639,2026-10-09
ORD008487,SX00008487,12399,IL01,Delivered,2026-10-06 02:12:38.235823,2026-10-09
ORD008488,SX00008488,14640,IL01,Out for Delivery,2026-10-06 02:13:30.081008,2026-10-08
ORD008489,SX00008489,12960,CA01,Delivered,2026-10-06 02:14:21.926192,2026-10-08
ORD008490,SX00008490,17325,CA01,Delivered,2026-10-06 02:15:13.771377,2026-10-09
ORD008491,SX00008491,11469,NJ01,In Transit,2026-10-06 02:16:05.616561,2026-10-08
ORD008492,SX00008492,13374,NJ01,Delivered,2026-10-06 02:16:57.461746,2026-10-09
ORD008493,SX00008493,18847,NJ01,In Transit,2026-10-06 02:17:49.306930,2026-10-08
ORD008494,SX00008494,18234,NJ01,In Transit,2026-10-06 02:18:41.152115,2026-10-09
ORD008495,SX00008495,17923,IL01,Delivered,2026-10-06 02:19:32.997299,2026-10-07
ORD008496,SX00008496,15122,TX01,Delivered,2026-10-06 02:20:24.842484,2026-10-07
ORD008497,SX00008497,19852,NJ01,Delivered,2026-10-06 02:21:16.687668,2026-10-09
ORD008498,SX00008498,15387,NJ01,In Transit,2026-10-06 02:22:08.532853,2026-10-08
ORD008499,SX00008499,17631,IL01,Delivered,2026-10-06 02:23:00.378037,2026-10-09
ORD008500,SX00008500,17226,TX01,Delivered,2026-10-06 02:23:52.223222,2026-10-07
ORD008501,SX00008501,15108,TX01,Delivered,2026-10-06 02:24:44.068406,2026-10-07
ORD008502,SX00008502,12224,NJ01,Delivered,2026-10-06 02:25:35.913591,2026-10-09
ORD008503,SX00008503,12110,TX01,Delivered,2026-10-06 02:26:27.758775,2026-10-07
ORD008504,SX00008504,10957,NJ01,In Transit,2026-10-06 02:27:19.603960,2026-10-09
ORD008505,SX00008505,17146,NJ01,Exception,2026-10-06 02:28:11.449144,2026-10-07
ORD008506,SX00008506,10560,IL01,Delivered,2026-10-06 02:29:03.294329,2026-10-08
ORD008507,SX00008507,19522,TX01,Delivered,2026-10-06 02:29:55.139513,2026-10-08
ORD008508,SX00008508,17413,NJ01,Delivered,2026-10-06 02:30:46.984698,2026-10-08
ORD008509,SX00008509,11312,TX01,Delivered,2026-10-06 02:31:38.829882,2026-10-09
ORD008510,SX00008510,11821,NJ01,Delivered,2026-10-06 02:32:30.675067,2026-10-09
ORD008511,SX00008511,15646,TX01,Exception,2026-10-06 02:33:22.520252,2026-10-08
ORD008512,SX00008512,14945,TX01,Delivered,2026-10-06 02:34:14.365436,2026-10-08
ORD008513,SX00008513,15374,NJ01,Delivered,2026-10-06 02:35:06.210621,2026-10-08
ORD008514,SX00008514,12651,TX01,Delivered,2026-10-06 02:35:58.055805,2026-10-07
ORD008515,SX00008515,19933,NJ01,Out for Delivery,2026-10-06 02:36:49.900990,2026-10-08
ORD008516,SX00008516,14701,CA01,Delivered,2026-10-06 02:37:41.746174,2026-10-07
ORD008517,SX00008517,12877,TX01,Delivered,2026-10-06 02:38:33.591359,2026-10-08
ORD008518,SX00008518,15582,IL01,Delivered,2026-10-06 02:39:25.436543,2026-10-09
ORD008519,SX00008519,15390,TX01,Delivered,2026-10-06 02:40:17.281728,2026-10-08
ORD008520,SX00008520,14083,NJ01,Delivered,2026-10-06 02:41:09.126912,2026-10-07
ORD008521,SX00008521,10745,CA01,Delivered,2026-10-06 02:42:00.972097,2026-10-08
ORD008522,SX00008522,18749,TX01,Delivered,2026-10-06 02:42:52.817281,2026-10-07
ORD008523,SX00008523,10941,IL01,Out for Delivery,2026-10-06 02:43:44.662466,2026-10-08
ORD008524,SX00008524,14023,IL01,In Transit,2026-10-06 02:44:36.507650,2026-10-07
ORD008525,SX00008525,12296,NJ01,Delivered,2026-10-06 02:45:28.352835,2026-10-07
ORD008526,SX00008526,10939,TX01,Exception,2026-10-06 02:46:20.198019,2026-10-08
ORD008527,SX00008527,11610,TX01,Delivered,2026-10-06 02:47:12.043204,2026-10-08
ORD008528,SX00008528,16300,IL01,In Transit,2026-10-06 02:48:03.888388,2026-10-09
ORD008529,SX00008529,11725,TX01,Delivered,2026-10-06 02:48:55.733573,2026-10-09
ORD008530,SX00008530,19176,NJ01,Delivered,2026-10-06 02:49:47.578757,2026-10-09
ORD008531,SX00008531,19779,IL01,Delivered,2026-10-06 02:50:39.423942,2026-10-07
ORD008532,SX00008532,19528,IL01,Delivered,2026-10-06 02:51:31.269126,2026-10-07
ORD008533,SX00008533,18853,IL01,Delivered,2026-10-06 02:52:23.114311,2026-10-09
ORD008534,SX00008534,17187,IL01,Delivered,2026-10-06 02:53:14.959495,2026-10-09
ORD008535,SX00008535,10032,IL01,Delivered,2026-10-06 02:54:06.804680,2026-10-08
ORD008536,SX00008536,15985,IL01,In Transit,2026-10-06 02:54:58.649864,2026-10-09
ORD008537,SX00008537,13414,CA01,Delivered,2026-10-06 02:55:50.495049,2026-10-07
ORD008538,SX00008538,11156,IL01,In Transit,2026-10-06 02:56:42.340234,2026-10-08
ORD008539,SX00008539,13126,IL01,In Transit,2026-10-06 02:57:34.185418,2026-10-09
ORD008540,SX00008540,18252,IL01,Delivered,2026-10-06 02:58:26.030603,2026-10-09
ORD008541,SX00008541,11543,NJ01,Delivered,2026-10-06 02:59:17.875787,2026-10-09
ORD008542,SX00008542,10271,NJ01,Delivered,2026-10-06 03:00:09.720972,2026-10-08
ORD008543,SX00008543,15295,IL01,Out for Delivery,2026-10-06 03:01:01.566156,2026-10-08
ORD008544,SX00008544,14076,NJ01,Delivered,2026-10-06 03:01:53.411341,2026-10-08
ORD008545,SX00008545,15902,TX01,In Transit,2026-10-06 03:02:45.256525,2026-10-09
ORD008546,SX00008546,12709,IL01,In Transit,2026-10-06 03:03:37.101710,2026-10-08
ORD008547,SX00008547,19346,NJ01,Out for Delivery,2026-10-06 03:04:28.946894,2026-10-08
ORD008548,SX00008548,15221,NJ01,Delivered,2026-10-06 03:05:20.792079,2026-10-08
ORD008549,SX00008549,19937,IL01,Delivered,2026-10-06 03:06:12.637263,2026-10-08
ORD008550,SX00008550,18529,TX01,In Transit,2026-10-06 03:07:04.482448,2026-10-07
ORD008551,SX00008551,16722,TX01,In Transit,2026-10-06 03:07:56.327632,2026-10-09
ORD008552,SX00008552,18201,NJ01,Delivered,2026-10-06 03:08:48.172817,2026-10-08
ORD008553,SX00008553,14144,IL01,Delivered,2026-10-06 03:09:40.018001,2026-10-07
ORD008554,SX00008554,15606,CA01,Delivered,2026-10-06 03:10:31.863186,2026-10-07
ORD008555,SX00008555,16766,NJ01,Delivered,2026-10-06 03:11:23.708370,2026-10-09
ORD008556,SX00008556,10730,IL01,In Transit,2026-10-06 03:12:15.553555,2026-10-09
ORD008557,SX00008557,14890,NJ01,Delivered,2026-10-06 03:13:07.398739,2026-10-08
ORD008558,SX00008558,11648,TX01,Delivered,2026-10-06 03:13:59.243924,2026-10-09
ORD008559,SX00008559,14228,TX01,Delivered,2026-10-06 03:14:51.089108,2026-10-09
ORD008560,SX00008560,12130,IL01,In Transit,2026-10-06 03:15:42.934293,2026-10-09
ORD008561,SX00008561,14366,IL01,Delivered,2026-10-06 03:16:34.779477,2026-10-09
ORD008562,SX00008562,11506,NJ01,Delivered,2026-10-06 03:17:26.624662,2026-10-08
ORD008563,SX00008563,12158,CA01,Delivered,2026-10-06 03:18:18.469846,2026-10-07
ORD008564,SX00008564,12916,IL01,Delivered,2026-10-06 03:19:10.315031,2026-10-09
ORD008565,SX00008565,13229,TX01,Delivered,2026-10-06 03:20:02.160216,2026-10-07
ORD008566,SX00008566,19858,NJ01,Delivered,2026-10-06 03:20:54.005400,2026-10-07
ORD008567,SX00008567,16265,TX01,Delivered,2026-10-06 03:21:45.850585,2026-10-07
ORD008568,SX00008568,14136,NJ01,Delivered,2026-10-06 03:22:37.695769,2026-10-09
ORD008569,SX00008569,12689,IL01,Out for Delivery,2026-10-06 03:23:29.540954,2026-10-09
ORD008570,SX00008570,17190,TX01,Delivered,2026-10-06 03:24:21.386138,2026-10-08
ORD008571,SX00008571,12810,CA01,Delivered,2026-10-06 03:25:13.231323,2026-10-09
ORD008572,SX00008572,16152,IL01,Delivered,2026-10-06 03:26:05.076507,2026-10-09
ORD008573,SX00008573,10012,NJ01,Delivered,2026-10-06 03:26:56.921692,2026-10-09
ORD008574,SX00008574,15938,IL01,Delivered,2026-10-06 03:27:48.766876,2026-10-07
ORD008575,SX00008575,17999,IL01,In Transit,2026-10-06 03:28:40.612061,2026-10-08
ORD008576,SX00008576,17219,TX01,Delivered,2026-10-06 03:29:32.457245,2026-10-07
ORD008577,SX00008577,15328,IL01,Out for Delivery,2026-10-06 03:30:24.302430,2026-10-08
ORD008578,SX00008578,13621,TX01,Delivered,2026-10-06 03:31:16.147614,2026-10-09
ORD008579,SX00008579,13683,NJ01,Delivered,2026-10-06 03:32:07.992799,2026-10-09
ORD008580,SX00008580,17872,CA01,Exception,2026-10-06 03:32:59.837983,2026-10-07
ORD008581,SX00008581,15310,IL01,Delivered,2026-10-06 03:33:51.683168,2026-10-07
ORD008582,SX00008582,10652,IL01,Delivered,2026-10-06 03:34:43.528352,2026-10-07
ORD008583,SX00008583,15799,IL01,In Transit,2026-10-06 03:35:35.373537,2026-10-08
ORD008584,SX00008584,18812,TX01,Delivered,2026-10-06 03:36:27.218721,2026-10-07
ORD008585,SX00008585,13790,NJ01,Delivered,2026-10-06 03:37:19.063906,2026-10-09
ORD008586,SX00008586,11645,IL01,Delivered,2026-10-06 03:38:10.909090,2026-10-08
ORD008587,SX00008587,14512,CA01,In Transit,2026-10-06 03:39:02.754275,2026-10-08
ORD008588,SX00008588,14759,CA01,Delivered,2026-10-06 03:39:54.599459,2026-10-09
ORD008589,SX00008589,15874,TX01,Delivered,2026-10-06 03:40:46.444644,2026-10-07
ORD008590,SX00008590,13688,IL01,Exception,2026-10-06 03:41:38.289828,2026-10-07
ORD008591,SX00008591,17689,IL01,Delivered,2026-10-06 03:42:30.135013,2026-10-09
ORD008592,SX00008592,11379,TX01,Delivered,2026-10-06 03:43:21.980198,2026-10-09
ORD008593,SX00008593,14243,NJ01,In Transit,2026-10-06 03:44:13.825382,2026-10-09
ORD008594,SX00008594,19580,IL01,Delivered,2026-10-06 03:45:05.670567,2026-10-09
ORD008595,SX00008595,16507,IL01,Delivered,2026-10-06 03:45:57.515751,2026-10-08
ORD008596,SX00008596,17819,CA01,Delivered,2026-10-06 03:46:49.360936,2026-10-08
ORD008597,SX00008597,18593,IL01,In Transit,2026-10-06 03:47:41.206120,2026-10-07
ORD008598,SX00008598,12653,TX01,Delivered,2026-10-06 03:48:33.051305,2026-10-08
ORD008599,SX00008599,15611,NJ01,Exception,2026-10-06 03:49:24.896489,2026-10-08
ORD008600,SX00008600,16127,TX01,Delivered,2026-10-06 03:50:16.741674,2026-10-08
ORD008601,SX00008601,13923,TX01,Delivered,2026-10-06 03:51:08.586858,2026-10-09
ORD008602,SX00008602,18459,NJ01,Delivered,2026-10-06 03:52:00.432043,2026-10-08
ORD008603,SX00008603,15912,IL01,Delivered,2026-10-06 03:52:52.277227,2026-10-07
ORD008604,SX00008604,15130,TX01,Delivered,2026-10-06 03:53:44.122412,2026-10-08
ORD008605,SX00008605,15439,IL01,In Transit,2026-10-06 03:54:35.967596,2026-10-09
ORD008606,SX00008606,17880,TX01,Delivered,2026-10-06 03:55:27.812781,2026-10-08
ORD008607,SX00008607,16449,TX01,Delivered,2026-10-06 03:56:19.657965,2026-10-07
ORD008608,SX00008608,11725,NJ01,Out for Delivery,2026-10-06 03:57:11.503150,2026-10-08
ORD008609,SX00008609,19304,IL01,Delivered,2026-10-06 03:58:03.348334,2026-10-07
ORD008610,SX00008610,17522,IL01,Out for Delivery,2026-10-06 03:58:55.193519,2026-10-09
ORD008611,SX00008611,14784,TX01,Delivered,2026-10-06 03:59:47.038703,2026-10-07
ORD008612,SX00008612,19472,IL01,Delivered,2026-10-06 04:00:38.883888,2026-10-07
ORD008613,SX00008613,11232,CA01,In Transit,2026-10-06 04:01:30.729072,2026-10-09
ORD008614,SX00008614,18808,CA01,In Transit,2026-10-06 04:02:22.574257,2026-10-07
ORD008615,SX00008615,18338,IL01,Delivered,2026-10-06 04:03:14.419441,2026-10-08
ORD008616,SX00008616,17446,IL01,Delivered,2026-10-06 04:04:06.264626,2026-10-08
ORD008617,SX00008617,14616,NJ01,Delivered,2026-10-06 04:04:58.109810,2026-10-07
ORD008618,SX00008618,14725,CA01,Delivered,2026-10-06 04:05:49.954995,2026-10-08
ORD008619,SX00008619,13677,NJ01,In Transit,2026-10-06 04:06:41.800180,2026-10-08
ORD008620,SX00008620,16287,IL01,Delivered,2026-10-06 04:07:33.645364,2026-10-09
ORD008621,SX00008621,18480,TX01,In Transit,2026-10-06 04:08:25.490549,2026-10-07
ORD008622,SX00008622,11409,IL01,Delivered,2026-10-06 04:09:17.335733,2026-10-08
ORD008623,SX00008623,18205,IL01,Delivered,2026-10-06 04:10:09.180918,2026-10-07
ORD008624,SX00008624,10256,IL01,In Transit,2026-10-06 04:11:01.026102,2026-10-07
ORD008625,SX00008625,11721,NJ01,Delivered,2026-10-06 04:11:52.871287,2026-10-08
ORD008626,SX00008626,11423,IL01,In Transit,2026-10-06 04:12:44.716471,2026-10-09
ORD008627,SX00008627,14953,NJ01,Delivered,2026-10-06 04:13:36.561656,2026-10-09
ORD008628,SX00008628,12990,CA01,Delivered,2026-10-06 04:14:28.406840,2026-10-07
ORD008629,SX00008629,11195,NJ01,Delivered,2026-10-06 04:15:20.252025,2026-10-09
ORD008630,SX00008630,14559,TX01,Out for Delivery,2026-10-06 04:16:12.097209,2026-10-08
ORD008631,SX00008631,14365,IL01,Delivered,2026-10-06 04:17:03.942394,2026-10-08
ORD008632,SX00008632,11244,NJ01,Delivered,2026-10-06 04:17:55.787578,2026-10-09
ORD008633,SX00008633,16766,IL01,Delivered,2026-10-06 04:18:47.632763,2026-10-09
ORD008634,SX00008634,15302,NJ01,Delivered,2026-10-06 04:19:39.477947,2026-10-07
ORD008635,SX00008635,11306,IL01,Delivered,2026-10-06 04:20:31.323132,2026-10-09
ORD008636,SX00008636,12402,IL01,Delivered,2026-10-06 04:21:23.168316,2026-10-07
ORD008637,SX00008637,10496,IL01,Delivered,2026-10-06 04:22:15.013501,2026-10-08
ORD008638,SX00008638,13399,IL01,Delivered,2026-10-06 04:23:06.858685,2026-10-09
ORD008639,SX00008639,10909,NJ01,In Transit,2026-10-06 04:23:58.703870,2026-10-07
ORD008640,SX00008640,10372,NJ01,In Transit,2026-10-06 04:24:50.549054,2026-10-07
ORD008641,SX00008641,16236,IL01,Delivered,2026-10-06 04:25:42.394239,2026-10-07
ORD008642,SX00008642,11344,TX01,Delivered,2026-10-06 04:26:34.239423,2026-10-07
ORD008643,SX00008643,18515,NJ01,Delivered,2026-10-06 04:27:26.084608,2026-10-08
ORD008644,SX00008644,12431,NJ01,Delivered,2026-10-06 04:28:17.929792,2026-10-09
ORD008645,SX00008645,14670,TX01,Exception,2026-10-06 04:29:09.774977,2026-10-07
ORD008646,SX00008646,12784,IL01,Delivered,2026-10-06 04:30:01.620162,2026-10-09
ORD008647,SX00008647,19407,IL01,Delivered,2026-10-06 04:30:53.465346,2026-10-09
ORD008648,SX00008648,11695,NJ01,In Transit,2026-10-06 04:31:45.310531,2026-10-08
ORD008649,SX00008649,11907,CA01,Delivered,2026-10-06 04:32:37.155715,2026-10-09
ORD008650,SX00008650,14814,NJ01,Delivered,2026-10-06 04:33:29.000900,2026-10-08
ORD008651,SX00008651,10780,TX01,Delivered,2026-10-06 04:34:20.846084,2026-10-08
ORD008652,SX00008652,11019,TX01,Delivered,2026-10-06 04:35:12.691269,2026-10-07
ORD008653,SX00008653,11403,NJ01,Delivered,2026-10-06 04:36:04.536453,2026-10-08
ORD008654,SX00008654,11426,NJ01,Delivered,2026-10-06 04:36:56.381638,2026-10-07
ORD008655,SX00008655,18855,NJ01,Delivered,2026-10-06 04:37:48.226822,2026-10-08
ORD008656,SX00008656,15868,NJ01,In Transit,2026-10-06 04:38:40.072007,2026-10-08
ORD008657,SX00008657,10010,NJ01,Delivered,2026-10-06 04:39:31.917191,2026-10-09
ORD008658,SX00008658,16330,TX01,Delivered,2026-10-06 04:40:23.762376,2026-10-07
ORD008659,SX00008659,19230,NJ01,Delivered,2026-10-06 04:41:15.607560,2026-10-09
ORD008660,SX00008660,12825,IL01,Delivered,2026-10-06 04:42:07.452745,2026-10-08
ORD008661,SX00008661,17464,TX01,Delivered,2026-10-06 04:42:59.297929,2026-10-07
ORD008662,SX00008662,13003,TX01,Delivered,2026-10-06 04:43:51.143114,2026-10-08
ORD008663,SX00008663,19267,CA01,Delivered,2026-10-06 04:44:42.988298,2026-10-08
ORD008664,SX00008664,17195,NJ01,Delivered,2026-10-06 04:45:34.833483,2026-10-09
ORD008665,SX00008665,16720,IL01,Delivered,2026-10-06 04:46:26.678667,2026-10-07
ORD008666,SX00008666,13088,IL01,Out for Delivery,2026-10-06 04:47:18.523852,2026-10-07
ORD008667,SX00008667,11789,TX01,Delivered,2026-10-06 04:48:10.369036,2026-10-07
ORD008668,SX00008668,13036,IL01,In Transit,2026-10-06 04:49:02.214221,2026-10-08
ORD008669,SX00008669,17377,CA01,Delivered,2026-10-06 04:49:54.059405,2026-10-07
ORD008670,SX00008670,17598,IL01,Delivered,2026-10-06 04:50:45.904590,2026-10-08
ORD008671,SX00008671,14838,CA01,Delivered,2026-10-06 04:51:37.749774,2026-10-08
ORD008672,SX00008672,15872,TX01,Out for Delivery,2026-10-06 04:52:29.594959,2026-10-08
ORD008673,SX00008673,13653,CA01,In Transit,2026-10-06 04:53:21.440144,2026-10-07
ORD008674,SX00008674,14299,IL01,Exception,2026-10-06 04:54:13.285328,2026-10-09
ORD008675,SX00008675,19268,NJ01,In Transit,2026-10-06 04:55:05.130513,2026-10-08
ORD008676,SX00008676,10973,IL01,Delivered,2026-10-06 04:55:56.975697,2026-10-09
ORD008677,SX00008677,17083,IL01,Exception,2026-10-06 04:56:48.820882,2026-10-07
ORD008678,SX00008678,15494,IL01,Exception,2026-10-06 04:57:40.666066,2026-10-07
ORD008679,SX00008679,19491,TX01,Delivered,2026-10-06 04:58:32.511251,2026-10-07
ORD008680,SX00008680,13406,IL01,Out for Delivery,2026-10-06 04:59:24.356435,2026-10-07
ORD008681,SX00008681,15150,CA01,Delivered,2026-10-06 05:00:16.201620,2026-10-07
ORD008682,SX00008682,19350,IL01,Out for Delivery,2026-10-06 05:01:08.046804,2026-10-09
ORD008683,SX00008683,13129,IL01,Out for Delivery,2026-10-06 05:01:59.891989,2026-10-07
ORD008684,SX00008684,10104,IL01,Out for Delivery,2026-10-06 05:02:51.737173,2026-10-07
ORD008685,SX00008685,17433,TX01,Out for Delivery,2026-10-06 05:03:43.582358,2026-10-07
ORD008686,SX00008686,17689,IL01,Delivered,2026-10-06 05:04:35.427542,2026-10-07
ORD008687,SX00008687,13567,CA01,Delivered,2026-10-06 05:05:27.272727,2026-10-07
ORD008688,SX00008688,14348,NJ01,Delivered,2026-10-06 05:06:19.117911,2026-10-08
ORD008689,SX00008689,14390,CA01,Delivered,2026-10-06 05:07:10.963096,2026-10-08
ORD008690,SX00008690,16811,IL01,Delivered,2026-10-06 05:08:02.808280,2026-10-09
ORD008691,SX00008691,11181,NJ01,Delivered,2026-10-06 05:08:54.653465,2026-10-07
ORD008692,SX00008692,14644,TX01,Delivered,2026-10-06 05:09:46.498649,2026-10-09
ORD008693,SX00008693,15873,TX01,In Transit,2026-10-06 05:10:38.343834,2026-10-09
ORD008694,SX00008694,14394,NJ01,In Transit,2026-10-06 05:11:30.189018,2026-10-07
ORD008695,SX00008695,13534,CA01,Delivered,2026-10-06 05:12:22.034203,2026-10-07
ORD008696,SX00008696,15844,IL01,Delivered,2026-10-06 05:13:13.879387,2026-10-08
ORD008697,SX00008697,15939,TX01,Delivered,2026-10-06 05:14:05.724572,2026-10-07
ORD008698,SX00008698,16475,IL01,Delivered,2026-10-06 05:14:57.569756,2026-10-08
ORD008699,SX00008699,11774,IL01,Delivered,2026-10-06 05:15:49.414941,2026-10-09
ORD008700,SX00008700,18283,IL01,In Transit,2026-10-06 05:16:41.260126,2026-10-09
ORD008701,SX00008701,10446,CA01,Delivered,2026-10-06 05:17:33.105310,2026-10-08
ORD008702,SX00008702,10108,CA01,In Transit,2026-10-06 05:18:24.950495,2026-10-08
ORD008703,SX00008703,13239,IL01,Delivered,2026-10-06 05:19:16.795679,2026-10-07
ORD008704,SX00008704,15931,CA01,Delivered,2026-10-06 05:20:08.640864,2026-10-08
ORD008705,SX00008705,14053,NJ01,In Transit,2026-10-06 05:21:00.486048,2026-10-08
ORD008706,SX00008706,14537,TX01,Delivered,2026-10-06 05:21:52.331233,2026-10-07
ORD008707,SX00008707,16361,IL01,Delivered,2026-10-06 05:22:44.176417,2026-10-09
ORD008708,SX00008708,11245,NJ01,In Transit,2026-10-06 05:23:36.021602,2026-10-08
ORD008709,SX00008709,12720,IL01,Delivered,2026-10-06 05:24:27.866786,2026-10-07
ORD008710,SX00008710,18469,IL01,Delivered,2026-10-06 05:25:19.711971,2026-10-07
ORD008711,SX00008711,17741,NJ01,Delivered,2026-10-06 05:26:11.557155,2026-10-08
ORD008712,SX00008712,15105,TX01,In Transit,2026-10-06 05:27:03.402340,2026-10-09
ORD008713,SX00008713,12922,NJ01,Delivered,2026-10-06 05:27:55.247524,2026-10-07
ORD008714,SX00008714,12513,CA01,In Transit,2026-10-06 05:28:47.092709,2026-10-08
ORD008715,SX00008715,19030,TX01,Delivered,2026-10-06 05:29:38.937893,2026-10-09
ORD008716,SX00008716,12801,IL01,Delivered,2026-10-06 05:30:30.783078,2026-10-08
ORD008717,SX00008717,16981,IL01,Delivered,2026-10-06 05:31:22.628262,2026-10-07
ORD008718,SX00008718,18221,TX01,Delivered,2026-10-06 05:32:14.473447,2026-10-07
ORD008719,SX00008719,16502,CA01,Delivered,2026-10-06 05:33:06.318631,2026-10-07
ORD008720,SX00008720,16038,CA01,Delivered,2026-10-06 05:33:58.163816,2026-10-08
ORD008721,SX00008721,16229,TX01,Delivered,2026-10-06 05:34:50.009000,2026-10-07
ORD008722,SX00008722,19449,NJ01,Delivered,2026-10-06 05:35:41.854185,2026-10-08
ORD008723,SX00008723,10364,TX01,Out for Delivery,2026-10-06 05:36:33.699369,2026-10-09
ORD008724,SX00008724,11800,IL01,Delivered,2026-10-06 05:37:25.544554,2026-10-09
ORD008725,SX00008725,15958,IL01,Out for Delivery,2026-10-06 05:38:17.389738,2026-10-09
ORD008726,SX00008726,19096,TX01,In Transit,2026-10-06 05:39:09.234923,2026-10-09
ORD008727,SX00008727,17436,CA01,Delivered,2026-10-06 05:40:01.080108,2026-10-07
ORD008728,SX00008728,14793,CA01,Delivered,2026-10-06 05:40:52.925292,2026-10-07
ORD008729,SX00008729,18160,IL01,Delivered,2026-10-06 05:41:44.770477,2026-10-08
ORD008730,SX00008730,10179,TX01,Exception,2026-10-06 05:42:36.615661,2026-10-09
ORD008731,SX00008731,13873,CA01,Delivered,2026-10-06 05:43:28.460846,2026-10-09
ORD008732,SX00008732,13960,NJ01,Out for Delivery,2026-10-06 05:44:20.306030,2026-10-08
ORD008733,SX00008733,11186,IL01,Delivered,2026-10-06 05:45:12.151215,2026-10-08
ORD008734,SX00008734,10773,NJ01,Out for Delivery,2026-10-06 05:46:03.996399,2026-10-08
ORD008735,SX00008735,14460,NJ01,Delivered,2026-10-06 05:46:55.841584,2026-10-08
ORD008736,SX00008736,10352,NJ01,In Transit,2026-10-06 05:47:47.686768,2026-10-09
ORD008737,SX00008737,16943,NJ01,Delivered,2026-10-06 05:48:39.531953,2026-10-07
ORD008738,SX00008738,15202,TX01,Delivered,2026-10-06 05:49:31.377137,2026-10-09
ORD008739,SX00008739,15344,IL01,Delivered,2026-10-06 05:50:23.222322,2026-10-08
ORD008740,SX00008740,14507,IL01,Delivered,2026-10-06 05:51:15.067506,2026-10-07
ORD008741,SX00008741,14830,NJ01,Delivered,2026-10-06 05:52:06.912691,2026-10-09
ORD008742,SX00008742,10117,IL01,Delivered,2026-10-06 05:52:58.757875,2026-10-08
ORD008743,SX00008743,10481,CA01,Delivered,2026-10-06 05:53:50.603060,2026-10-07
ORD008744,SX00008744,14287,IL01,Delivered,2026-10-06 05:54:42.448244,2026-10-07
ORD008745,SX00008745,16802,NJ01,Delivered,2026-10-06 05:55:34.293429,2026-10-08
ORD008746,SX00008746,18298,CA01,Delivered,2026-10-06 05:56:26.138613,2026-10-07
ORD008747,SX00008747,14477,IL01,In Transit,2026-10-06 05:57:17.983798,2026-10-09
ORD008748,SX00008748,16533,TX01,Delivered,2026-10-06 05:58:09.828982,2026-10-09
ORD008749,SX00008749,10243,NJ01,Delivered,2026-10-06 05:59:01.674167,2026-10-09
ORD008750,SX00008750,17012,IL01,Delivered,2026-10-06 05:59:53.519351,2026-10-07
ORD008751,SX00008751,10865,CA01,Out for Delivery,2026-10-06 06:00:45.364536,2026-10-07
ORD008752,SX00008752,19753,IL01,Delivered,2026-10-06 06:01:37.209720,2026-10-08
ORD008753,SX00008753,15329,NJ01,In Transit,2026-10-06 06:02:29.054905,2026-10-08
ORD008754,SX00008754,10603,IL01,Delivered,2026-10-06 06:03:20.900090,2026-10-07
ORD008755,SX00008755,15756,IL01,In Transit,2026-10-06 06:04:12.745274,2026-10-09
ORD008756,SX00008756,14018,CA01,Delivered,2026-10-06 06:05:04.590459,2026-10-07
ORD008757,SX00008757,15192,TX01,In Transit,2026-10-06 06:05:56.435643,2026-10-09
ORD008758,SX00008758,12015,IL01,Delivered,2026-10-06 06:06:48.280828,2026-10-08
ORD008759,SX00008759,19850,NJ01,Delivered,2026-10-06 06:07:40.126012,2026-10-07
ORD008760,SX00008760,13380,TX01,Delivered,2026-10-06 06:08:31.971197,2026-10-07
ORD008761,SX00008761,13770,CA01,Out for Delivery,2026-10-06 06:09:23.816381,2026-10-07
ORD008762,SX00008762,15829,NJ01,In Transit,2026-10-06 06:10:15.661566,2026-10-09
ORD008763,SX00008763,11613,CA01,In Transit,2026-10-06 06:11:07.506750,2026-10-08
ORD008764,SX00008764,11879,NJ01,Delivered,2026-10-06 06:11:59.351935,2026-10-09
ORD008765,SX00008765,15372,TX01,Delivered,2026-10-06 06:12:51.197119,2026-10-08
ORD008766,SX00008766,14108,CA01,Delivered,2026-10-06 06:13:43.042304,2026-10-09
ORD008767,SX00008767,19291,IL01,Delivered,2026-10-06 06:14:34.887488,2026-10-08
ORD008768,SX00008768,19266,IL01,In Transit,2026-10-06 06:15:26.732673,2026-10-09
ORD008769,SX00008769,18978,IL01,Delivered,2026-10-06 06:16:18.577857,2026-10-07
ORD008770,SX00008770,10148,IL01,Delivered,2026-10-06 06:17:10.423042,2026-10-09
ORD008771,SX00008771,11754,IL01,Delivered,2026-10-06 06:18:02.268226,2026-10-07
ORD008772,SX00008772,17378,TX01,In Transit,2026-10-06 06:18:54.113411,2026-10-07
ORD008773,SX00008773,16681,NJ01,Delivered,2026-10-06 06:19:45.958595,2026-10-07
ORD008774,SX00008774,13756,IL01,Exception,2026-10-06 06:20:37.803780,2026-10-09
ORD008775,SX00008775,19371,IL01,Delivered,2026-10-06 06:21:29.648964,2026-10-07
ORD008776,SX00008776,19116,IL01,In Transit,2026-10-06 06:22:21.494149,2026-10-09
ORD008777,SX00008777,15392,NJ01,Delivered,2026-10-06 06:23:13.339333,2026-10-08
ORD008778,SX00008778,19795,NJ01,Delivered,2026-10-06 06:24:05.184518,2026-10-09
ORD008779,SX00008779,13052,IL01,In Transit,2026-10-06 06:24:57.029702,2026-10-09
ORD008780,SX00008780,15692,CA01,Delivered,2026-10-06 06:25:48.874887,2026-10-09
ORD008781,SX00008781,14218,NJ01,Delivered,2026-10-06 06:26:40.720072,2026-10-08
ORD008782,SX00008782,14803,CA01,Delivered,2026-10-06 06:27:32.565256,2026-10-08
ORD008783,SX00008783,12377,IL01,Delivered,2026-10-06 06:28:24.410441,2026-10-08
ORD008784,SX00008784,15086,TX01,In Transit,2026-10-06 06:29:16.255625,2026-10-07
ORD008785,SX00008785,13182,NJ01,Delivered,2026-10-06 06:30:08.100810,2026-10-09
ORD008786,SX00008786,13160,TX01,In Transit,2026-10-06 06:30:59.945994,2026-10-09
ORD008787,SX00008787,16576,NJ01,Delivered,2026-10-06 06:31:51.791179,2026-10-07
ORD008788,SX00008788,18903,CA01,Delivered,2026-10-06 06:32:43.636363,2026-10-07
ORD008789,SX00008789,12586,NJ01,Delivered,2026-10-06 06:33:35.481548,2026-10-09
ORD008790,SX00008790,12648,TX01,Out for Delivery,2026-10-06 06:34:27.326732,2026-10-07
ORD008791,SX00008791,17313,CA01,Out for Delivery,2026-10-06 06:35:19.171917,2026-10-07
ORD008792,SX00008792,11717,TX01,Delivered,2026-10-06 06:36:11.017101,2026-10-08
ORD008793,SX00008793,15308,NJ01,Delivered,2026-10-06 06:37:02.862286,2026-10-07
ORD008794,SX00008794,17407,IL01,In Transit,2026-10-06 06:37:54.707470,2026-10-07
ORD008795,SX00008795,10870,CA01,In Transit,2026-10-06 06:38:46.552655,2026-10-09
ORD008796,SX00008796,13574,NJ01,In Transit,2026-10-06 06:39:38.397839,2026-10-07
ORD008797,SX00008797,15827,NJ01,Delivered,2026-10-06 06:40:30.243024,2026-10-07
ORD008798,SX00008798,17986,IL01,Delivered,2026-10-06 06:41:22.088208,2026-10-07
ORD008799,SX00008799,18462,NJ01,Delivered,2026-10-06 06:42:13.933393,2026-10-08
ORD008800,SX00008800,19735,TX01,Delivered,2026-10-06 06:43:05.778577,2026-10-09
ORD008801,SX00008801,18741,NJ01,In Transit,2026-10-06 06:43:57.623762,2026-10-08
ORD008802,SX00008802,15769,NJ01,Delivered,2026-10-06 06:44:49.468946,2026-10-07
ORD008803,SX00008803,15733,IL01,In Transit,2026-10-06 06:45:41.314131,2026-10-09
ORD008804,SX00008804,19904,IL01,Delivered,2026-10-06 06:46:33.159315,2026-10-09
ORD008805,SX00008805,13240,TX01,Delivered,2026-10-06 06:47:25.004500,2026-10-07
ORD008806,SX00008806,19554,IL01,Delivered,2026-10-06 06:48:16.849684,2026-10-08
ORD008807,SX00008807,14893,NJ01,Delivered,2026-10-06 06:49:08.694869,2026-10-07
ORD008808,SX00008808,19476,NJ01,Delivered,2026-10-06 06:50:00.540054,2026-10-08
ORD008809,SX00008809,10886,CA01,Delivered,2026-10-06 06:50:52.385238,2026-10-07
ORD008810,SX00008810,15854,IL01,Out for Delivery,2026-10-06 06:51:44.230423,2026-10-09
ORD008811,SX00008811,15318,IL01,Delivered,2026-10-06 06:52:36.075607,2026-10-09
ORD008812,SX00008812,12258,NJ01,In Transit,2026-10-06 06:53:27.920792,2026-10-08
ORD008813,SX00008813,14382,NJ01,Exception,2026-10-06 06:54:19.765976,2026-10-07
ORD008814,SX00008814,11785,IL01,In Transit,2026-10-06 06:55:11.611161,2026-10-08
ORD008815,SX00008815,17727,TX01,In Transit,2026-10-06 06:56:03.456345,2026-10-09
ORD008816,SX00008816,10295,NJ01,Delivered,2026-10-06 06:56:55.301530,2026-10-09
ORD008817,SX00008817,12597,IL01,Delivered,2026-10-06 06:57:47.146714,2026-10-08
ORD008818,SX00008818,10680,IL01,In Transit,2026-10-06 06:58:38.991899,2026-10-08
ORD008819,SX00008819,14890,CA01,Delivered,2026-10-06 06:59:30.837083,2026-10-08
ORD008820,SX00008820,14298,IL01,Delivered,2026-10-06 07:00:22.682268,2026-10-08
ORD008821,SX00008821,10324,IL01,Out for Delivery,2026-10-06 07:01:14.527452,2026-10-08
ORD008822,SX00008822,17952,IL01,Delivered,2026-10-06 07:02:06.372637,2026-10-07
ORD008823,SX00008823,10986,NJ01,Exception,2026-10-06 07:02:58.217821,2026-10-08
ORD008824,SX00008824,13118,TX01,Delivered,2026-10-06 07:03:50.063006,2026-10-08
ORD008825,SX00008825,10760,IL01,In Transit,2026-10-06 07:04:41.908190,2026-10-09
ORD008826,SX00008826,17758,IL01,In Transit,2026-10-06 07:05:33.753375,2026-10-09
ORD008827,SX00008827,19228,IL01,Delivered,2026-10-06 07:06:25.598559,2026-10-07
ORD008828,SX00008828,10906,NJ01,Delivered,2026-10-06 07:07:17.443744,2026-10-08
ORD008829,SX00008829,15499,IL01,Delivered,2026-10-06 07:08:09.288928,2026-10-08
ORD008830,SX00008830,10364,CA01,Delivered,2026-10-06 07:09:01.134113,2026-10-09
ORD008831,SX00008831,17769,IL01,Out for Delivery,2026-10-06 07:09:52.979297,2026-10-09
ORD008832,SX00008832,13413,IL01,Delivered,2026-10-06 07:10:44.824482,2026-10-09
ORD008833,SX00008833,18027,IL01,Delivered,2026-10-06 07:11:36.669666,2026-10-08
ORD008834,SX00008834,17939,TX01,Delivered,2026-10-06 07:12:28.514851,2026-10-08
ORD008835,SX00008835,19261,TX01,Delivered,2026-10-06 07:13:20.360036,2026-10-07
ORD008836,SX00008836,13081,CA01,Delivered,2026-10-06 07:14:12.205220,2026-10-09
ORD008837,SX00008837,15448,IL01,Out for Delivery,2026-10-06 07:15:04.050405,2026-10-09
ORD008838,SX00008838,13258,IL01,Delivered,2026-10-06 07:15:55.895589,2026-10-09
ORD008839,SX00008839,12107,NJ01,Delivered,2026-10-06 07:16:47.740774,2026-10-09
ORD008840,SX00008840,17928,NJ01,Delivered,2026-10-06 07:17:39.585958,2026-10-09
ORD008841,SX00008841,12933,NJ01,In Transit,2026-10-06 07:18:31.431143,2026-10-08
ORD008842,SX00008842,12829,IL01,Delivered,2026-10-06 07:19:23.276327,2026-10-08
ORD008843,SX00008843,18633,IL01,Delivered,2026-10-06 07:20:15.121512,2026-10-09
ORD008844,SX00008844,15006,IL01,Delivered,2026-10-06 07:21:06.966696,2026-10-09
ORD008845,SX00008845,11559,TX01,In Transit,2026-10-06 07:21:58.811881,2026-10-08
ORD008846,SX00008846,11741,NJ01,Delivered,2026-10-06 07:22:50.657065,2026-10-08
ORD008847,SX00008847,15830,TX01,Delivered,2026-10-06 07:23:42.502250,2026-10-07
ORD008848,SX00008848,17523,IL01,Delivered,2026-10-06 07:24:34.347434,2026-10-08
ORD008849,SX00008849,10625,TX01,Out for Delivery,2026-10-06 07:25:26.192619,2026-10-07
ORD008850,SX00008850,11690,NJ01,Delivered,2026-10-06 07:26:18.037803,2026-10-09
ORD008851,SX00008851,18282,IL01,In Transit,2026-10-06 07:27:09.882988,2026-10-09
ORD008852,SX00008852,16310,CA01,Delivered,2026-10-06 07:28:01.728172,2026-10-09
ORD008853,SX00008853,13006,NJ01,Delivered,2026-10-06 07:28:53.573357,2026-10-08
ORD008854,SX00008854,14302,NJ01,In Transit,2026-10-06 07:29:45.418541,2026-10-08
ORD008855,SX00008855,11088,TX01,Delivered,2026-10-06 07:30:37.263726,2026-10-09
ORD008856,SX00008856,16007,IL01,Delivered,2026-10-06 07:31:29.108910,2026-10-09
ORD008857,SX00008857,14611,TX01,Delivered,2026-10-06 07:32:20.954095,2026-10-07
ORD008858,SX00008858,19372,CA01,Delivered,2026-10-06 07:33:12.799279,2026-10-08
ORD008859,SX00008859,17928,IL01,Out for Delivery,2026-10-06 07:34:04.644464,2026-10-08
ORD008860,SX00008860,14490,TX01,Out for Delivery,2026-10-06 07:34:56.489648,2026-10-07
ORD008861,SX00008861,18378,TX01,In Transit,2026-10-06 07:35:48.334833,2026-10-09
ORD008862,SX00008862,11597,IL01,Out for Delivery,2026-10-06 07:36:40.180018,2026-10-09
ORD008863,SX00008863,13747,IL01,Exception,2026-10-06 07:37:32.025202,2026-10-08
ORD008864,SX00008864,12670,IL01,In Transit,2026-10-06 07:38:23.870387,2026-10-08
ORD008865,SX00008865,18431,NJ01,Delivered,2026-10-06 07:39:15.715571,2026-10-09
ORD008866,SX00008866,12580,TX01,Delivered,2026-10-06 07:40:07.560756,2026-10-07
ORD008867,SX00008867,17432,NJ01,Out for Delivery,2026-10-06 07:40:59.405940,2026-10-07
ORD008868,SX00008868,18330,IL01,Delivered,2026-10-06 07:41:51.251125,2026-10-07
ORD008869,SX00008869,12506,NJ01,In Transit,2026-10-06 07:42:43.096309,2026-10-08
ORD008870,SX00008870,14725,TX01,Delivered,2026-10-06 07:43:34.941494,2026-10-07
ORD008871,SX00008871,14300,IL01,Delivered,2026-10-06 07:44:26.786678,2026-10-08
ORD008872,SX00008872,19941,TX01,Delivered,2026-10-06 07:45:18.631863,2026-10-08
ORD008873,SX00008873,18759,TX01,Delivered,2026-10-06 07:46:10.477047,2026-10-09
ORD008874,SX00008874,17002,IL01,Out for Delivery,2026-10-06 07:47:02.322232,2026-10-09
ORD008875,SX00008875,19073,IL01,Delivered,2026-10-06 07:47:54.167416,2026-10-07
ORD008876,SX00008876,16131,NJ01,Delivered,2026-10-06 07:48:46.012601,2026-10-07
ORD008877,SX00008877,18831,TX01,Delivered,2026-10-06 07:49:37.857785,2026-10-08
ORD008878,SX00008878,14537,CA01,Delivered,2026-10-06 07:50:29.702970,2026-10-09
ORD008879,SX00008879,12335,NJ01,Delivered,2026-10-06 07:51:21.548154,2026-10-09
ORD008880,SX00008880,14321,IL01,Exception,2026-10-06 07:52:13.393339,2026-10-08
ORD008881,SX00008881,12985,IL01,In Transit,2026-10-06 07:53:05.238523,2026-10-07
ORD008882,SX00008882,10559,TX01,Delivered,2026-10-06 07:53:57.083708,2026-10-07
ORD008883,SX00008883,10713,IL01,Out for Delivery,2026-10-06 07:54:48.928892,2026-10-08
ORD008884,SX00008884,14593,TX01,Out for Delivery,2026-10-06 07:55:40.774077,2026-10-09
ORD008885,SX00008885,13988,IL01,Delivered,2026-10-06 07:56:32.619261,2026-10-08
ORD008886,SX00008886,16203,IL01,Delivered,2026-10-06 07:57:24.464446,2026-10-08
ORD008887,SX00008887,10256,IL01,Delivered,2026-10-06 07:58:16.309630,2026-10-07
ORD008888,SX00008888,18768,IL01,Delivered,2026-10-06 07:59:08.154815,2026-10-09
ORD008889,SX00008889,10037,NJ01,Delivered,2026-10-06 08:00:00.000000,2026-10-07
ORD008890,SX00008890,18652,IL01,Delivered,2026-10-06 08:00:51.845184,2026-10-07
ORD008891,SX00008891,19632,CA01,Delivered,2026-10-06 08:01:43.690369,2026-10-09
ORD008892,SX00008892,11832,NJ01,Out for Delivery,2026-10-06 08:02:35.535553,2026-10-07
ORD008893,SX00008893,17600,NJ01,In Transit,2026-10-06 08:03:27.380738,2026-10-08
ORD008894,SX00008894,15167,NJ01,Delivered,2026-10-06 08:04:19.225922,2026-10-08
ORD008895,SX00008895,10432,NJ01,In Transit,2026-10-06 08:05:11.071107,2026-10-09
ORD008896,SX00008896,14151,IL01,In Transit,2026-10-06 08:06:02.916291,2026-10-08
ORD008897,SX00008897,16411,CA01,Delivered,2026-10-06 08:06:54.761476,2026-10-08
ORD008898,SX00008898,11751,NJ01,Delivered,2026-10-06 08:07:46.606660,2026-10-08
ORD008899,SX00008899,14997,IL01,Delivered,2026-10-06 08:08:38.451845,2026-10-08
ORD008900,SX00008900,15720,NJ01,Delivered,2026-10-06 08:09:30.297029,2026-10-07
ORD008901,SX00008901,17616,NJ01,Delivered,2026-10-06 08:10:22.142214,2026-10-08
ORD008902,SX00008902,10256,IL01,Delivered,2026-10-06 08:11:13.987398,2026-10-09
ORD008903,SX00008903,10671,CA01,Delivered,2026-10-06 08:12:05.832583,2026-10-07
ORD008904,SX00008904,10489,IL01,Delivered,2026-10-06 08:12:57.677767,2026-10-08
ORD008905,SX00008905,16889,NJ01,Out for Delivery,2026-10-06 08:13:49.522952,2026-10-08
ORD008906,SX00008906,12096,CA01,In Transit,2026-10-06 08:14:41.368136,2026-10-09
ORD008907,SX00008907,11682,IL01,In Transit,2026-10-06 08:15:33.213321,2026-10-07
ORD008908,SX00008908,12460,IL01,In Transit,2026-10-06 08:16:25.058505,2026-10-08
ORD008909,SX00008909,14529,IL01,In Transit,2026-10-06 08:17:16.903690,2026-10-09
ORD008910,SX00008910,15121,IL01,Delivered,2026-10-06 08:18:08.748874,2026-10-07
ORD008911,SX00008911,11975,IL01,Out for Delivery,2026-10-06 08:19:00.594059,2026-10-07
ORD008912,SX00008912,13216,TX01,In Transit,2026-10-06 08:19:52.439243,2026-10-08
ORD008913,SX00008913,19581,TX01,Delivered,2026-10-06 08:20:44.284428,2026-10-09
ORD008914,SX00008914,14515,TX01,Delivered,2026-10-06 08:21:36.129612,2026-10-09
ORD008915,SX00008915,15692,IL01,Delivered,2026-10-06 08:22:27.974797,2026-10-08
ORD008916,SX00008916,19776,TX01,Delivered,2026-10-06 08:23:19.819981,2026-10-08
ORD008917,SX00008917,14939,NJ01,Delivered,2026-10-06 08:24:11.665166,2026-10-08
ORD008918,SX00008918,15563,IL01,Delivered,2026-10-06 08:25:03.510351,2026-10-09
ORD008919,SX00008919,12963,NJ01,In Transit,2026-10-06 08:25:55.355535,2026-10-07
ORD008920,SX00008920,14529,IL01,Delivered,2026-10-06 08:26:47.200720,2026-10-08
ORD008921,SX00008921,16786,CA01,Delivered,2026-10-06 08:27:39.045904,2026-10-08
ORD008922,SX00008922,16200,NJ01,Delivered,2026-10-06 08:28:30.891089,2026-10-07
ORD008923,SX00008923,10976,TX01,In Transit,2026-10-06 08:29:22.736273,2026-10-07
ORD008924,SX00008924,17345,TX01,Out for Delivery,2026-10-06 08:30:14.581458,2026-10-09
ORD008925,SX00008925,10045,TX01,Delivered,2026-10-06 08:31:06.426642,2026-10-08
ORD008926,SX00008926,11193,IL01,Delivered,2026-10-06 08:31:58.271827,2026-10-09
ORD008927,SX00008927,14512,NJ01,Delivered,2026-10-06 08:32:50.117011,2026-10-07
ORD008928,SX00008928,14943,TX01,In Transit,2026-10-06 08:33:41.962196,2026-10-08
ORD008929,SX00008929,16282,IL01,In Transit,2026-10-06 08:34:33.807380,2026-10-09
ORD008930,SX00008930,10246,CA01,In Transit,2026-10-06 08:35:25.652565,2026-10-09
ORD008931,SX00008931,13219,NJ01,Delivered,2026-10-06 08:36:17.497749,2026-10-07
ORD008932,SX00008932,18983,IL01,Delivered,2026-10-06 08:37:09.342934,2026-10-08
ORD008933,SX00008933,10636,NJ01,Delivered,2026-10-06 08:38:01.188118,2026-10-09
ORD008934,SX00008934,13775,TX01,Out for Delivery,2026-10-06 08:38:53.033303,2026-10-09
ORD008935,SX00008935,12421,NJ01,Delivered,2026-10-06 08:39:44.878487,2026-10-07
ORD008936,SX00008936,19280,NJ01,In Transit,2026-10-06 08:40:36.723672,2026-10-08
ORD008937,SX00008937,14183,NJ01,Out for Delivery,2026-10-06 08:41:28.568856,2026-10-07
ORD008938,SX00008938,10712,NJ01,In Transit,2026-10-06 08:42:20.414041,2026-10-09
ORD008939,SX00008939,15845,IL01,Delivered,2026-10-06 08:43:12.259225,2026-10-08
ORD008940,SX00008940,15323,IL01,Delivered,2026-10-06 08:44:04.104410,2026-10-07
ORD008941,SX00008941,16032,IL01,Out for Delivery,2026-10-06 08:44:55.949594,2026-10-08
ORD008942,SX00008942,13644,IL01,Exception,2026-10-06 08:45:47.794779,2026-10-08
ORD008943,SX00008943,17773,IL01,Delivered,2026-10-06 08:46:39.639963,2026-10-08
ORD008944,SX00008944,12108,NJ01,Out for Delivery,2026-10-06 08:47:31.485148,2026-10-09
ORD008945,SX00008945,13614,NJ01,Delivered,2026-10-06 08:48:23.330333,2026-10-08
ORD008946,SX00008946,19434,IL01,Delivered,2026-10-06 08:49:15.175517,2026-10-07
ORD008947,SX00008947,16957,IL01,Delivered,2026-10-06 08:50:07.020702,2026-10-08
ORD008948,SX00008948,15279,IL01,In Transit,2026-10-06 08:50:58.865886,2026-10-08
ORD008949,SX00008949,14332,IL01,Delivered,2026-10-06 08:51:50.711071,2026-10-09
ORD008950,SX00008950,13900,IL01,Delivered,2026-10-06 08:52:42.556255,2026-10-07
ORD008951,SX00008951,17939,NJ01,Delivered,2026-10-06 08:53:34.401440,2026-10-08
ORD008952,SX00008952,16963,IL01,Delivered,2026-10-06 08:54:26.246624,2026-10-09
ORD008953,SX00008953,14568,NJ01,Out for Delivery,2026-10-06 08:55:18.091809,2026-10-09
ORD008954,SX00008954,17838,TX01,Delivered,2026-10-06 08:56:09.936993,2026-10-08
ORD008955,SX00008955,11845,IL01,In Transit,2026-10-06 08:57:01.782178,2026-10-08
ORD008956,SX00008956,10382,IL01,In Transit,2026-10-06 08:57:53.627362,2026-10-08
ORD008957,SX00008957,14112,IL01,In Transit,2026-10-06 08:58:45.472547,2026-10-09
ORD008958,SX00008958,17069,IL01,Exception,2026-10-06 08:59:37.317731,2026-10-08
ORD008959,SX00008959,13810,IL01,Delivered,2026-10-06 09:00:29.162916,2026-10-09
ORD008960,SX00008960,11509,TX01,Delivered,2026-10-06 09:01:21.008100,2026-10-07
ORD008961,SX00008961,17573,IL01,Delivered,2026-10-06 09:02:12.853285,2026-10-08
ORD008962,SX00008962,11578,CA01,Delivered,2026-10-06 09:03:04.698469,2026-10-07
ORD008963,SX00008963,10879,IL01,Delivered,2026-10-06 09:03:56.543654,2026-10-07
ORD008964,SX00008964,12162,TX01,Delivered,2026-10-06 09:04:48.388838,2026-10-07
ORD008965,SX00008965,19764,TX01,Out for Delivery,2026-10-06 09:05:40.234023,2026-10-09
ORD008966,SX00008966,19840,IL01,In Transit,2026-10-06 09:06:32.079207,2026-10-09
ORD008967,SX00008967,17714,IL01,Delivered,2026-10-06 09:07:23.924392,2026-10-09
ORD008968,SX00008968,11359,NJ01,Delivered,2026-10-06 09:08:15.769576,2026-10-09
ORD008969,SX00008969,14431,CA01,Delivered,2026-10-06 09:09:07.614761,2026-10-07
ORD008970,SX00008970,18148,IL01,Delivered,2026-10-06 09:09:59.459945,2026-10-09
ORD008971,SX00008971,13960,IL01,In Transit,2026-10-06 09:10:51.305130,2026-10-07
ORD008972,SX00008972,13811,IL01,Delivered,2026-10-06 09:11:43.150315,2026-10-07
ORD008973,SX00008973,14242,IL01,Delivered,2026-10-06 09:12:34.995499,2026-10-09
ORD008974,SX00008974,14217,CA01,Delivered,2026-10-06 09:13:26.840684,2026-10-07
ORD008975,SX00008975,10080,TX01,Delivered,2026-10-06 09:14:18.685868,2026-10-09
ORD008976,SX00008976,12732,IL01,Delivered,2026-10-06 09:15:10.531053,2026-10-07
ORD008977,SX00008977,17833,IL01,Delivered,2026-10-06 09:16:02.376237,2026-10-08
ORD008978,SX00008978,12709,IL01,Delivered,2026-10-06 09:16:54.221422,2026-10-09
ORD008979,SX00008979,12422,TX01,Delivered,2026-10-06 09:17:46.066606,2026-10-07
ORD008980,SX00008980,13641,CA01,Delivered,2026-10-06 09:18:37.911791,2026-10-09
ORD008981,SX00008981,10667,IL01,Delivered,2026-10-06 09:19:29.756975,2026-10-07
ORD008982,SX00008982,12496,NJ01,In Transit,2026-10-06 09:20:21.602160,2026-10-09
ORD008983,SX00008983,13499,CA01,Delivered,2026-10-06 09:21:13.447344,2026-10-08
ORD008984,SX00008984,19636,IL01,Delivered,2026-10-06 09:22:05.292529,2026-10-08
ORD008985,SX00008985,19537,IL01,Delivered,2026-10-06 09:22:57.137713,2026-10-09
ORD008986,SX00008986,18080,IL01,Delivered,2026-10-06 09:23:48.982898,2026-10-09
ORD008987,SX00008987,16823,IL01,Delivered,2026-10-06 09:24:40.828082,2026-10-07
ORD008988,SX00008988,11189,IL01,Delivered,2026-10-06 09:25:32.673267,2026-10-07
ORD008989,SX00008989,16604,CA01,Delivered,2026-10-06 09:26:24.518451,2026-10-09
ORD008990,SX00008990,18650,NJ01,Delivered,2026-10-06 09:27:16.363636,2026-10-08
ORD008991,SX00008991,19404,IL01,Delivered,2026-10-06 09:28:08.208820,2026-10-08
ORD008992,SX00008992,19103,IL01,Delivered,2026-10-06 09:29:00.054005,2026-10-09
ORD008993,SX00008993,11025,TX01,In Transit,2026-10-06 09:29:51.899189,2026-10-07
ORD008994,SX00008994,17785,IL01,Delivered,2026-10-06 09:30:43.744374,2026-10-09
ORD008995,SX00008995,10071,IL01,Delivered,2026-10-06 09:31:35.589558,2026-10-09
ORD008996,SX00008996,15546,IL01,Delivered,2026-10-06 09:32:27.434743,2026-10-08
ORD008997,SX00008997,12685,TX01,Delivered,2026-10-06 09:33:19.279927,2026-10-08
ORD008998,SX00008998,19385,IL01,In Transit,2026-10-06 09:34:11.125112,2026-10-07
ORD008999,SX00008999,17372,IL01,Delivered,2026-10-06 09:35:02.970297,2026-10-07
ORD009000,SX00009000,11848,NJ01,In Transit,2026-10-06 09:35:54.815481,2026-10-09
ORD009001,SX00009001,12022,IL01,Delivered,2026-10-06 09:36:46.660666,2026-10-09
ORD009002,SX00009002,16338,CA01,Delivered,2026-10-06 09:37:38.505850,2026-10-09
ORD009003,SX00009003,13741,NJ01,Delivered,2026-10-06 09:38:30.351035,2026-10-09
ORD009004,SX00009004,11298,IL01,In Transit,2026-10-06 09:39:22.196219,2026-10-08
ORD009005,SX00009005,14102,IL01,Delivered,2026-10-06 09:40:14.041404,2026-10-07
ORD009006,SX00009006,10904,NJ01,Delivered,2026-10-06 09:41:05.886588,2026-10-07
ORD009007,SX00009007,13026,IL01,Delivered,2026-10-06 09:41:57.731773,2026-10-07
ORD009008,SX00009008,16709,TX01,Delivered,2026-10-06 09:42:49.576957,2026-10-07
ORD009009,SX00009009,14711,NJ01,Exception,2026-10-06 09:43:41.422142,2026-10-08
ORD009010,SX00009010,18021,NJ01,Delivered,2026-10-06 09:44:33.267326,2026-10-09
ORD009011,SX00009011,15969,CA01,Delivered,2026-10-06 09:45:25.112511,2026-10-07
ORD009012,SX00009012,12620,IL01,Delivered,2026-10-06 09:46:16.957695,2026-10-07
ORD009013,SX00009013,12646,NJ01,Delivered,2026-10-06 09:47:08.802880,2026-10-09
ORD009014,SX00009014,14865,TX01,Delivered,2026-10-06 09:48:00.648064,2026-10-08
ORD009015,SX00009015,17345,TX01,Delivered,2026-10-06 09:48:52.493249,2026-10-08
ORD009016,SX00009016,12289,NJ01,Delivered,2026-10-06 09:49:44.338433,2026-10-07
ORD009017,SX00009017,17370,TX01,Delivered,2026-10-06 09:50:36.183618,2026-10-07
ORD009018,SX00009018,13872,IL01,In Transit,2026-10-06 09:51:28.028802,2026-10-07
ORD009019,SX00009019,19677,NJ01,Delivered,2026-10-06 09:52:19.873987,2026-10-08
ORD009020,SX00009020,17690,IL01,Delivered,2026-10-06 09:53:11.719171,2026-10-07
ORD009021,SX00009021,11440,TX01,Delivered,2026-10-06 09:54:03.564356,2026-10-09
ORD009022,SX00009022,10765,IL01,Delivered,2026-10-06 09:54:55.409540,2026-10-08
ORD009023,SX00009023,14092,IL01,Delivered,2026-10-06 09:55:47.254725,2026-10-08
ORD009024,SX00009024,19341,CA01,In Transit,2026-10-06 09:56:39.099909,2026-10-09
ORD009025,SX00009025,12666,IL01,Delivered,2026-10-06 09:57:30.945094,2026-10-09
ORD009026,SX00009026,18655,IL01,Delivered,2026-10-06 09:58:22.790279,2026-10-08
ORD009027,SX00009027,15968,IL01,Delivered,2026-10-06 09:59:14.635463,2026-10-07
ORD009028,SX00009028,17641,IL01,Delivered,2026-10-06 10:00:06.480648,2026-10-08
ORD009029,SX00009029,12181,NJ01,Delivered,2026-10-06 10:00:58.325832,2026-10-07
ORD009030,SX00009030,19834,IL01,In Transit,2026-10-06 10:01:50.171017,2026-10-09
ORD009031,SX00009031,13888,IL01,Out for Delivery,2026-10-06 10:02:42.016201,2026-10-07
ORD009032,SX00009032,10840,IL01,Delivered,2026-10-06 10:03:33.861386,2026-10-09
ORD009033,SX00009033,15899,IL01,Delivered,2026-10-06 10:04:25.706570,2026-10-07
ORD009034,SX00009034,14118,IL01,Delivered,2026-10-06 10:05:17.551755,2026-10-07
ORD009035,SX00009035,10565,NJ01,Delivered,2026-10-06 10:06:09.396939,2026-10-09
ORD009036,SX00009036,16005,IL01,Delivered,2026-10-06 10:07:01.242124,2026-10-07
ORD009037,SX00009037,19156,IL01,Delivered,2026-10-06 10:07:53.087308,2026-10-08
ORD009038,SX00009038,19187,CA01,In Transit,2026-10-06 10:08:44.932493,2026-10-07
ORD009039,SX00009039,17226,CA01,Delivered,2026-10-06 10:09:36.777677,2026-10-08
ORD009040,SX00009040,19379,IL01,Delivered,2026-10-06 10:10:28.622862,2026-10-09
ORD009041,SX00009041,15890,IL01,Delivered,2026-10-06 10:11:20.468046,2026-10-07
ORD009042,SX00009042,14311,NJ01,In Transit,2026-10-06 10:12:12.313231,2026-10-07
ORD009043,SX00009043,17736,NJ01,Delivered,2026-10-06 10:13:04.158415,2026-10-08
ORD009044,SX00009044,18848,CA01,Delivered,2026-10-06 10:13:56.003600,2026-10-08
ORD009045,SX00009045,12982,IL01,Delivered,2026-10-06 10:14:47.848784,2026-10-09
ORD009046,SX00009046,19305,NJ01,In Transit,2026-10-06 10:15:39.693969,2026-10-08
ORD009047,SX00009047,16083,CA01,Delivered,2026-10-06 10:16:31.539153,2026-10-08
ORD009048,SX00009048,10556,NJ01,Delivered,2026-10-06 10:17:23.384338,2026-10-08
ORD009049,SX00009049,13019,IL01,In Transit,2026-10-06 10:18:15.229522,2026-10-07
ORD009050,SX00009050,12580,IL01,Delivered,2026-10-06 10:19:07.074707,2026-10-07
ORD009051,SX00009051,18146,IL01,Delivered,2026-10-06 10:19:58.919891,2026-10-07
ORD009052,SX00009052,18243,IL01,Delivered,2026-10-06 10:20:50.765076,2026-10-07
ORD009053,SX00009053,19553,TX01,Delivered,2026-10-06 10:21:42.610261,2026-10-07
ORD009054,SX00009054,19386,IL01,Delivered,2026-10-06 10:22:34.455445,2026-10-08
ORD009055,SX00009055,14019,IL01,In Transit,2026-10-06 10:23:26.300630,2026-10-08
ORD009056,SX00009056,13138,CA01,Delivered,2026-10-06 10:24:18.145814,2026-10-07
ORD009057,SX00009057,19840,NJ01,Exception,2026-10-06 10:25:09.990999,2026-10-07
ORD009058,SX00009058,10671,IL01,In Transit,2026-10-06 10:26:01.836183,2026-10-09
ORD009059,SX00009059,10777,IL01,Exception,2026-10-06 10:26:53.681368,2026-10-09
ORD009060,SX00009060,14927,IL01,Delivered,2026-10-06 10:27:45.526552,2026-10-08
ORD009061,SX00009061,13022,IL01,Delivered,2026-10-06 10:28:37.371737,2026-10-09
ORD009062,SX00009062,11860,TX01,In Transit,2026-10-06 10:29:29.216921,2026-10-08
ORD009063,SX00009063,13139,IL01,In Transit,2026-10-06 10:30:21.062106,2026-10-09
ORD009064,SX00009064,11074,NJ01,In Transit,2026-10-06 10:31:12.907290,2026-10-07
ORD009065,SX00009065,19908,IL01,Delivered,2026-10-06 10:32:04.752475,2026-10-07
ORD009066,SX00009066,19475,CA01,Delivered,2026-10-06 10:32:56.597659,2026-10-08
ORD009067,SX00009067,16763,NJ01,In Transit,2026-10-06 10:33:48.442844,2026-10-08
ORD009068,SX00009068,11986,CA01,In Transit,2026-10-06 10:34:40.288028,2026-10-08
ORD009069,SX00009069,19193,IL01,Delivered,2026-10-06 10:35:32.133213,2026-10-08
ORD009070,SX00009070,16327,TX01,Delivered,2026-10-06 10:36:23.978397,2026-10-09
ORD009071,SX00009071,11046,CA01,Delivered,2026-10-06 10:37:15.823582,2026-10-07
ORD009072,SX00009072,12176,TX01,Delivered,2026-10-06 10:38:07.668766,2026-10-09
ORD009073,SX00009073,12338,IL01,Out for Delivery,2026-10-06 10:38:59.513951,2026-10-07
ORD009074,SX00009074,10500,IL01,Delivered,2026-10-06 10:39:51.359135,2026-10-07
ORD009075,SX00009075,12233,IL01,Delivered,2026-10-06 10:40:43.204320,2026-10-09
ORD009076,SX00009076,14608,IL01,Out for Delivery,2026-10-06 10:41:35.049504,2026-10-08
ORD009077,SX00009077,17234,TX01,Delivered,2026-10-06 10:42:26.894689,2026-10-09
ORD009078,SX00009078,17972,NJ01,In Transit,2026-10-06 10:43:18.739873,2026-10-09
ORD009079,SX00009079,16610,NJ01,In Transit,2026-10-06 10:44:10.585058,2026-10-09
ORD009080,SX00009080,10600,IL01,In Transit,2026-10-06 10:45:02.430243,2026-10-07
ORD009081,SX00009081,14284,IL01,Delivered,2026-10-06 10:45:54.275427,2026-10-08
ORD009082,SX00009082,19180,IL01,Delivered,2026-10-06 10:46:46.120612,2026-10-07
ORD009083,SX00009083,14483,NJ01,Delivered,2026-10-06 10:47:37.965796,2026-10-09
ORD009084,SX00009084,15901,TX01,Delivered,2026-10-06 10:48:29.810981,2026-10-09
ORD009085,SX00009085,16129,IL01,Delivered,2026-10-06 10:49:21.656165,2026-10-07
ORD009086,SX00009086,11754,TX01,Delivered,2026-10-06 10:50:13.501350,2026-10-07
ORD009087,SX00009087,12464,NJ01,Delivered,2026-10-06 10:51:05.346534,2026-10-08
ORD009088,SX00009088,14482,CA01,Delivered,2026-10-06 10:51:57.191719,2026-10-09
ORD009089,SX00009089,19686,IL01,In Transit,2026-10-06 10:52:49.036903,2026-10-07
ORD009090,SX00009090,19044,NJ01,In Transit,2026-10-06 10:53:40.882088,2026-10-07
ORD009091,SX00009091,17400,IL01,Delivered,2026-10-06 10:54:32.727272,2026-10-07
ORD009092,SX00009092,16806,IL01,In Transit,2026-10-06 10:55:24.572457,2026-10-07
ORD009093,SX00009093,18643,NJ01,Delivered,2026-10-06 10:56:16.417641,2026-10-09
ORD009094,SX00009094,17396,TX01,In Transit,2026-10-06 10:57:08.262826,2026-10-08
ORD009095,SX00009095,17338,IL01,Delivered,2026-10-06 10:58:00.108010,2026-10-07
ORD009096,SX00009096,19950,IL01,Delivered,2026-10-06 10:58:51.953195,2026-10-07
ORD009097,SX00009097,15241,NJ01,Delivered,2026-10-06 10:59:43.798379,2026-10-08
ORD009098,SX00009098,17394,IL01,Delivered,2026-10-06 11:00:35.643564,2026-10-09
ORD009099,SX00009099,16437,NJ01,Delivered,2026-10-06 11:01:27.488748,2026-10-07
ORD009100,SX00009100,14695,TX01,Delivered,2026-10-06 11:02:19.333933,2026-10-08
ORD009101,SX00009101,12588,NJ01,Delivered,2026-10-06 11:03:11.179117,2026-10-08
ORD009102,SX00009102,11782,TX01,Delivered,2026-10-06 11:04:03.024302,2026-10-09
ORD009103,SX00009103,15947,TX01,Delivered,2026-10-06 11:04:54.869486,2026-10-08
ORD009104,SX00009104,16594,TX01,Delivered,2026-10-06 11:05:46.714671,2026-10-09
ORD009105,SX00009105,13520,NJ01,Delivered,2026-10-06 11:06:38.559855,2026-10-08
ORD009106,SX00009106,19971,IL01,Delivered,2026-10-06 11:07:30.405040,2026-10-07
ORD009107,SX00009107,13218,IL01,Out for Delivery,2026-10-06 11:08:22.250225,2026-10-09
ORD009108,SX00009108,13757,CA01,Delivered,2026-10-06 11:09:14.095409,2026-10-08
ORD009109,SX00009109,14016,IL01,Out for Delivery,2026-10-06 11:10:05.940594,2026-10-07
ORD009110,SX00009110,12837,NJ01,Delivered,2026-10-06 11:10:57.785778,2026-10-08
ORD009111,SX00009111,16000,TX01,In Transit,2026-10-06 11:11:49.630963,2026-10-07
ORD009112,SX00009112,17034,NJ01,Delivered,2026-10-06 11:12:41.476147,2026-10-09
ORD009113,SX00009113,17309,IL01,Delivered,2026-10-06 11:13:33.321332,2026-10-07
ORD009114,SX00009114,14239,IL01,Delivered,2026-10-06 11:14:25.166516,2026-10-08
ORD009115,SX00009115,14428,IL01,Delivered,2026-10-06 11:15:17.011701,2026-10-07
ORD009116,SX00009116,19611,IL01,Delivered,2026-10-06 11:16:08.856885,2026-10-07
ORD009117,SX00009117,14150,CA01,Out for Delivery,2026-10-06 11:17:00.702070,2026-10-09
ORD009118,SX00009118,19522,TX01,In Transit,2026-10-06 11:17:52.547254,2026-10-07
ORD009119,SX00009119,11446,TX01,Delivered,2026-10-06 11:18:44.392439,2026-10-07
ORD009120,SX00009120,19632,NJ01,Out for Delivery,2026-10-06 11:19:36.237623,2026-10-08
ORD009121,SX00009121,16468,IL01,Exception,2026-10-06 11:20:28.082808,2026-10-08
ORD009122,SX00009122,15790,IL01,Delivered,2026-10-06 11:21:19.927992,2026-10-09
ORD009123,SX00009123,14175,IL01,In Transit,2026-10-06 11:22:11.773177,2026-10-09
ORD009124,SX00009124,15080,NJ01,Delivered,2026-10-06 11:23:03.618361,2026-10-09
ORD009125,SX00009125,10864,NJ01,Delivered,2026-10-06 11:23:55.463546,2026-10-08
ORD009126,SX00009126,16860,NJ01,Delivered,2026-10-06 11:24:47.308730,2026-10-07
ORD009127,SX00009127,18663,NJ01,In Transit,2026-10-06 11:25:39.153915,2026-10-09
ORD009128,SX00009128,16217,CA01,Delivered,2026-10-06 11:26:30.999099,2026-10-08
ORD009129,SX00009129,15672,IL01,Delivered,2026-10-06 11:27:22.844284,2026-10-08
ORD009130,SX00009130,11502,NJ01,Delivered,2026-10-06 11:28:14.689468,2026-10-09
ORD009131,SX00009131,14684,IL01,Delivered,2026-10-06 11:29:06.534653,2026-10-08
ORD009132,SX00009132,11410,NJ01,Delivered,2026-10-06 11:29:58.379837,2026-10-07
ORD009133,SX00009133,13770,IL01,Delivered,2026-10-06 11:30:50.225022,2026-10-08
ORD009134,SX00009134,14659,NJ01,Delivered,2026-10-06 11:31:42.070207,2026-10-08
ORD009135,SX00009135,14001,IL01,Delivered,2026-10-06 11:32:33.915391,2026-10-07
ORD009136,SX00009136,13483,IL01,Delivered,2026-10-06 11:33:25.760576,2026-10-09
ORD009137,SX00009137,14562,TX01,In Transit,2026-10-06 11:34:17.605760,2026-10-08
ORD009138,SX00009138,10598,IL01,Exception,2026-10-06 11:35:09.450945,2026-10-07
ORD009139,SX00009139,19183,IL01,Delivered,2026-10-06 11:36:01.296129,2026-10-09
ORD009140,SX00009140,13041,NJ01,Delivered,2026-10-06 11:36:53.141314,2026-10-07
ORD009141,SX00009141,18160,NJ01,Out for Delivery,2026-10-06 11:37:44.986498,2026-10-08
ORD009142,SX00009142,16391,TX01,Delivered,2026-10-06 11:38:36.831683,2026-10-07
ORD009143,SX00009143,17287,NJ01,In Transit,2026-10-06 11:39:28.676867,2026-10-09
ORD009144,SX00009144,10066,IL01,Delivered,2026-10-06 11:40:20.522052,2026-10-09
ORD009145,SX00009145,18123,IL01,Delivered,2026-10-06 11:41:12.367236,2026-10-09
ORD009146,SX00009146,12750,TX01,Delivered,2026-10-06 11:42:04.212421,2026-10-07
ORD009147,SX00009147,18661,IL01,Delivered,2026-10-06 11:42:56.057605,2026-10-07
ORD009148,SX00009148,19916,CA01,Delivered,2026-10-06 11:43:47.902790,2026-10-09
ORD009149,SX00009149,16806,IL01,Delivered,2026-10-06 11:44:39.747974,2026-10-09
ORD009150,SX00009150,16429,TX01,In Transit,2026-10-06 11:45:31.593159,2026-10-09
ORD009151,SX00009151,18123,CA01,Delivered,2026-10-06 11:46:23.438343,2026-10-08
ORD009152,SX00009152,11631,TX01,Delivered,2026-10-06 11:47:15.283528,2026-10-08
ORD009153,SX00009153,16452,NJ01,Delivered,2026-10-06 11:48:07.128712,2026-10-08
ORD009154,SX00009154,10774,NJ01,Delivered,2026-10-06 11:48:58.973897,2026-10-09
ORD009155,SX00009155,16107,NJ01,Delivered,2026-10-06 11:49:50.819081,2026-10-08
ORD009156,SX00009156,17804,NJ01,Delivered,2026-10-06 11:50:42.664266,2026-10-09
ORD009157,SX00009157,19678,IL01,Delivered,2026-10-06 11:51:34.509450,2026-10-07
ORD009158,SX00009158,14019,TX01,Delivered,2026-10-06 11:52:26.354635,2026-10-09
ORD009159,SX00009159,10929,IL01,Delivered,2026-10-06 11:53:18.199819,2026-10-09
ORD009160,SX00009160,13012,IL01,Exception,2026-10-06 11:54:10.045004,2026-10-08
ORD009161,SX00009161,15024,NJ01,Exception,2026-10-06 11:55:01.890189,2026-10-07
ORD009162,SX00009162,16264,IL01,In Transit,2026-10-06 11:55:53.735373,2026-10-07
ORD009163,SX00009163,17973,TX01,Exception,2026-10-06 11:56:45.580558,2026-10-07
ORD009164,SX00009164,19697,CA01,Delivered,2026-10-06 11:57:37.425742,2026-10-08
ORD009165,SX00009165,14729,CA01,Exception,2026-10-06 11:58:29.270927,2026-10-08
ORD009166,SX00009166,17961,TX01,Delivered,2026-10-06 11:59:21.116111,2026-10-08
ORD009167,SX00009167,12819,NJ01,Delivered,2026-10-06 12:00:12.961296,2026-10-08
ORD009168,SX00009168,16655,IL01,Delivered,2026-10-06 12:01:04.806480,2026-10-08
ORD009169,SX00009169,11184,NJ01,Out for Delivery,2026-10-06 12:01:56.651665,2026-10-09
ORD009170,SX00009170,18480,IL01,Delivered,2026-10-06 12:02:48.496849,2026-10-07
ORD009171,SX00009171,16343,IL01,Delivered,2026-10-06 12:03:40.342034,2026-10-08
ORD009172,SX00009172,10527,TX01,Exception,2026-10-06 12:04:32.187218,2026-10-07
ORD009173,SX00009173,10916,IL01,Delivered,2026-10-06 12:05:24.032403,2026-10-08
ORD009174,SX00009174,19900,IL01,Delivered,2026-10-06 12:06:15.877587,2026-10-09
ORD009175,SX00009175,13574,TX01,Delivered,2026-10-06 12:07:07.722772,2026-10-07
ORD009176,SX00009176,13319,IL01,In Transit,2026-10-06 12:07:59.567956,2026-10-08
ORD009177,SX00009177,11406,IL01,Exception,2026-10-06 12:08:51.413141,2026-10-09
ORD009178,SX00009178,11241,IL01,Exception,2026-10-06 12:09:43.258325,2026-10-09
ORD009179,SX00009179,15206,TX01,Delivered,2026-10-06 12:10:35.103510,2026-10-07
ORD009180,SX00009180,17249,NJ01,Delivered,2026-10-06 12:11:26.948694,2026-10-08
ORD009181,SX00009181,13133,TX01,Delivered,2026-10-06 12:12:18.793879,2026-10-09
ORD009182,SX00009182,10798,IL01,Delivered,2026-10-06 12:13:10.639063,2026-10-09
ORD009183,SX00009183,11523,TX01,Delivered,2026-10-06 12:14:02.484248,2026-10-09
ORD009184,SX00009184,17209,NJ01,Delivered,2026-10-06 12:14:54.329432,2026-10-07
ORD009185,SX00009185,14928,IL01,In Transit,2026-10-06 12:15:46.174617,2026-10-07
ORD009186,SX00009186,12888,NJ01,Out for Delivery,2026-10-06 12:16:38.019801,2026-10-08
ORD009187,SX00009187,12690,NJ01,Delivered,2026-10-06 12:17:29.864986,2026-10-08
ORD009188,SX00009188,14091,NJ01,Delivered,2026-10-06 12:18:21.710171,2026-10-07
ORD009189,SX00009189,17282,NJ01,Delivered,2026-10-06 12:19:13.555355,2026-10-07
ORD009190,SX00009190,19433,IL01,Delivered,2026-10-06 12:20:05.400540,2026-10-07
ORD009191,SX00009191,16249,NJ01,Delivered,2026-10-06 12:20:57.245724,2026-10-09
ORD009192,SX00009192,10690,NJ01,Delivered,2026-10-06 12:21:49.090909,2026-10-07
ORD009193,SX00009193,18719,NJ01,Out for Delivery,2026-10-06 12:22:40.936093,2026-10-08
ORD009194,SX00009194,11495,NJ01,Delivered,2026-10-06 12:23:32.781278,2026-10-09
ORD009195,SX00009195,10892,CA01,Delivered,2026-10-06 12:24:24.626462,2026-10-07
ORD009196,SX00009196,18578,TX01,In Transit,2026-10-06 12:25:16.471647,2026-10-08
ORD009197,SX00009197,19441,NJ01,In Transit,2026-10-06 12:26:08.316831,2026-10-07
ORD009198,SX00009198,15873,TX01,Delivered,2026-10-06 12:27:00.162016,2026-10-08
ORD009199,SX00009199,14503,IL01,In Transit,2026-10-06 12:27:52.007200,2026-10-09
ORD009200,SX00009200,10897,TX01,Delivered,2026-10-06 12:28:43.852385,2026-10-09
ORD009201,SX00009201,10710,NJ01,In Transit,2026-10-06 12:29:35.697569,2026-10-08
ORD009202,SX00009202,13695,IL01,Delivered,2026-10-06 12:30:27.542754,2026-10-08
ORD009203,SX00009203,12686,IL01,Delivered,2026-10-06 12:31:19.387938,2026-10-09
ORD009204,SX00009204,17188,IL01,In Transit,2026-10-06 12:32:11.233123,2026-10-09
ORD009205,SX00009205,15778,IL01,Delivered,2026-10-06 12:33:03.078307,2026-10-08
ORD009206,SX00009206,17768,IL01,Delivered,2026-10-06 12:33:54.923492,2026-10-08
ORD009207,SX00009207,15013,IL01,In Transit,2026-10-06 12:34:46.768676,2026-10-07
ORD009208,SX00009208,14512,TX01,Delivered,2026-10-06 12:35:38.613861,2026-10-07
ORD009209,SX00009209,10415,IL01,Delivered,2026-10-06 12:36:30.459045,2026-10-09
ORD009210,SX00009210,19663,IL01,Out for Delivery,2026-10-06 12:37:22.304230,2026-10-09
ORD009211,SX00009211,14180,TX01,In Transit,2026-10-06 12:38:14.149414,2026-10-07
ORD009212,SX00009212,14262,IL01,In Transit,2026-10-06 12:39:05.994599,2026-10-07
ORD009213,SX00009213,12515,TX01,In Transit,2026-10-06 12:39:57.839783,2026-10-09
ORD009214,SX00009214,19287,NJ01,Out for Delivery,2026-10-06 12:40:49.684968,2026-10-09
ORD009215,SX00009215,19001,IL01,In Transit,2026-10-06 12:41:41.530153,2026-10-08
ORD009216,SX00009216,15640,IL01,Delivered,2026-10-06 12:42:33.375337,2026-10-08
ORD009217,SX00009217,16616,IL01,Delivered,2026-10-06 12:43:25.220522,2026-10-09
ORD009218,SX00009218,10992,IL01,Delivered,2026-10-06 12:44:17.065706,2026-10-07
ORD009219,SX00009219,19473,IL01,Delivered,2026-10-06 12:45:08.910891,2026-10-08
ORD009220,SX00009220,14370,IL01,Delivered,2026-10-06 12:46:00.756075,2026-10-09
ORD009221,SX00009221,11773,IL01,Out for Delivery,2026-10-06 12:46:52.601260,2026-10-07
ORD009222,SX00009222,13561,NJ01,Delivered,2026-10-06 12:47:44.446444,2026-10-07
ORD009223,SX00009223,13816,IL01,In Transit,2026-10-06 12:48:36.291629,2026-10-09
ORD009224,SX00009224,16633,TX01,Delivered,2026-10-06 12:49:28.136813,2026-10-08
ORD009225,SX00009225,11756,IL01,Delivered,2026-10-06 12:50:19.981998,2026-10-08
ORD009226,SX00009226,12373,TX01,Delivered,2026-10-06 12:51:11.827182,2026-10-09
ORD009227,SX00009227,12576,IL01,Out for Delivery,2026-10-06 12:52:03.672367,2026-10-07
ORD009228,SX00009228,19083,TX01,Delivered,2026-10-06 12:52:55.517551,2026-10-08
ORD009229,SX00009229,14184,IL01,Delivered,2026-10-06 12:53:47.362736,2026-10-09
ORD009230,SX00009230,18899,NJ01,Delivered,2026-10-06 12:54:39.207920,2026-10-08
ORD009231,SX00009231,12397,IL01,Delivered,2026-10-06 12:55:31.053105,2026-10-09
ORD009232,SX00009232,15969,NJ01,Delivered,2026-10-06 12:56:22.898289,2026-10-08
ORD009233,SX00009233,14535,IL01,Delivered,2026-10-06 12:57:14.743474,2026-10-08
ORD009234,SX00009234,16883,NJ01,Out for Delivery,2026-10-06 12:58:06.588658,2026-10-08
ORD009235,SX00009235,18127,IL01,Delivered,2026-10-06 12:58:58.433843,2026-10-09
ORD009236,SX00009236,19168,NJ01,Delivered,2026-10-06 12:59:50.279027,2026-10-09
ORD009237,SX00009237,10734,IL01,Out for Delivery,2026-10-06 13:00:42.124212,2026-10-07
ORD009238,SX00009238,10632,IL01,In Transit,2026-10-06 13:01:33.969396,2026-10-08
ORD009239,SX00009239,14268,NJ01,In Transit,2026-10-06 13:02:25.814581,2026-10-08
ORD009240,SX00009240,14099,CA01,Delivered,2026-10-06 13:03:17.659765,2026-10-09
ORD009241,SX00009241,12901,NJ01,In Transit,2026-10-06 13:04:09.504950,2026-10-08
ORD009242,SX00009242,11663,TX01,Delivered,2026-10-06 13:05:01.350135,2026-10-09
ORD009243,SX00009243,15591,NJ01,Delivered,2026-10-06 13:05:53.195319,2026-10-07
ORD009244,SX00009244,13872,NJ01,Delivered,2026-10-06 13:06:45.040504,2026-10-08
ORD009245,SX00009245,11054,IL01,Delivered,2026-10-06 13:07:36.885688,2026-10-09
ORD009246,SX00009246,18572,IL01,Delivered,2026-10-06 13:08:28.730873,2026-10-09
ORD009247,SX00009247,13082,CA01,In Transit,2026-10-06 13:09:20.576057,2026-10-08
ORD009248,SX00009248,18007,NJ01,In Transit,2026-10-06 13:10:12.421242,2026-10-07
ORD009249,SX00009249,19784,NJ01,Out for Delivery,2026-10-06 13:11:04.266426,2026-10-09
ORD009250,SX00009250,14261,NJ01,Delivered,2026-10-06 13:11:56.111611,2026-10-08
ORD009251,SX00009251,12389,IL01,In Transit,2026-10-06 13:12:47.956795,2026-10-07
ORD009252,SX00009252,13553,IL01,Delivered,2026-10-06 13:13:39.801980,2026-10-09
ORD009253,SX00009253,15138,NJ01,Delivered,2026-10-06 13:14:31.647164,2026-10-07
ORD009254,SX00009254,19399,IL01,In Transit,2026-10-06 13:15:23.492349,2026-10-09
ORD009255,SX00009255,10544,IL01,In Transit,2026-10-06 13:16:15.337533,2026-10-08
ORD009256,SX00009256,13663,NJ01,Delivered,2026-10-06 13:17:07.182718,2026-10-08
ORD009257,SX00009257,12239,CA01,Delivered,2026-10-06 13:17:59.027902,2026-10-08
ORD009258,SX00009258,13773,IL01,Delivered,2026-10-06 13:18:50.873087,2026-10-07
ORD009259,SX00009259,12627,NJ01,In Transit,2026-10-06 13:19:42.718271,2026-10-07
ORD009260,SX00009260,16618,IL01,In Transit,2026-10-06 13:20:34.563456,2026-10-08
ORD009261,SX00009261,16780,IL01,Delivered,2026-10-06 13:21:26.408640,2026-10-09
ORD009262,SX00009262,18015,CA01,Delivered,2026-10-06 13:22:18.253825,2026-10-07
ORD009263,SX00009263,13130,TX01,Delivered,2026-10-06 13:23:10.099009,2026-10-07
ORD009264,SX00009264,10096,IL01,Delivered,2026-10-06 13:24:01.944194,2026-10-09
ORD009265,SX00009265,13858,NJ01,Delivered,2026-10-06 13:24:53.789378,2026-10-09
ORD009266,SX00009266,12708,IL01,Delivered,2026-10-06 13:25:45.634563,2026-10-08
ORD009267,SX00009267,15397,TX01,In Transit,2026-10-06 13:26:37.479747,2026-10-07
ORD009268,SX00009268,16152,IL01,Delivered,2026-10-06 13:27:29.324932,2026-10-09
ORD009269,SX00009269,10456,TX01,Delivered,2026-10-06 13:28:21.170117,2026-10-09
ORD009270,SX00009270,15914,NJ01,In Transit,2026-10-06 13:29:13.015301,2026-10-08
ORD009271,SX00009271,14368,IL01,Delivered,2026-10-06 13:30:04.860486,2026-10-08
ORD009272,SX00009272,14088,CA01,In Transit,2026-10-06 13:30:56.705670,2026-10-07
ORD009273,SX00009273,19223,CA01,Delivered,2026-10-06 13:31:48.550855,2026-10-09
ORD009274,SX00009274,18399,IL01,Delivered,2026-10-06 13:32:40.396039,2026-10-08
ORD009275,SX00009275,11937,TX01,Delivered,2026-10-06 13:33:32.241224,2026-10-07
ORD009276,SX00009276,11146,TX01,Delivered,2026-10-06 13:34:24.086408,2026-10-08
ORD009277,SX00009277,15152,TX01,In Transit,2026-10-06 13:35:15.931593,2026-10-07
ORD009278,SX00009278,14299,CA01,Delivered,2026-10-06 13:36:07.776777,2026-10-09
ORD009279,SX00009279,18118,NJ01,Exception,2026-10-06 13:36:59.621962,2026-10-08
ORD009280,SX00009280,18634,TX01,In Transit,2026-10-06 13:37:51.467146,2026-10-07
ORD009281,SX00009281,17759,TX01,Delivered,2026-10-06 13:38:43.312331,2026-10-07
ORD009282,SX00009282,17953,NJ01,Exception,2026-10-06 13:39:35.157515,2026-10-09
ORD009283,SX00009283,14784,NJ01,Delivered,2026-10-06 13:40:27.002700,2026-10-08
ORD009284,SX00009284,19024,IL01,Delivered,2026-10-06 13:41:18.847884,2026-10-07
ORD009285,SX00009285,11461,TX01,In Transit,2026-10-06 13:42:10.693069,2026-10-07
ORD009286,SX00009286,11159,TX01,Delivered,2026-10-06 13:43:02.538253,2026-10-07
ORD009287,SX00009287,10386,NJ01,Exception,2026-10-06 13:43:54.383438,2026-10-07
ORD009288,SX00009288,17192,NJ01,Exception,2026-10-06 13:44:46.228622,2026-10-08
ORD009289,SX00009289,19910,IL01,Out for Delivery,2026-10-06 13:45:38.073807,2026-10-08
ORD009290,SX00009290,14775,IL01,Out for Delivery,2026-10-06 13:46:29.918991,2026-10-07
ORD009291,SX00009291,13409,NJ01,Delivered,2026-10-06 13:47:21.764176,2026-10-08
ORD009292,SX00009292,10689,NJ01,Delivered,2026-10-06 13:48:13.609360,2026-10-08
ORD009293,SX00009293,17028,TX01,Delivered,2026-10-06 13:49:05.454545,2026-10-09
ORD009294,SX00009294,17262,NJ01,In Transit,2026-10-06 13:49:57.299729,2026-10-09
ORD009295,SX00009295,15664,CA01,Delivered,2026-10-06 13:50:49.144914,2026-10-07
ORD009296,SX00009296,16766,IL01,In Transit,2026-10-06 13:51:40.990099,2026-10-09
ORD009297,SX00009297,19361,CA01,Exception,2026-10-06 13:52:32.835283,2026-10-08
ORD009298,SX00009298,10952,IL01,Delivered,2026-10-06 13:53:24.680468,2026-10-07
ORD009299,SX00009299,16142,NJ01,Delivered,2026-10-06 13:54:16.525652,2026-10-09
ORD009300,SX00009300,15967,NJ01,Delivered,2026-10-06 13:55:08.370837,2026-10-07
ORD009301,SX00009301,17205,IL01,In Transit,2026-10-06 13:56:00.216021,2026-10-07
ORD009302,SX00009302,12484,IL01,In Transit,2026-10-06 13:56:52.061206,2026-10-09
ORD009303,SX00009303,11854,IL01,Delivered,2026-10-06 13:57:43.906390,2026-10-08
ORD009304,SX00009304,13231,TX01,In Transit,2026-10-06 13:58:35.751575,2026-10-08
ORD009305,SX00009305,12597,IL01,Delivered,2026-10-06 13:59:27.596759,2026-10-09
ORD009306,SX00009306,17829,CA01,Delivered,2026-10-06 14:00:19.441944,2026-10-09
ORD009307,SX00009307,18186,IL01,Delivered,2026-10-06 14:01:11.287128,2026-10-09
ORD009308,SX00009308,13983,CA01,Delivered,2026-10-06 14:02:03.132313,2026-10-09
ORD009309,SX00009309,16963,IL01,Delivered,2026-10-06 14:02:54.977497,2026-10-07
ORD009310,SX00009310,16684,IL01,In Transit,2026-10-06 14:03:46.822682,2026-10-08
ORD009311,SX00009311,10656,IL01,Exception,2026-10-06 14:04:38.667866,2026-10-08
ORD009312,SX00009312,17743,CA01,Delivered,2026-10-06 14:05:30.513051,2026-10-09
ORD009313,SX00009313,16839,NJ01,Out for Delivery,2026-10-06 14:06:22.358235,2026-10-08
ORD009314,SX00009314,19988,IL01,Delivered,2026-10-06 14:07:14.203420,2026-10-08
ORD009315,SX00009315,16312,IL01,Exception,2026-10-06 14:08:06.048604,2026-10-08
ORD009316,SX00009316,17938,IL01,Delivered,2026-10-06 14:08:57.893789,2026-10-09
ORD009317,SX00009317,19954,NJ01,Delivered,2026-10-06 14:09:49.738973,2026-10-09
ORD009318,SX00009318,16176,IL01,Delivered,2026-10-06 14:10:41.584158,2026-10-08
ORD009319,SX00009319,13285,TX01,In Transit,2026-10-06 14:11:33.429342,2026-10-09
ORD009320,SX00009320,19777,NJ01,Delivered,2026-10-06 14:12:25.274527,2026-10-08
ORD009321,SX00009321,15559,CA01,Delivered,2026-10-06 14:13:17.119711,2026-10-09
ORD009322,SX00009322,13563,NJ01,Delivered,2026-10-06 14:14:08.964896,2026-10-08
ORD009323,SX00009323,14584,IL01,Delivered,2026-10-06 14:15:00.810081,2026-10-09
ORD009324,SX00009324,14817,CA01,Delivered,2026-10-06 14:15:52.655265,2026-10-08
ORD009325,SX00009325,15041,IL01,Delivered,2026-10-06 14:16:44.500450,2026-10-09
ORD009326,SX00009326,16182,NJ01,Delivered,2026-10-06 14:17:36.345634,2026-10-09
ORD009327,SX00009327,18026,TX01,Delivered,2026-10-06 14:18:28.190819,2026-10-08
ORD009328,SX00009328,13244,IL01,Delivered,2026-10-06 14:19:20.036003,2026-10-07
ORD009329,SX00009329,11040,IL01,Delivered,2026-10-06 14:20:11.881188,2026-10-08
ORD009330,SX00009330,12273,IL01,Delivered,2026-10-06 14:21:03.726372,2026-10-08
ORD009331,SX00009331,13629,IL01,Delivered,2026-10-06 14:21:55.571557,2026-10-07
ORD009332,SX00009332,12114,IL01,Delivered,2026-10-06 14:22:47.416741,2026-10-09
ORD009333,SX00009333,17364,IL01,Delivered,2026-10-06 14:23:39.261926,2026-10-07
ORD009334,SX00009334,11677,IL01,Delivered,2026-10-06 14:24:31.107110,2026-10-08
ORD009335,SX00009335,13094,TX01,Delivered,2026-10-06 14:25:22.952295,2026-10-07
ORD009336,SX00009336,19190,NJ01,Delivered,2026-10-06 14:26:14.797479,2026-10-09
ORD009337,SX00009337,15873,NJ01,Delivered,2026-10-06 14:27:06.642664,2026-10-08
ORD009338,SX00009338,12284,NJ01,Delivered,2026-10-06 14:27:58.487848,2026-10-08
ORD009339,SX00009339,15052,TX01,Delivered,2026-10-06 14:28:50.333033,2026-10-09
ORD009340,SX00009340,17062,CA01,Delivered,2026-10-06 14:29:42.178217,2026-10-09
ORD009341,SX00009341,11589,TX01,Delivered,2026-10-06 14:30:34.023402,2026-10-08
ORD009342,SX00009342,19353,TX01,Delivered,2026-10-06 14:31:25.868586,2026-10-09
ORD009343,SX00009343,12520,IL01,Delivered,2026-10-06 14:32:17.713771,2026-10-07
ORD009344,SX00009344,14648,NJ01,Out for Delivery,2026-10-06 14:33:09.558955,2026-10-07
ORD009345,SX00009345,15729,NJ01,Delivered,2026-10-06 14:34:01.404140,2026-10-07
ORD009346,SX00009346,10694,NJ01,Delivered,2026-10-06 14:34:53.249324,2026-10-07
ORD009347,SX00009347,17807,NJ01,Delivered,2026-10-06 14:35:45.094509,2026-10-09
ORD009348,SX00009348,13683,IL01,Delivered,2026-10-06 14:36:36.939693,2026-10-07
ORD009349,SX00009349,16704,IL01,Delivered,2026-10-06 14:37:28.784878,2026-10-07
ORD009350,SX00009350,17368,CA01,Delivered,2026-10-06 14:38:20.630063,2026-10-08
ORD009351,SX00009351,11971,NJ01,In Transit,2026-10-06 14:39:12.475247,2026-10-09
ORD009352,SX00009352,19695,IL01,In Transit,2026-10-06 14:40:04.320432,2026-10-09
ORD009353,SX00009353,18055,IL01,Delivered,2026-10-06 14:40:56.165616,2026-10-09
ORD009354,SX00009354,14218,NJ01,Delivered,2026-10-06 14:41:48.010801,2026-10-08
ORD009355,SX00009355,11868,NJ01,Delivered,2026-10-06 14:42:39.855985,2026-10-08
ORD009356,SX00009356,11671,NJ01,Delivered,2026-10-06 14:43:31.701170,2026-10-09
ORD009357,SX00009357,19274,IL01,Delivered,2026-10-06 14:44:23.546354,2026-10-07
ORD009358,SX00009358,11728,IL01,Delivered,2026-10-06 14:45:15.391539,2026-10-08
ORD009359,SX00009359,17632,IL01,Delivered,2026-10-06 14:46:07.236723,2026-10-08
ORD009360,SX00009360,16403,TX01,Delivered,2026-10-06 14:46:59.081908,2026-10-08
ORD009361,SX00009361,16092,IL01,Delivered,2026-10-06 14:47:50.927092,2026-10-09
ORD009362,SX00009362,12142,IL01,Delivered,2026-10-06 14:48:42.772277,2026-10-07
ORD009363,SX00009363,19340,TX01,In Transit,2026-10-06 14:49:34.617461,2026-10-08
ORD009364,SX00009364,16184,TX01,Exception,2026-10-06 14:50:26.462646,2026-10-08
ORD009365,SX00009365,16010,IL01,Out for Delivery,2026-10-06 14:51:18.307830,2026-10-09
ORD009366,SX00009366,10253,TX01,Delivered,2026-10-06 14:52:10.153015,2026-10-07
ORD009367,SX00009367,14102,CA01,Delivered,2026-10-06 14:53:01.998199,2026-10-08
ORD009368,SX00009368,13542,CA01,Delivered,2026-10-06 14:53:53.843384,2026-10-09
ORD009369,SX00009369,12775,TX01,Delivered,2026-10-06 14:54:45.688568,2026-10-09
ORD009370,SX00009370,17678,TX01,Delivered,2026-10-06 14:55:37.533753,2026-10-08
ORD009371,SX00009371,16212,IL01,Delivered,2026-10-06 14:56:29.378937,2026-10-09
ORD009372,SX00009372,14637,NJ01,Delivered,2026-10-06 14:57:21.224122,2026-10-09
ORD009373,SX00009373,16034,NJ01,Delivered,2026-10-06 14:58:13.069306,2026-10-08
ORD009374,SX00009374,18457,NJ01,Delivered,2026-10-06 14:59:04.914491,2026-10-09
ORD009375,SX00009375,16476,NJ01,Delivered,2026-10-06 14:59:56.759675,2026-10-07
ORD009376,SX00009376,13148,TX01,Delivered,2026-10-06 15:00:48.604860,2026-10-07
ORD009377,SX00009377,13359,CA01,In Transit,2026-10-06 15:01:40.450045,2026-10-08
ORD009378,SX00009378,11004,IL01,Delivered,2026-10-06 15:02:32.295229,2026-10-07
ORD009379,SX00009379,14717,IL01,Delivered,2026-10-06 15:03:24.140414,2026-10-07
ORD009380,SX00009380,13271,NJ01,Delivered,2026-10-06 15:04:15.985598,2026-10-08
ORD009381,SX00009381,10209,IL01,In Transit,2026-10-06 15:05:07.830783,2026-10-09
ORD009382,SX00009382,19079,NJ01,Delivered,2026-10-06 15:05:59.675967,2026-10-07
ORD009383,SX00009383,15539,IL01,Delivered,2026-10-06 15:06:51.521152,2026-10-09
ORD009384,SX00009384,10153,NJ01,Delivered,2026-10-06 15:07:43.366336,2026-10-08
ORD009385,SX00009385,13593,NJ01,Out for Delivery,2026-10-06 15:08:35.211521,2026-10-07
ORD009386,SX00009386,18606,IL01,Delivered,2026-10-06 15:09:27.056705,2026-10-08
ORD009387,SX00009387,11284,IL01,Delivered,2026-10-06 15:10:18.901890,2026-10-09
ORD009388,SX00009388,13148,IL01,Delivered,2026-10-06 15:11:10.747074,2026-10-08
ORD009389,SX00009389,10768,IL01,Out for Delivery,2026-10-06 15:12:02.592259,2026-10-07
ORD009390,SX00009390,19174,TX01,Delivered,2026-10-06 15:12:54.437443,2026-10-08
ORD009391,SX00009391,15607,NJ01,Delivered,2026-10-06 15:13:46.282628,2026-10-08
ORD009392,SX00009392,13202,IL01,Delivered,2026-10-06 15:14:38.127812,2026-10-08
ORD009393,SX00009393,12787,NJ01,Delivered,2026-10-06 15:15:29.972997,2026-10-09
ORD009394,SX00009394,12210,IL01,Delivered,2026-10-06 15:16:21.818181,2026-10-09
ORD009395,SX00009395,19230,TX01,Delivered,2026-10-06 15:17:13.663366,2026-10-09
ORD009396,SX00009396,17399,IL01,In Transit,2026-10-06 15:18:05.508550,2026-10-09
ORD009397,SX00009397,16338,TX01,Delivered,2026-10-06 15:18:57.353735,2026-10-07
ORD009398,SX00009398,18733,NJ01,Delivered,2026-10-06 15:19:49.198919,2026-10-09
ORD009399,SX00009399,10358,NJ01,Delivered,2026-10-06 15:20:41.044104,2026-10-09
ORD009400,SX00009400,10849,TX01,Delivered,2026-10-06 15:21:32.889288,2026-10-07
ORD009401,SX00009401,17498,CA01,Delivered,2026-10-06 15:22:24.734473,2026-10-09
ORD009402,SX00009402,14522,CA01,Delivered,2026-10-06 15:23:16.579657,2026-10-08
ORD009403,SX00009403,12544,NJ01,Delivered,2026-10-06 15:24:08.424842,2026-10-09
ORD009404,SX00009404,11831,IL01,Delivered,2026-10-06 15:25:00.270027,2026-10-07
ORD009405,SX00009405,11472,CA01,Out for Delivery,2026-10-06 15:25:52.115211,2026-10-08
ORD009406,SX00009406,19628,IL01,In Transit,2026-10-06 15:26:43.960396,2026-10-07
ORD009407,SX00009407,10329,TX01,Delivered,2026-10-06 15:27:35.805580,2026-10-08
ORD009408,SX00009408,15851,TX01,Delivered,2026-10-06 15:28:27.650765,2026-10-08
ORD009409,SX00009409,17032,CA01,Out for Delivery,2026-10-06 15:29:19.495949,2026-10-08
ORD009410,SX00009410,15266,CA01,Delivered,2026-10-06 15:30:11.341134,2026-10-07
ORD009411,SX00009411,14354,IL01,Delivered,2026-10-06 15:31:03.186318,2026-10-08
ORD009412,SX00009412,16435,NJ01,Delivered,2026-10-06 15:31:55.031503,2026-10-08
ORD009413,SX00009413,17978,IL01,Delivered,2026-10-06 15:32:46.876687,2026-10-08
ORD009414,SX00009414,14238,IL01,Out for Delivery,2026-10-06 15:33:38.721872,2026-10-08
ORD009415,SX00009415,16112,NJ01,Out for Delivery,2026-10-06 15:34:30.567056,2026-10-08
ORD009416,SX00009416,14722,IL01,Delivered,2026-10-06 15:35:22.412241,2026-10-09
ORD009417,SX00009417,11388,TX01,Delivered,2026-10-06 15:36:14.257425,2026-10-07
ORD009418,SX00009418,14185,CA01,Delivered,2026-10-06 15:37:06.102610,2026-10-08
ORD009419,SX00009419,18911,NJ01,Delivered,2026-10-06 15:37:57.947794,2026-10-08
ORD009420,SX00009420,13235,IL01,Delivered,2026-10-06 15:38:49.792979,2026-10-08
ORD009421,SX00009421,14576,TX01,Exception,2026-10-06 15:39:41.638163,2026-10-08
ORD009422,SX00009422,11100,CA01,Delivered,2026-10-06 15:40:33.483348,2026-10-08
ORD009423,SX00009423,18864,TX01,Delivered,2026-10-06 15:41:25.328532,2026-10-09
ORD009424,SX00009424,18708,NJ01,Delivered,2026-10-06 15:42:17.173717,2026-10-09
ORD009425,SX00009425,12532,CA01,Exception,2026-10-06 15:43:09.018901,2026-10-08
ORD009426,SX00009426,17770,IL01,Delivered,2026-10-06 15:44:00.864086,2026-10-08
ORD009427,SX00009427,13670,CA01,Delivered,2026-10-06 15:44:52.709270,2026-10-08
ORD009428,SX00009428,10781,CA01,Delivered,2026-10-06 15:45:44.554455,2026-10-07
ORD009429,SX00009429,13523,CA01,In Transit,2026-10-06 15:46:36.399639,2026-10-07
ORD009430,SX00009430,16131,IL01,Delivered,2026-10-06 15:47:28.244824,2026-10-09
ORD009431,SX00009431,14782,CA01,Out for Delivery,2026-10-06 15:48:20.090009,2026-10-09
ORD009432,SX00009432,19781,NJ01,Delivered,2026-10-06 15:49:11.935193,2026-10-07
ORD009433,SX00009433,14995,NJ01,Delivered,2026-10-06 15:50:03.780378,2026-10-08
ORD009434,SX00009434,11501,TX01,In Transit,2026-10-06 15:50:55.625562,2026-10-09
ORD009435,SX00009435,13080,IL01,In Transit,2026-10-06 15:51:47.470747,2026-10-08
ORD009436,SX00009436,19268,IL01,Delivered,2026-10-06 15:52:39.315931,2026-10-08
ORD009437,SX00009437,19292,TX01,Delivered,2026-10-06 15:53:31.161116,2026-10-09
ORD009438,SX00009438,10502,TX01,Out for Delivery,2026-10-06 15:54:23.006300,2026-10-07
ORD009439,SX00009439,19531,TX01,Delivered,2026-10-06 15:55:14.851485,2026-10-07
ORD009440,SX00009440,13885,IL01,Delivered,2026-10-06 15:56:06.696669,2026-10-07
ORD009441,SX00009441,18009,TX01,Delivered,2026-10-06 15:56:58.541854,2026-10-08
ORD009442,SX00009442,10623,IL01,Delivered,2026-10-06 15:57:50.387038,2026-10-08
ORD009443,SX00009443,11050,TX01,In Transit,2026-10-06 15:58:42.232223,2026-10-08
ORD009444,SX00009444,17385,IL01,Delivered,2026-10-06 15:59:34.077407,2026-10-07
ORD009445,SX00009445,16081,TX01,Delivered,2026-10-06 16:00:25.922592,2026-10-08
ORD009446,SX00009446,15484,NJ01,Delivered,2026-10-06 16:01:17.767776,2026-10-09
ORD009447,SX00009447,13772,CA01,Out for Delivery,2026-10-06 16:02:09.612961,2026-10-08
ORD009448,SX00009448,13916,NJ01,In Transit,2026-10-06 16:03:01.458145,2026-10-09
ORD009449,SX00009449,14018,NJ01,In Transit,2026-10-06 16:03:53.303330,2026-10-07
ORD009450,SX00009450,11329,IL01,Delivered,2026-10-06 16:04:45.148514,2026-10-08
ORD009451,SX00009451,14114,TX01,Delivered,2026-10-06 16:05:36.993699,2026-10-08
ORD009452,SX00009452,13367,NJ01,Out for Delivery,2026-10-06 16:06:28.838883,2026-10-07
ORD009453,SX00009453,18095,IL01,In Transit,2026-10-06 16:07:20.684068,2026-10-08
ORD009454,SX00009454,15141,NJ01,In Transit,2026-10-06 16:08:12.529252,2026-10-09
ORD009455,SX00009455,13951,TX01,Delivered,2026-10-06 16:09:04.374437,2026-10-07
ORD009456,SX00009456,15084,IL01,Delivered,2026-10-06 16:09:56.219621,2026-10-09
ORD009457,SX00009457,11573,IL01,In Transit,2026-10-06 16:10:48.064806,2026-10-07
ORD009458,SX00009458,12634,NJ01,Delivered,2026-10-06 16:11:39.909990,2026-10-09
ORD009459,SX00009459,12768,TX01,Delivered,2026-10-06 16:12:31.755175,2026-10-09
ORD009460,SX00009460,15302,IL01,Delivered,2026-10-06 16:13:23.600360,2026-10-09
ORD009461,SX00009461,16250,CA01,Delivered,2026-10-06 16:14:15.445544,2026-10-08
ORD009462,SX00009462,11211,CA01,In Transit,2026-10-06 16:15:07.290729,2026-10-08
ORD009463,SX00009463,18967,IL01,Delivered,2026-10-06 16:15:59.135913,2026-10-08
ORD009464,SX00009464,15955,IL01,In Transit,2026-10-06 16:16:50.981098,2026-10-08
ORD009465,SX00009465,11160,TX01,Delivered,2026-10-06 16:17:42.826282,2026-10-08
ORD009466,SX00009466,15977,CA01,Out for Delivery,2026-10-06 16:18:34.671467,2026-10-09
ORD009467,SX00009467,17041,TX01,Delivered,2026-10-06 16:19:26.516651,2026-10-08
ORD009468,SX00009468,12383,NJ01,In Transit,2026-10-06 16:20:18.361836,2026-10-09
ORD009469,SX00009469,15876,IL01,Delivered,2026-10-06 16:21:10.207020,2026-10-07
ORD009470,SX00009470,13540,NJ01,Delivered,2026-10-06 16:22:02.052205,2026-10-09
ORD009471,SX00009471,14635,NJ01,Delivered,2026-10-06 16:22:53.897389,2026-10-08
ORD009472,SX00009472,11095,IL01,Out for Delivery,2026-10-06 16:23:45.742574,2026-10-07
ORD009473,SX00009473,15901,NJ01,Delivered,2026-10-06 16:24:37.587758,2026-10-08
ORD009474,SX00009474,18215,IL01,Delivered,2026-10-06 16:25:29.432943,2026-10-07
ORD009475,SX00009475,11079,NJ01,Delivered,2026-10-06 16:26:21.278127,2026-10-09
ORD009476,SX00009476,18370,IL01,Delivered,2026-10-06 16:27:13.123312,2026-10-07
ORD009477,SX00009477,12847,IL01,Out for Delivery,2026-10-06 16:28:04.968496,2026-10-08
ORD009478,SX00009478,11960,CA01,Delivered,2026-10-06 16:28:56.813681,2026-10-07
ORD009479,SX00009479,11473,IL01,Delivered,2026-10-06 16:29:48.658865,2026-10-09
ORD009480,SX00009480,14888,NJ01,Delivered,2026-10-06 16:30:40.504050,2026-10-07
ORD009481,SX00009481,14979,IL01,Delivered,2026-10-06 16:31:32.349234,2026-10-09
ORD009482,SX00009482,11212,IL01,Delivered,2026-10-06 16:32:24.194419,2026-10-07
ORD009483,SX00009483,15697,IL01,Delivered,2026-10-06 16:33:16.039603,2026-10-09
ORD009484,SX00009484,19001,IL01,Delivered,2026-10-06 16:34:07.884788,2026-10-09
ORD009485,SX00009485,10419,IL01,Delivered,2026-10-06 16:34:59.729972,2026-10-09
ORD009486,SX00009486,13659,CA01,In Transit,2026-10-06 16:35:51.575157,2026-10-09
ORD009487,SX00009487,15283,IL01,Delivered,2026-10-06 16:36:43.420342,2026-10-08
ORD009488,SX00009488,19470,IL01,Delivered,2026-10-06 16:37:35.265526,2026-10-09
ORD009489,SX00009489,19632,TX01,Delivered,2026-10-06 16:38:27.110711,2026-10-08
ORD009490,SX00009490,11340,IL01,Delivered,2026-10-06 16:39:18.955895,2026-10-09
ORD009491,SX00009491,15137,TX01,Delivered,2026-10-06 16:40:10.801080,2026-10-07
ORD009492,SX00009492,15189,IL01,Delivered,2026-10-06 16:41:02.646264,2026-10-07
ORD009493,SX00009493,11361,IL01,In Transit,2026-10-06 16:41:54.491449,2026-10-08
ORD009494,SX00009494,10591,NJ01,Out for Delivery,2026-10-06 16:42:46.336633,2026-10-07
ORD009495,SX00009495,10526,CA01,In Transit,2026-10-06 16:43:38.181818,2026-10-09
ORD009496,SX00009496,17855,IL01,Delivered,2026-10-06 16:44:30.027002,2026-10-07
ORD009497,SX00009497,11292,NJ01,Delivered,2026-10-06 16:45:21.872187,2026-10-08
ORD009498,SX00009498,11654,IL01,Exception,2026-10-06 16:46:13.717371,2026-10-07
ORD009499,SX00009499,10187,IL01,Delivered,2026-10-06 16:47:05.562556,2026-10-08
ORD009500,SX00009500,12758,CA01,Delivered,2026-10-06 16:47:57.407740,2026-10-09
ORD009501,SX00009501,18720,IL01,Delivered,2026-10-06 16:48:49.252925,2026-10-09
ORD009502,SX00009502,18625,CA01,Delivered,2026-10-06 16:49:41.098109,2026-10-07
ORD009503,SX00009503,16431,IL01,Delivered,2026-10-06 16:50:32.943294,2026-10-07
ORD009504,SX00009504,16037,CA01,Out for Delivery,2026-10-06 16:51:24.788478,2026-10-07
ORD009505,SX00009505,19996,NJ01,Delivered,2026-10-06 16:52:16.633663,2026-10-09
ORD009506,SX00009506,18494,CA01,Delivered,2026-10-06 16:53:08.478847,2026-10-07
ORD009507,SX00009507,14182,IL01,Delivered,2026-10-06 16:54:00.324032,2026-10-09
ORD009508,SX00009508,16973,TX01,Delivered,2026-10-06 16:54:52.169216,2026-10-08
ORD009509,SX00009509,10437,TX01,Delivered,2026-10-06 16:55:44.014401,2026-10-07
ORD009510,SX00009510,10832,NJ01,Delivered,2026-10-06 16:56:35.859585,2026-10-07
ORD009511,SX00009511,18988,TX01,Delivered,2026-10-06 16:57:27.704770,2026-10-08
ORD009512,SX00009512,18751,NJ01,Delivered,2026-10-06 16:58:19.549954,2026-10-08
ORD009513,SX00009513,18953,CA01,Delivered,2026-10-06 16:59:11.395139,2026-10-08
ORD009514,SX00009514,15794,IL01,Delivered,2026-10-06 17:00:03.240324,2026-10-08
ORD009515,SX00009515,13574,NJ01,Delivered,2026-10-06 17:00:55.085508,2026-10-09
ORD009516,SX00009516,13785,CA01,Delivered,2026-10-06 17:01:46.930693,2026-10-07
ORD009517,SX00009517,15220,IL01,Delivered,2026-10-06 17:02:38.775877,2026-10-09
ORD009518,SX00009518,17750,NJ01,Delivered,2026-10-06 17:03:30.621062,2026-10-09
ORD009519,SX00009519,16818,CA01,Delivered,2026-10-06 17:04:22.466246,2026-10-08
ORD009520,SX00009520,10684,NJ01,Delivered,2026-10-06 17:05:14.311431,2026-10-07
ORD009521,SX00009521,14233,IL01,Delivered,2026-10-06 17:06:06.156615,2026-10-09
ORD009522,SX00009522,10577,IL01,In Transit,2026-10-06 17:06:58.001800,2026-10-09
ORD009523,SX00009523,18007,CA01,Delivered,2026-10-06 17:07:49.846984,2026-10-08
ORD009524,SX00009524,10227,CA01,Delivered,2026-10-06 17:08:41.692169,2026-10-07
ORD009525,SX00009525,12328,CA01,Out for Delivery,2026-10-06 17:09:33.537353,2026-10-07
ORD009526,SX00009526,12731,TX01,Delivered,2026-10-06 17:10:25.382538,2026-10-07
ORD009527,SX00009527,19019,NJ01,Delivered,2026-10-06 17:11:17.227722,2026-10-09
ORD009528,SX00009528,10430,IL01,Delivered,2026-10-06 17:12:09.072907,2026-10-08
ORD009529,SX00009529,19255,IL01,Delivered,2026-10-06 17:13:00.918091,2026-10-07
ORD009530,SX00009530,11709,IL01,Delivered,2026-10-06 17:13:52.763276,2026-10-09
ORD009531,SX00009531,15782,IL01,In Transit,2026-10-06 17:14:44.608460,2026-10-09
ORD009532,SX00009532,11234,CA01,Delivered,2026-10-06 17:15:36.453645,2026-10-07
ORD009533,SX00009533,18493,TX01,Delivered,2026-10-06 17:16:28.298829,2026-10-08
ORD009534,SX00009534,15205,NJ01,Delivered,2026-10-06 17:17:20.144014,2026-10-08
ORD009535,SX00009535,11420,CA01,Delivered,2026-10-06 17:18:11.989198,2026-10-07
ORD009536,SX00009536,10768,CA01,Delivered,2026-10-06 17:19:03.834383,2026-10-09
ORD009537,SX00009537,16034,TX01,Delivered,2026-10-06 17:19:55.679567,2026-10-08
ORD009538,SX00009538,19596,NJ01,Delivered,2026-10-06 17:20:47.524752,2026-10-09
ORD009539,SX00009539,18635,IL01,Delivered,2026-10-06 17:21:39.369936,2026-10-09
ORD009540,SX00009540,13104,NJ01,Delivered,2026-10-06 17:22:31.215121,2026-10-08
ORD009541,SX00009541,14355,IL01,Delivered,2026-10-06 17:23:23.060306,2026-10-09
ORD009542,SX00009542,13305,IL01,In Transit,2026-10-06 17:24:14.905490,2026-10-09
ORD009543,SX00009543,11538,CA01,Delivered,2026-10-06 17:25:06.750675,2026-10-07
ORD009544,SX00009544,11331,IL01,Delivered,2026-10-06 17:25:58.595859,2026-10-08
ORD009545,SX00009545,18168,IL01,In Transit,2026-10-06 17:26:50.441044,2026-10-09
ORD009546,SX00009546,16939,NJ01,Out for Delivery,2026-10-06 17:27:42.286228,2026-10-08
ORD009547,SX00009547,18261,NJ01,In Transit,2026-10-06 17:28:34.131413,2026-10-08
ORD009548,SX00009548,15558,IL01,Delivered,2026-10-06 17:29:25.976597,2026-10-09
ORD009549,SX00009549,15944,IL01,Exception,2026-10-06 17:30:17.821782,2026-10-08
ORD009550,SX00009550,17126,CA01,Delivered,2026-10-06 17:31:09.666966,2026-10-07
ORD009551,SX00009551,10480,IL01,Delivered,2026-10-06 17:32:01.512151,2026-10-07
ORD009552,SX00009552,15263,TX01,Out for Delivery,2026-10-06 17:32:53.357335,2026-10-09
ORD009553,SX00009553,14094,NJ01,In Transit,2026-10-06 17:33:45.202520,2026-10-08
ORD009554,SX00009554,16167,NJ01,Delivered,2026-10-06 17:34:37.047704,2026-10-09
ORD009555,SX00009555,12793,IL01,In Transit,2026-10-06 17:35:28.892889,2026-10-08
ORD009556,SX00009556,12892,TX01,Delivered,2026-10-06 17:36:20.738073,2026-10-09
ORD009557,SX00009557,11198,CA01,Delivered,2026-10-06 17:37:12.583258,2026-10-09
ORD009558,SX00009558,18011,IL01,Delivered,2026-10-06 17:38:04.428442,2026-10-08
ORD009559,SX00009559,12372,IL01,Exception,2026-10-06 17:38:56.273627,2026-10-07
ORD009560,SX00009560,11892,IL01,Delivered,2026-10-06 17:39:48.118811,2026-10-09
ORD009561,SX00009561,15790,TX01,In Transit,2026-10-06 17:40:39.963996,2026-10-07
ORD009562,SX00009562,11883,NJ01,Delivered,2026-10-06 17:41:31.809180,2026-10-08
ORD009563,SX00009563,15467,IL01,In Transit,2026-10-06 17:42:23.654365,2026-10-09
ORD009564,SX00009564,10797,IL01,Delivered,2026-10-06 17:43:15.499549,2026-10-08
ORD009565,SX00009565,18209,NJ01,Delivered,2026-10-06 17:44:07.344734,2026-10-07
ORD009566,SX00009566,18235,CA01,In Transit,2026-10-06 17:44:59.189918,2026-10-08
ORD009567,SX00009567,10154,NJ01,Delivered,2026-10-06 17:45:51.035103,2026-10-09
ORD009568,SX00009568,14962,IL01,Delivered,2026-10-06 17:46:42.880288,2026-10-07
ORD009569,SX00009569,14080,IL01,Delivered,2026-10-06 17:47:34.725472,2026-10-09
ORD009570,SX00009570,18050,NJ01,Delivered,2026-10-06 17:48:26.570657,2026-10-07
ORD009571,SX00009571,15947,IL01,Delivered,2026-10-06 17:49:18.415841,2026-10-08
ORD009572,SX00009572,19617,TX01,Delivered,2026-10-06 17:50:10.261026,2026-10-08
ORD009573,SX00009573,14320,NJ01,Delivered,2026-10-06 17:51:02.106210,2026-10-09
ORD009574,SX00009574,11892,IL01,In Transit,2026-10-06 17:51:53.951395,2026-10-09
ORD009575,SX00009575,19089,NJ01,Out for Delivery,2026-10-06 17:52:45.796579,2026-10-09
ORD009576,SX00009576,13424,TX01,In Transit,2026-10-06 17:53:37.641764,2026-10-07
ORD009577,SX00009577,19450,NJ01,Delivered,2026-10-06 17:54:29.486948,2026-10-07
ORD009578,SX00009578,12015,TX01,In Transit,2026-10-06 17:55:21.332133,2026-10-09
ORD009579,SX00009579,16673,NJ01,Delivered,2026-10-06 17:56:13.177317,2026-10-07
ORD009580,SX00009580,16032,TX01,In Transit,2026-10-06 17:57:05.022502,2026-10-07
ORD009581,SX00009581,14833,TX01,Delivered,2026-10-06 17:57:56.867686,2026-10-08
ORD009582,SX00009582,19894,IL01,Delivered,2026-10-06 17:58:48.712871,2026-10-08
ORD009583,SX00009583,19065,IL01,Delivered,2026-10-06 17:59:40.558055,2026-10-08
ORD009584,SX00009584,10565,CA01,Delivered,2026-10-06 18:00:32.403240,2026-10-09
ORD009585,SX00009585,17412,CA01,In Transit,2026-10-06 18:01:24.248424,2026-10-08
ORD009586,SX00009586,12018,TX01,In Transit,2026-10-06 18:02:16.093609,2026-10-08
ORD009587,SX00009587,12314,TX01,Delivered,2026-10-06 18:03:07.938793,2026-10-07
ORD009588,SX00009588,14412,IL01,In Transit,2026-10-06 18:03:59.783978,2026-10-08
ORD009589,SX00009589,13883,NJ01,Delivered,2026-10-06 18:04:51.629162,2026-10-07
ORD009590,SX00009590,18216,CA01,Delivered,2026-10-06 18:05:43.474347,2026-10-08
ORD009591,SX00009591,16739,CA01,Delivered,2026-10-06 18:06:35.319531,2026-10-09
ORD009592,SX00009592,19329,IL01,Delivered,2026-10-06 18:07:27.164716,2026-10-09
ORD009593,SX00009593,17902,IL01,Delivered,2026-10-06 18:08:19.009900,2026-10-08
ORD009594,SX00009594,11189,NJ01,Delivered,2026-10-06 18:09:10.855085,2026-10-08
ORD009595,SX00009595,17156,NJ01,Delivered,2026-10-06 18:10:02.700270,2026-10-08
ORD009596,SX00009596,17342,IL01,Delivered,2026-10-06 18:10:54.545454,2026-10-09
ORD009597,SX00009597,16884,NJ01,In Transit,2026-10-06 18:11:46.390639,2026-10-07
ORD009598,SX00009598,13157,IL01,Delivered,2026-10-06 18:12:38.235823,2026-10-07
ORD009599,SX00009599,15520,TX01,Delivered,2026-10-06 18:13:30.081008,2026-10-08
ORD009600,SX00009600,11741,TX01,Delivered,2026-10-06 18:14:21.926192,2026-10-09
ORD009601,SX00009601,13688,TX01,Delivered,2026-10-06 18:15:13.771377,2026-10-07
ORD009602,SX00009602,17485,TX01,Exception,2026-10-06 18:16:05.616561,2026-10-08
ORD009603,SX00009603,15369,NJ01,Delivered,2026-10-06 18:16:57.461746,2026-10-09
ORD009604,SX00009604,15644,TX01,In Transit,2026-10-06 18:17:49.306930,2026-10-09
ORD009605,SX00009605,19089,NJ01,Delivered,2026-10-06 18:18:41.152115,2026-10-07
ORD009606,SX00009606,14023,CA01,In Transit,2026-10-06 18:19:32.997299,2026-10-09
ORD009607,SX00009607,10716,IL01,Exception,2026-10-06 18:20:24.842484,2026-10-08
ORD009608,SX00009608,13967,CA01,Delivered,2026-10-06 18:21:16.687668,2026-10-08
ORD009609,SX00009609,17423,IL01,Delivered,2026-10-06 18:22:08.532853,2026-10-07
ORD009610,SX00009610,16450,IL01,Delivered,2026-10-06 18:23:00.378037,2026-10-09
ORD009611,SX00009611,13215,NJ01,Exception,2026-10-06 18:23:52.223222,2026-10-07
ORD009612,SX00009612,17825,NJ01,Delivered,2026-10-06 18:24:44.068406,2026-10-07
ORD009613,SX00009613,10390,IL01,Delivered,2026-10-06 18:25:35.913591,2026-10-09
ORD009614,SX00009614,19891,NJ01,Delivered,2026-10-06 18:26:27.758775,2026-10-07
ORD009615,SX00009615,13037,TX01,Out for Delivery,2026-10-06 18:27:19.603960,2026-10-09
ORD009616,SX00009616,10232,IL01,Delivered,2026-10-06 18:28:11.449144,2026-10-08
ORD009617,SX00009617,13131,NJ01,In Transit,2026-10-06 18:29:03.294329,2026-10-07
ORD009618,SX00009618,17634,IL01,Out for Delivery,2026-10-06 18:29:55.139513,2026-10-09
ORD009619,SX00009619,10233,NJ01,Delivered,2026-10-06 18:30:46.984698,2026-10-09
ORD009620,SX00009620,11391,TX01,Delivered,2026-10-06 18:31:38.829882,2026-10-09
ORD009621,SX00009621,19447,IL01,Delivered,2026-10-06 18:32:30.675067,2026-10-07
ORD009622,SX00009622,10889,CA01,Delivered,2026-10-06 18:33:22.520252,2026-10-08
ORD009623,SX00009623,17902,NJ01,Delivered,2026-10-06 18:34:14.365436,2026-10-07
ORD009624,SX00009624,10745,TX01,Delivered,2026-10-06 18:35:06.210621,2026-10-08
ORD009625,SX00009625,19911,TX01,Delivered,2026-10-06 18:35:58.055805,2026-10-07
ORD009626,SX00009626,10427,CA01,Exception,2026-10-06 18:36:49.900990,2026-10-07
ORD009627,SX00009627,10731,IL01,Delivered,2026-10-06 18:37:41.746174,2026-10-07
ORD009628,SX00009628,10799,IL01,In Transit,2026-10-06 18:38:33.591359,2026-10-08
ORD009629,SX00009629,16507,NJ01,Delivered,2026-10-06 18:39:25.436543,2026-10-09
ORD009630,SX00009630,17025,CA01,Delivered,2026-10-06 18:40:17.281728,2026-10-07
ORD009631,SX00009631,19027,IL01,Delivered,2026-10-06 18:41:09.126912,2026-10-07
ORD009632,SX00009632,17624,CA01,Delivered,2026-10-06 18:42:00.972097,2026-10-08
ORD009633,SX00009633,18326,IL01,Delivered,2026-10-06 18:42:52.817281,2026-10-07
ORD009634,SX00009634,15383,IL01,Delivered,2026-10-06 18:43:44.662466,2026-10-09
ORD009635,SX00009635,16207,IL01,Delivered,2026-10-06 18:44:36.507650,2026-10-09
ORD009636,SX00009636,12538,NJ01,In Transit,2026-10-06 18:45:28.352835,2026-10-08
ORD009637,SX00009637,13718,CA01,Delivered,2026-10-06 18:46:20.198019,2026-10-08
ORD009638,SX00009638,18232,IL01,Out for Delivery,2026-10-06 18:47:12.043204,2026-10-09
ORD009639,SX00009639,13367,NJ01,In Transit,2026-10-06 18:48:03.888388,2026-10-09
ORD009640,SX00009640,15008,IL01,Delivered,2026-10-06 18:48:55.733573,2026-10-09
ORD009641,SX00009641,15229,NJ01,Delivered,2026-10-06 18:49:47.578757,2026-10-08
ORD009642,SX00009642,17388,IL01,Delivered,2026-10-06 18:50:39.423942,2026-10-09
ORD009643,SX00009643,12415,NJ01,Delivered,2026-10-06 18:51:31.269126,2026-10-09
ORD009644,SX00009644,17171,TX01,Delivered,2026-10-06 18:52:23.114311,2026-10-09
ORD009645,SX00009645,12949,NJ01,Out for Delivery,2026-10-06 18:53:14.959495,2026-10-07
ORD009646,SX00009646,14261,IL01,Delivered,2026-10-06 18:54:06.804680,2026-10-08
ORD009647,SX00009647,15145,IL01,In Transit,2026-10-06 18:54:58.649864,2026-10-08
ORD009648,SX00009648,13466,TX01,Delivered,2026-10-06 18:55:50.495049,2026-10-08
ORD009649,SX00009649,13088,TX01,Delivered,2026-10-06 18:56:42.340234,2026-10-08
ORD009650,SX00009650,11115,CA01,In Transit,2026-10-06 18:57:34.185418,2026-10-07
ORD009651,SX00009651,14578,TX01,Delivered,2026-10-06 18:58:26.030603,2026-10-07
ORD009652,SX00009652,12590,CA01,In Transit,2026-10-06 18:59:17.875787,2026-10-07
ORD009653,SX00009653,17372,NJ01,Delivered,2026-10-06 19:00:09.720972,2026-10-07
ORD009654,SX00009654,13573,IL01,In Transit,2026-10-06 19:01:01.566156,2026-10-07
ORD009655,SX00009655,12978,IL01,In Transit,2026-10-06 19:01:53.411341,2026-10-08
ORD009656,SX00009656,19422,NJ01,Delivered,2026-10-06 19:02:45.256525,2026-10-08
ORD009657,SX00009657,17313,TX01,In Transit,2026-10-06 19:03:37.101710,2026-10-08
ORD009658,SX00009658,17022,TX01,Delivered,2026-10-06 19:04:28.946894,2026-10-07
ORD009659,SX00009659,14975,IL01,Delivered,2026-10-06 19:05:20.792079,2026-10-09
ORD009660,SX00009660,14925,NJ01,Delivered,2026-10-06 19:06:12.637263,2026-10-08
ORD009661,SX00009661,18047,TX01,Delivered,2026-10-06 19:07:04.482448,2026-10-08
ORD009662,SX00009662,18090,NJ01,Delivered,2026-10-06 19:07:56.327632,2026-10-09
ORD009663,SX00009663,18051,IL01,In Transit,2026-10-06 19:08:48.172817,2026-10-07
ORD009664,SX00009664,15292,TX01,Delivered,2026-10-06 19:09:40.018001,2026-10-09
ORD009665,SX00009665,16645,IL01,Out for Delivery,2026-10-06 19:10:31.863186,2026-10-09
ORD009666,SX00009666,15403,CA01,Out for Delivery,2026-10-06 19:11:23.708370,2026-10-08
ORD009667,SX00009667,13430,CA01,In Transit,2026-10-06 19:12:15.553555,2026-10-08
ORD009668,SX00009668,11995,IL01,Out for Delivery,2026-10-06 19:13:07.398739,2026-10-07
ORD009669,SX00009669,16030,IL01,In Transit,2026-10-06 19:13:59.243924,2026-10-09
ORD009670,SX00009670,13891,TX01,Delivered,2026-10-06 19:14:51.089108,2026-10-07
ORD009671,SX00009671,17145,NJ01,Delivered,2026-10-06 19:15:42.934293,2026-10-09
ORD009672,SX00009672,18498,IL01,Delivered,2026-10-06 19:16:34.779477,2026-10-08
ORD009673,SX00009673,19554,CA01,Delivered,2026-10-06 19:17:26.624662,2026-10-09
ORD009674,SX00009674,12102,NJ01,Delivered,2026-10-06 19:18:18.469846,2026-10-07
ORD009675,SX00009675,13030,IL01,Delivered,2026-10-06 19:19:10.315031,2026-10-09
ORD009676,SX00009676,18524,NJ01,Delivered,2026-10-06 19:20:02.160216,2026-10-07
ORD009677,SX00009677,18107,IL01,Exception,2026-10-06 19:20:54.005400,2026-10-09
ORD009678,SX00009678,10242,IL01,Delivered,2026-10-06 19:21:45.850585,2026-10-08
ORD009679,SX00009679,11884,NJ01,Delivered,2026-10-06 19:22:37.695769,2026-10-08
ORD009680,SX00009680,18015,IL01,Delivered,2026-10-06 19:23:29.540954,2026-10-07
ORD009681,SX00009681,19624,NJ01,Delivered,2026-10-06 19:24:21.386138,2026-10-08
ORD009682,SX00009682,16747,CA01,Delivered,2026-10-06 19:25:13.231323,2026-10-09
ORD009683,SX00009683,18494,CA01,Delivered,2026-10-06 19:26:05.076507,2026-10-09
ORD009684,SX00009684,14330,IL01,Exception,2026-10-06 19:26:56.921692,2026-10-08
ORD009685,SX00009685,17863,IL01,Delivered,2026-10-06 19:27:48.766876,2026-10-07
ORD009686,SX00009686,13109,NJ01,Delivered,2026-10-06 19:28:40.612061,2026-10-09
ORD009687,SX00009687,12186,NJ01,Delivered,2026-10-06 19:29:32.457245,2026-10-07
ORD009688,SX00009688,11550,CA01,Out for Delivery,2026-10-06 19:30:24.302430,2026-10-09
ORD009689,SX00009689,19984,NJ01,Delivered,2026-10-06 19:31:16.147614,2026-10-07
ORD009690,SX00009690,10646,IL01,Delivered,2026-10-06 19:32:07.992799,2026-10-07
ORD009691,SX00009691,16144,NJ01,In Transit,2026-10-06 19:32:59.837983,2026-10-09
ORD009692,SX00009692,14656,TX01,Delivered,2026-10-06 19:33:51.683168,2026-10-09
ORD009693,SX00009693,18904,CA01,Delivered,2026-10-06 19:34:43.528352,2026-10-07
ORD009694,SX00009694,10537,IL01,Delivered,2026-10-06 19:35:35.373537,2026-10-09
ORD009695,SX00009695,16572,NJ01,Delivered,2026-10-06 19:36:27.218721,2026-10-08
ORD009696,SX00009696,10234,IL01,Delivered,2026-10-06 19:37:19.063906,2026-10-09
ORD009697,SX00009697,19696,NJ01,Delivered,2026-10-06 19:38:10.909090,2026-10-07
ORD009698,SX00009698,16539,IL01,In Transit,2026-10-06 19:39:02.754275,2026-10-09
ORD009699,SX00009699,11374,CA01,Delivered,2026-10-06 19:39:54.599459,2026-10-09
ORD009700,SX00009700,11909,NJ01,Delivered,2026-10-06 19:40:46.444644,2026-10-07
ORD009701,SX00009701,19107,CA01,Out for Delivery,2026-10-06 19:41:38.289828,2026-10-09
ORD009702,SX00009702,17218,CA01,Out for Delivery,2026-10-06 19:42:30.135013,2026-10-07
ORD009703,SX00009703,10080,IL01,Exception,2026-10-06 19:43:21.980198,2026-10-07
ORD009704,SX00009704,12083,TX01,Delivered,2026-10-06 19:44:13.825382,2026-10-07
ORD009705,SX00009705,11690,CA01,Delivered,2026-10-06 19:45:05.670567,2026-10-07
ORD009706,SX00009706,10756,NJ01,Out for Delivery,2026-10-06 19:45:57.515751,2026-10-08
ORD009707,SX00009707,12670,NJ01,Delivered,2026-10-06 19:46:49.360936,2026-10-08
ORD009708,SX00009708,13751,NJ01,Delivered,2026-10-06 19:47:41.206120,2026-10-07
ORD009709,SX00009709,18659,TX01,Delivered,2026-10-06 19:48:33.051305,2026-10-09
ORD009710,SX00009710,15261,IL01,Delivered,2026-10-06 19:49:24.896489,2026-10-08
ORD009711,SX00009711,16852,NJ01,Delivered,2026-10-06 19:50:16.741674,2026-10-07
ORD009712,SX00009712,11494,IL01,In Transit,2026-10-06 19:51:08.586858,2026-10-08
ORD009713,SX00009713,15740,IL01,Delivered,2026-10-06 19:52:00.432043,2026-10-07
ORD009714,SX00009714,19211,IL01,Delivered,2026-10-06 19:52:52.277227,2026-10-08
ORD009715,SX00009715,18055,IL01,Delivered,2026-10-06 19:53:44.122412,2026-10-07
ORD009716,SX00009716,10901,NJ01,Delivered,2026-10-06 19:54:35.967596,2026-10-08
ORD009717,SX00009717,10672,IL01,Exception,2026-10-06 19:55:27.812781,2026-10-08
ORD009718,SX00009718,18630,IL01,Exception,2026-10-06 19:56:19.657965,2026-10-09
ORD009719,SX00009719,10444,TX01,Delivered,2026-10-06 19:57:11.503150,2026-10-08
ORD009720,SX00009720,19157,TX01,Out for Delivery,2026-10-06 19:58:03.348334,2026-10-09
ORD009721,SX00009721,18655,TX01,Delivered,2026-10-06 19:58:55.193519,2026-10-08
ORD009722,SX00009722,12198,CA01,Delivered,2026-10-06 19:59:47.038703,2026-10-07
ORD009723,SX00009723,12287,IL01,In Transit,2026-10-06 20:00:38.883888,2026-10-09
ORD009724,SX00009724,14008,IL01,Out for Delivery,2026-10-06 20:01:30.729072,2026-10-08
ORD009725,SX00009725,19104,IL01,Delivered,2026-10-06 20:02:22.574257,2026-10-09
ORD009726,SX00009726,10496,CA01,Delivered,2026-10-06 20:03:14.419441,2026-10-07
ORD009727,SX00009727,11463,TX01,Delivered,2026-10-06 20:04:06.264626,2026-10-07
ORD009728,SX00009728,16828,IL01,Delivered,2026-10-06 20:04:58.109810,2026-10-07
ORD009729,SX00009729,14253,IL01,Delivered,2026-10-06 20:05:49.954995,2026-10-07
ORD009730,SX00009730,10493,NJ01,Delivered,2026-10-06 20:06:41.800180,2026-10-07
ORD009731,SX00009731,15065,IL01,In Transit,2026-10-06 20:07:33.645364,2026-10-09
ORD009732,SX00009732,15430,NJ01,Delivered,2026-10-06 20:08:25.490549,2026-10-09
ORD009733,SX00009733,11426,CA01,Delivered,2026-10-06 20:09:17.335733,2026-10-08
ORD009734,SX00009734,19884,NJ01,In Transit,2026-10-06 20:10:09.180918,2026-10-08
ORD009735,SX00009735,11793,CA01,Delivered,2026-10-06 20:11:01.026102,2026-10-07
ORD009736,SX00009736,12723,IL01,In Transit,2026-10-06 20:11:52.871287,2026-10-07
ORD009737,SX00009737,10658,NJ01,Exception,2026-10-06 20:12:44.716471,2026-10-09
ORD009738,SX00009738,14761,CA01,Exception,2026-10-06 20:13:36.561656,2026-10-07
ORD009739,SX00009739,17630,NJ01,Delivered,2026-10-06 20:14:28.406840,2026-10-07
ORD009740,SX00009740,18741,NJ01,Delivered,2026-10-06 20:15:20.252025,2026-10-07
ORD009741,SX00009741,18834,TX01,Delivered,2026-10-06 20:16:12.097209,2026-10-08
ORD009742,SX00009742,14350,CA01,In Transit,2026-10-06 20:17:03.942394,2026-10-09
ORD009743,SX00009743,10207,IL01,Exception,2026-10-06 20:17:55.787578,2026-10-08
ORD009744,SX00009744,14190,IL01,Delivered,2026-10-06 20:18:47.632763,2026-10-07
ORD009745,SX00009745,11883,IL01,Delivered,2026-10-06 20:19:39.477947,2026-10-07
ORD009746,SX00009746,12886,CA01,In Transit,2026-10-06 20:20:31.323132,2026-10-08
ORD009747,SX00009747,10477,CA01,Delivered,2026-10-06 20:21:23.168316,2026-10-08
ORD009748,SX00009748,18953,IL01,Delivered,2026-10-06 20:22:15.013501,2026-10-09
ORD009749,SX00009749,18381,IL01,Out for Delivery,2026-10-06 20:23:06.858685,2026-10-07
ORD009750,SX00009750,16854,CA01,Delivered,2026-10-06 20:23:58.703870,2026-10-07
ORD009751,SX00009751,10755,IL01,Delivered,2026-10-06 20:24:50.549054,2026-10-08
ORD009752,SX00009752,19638,IL01,Delivered,2026-10-06 20:25:42.394239,2026-10-09
ORD009753,SX00009753,14931,IL01,In Transit,2026-10-06 20:26:34.239423,2026-10-09
ORD009754,SX00009754,19855,IL01,Delivered,2026-10-06 20:27:26.084608,2026-10-07
ORD009755,SX00009755,15724,TX01,Delivered,2026-10-06 20:28:17.929792,2026-10-07
ORD009756,SX00009756,14150,NJ01,Delivered,2026-10-06 20:29:09.774977,2026-10-08
ORD009757,SX00009757,14060,NJ01,Delivered,2026-10-06 20:30:01.620162,2026-10-07
ORD009758,SX00009758,14765,CA01,Delivered,2026-10-06 20:30:53.465346,2026-10-08
ORD009759,SX00009759,13612,IL01,Delivered,2026-10-06 20:31:45.310531,2026-10-07
ORD009760,SX00009760,16553,IL01,Delivered,2026-10-06 20:32:37.155715,2026-10-07
ORD009761,SX00009761,17378,CA01,In Transit,2026-10-06 20:33:29.000900,2026-10-07
ORD009762,SX00009762,11689,TX01,In Transit,2026-10-06 20:34:20.846084,2026-10-09
ORD009763,SX00009763,11316,IL01,In Transit,2026-10-06 20:35:12.691269,2026-10-07
ORD009764,SX00009764,17130,IL01,In Transit,2026-10-06 20:36:04.536453,2026-10-07
ORD009765,SX00009765,13186,IL01,Delivered,2026-10-06 20:36:56.381638,2026-10-09
ORD009766,SX00009766,15789,NJ01,Out for Delivery,2026-10-06 20:37:48.226822,2026-10-09
ORD009767,SX00009767,11145,IL01,Out for Delivery,2026-10-06 20:38:40.072007,2026-10-07
ORD009768,SX00009768,14394,NJ01,Delivered,2026-10-06 20:39:31.917191,2026-10-09
ORD009769,SX00009769,17942,IL01,Delivered,2026-10-06 20:40:23.762376,2026-10-09
ORD009770,SX00009770,17548,TX01,Delivered,2026-10-06 20:41:15.607560,2026-10-09
ORD009771,SX00009771,10560,IL01,Delivered,2026-10-06 20:42:07.452745,2026-10-09
ORD009772,SX00009772,11912,NJ01,Delivered,2026-10-06 20:42:59.297929,2026-10-08
ORD009773,SX00009773,11864,IL01,Delivered,2026-10-06 20:43:51.143114,2026-10-07
ORD009774,SX00009774,10296,IL01,In Transit,2026-10-06 20:44:42.988298,2026-10-08
ORD009775,SX00009775,12409,TX01,In Transit,2026-10-06 20:45:34.833483,2026-10-07
ORD009776,SX00009776,17630,TX01,Delivered,2026-10-06 20:46:26.678667,2026-10-09
ORD009777,SX00009777,11461,TX01,Delivered,2026-10-06 20:47:18.523852,2026-10-08
ORD009778,SX00009778,14292,TX01,Delivered,2026-10-06 20:48:10.369036,2026-10-09
ORD009779,SX00009779,12268,IL01,In Transit,2026-10-06 20:49:02.214221,2026-10-09
ORD009780,SX00009780,10994,TX01,Delivered,2026-10-06 20:49:54.059405,2026-10-09
ORD009781,SX00009781,16554,IL01,In Transit,2026-10-06 20:50:45.904590,2026-10-07
ORD009782,SX00009782,10007,IL01,Delivered,2026-10-06 20:51:37.749774,2026-10-09
ORD009783,SX00009783,12515,TX01,Delivered,2026-10-06 20:52:29.594959,2026-10-07
ORD009784,SX00009784,11417,CA01,Exception,2026-10-06 20:53:21.440144,2026-10-07
ORD009785,SX00009785,12316,TX01,Delivered,2026-10-06 20:54:13.285328,2026-10-09
ORD009786,SX00009786,17358,TX01,Out for Delivery,2026-10-06 20:55:05.130513,2026-10-07
ORD009787,SX00009787,13932,CA01,Delivered,2026-10-06 20:55:56.975697,2026-10-08
ORD009788,SX00009788,16204,IL01,In Transit,2026-10-06 20:56:48.820882,2026-10-07
ORD009789,SX00009789,11287,CA01,Delivered,2026-10-06 20:57:40.666066,2026-10-09
ORD009790,SX00009790,11118,NJ01,Delivered,2026-10-06 20:58:32.511251,2026-10-09
ORD009791,SX00009791,18744,TX01,Delivered,2026-10-06 20:59:24.356435,2026-10-08
ORD009792,SX00009792,17637,TX01,Delivered,2026-10-06 21:00:16.201620,2026-10-08
ORD009793,SX00009793,10660,NJ01,Delivered,2026-10-06 21:01:08.046804,2026-10-07
ORD009794,SX00009794,18907,TX01,In Transit,2026-10-06 21:01:59.891989,2026-10-07
ORD009795,SX00009795,16922,IL01,Out for Delivery,2026-10-06 21:02:51.737173,2026-10-08
ORD009796,SX00009796,18104,CA01,Delivered,2026-10-06 21:03:43.582358,2026-10-09
ORD009797,SX00009797,16337,IL01,Delivered,2026-10-06 21:04:35.427542,2026-10-09
ORD009798,SX00009798,12529,IL01,Out for Delivery,2026-10-06 21:05:27.272727,2026-10-08
ORD009799,SX00009799,13970,IL01,Delivered,2026-10-06 21:06:19.117911,2026-10-08
ORD009800,SX00009800,13407,IL01,In Transit,2026-10-06 21:07:10.963096,2026-10-09
ORD009801,SX00009801,19650,IL01,Out for Delivery,2026-10-06 21:08:02.808280,2026-10-09
ORD009802,SX00009802,19046,IL01,Exception,2026-10-06 21:08:54.653465,2026-10-07
ORD009803,SX00009803,17416,NJ01,Delivered,2026-10-06 21:09:46.498649,2026-10-08
ORD009804,SX00009804,14760,NJ01,In Transit,2026-10-06 21:10:38.343834,2026-10-08
ORD009805,SX00009805,11897,IL01,Delivered,2026-10-06 21:11:30.189018,2026-10-08
ORD009806,SX00009806,16364,IL01,Delivered,2026-10-06 21:12:22.034203,2026-10-09
ORD009807,SX00009807,18464,CA01,Delivered,2026-10-06 21:13:13.879387,2026-10-07
ORD009808,SX00009808,14087,IL01,Delivered,2026-10-06 21:14:05.724572,2026-10-09
ORD009809,SX00009809,19464,IL01,Delivered,2026-10-06 21:14:57.569756,2026-10-08
ORD009810,SX00009810,14374,IL01,In Transit,2026-10-06 21:15:49.414941,2026-10-08
ORD009811,SX00009811,17607,IL01,Delivered,2026-10-06 21:16:41.260126,2026-10-08
ORD009812,SX00009812,14019,TX01,Delivered,2026-10-06 21:17:33.105310,2026-10-08
ORD009813,SX00009813,10815,IL01,In Transit,2026-10-06 21:18:24.950495,2026-10-08
ORD009814,SX00009814,17255,NJ01,Out for Delivery,2026-10-06 21:19:16.795679,2026-10-09
ORD009815,SX00009815,10922,IL01,Delivered,2026-10-06 21:20:08.640864,2026-10-07
ORD009816,SX00009816,14867,TX01,In Transit,2026-10-06 21:21:00.486048,2026-10-08
ORD009817,SX00009817,11264,TX01,Out for Delivery,2026-10-06 21:21:52.331233,2026-10-08
ORD009818,SX00009818,13724,IL01,Delivered,2026-10-06 21:22:44.176417,2026-10-08
ORD009819,SX00009819,12722,IL01,In Transit,2026-10-06 21:23:36.021602,2026-10-09
ORD009820,SX00009820,15355,IL01,Delivered,2026-10-06 21:24:27.866786,2026-10-09
ORD009821,SX00009821,12550,TX01,Out for Delivery,2026-10-06 21:25:19.711971,2026-10-08
ORD009822,SX00009822,15319,IL01,Delivered,2026-10-06 21:26:11.557155,2026-10-08
ORD009823,SX00009823,16686,NJ01,Delivered,2026-10-06 21:27:03.402340,2026-10-08
ORD009824,SX00009824,11673,IL01,Delivered,2026-10-06 21:27:55.247524,2026-10-08
ORD009825,SX00009825,14587,IL01,Delivered,2026-10-06 21:28:47.092709,2026-10-08
ORD009826,SX00009826,15353,IL01,Delivered,2026-10-06 21:29:38.937893,2026-10-09
ORD009827,SX00009827,16857,IL01,In Transit,2026-10-06 21:30:30.783078,2026-10-08
ORD009828,SX00009828,11666,IL01,Delivered,2026-10-06 21:31:22.628262,2026-10-08
ORD009829,SX00009829,14511,IL01,Delivered,2026-10-06 21:32:14.473447,2026-10-08
ORD009830,SX00009830,16172,NJ01,Delivered,2026-10-06 21:33:06.318631,2026-10-09
ORD009831,SX00009831,11384,IL01,In Transit,2026-10-06 21:33:58.163816,2026-10-08
ORD009832,SX00009832,14403,TX01,In Transit,2026-10-06 21:34:50.009000,2026-10-09
ORD009833,SX00009833,13954,TX01,In Transit,2026-10-06 21:35:41.854185,2026-10-07
ORD009834,SX00009834,16305,TX01,Out for Delivery,2026-10-06 21:36:33.699369,2026-10-09
ORD009835,SX00009835,18252,CA01,Delivered,2026-10-06 21:37:25.544554,2026-10-08
ORD009836,SX00009836,17238,IL01,In Transit,2026-10-06 21:38:17.389738,2026-10-09
ORD009837,SX00009837,16981,IL01,Delivered,2026-10-06 21:39:09.234923,2026-10-08
ORD009838,SX00009838,16026,NJ01,In Transit,2026-10-06 21:40:01.080108,2026-10-09
ORD009839,SX00009839,16609,NJ01,Delivered,2026-10-06 21:40:52.925292,2026-10-09
ORD009840,SX00009840,18664,NJ01,Out for Delivery,2026-10-06 21:41:44.770477,2026-10-07
ORD009841,SX00009841,10958,IL01,Delivered,2026-10-06 21:42:36.615661,2026-10-09
ORD009842,SX00009842,18724,NJ01,Delivered,2026-10-06 21:43:28.460846,2026-10-07
ORD009843,SX00009843,10493,CA01,Delivered,2026-10-06 21:44:20.306030,2026-10-07
ORD009844,SX00009844,17042,IL01,Delivered,2026-10-06 21:45:12.151215,2026-10-09
ORD009845,SX00009845,10081,CA01,Delivered,2026-10-06 21:46:03.996399,2026-10-09
ORD009846,SX00009846,16999,IL01,Delivered,2026-10-06 21:46:55.841584,2026-10-09
ORD009847,SX00009847,12970,IL01,Out for Delivery,2026-10-06 21:47:47.686768,2026-10-07
ORD009848,SX00009848,10011,IL01,Delivered,2026-10-06 21:48:39.531953,2026-10-08
ORD009849,SX00009849,17824,NJ01,Delivered,2026-10-06 21:49:31.377137,2026-10-08
ORD009850,SX00009850,10761,NJ01,In Transit,2026-10-06 21:50:23.222322,2026-10-07
ORD009851,SX00009851,13185,NJ01,Delivered,2026-10-06 21:51:15.067506,2026-10-07
ORD009852,SX00009852,10025,NJ01,Out for Delivery,2026-10-06 21:52:06.912691,2026-10-09
ORD009853,SX00009853,11806,IL01,Delivered,2026-10-06 21:52:58.757875,2026-10-09
ORD009854,SX00009854,16651,IL01,Delivered,2026-10-06 21:53:50.603060,2026-10-08
ORD009855,SX00009855,15664,IL01,Delivered,2026-10-06 21:54:42.448244,2026-10-08
ORD009856,SX00009856,15154,CA01,Delivered,2026-10-06 21:55:34.293429,2026-10-08
ORD009857,SX00009857,15824,IL01,In Transit,2026-10-06 21:56:26.138613,2026-10-09
ORD009858,SX00009858,13659,CA01,Delivered,2026-10-06 21:57:17.983798,2026-10-09
ORD009859,SX00009859,11525,IL01,Exception,2026-10-06 21:58:09.828982,2026-10-07
ORD009860,SX00009860,10760,IL01,Delivered,2026-10-06 21:59:01.674167,2026-10-09
ORD009861,SX00009861,10594,IL01,In Transit,2026-10-06 21:59:53.519351,2026-10-08
ORD009862,SX00009862,17192,IL01,Exception,2026-10-06 22:00:45.364536,2026-10-07
ORD009863,SX00009863,11055,CA01,Delivered,2026-10-06 22:01:37.209720,2026-10-09
ORD009864,SX00009864,13083,TX01,In Transit,2026-10-06 22:02:29.054905,2026-10-08
ORD009865,SX00009865,13675,CA01,Delivered,2026-10-06 22:03:20.900090,2026-10-09
ORD009866,SX00009866,19650,TX01,Delivered,2026-10-06 22:04:12.745274,2026-10-07
ORD009867,SX00009867,15957,NJ01,In Transit,2026-10-06 22:05:04.590459,2026-10-09
ORD009868,SX00009868,15255,TX01,Delivered,2026-10-06 22:05:56.435643,2026-10-08
ORD009869,SX00009869,19411,NJ01,Delivered,2026-10-06 22:06:48.280828,2026-10-07
ORD009870,SX00009870,14228,TX01,Delivered,2026-10-06 22:07:40.126012,2026-10-08
ORD009871,SX00009871,14181,IL01,Out for Delivery,2026-10-06 22:08:31.971197,2026-10-07
ORD009872,SX00009872,19691,NJ01,Out for Delivery,2026-10-06 22:09:23.816381,2026-10-09
ORD009873,SX00009873,11830,NJ01,In Transit,2026-10-06 22:10:15.661566,2026-10-09
ORD009874,SX00009874,13395,IL01,Delivered,2026-10-06 22:11:07.506750,2026-10-08
ORD009875,SX00009875,11203,NJ01,In Transit,2026-10-06 22:11:59.351935,2026-10-09
ORD009876,SX00009876,12810,CA01,Out for Delivery,2026-10-06 22:12:51.197119,2026-10-07
ORD009877,SX00009877,13092,NJ01,Delivered,2026-10-06 22:13:43.042304,2026-10-09
ORD009878,SX00009878,13044,NJ01,Delivered,2026-10-06 22:14:34.887488,2026-10-09
ORD009879,SX00009879,16071,IL01,In Transit,2026-10-06 22:15:26.732673,2026-10-09
ORD009880,SX00009880,17272,TX01,Out for Delivery,2026-10-06 22:16:18.577857,2026-10-09
ORD009881,SX00009881,14673,IL01,Delivered,2026-10-06 22:17:10.423042,2026-10-09
ORD009882,SX00009882,13514,CA01,Exception,2026-10-06 22:18:02.268226,2026-10-09
ORD009883,SX00009883,19990,CA01,Delivered,2026-10-06 22:18:54.113411,2026-10-09
ORD009884,SX00009884,16192,CA01,Exception,2026-10-06 22:19:45.958595,2026-10-09
ORD009885,SX00009885,10144,IL01,Delivered,2026-10-06 22:20:37.803780,2026-10-08
ORD009886,SX00009886,17507,IL01,Delivered,2026-10-06 22:21:29.648964,2026-10-08
ORD009887,SX00009887,14857,CA01,Delivered,2026-10-06 22:22:21.494149,2026-10-09
ORD009888,SX00009888,11377,TX01,Out for Delivery,2026-10-06 22:23:13.339333,2026-10-08
ORD009889,SX00009889,13146,CA01,Delivered,2026-10-06 22:24:05.184518,2026-10-09
ORD009890,SX00009890,15024,NJ01,In Transit,2026-10-06 22:24:57.029702,2026-10-09
ORD009891,SX00009891,10793,NJ01,Delivered,2026-10-06 22:25:48.874887,2026-10-09
ORD009892,SX00009892,19793,IL01,In Transit,2026-10-06 22:26:40.720072,2026-10-08
ORD009893,SX00009893,15756,TX01,Delivered,2026-10-06 22:27:32.565256,2026-10-07
ORD009894,SX00009894,14414,TX01,Delivered,2026-10-06 22:28:24.410441,2026-10-09
ORD009895,SX00009895,11110,IL01,Delivered,2026-10-06 22:29:16.255625,2026-10-09
ORD009896,SX00009896,15672,IL01,Delivered,2026-10-06 22:30:08.100810,2026-10-07
ORD009897,SX00009897,14053,NJ01,In Transit,2026-10-06 22:30:59.945994,2026-10-08
ORD009898,SX00009898,13937,TX01,Delivered,2026-10-06 22:31:51.791179,2026-10-07
ORD009899,SX00009899,13963,IL01,Delivered,2026-10-06 22:32:43.636363,2026-10-09
ORD009900,SX00009900,14942,IL01,Delivered,2026-10-06 22:33:35.481548,2026-10-07
ORD009901,SX00009901,15897,IL01,Delivered,2026-10-06 22:34:27.326732,2026-10-09
ORD009902,SX00009902,18974,IL01,Delivered,2026-10-06 22:35:19.171917,2026-10-08
ORD009903,SX00009903,11116,CA01,Delivered,2026-10-06 22:36:11.017101,2026-10-08
ORD009904,SX00009904,11750,TX01,Delivered,2026-10-06 22:37:02.862286,2026-10-08
ORD009905,SX00009905,14027,TX01,Delivered,2026-10-06 22:37:54.707470,2026-10-09
ORD009906,SX00009906,15745,TX01,Delivered,2026-10-06 22:38:46.552655,2026-10-08
ORD009907,SX00009907,15064,IL01,Delivered,2026-10-06 22:39:38.397839,2026-10-07
ORD009908,SX00009908,19679,TX01,Delivered,2026-10-06 22:40:30.243024,2026-10-08
ORD009909,SX00009909,15938,CA01,In Transit,2026-10-06 22:41:22.088208,2026-10-09
ORD009910,SX00009910,13397,TX01,Out for Delivery,2026-10-06 22:42:13.933393,2026-10-07
ORD009911,SX00009911,18265,NJ01,Delivered,2026-10-06 22:43:05.778577,2026-10-07
ORD009912,SX00009912,11359,TX01,Delivered,2026-10-06 22:43:57.623762,2026-10-07
ORD009913,SX00009913,19283,CA01,Delivered,2026-10-06 22:44:49.468946,2026-10-07
ORD009914,SX00009914,14853,IL01,In Transit,2026-10-06 22:45:41.314131,2026-10-09
ORD009915,SX00009915,11941,IL01,Delivered,2026-10-06 22:46:33.159315,2026-10-08
ORD009916,SX00009916,13148,CA01,In Transit,2026-10-06 22:47:25.004500,2026-10-07
ORD009917,SX00009917,17933,CA01,Delivered,2026-10-06 22:48:16.849684,2026-10-08
ORD009918,SX00009918,19436,NJ01,In Transit,2026-10-06 22:49:08.694869,2026-10-08
ORD009919,SX00009919,11285,IL01,Delivered,2026-10-06 22:50:00.540054,2026-10-08
ORD009920,SX00009920,16474,IL01,Delivered,2026-10-06 22:50:52.385238,2026-10-08
ORD009921,SX00009921,10770,NJ01,Delivered,2026-10-06 22:51:44.230423,2026-10-09
ORD009922,SX00009922,11843,CA01,Delivered,2026-10-06 22:52:36.075607,2026-10-07
ORD009923,SX00009923,10073,IL01,In Transit,2026-10-06 22:53:27.920792,2026-10-07
ORD009924,SX00009924,11660,NJ01,Out for Delivery,2026-10-06 22:54:19.765976,2026-10-08
ORD009925,SX00009925,14349,CA01,Delivered,2026-10-06 22:55:11.611161,2026-10-07
ORD009926,SX00009926,17102,IL01,Delivered,2026-10-06 22:56:03.456345,2026-10-08
ORD009927,SX00009927,18000,TX01,Out for Delivery,2026-10-06 22:56:55.301530,2026-10-09
ORD009928,SX00009928,19011,IL01,Delivered,2026-10-06 22:57:47.146714,2026-10-07
ORD009929,SX00009929,13818,TX01,Delivered,2026-10-06 22:58:38.991899,2026-10-08
ORD009930,SX00009930,10331,CA01,Delivered,2026-10-06 22:59:30.837083,2026-10-07
ORD009931,SX00009931,11421,IL01,Delivered,2026-10-06 23:00:22.682268,2026-10-08
ORD009932,SX00009932,17512,TX01,Out for Delivery,2026-10-06 23:01:14.527452,2026-10-07
ORD009933,SX00009933,16890,CA01,Delivered,2026-10-06 23:02:06.372637,2026-10-09
ORD009934,SX00009934,14931,CA01,Delivered,2026-10-06 23:02:58.217821,2026-10-07
ORD009935,SX00009935,19883,NJ01,Delivered,2026-10-06 23:03:50.063006,2026-10-09
ORD009936,SX00009936,16025,NJ01,Delivered,2026-10-06 23:04:41.908190,2026-10-09
ORD009937,SX00009937,14408,IL01,Out for Delivery,2026-10-06 23:05:33.753375,2026-10-08
ORD009938,SX00009938,15113,IL01,Delivered,2026-10-06 23:06:25.598559,2026-10-08
ORD009939,SX00009939,18419,NJ01,Delivered,2026-10-06 23:07:17.443744,2026-10-07
ORD009940,SX00009940,12881,IL01,Exception,2026-10-06 23:08:09.288928,2026-10-09
ORD009941,SX00009941,12865,TX01,Delivered,2026-10-06 23:09:01.134113,2026-10-08
ORD009942,SX00009942,12575,NJ01,Delivered,2026-10-06 23:09:52.979297,2026-10-09
ORD009943,SX00009943,16185,CA01,Delivered,2026-10-06 23:10:44.824482,2026-10-09
ORD009944,SX00009944,18656,TX01,Delivered,2026-10-06 23:11:36.669666,2026-10-09
ORD009945,SX00009945,15741,IL01,Delivered,2026-10-06 23:12:28.514851,2026-10-07
ORD009946,SX00009946,10277,NJ01,Delivered,2026-10-06 23:13:20.360036,2026-10-09
ORD009947,SX00009947,10065,TX01,Delivered,2026-10-06 23:14:12.205220,2026-10-09
ORD009948,SX00009948,14262,IL01,In Transit,2026-10-06 23:15:04.050405,2026-10-07
ORD009949,SX00009949,15704,IL01,Delivered,2026-10-06 23:15:55.895589,2026-10-07
ORD009950,SX00009950,18594,CA01,In Transit,2026-10-06 23:16:47.740774,2026-10-08
ORD009951,SX00009951,17989,IL01,Delivered,2026-10-06 23:17:39.585958,2026-10-09
ORD009952,SX00009952,16255,CA01,Out for Delivery,2026-10-06 23:18:31.431143,2026-10-09
ORD009953,SX00009953,17441,CA01,In Transit,2026-10-06 23:19:23.276327,2026-10-07
ORD009954,SX00009954,14692,NJ01,Delivered,2026-10-06 23:20:15.121512,2026-10-07
ORD009955,SX00009955,14419,TX01,Out for Delivery,2026-10-06 23:21:06.966696,2026-10-08
ORD009956,SX00009956,17960,IL01,Delivered,2026-10-06 23:21:58.811881,2026-10-07
ORD009957,SX00009957,16078,CA01,In Transit,2026-10-06 23:22:50.657065,2026-10-07
ORD009958,SX00009958,11437,TX01,In Transit,2026-10-06 23:23:42.502250,2026-10-07
ORD009959,SX00009959,18620,IL01,Delivered,2026-10-06 23:24:34.347434,2026-10-07
ORD009960,SX00009960,17032,NJ01,Delivered,2026-10-06 23:25:26.192619,2026-10-08
ORD009961,SX00009961,15731,NJ01,Delivered,2026-10-06 23:26:18.037803,2026-10-09
ORD009962,SX00009962,13378,IL01,Delivered,2026-10-06 23:27:09.882988,2026-10-09
ORD009963,SX00009963,18584,CA01,Delivered,2026-10-06 23:28:01.728172,2026-10-09
ORD009964,SX00009964,16347,NJ01,Delivered,2026-10-06 23:28:53.573357,2026-10-09
ORD009965,SX00009965,16401,NJ01,Delivered,2026-10-06 23:29:45.418541,2026-10-09
ORD009966,SX00009966,16629,IL01,Delivered,2026-10-06 23:30:37.263726,2026-10-07
ORD009967,SX00009967,14541,NJ01,Delivered,2026-10-06 23:31:29.108910,2026-10-09
ORD009968,SX00009968,17876,TX01,Delivered,2026-10-06 23:32:20.954095,2026-10-07
ORD009969,SX00009969,18533,NJ01,Delivered,2026-10-06 23:33:12.799279,2026-10-09
ORD009970,SX00009970,18324,TX01,In Transit,2026-10-06 23:34:04.644464,2026-10-09
ORD009971,SX00009971,10264,TX01,Out for Delivery,2026-10-06 23:34:56.489648,2026-10-07
ORD009972,SX00009972,19877,IL01,Delivered,2026-10-06 23:35:48.334833,2026-10-09
ORD009973,SX00009973,11434,NJ01,In Transit,2026-10-06 23:36:40.180018,2026-10-07
ORD009974,SX00009974,15327,IL01,Out for Delivery,2026-10-06 23:37:32.025202,2026-10-08
ORD009975,SX00009975,15097,IL01,Exception,2026-10-06 23:38:23.870387,2026-10-08
ORD009976,SX00009976,11660,IL01,Delivered,2026-10-06 23:39:15.715571,2026-10-08
ORD009977,SX00009977,15692,CA01,Delivered,2026-10-06 23:40:07.560756,2026-10-09
ORD009978,SX00009978,12354,CA01,Delivered,2026-10-06 23:40:59.405940,2026-10-09
ORD009979,SX00009979,18457,IL01,Delivered,2026-10-06 23:41:51.251125,2026-10-09
ORD009980,SX00009980,16461,IL01,Delivered,2026-10-06 23:42:43.096309,2026-10-09
ORD009981,SX00009981,19328,IL01,Delivered,2026-10-06 23:43:34.941494,2026-10-07
ORD009982,SX00009982,17044,TX01,Delivered,2026-10-06 23:44:26.786678,2026-10-08
ORD009983,SX00009983,15497,NJ01,Delivered,2026-10-06 23:45:18.631863,2026-10-07
ORD009984,SX00009984,14549,NJ01,Delivered,2026-10-06 23:46:10.477047,2026-10-08
ORD009985,SX00009985,16334,NJ01,Exception,2026-10-06 23:47:02.322232,2026-10-08
ORD009986,SX00009986,16010,TX01,Exception,2026-10-06 23:47:54.167416,2026-10-07
ORD009987,SX00009987,14926,IL01,In Transit,2026-10-06 23:48:46.012601,2026-10-07
ORD009988,SX00009988,19582,IL01,Delivered,2026-10-06 23:49:37.857785,2026-10-07
ORD009989,SX00009989,19304,IL01,Out for Delivery,2026-10-06 23:50:29.702970,2026-10-08
ORD009990,SX00009990,16065,NJ01,Delivered,2026-10-06 23:51:21.548154,2026-10-07
ORD009991,SX00009991,12179,CA01,In Transit,2026-10-06 23:52:13.393339,2026-10-09
ORD009992,SX00009992,14967,IL01,Delivered,2026-10-06 23:53:05.238523,2026-10-07
ORD009993,SX00009993,10634,IL01,Delivered,2026-10-06 23:53:57.083708,2026-10-08
ORD009994,SX00009994,13631,CA01,In Transit,2026-10-06 23:54:48.928892,2026-10-08
ORD009995,SX00009995,19591,IL01,In Transit,2026-10-06 23:55:40.774077,2026-10-07
ORD009996,SX00009996,14677,IL01,In Transit,2026-10-06 23:56:32.619261,2026-10-07
ORD009997,SX00009997,12218,CA01,Out for Delivery,2026-10-06 23:57:24.464446,2026-10-08
ORD009998,SX00009998,11389,TX01,Delivered,2026-10-06 23:58:16.309630,2026-10-08
ORD009999,SX00009999,14276,NJ01,Delivered,2026-10-06 23:59:08.154815,2026-10-07
ORD010000,SX00010000,11249,TX01,Delivered,2026-10-07 00:00:00.000000,2026-10-10
